customer_id,customer_name,age,gender,city,signup_date,zomato_gold
CUST00001,Aryan Maharaj,58,Male,Delhi,2024-07-30,False
CUST00002,Liam Chaudry,33,Male,Bengaluru,2026-06-01,True
CUST00003,Pahal Balay,52,Male,Kolkata,2023-08-31,True
CUST00004,Tejas Kaul,19,Male,Hyderabad,2025-09-08,True
CUST00005,Rushil Saini,50,Other,Delhi,2024-06-22,True
CUST00006,Arunima Ahuja,59,Other,Kolkata,2024-03-20,True
CUST00007,Harini Mall,46,Other,Pune,2024-03-13,True
CUST00008,Gayathri Chaudry,28,Other,Kolkata,2023-12-07,False
CUST00009,Gunbir Parmer,35,Male,Hyderabad,2024-12-31,False
CUST00010,Caleb Sharaf,24,Male,Kolkata,2025-10-26,True
CUST00011,Kritika Brar,40,Female,Pune,2025-11-19,True
CUST00012,Janaki Handa,47,Other,Mumbai,2026-07-14,False
CUST00013,Chakradev Kari,23,Other,Pune,2024-10-07,False
CUST00014,Viraj Chaudhuri,54,Male,Mumbai,2025-02-25,True
CUST00015,Sudiksha Patla,60,Male,Pune,2024-03-24,True
CUST00016,Isha Kadakia,32,Male,Kolkata,2026-05-22,False
CUST00017,Ekbal Garg,47,Other,Chennai,2025-10-22,True
CUST00018,Nihal Shere,41,Female,Hyderabad,2025-02-24,False
CUST00019,Theodore Nair,59,Male,Bengaluru,2023-10-10,True
CUST00020,Azad Mutti,28,Female,Kolkata,2025-03-30,False
CUST00021,Dominic Kakar,58,Other,Hyderabad,2025-12-13,False
CUST00022,Simon Tata,21,Male,Delhi,2025-03-21,False
CUST00023,Luke Lanka,43,Female,Mumbai,2024-02-17,True
CUST00024,Adya Sangha,54,Other,Chennai,2026-01-07,True
CUST00025,Janaki Kanda,59,Female,Kolkata,2024-02-15,False
CUST00026,Gavin Batta,27,Female,Bengaluru,2024-01-02,True
CUST00027,Nathaniel Sami,53,Other,Pune,2026-01-27,False
CUST00028,Lekha Raj,55,Female,Chennai,2026-01-26,True
CUST00029,Zayan Apte,26,Other,Jaipur,2026-06-06,True
CUST00030,Amara Oak,21,Male,Bengaluru,2024-01-05,True
CUST00031,Radhika Dugar,45,Other,Mumbai,2025-06-19,False
CUST00032,Adya Tella,42,Other,Jaipur,2024-04-18,False
CUST00033,Chanchal Tripathi,53,Male,Mumbai,2026-02-16,False
CUST00034,Michael Prakash,59,Female,Mumbai,2024-03-22,False
CUST00035,Ekiya Suresh,45,Male,Jaipur,2023-08-15,True
CUST00036,Janani Mohanty,34,Other,Bengaluru,2024-07-21,True
CUST00037,Wridesh Brar,58,Female,Hyderabad,2023-11-26,True
CUST00038,Ekapad Walia,41,Male,Delhi,2024-01-27,False
CUST00039,Vaishnavi Gandhi,49,Male,Mumbai,2024-08-30,False
CUST00040,Siddharth Zacharia,37,Male,Delhi,2026-06-21,True
CUST00041,Devika Rastogi,54,Male,Mumbai,2026-05-24,False
CUST00042,Raksha Varughese,22,Other,Bengaluru,2025-06-16,True
CUST00043,Yug Kar,60,Female,Bengaluru,2023-10-23,False
CUST00044,Ansh Karpe,51,Other,Kolkata,2026-01-15,True
CUST00045,Abhimanyu Bobal,52,Other,Hyderabad,2026-03-22,False
CUST00046,Veer Bir,43,Other,Chennai,2023-09-02,False
CUST00047,Ekavir Varkey,51,Female,Mumbai,2024-07-19,True
CUST00048,Vedika Kala,32,Male,Chennai,2025-10-30,True
CUST00049,Urvashi Kibe,55,Other,Hyderabad,2025-07-19,True
CUST00050,Ranveer Chandra,18,Male,Delhi,2023-12-13,True
CUST00051,Irya Sampath,22,Male,Chennai,2025-04-14,True
CUST00052,Chatura Chaudhari,50,Male,Pune,2023-10-18,False
CUST00053,Harinakshi Chopra,31,Other,Bengaluru,2024-08-05,False
CUST00054,Ranveer Yadav,33,Female,Kolkata,2025-06-11,True
CUST00055,Pahal Goswami,24,Male,Kolkata,2024-09-20,False
CUST00056,Zaid Borra,45,Female,Jaipur,2025-06-03,True
CUST00057,Chandresh Zachariah,59,Other,Mumbai,2023-08-07,True
CUST00058,Warjas Ganesan,43,Other,Chennai,2025-04-07,True
CUST00059,Vasana Kala,33,Male,Hyderabad,2025-03-29,False
CUST00060,Nitesh Raghavan,26,Female,Bengaluru,2023-07-19,False
CUST00061,Alka Sha,47,Male,Mumbai,2024-10-01,False
CUST00062,Vidhi Dubey,53,Male,Delhi,2024-05-05,True
CUST00063,Teerth Bhardwaj,23,Male,Bengaluru,2025-12-31,False
CUST00064,Dipta Bhandari,49,Female,Hyderabad,2023-10-01,False
CUST00065,Yadavi Wali,21,Male,Kolkata,2024-03-16,True
CUST00066,Yashoda Buch,42,Female,Jaipur,2024-04-29,False
CUST00067,Ekansh Keer,45,Other,Jaipur,2025-04-03,True
CUST00068,Yatin Baral,30,Female,Hyderabad,2026-03-04,True
CUST00069,Oni Virk,55,Other,Delhi,2024-11-18,False
CUST00070,Samarth Murthy,21,Male,Jaipur,2024-07-20,True
CUST00071,Meghana Deep,21,Other,Mumbai,2026-05-24,True
CUST00072,Tanvi Mutti,22,Other,Mumbai,2023-11-05,True
CUST00073,Tara Chaudhry,43,Male,Hyderabad,2023-11-06,True
CUST00074,Yashawini Lanka,57,Male,Kolkata,2024-02-06,False
CUST00075,Ekapad Konda,34,Male,Chennai,2025-02-09,True
CUST00076,Nakul Sarma,34,Female,Bengaluru,2025-11-05,False
CUST00077,Abhiram Mistry,47,Female,Mumbai,2026-05-11,True
CUST00078,Krish Lalla,47,Other,Mumbai,2024-01-11,True
CUST00079,Nachiket Magar,52,Male,Pune,2024-09-25,True
CUST00080,Hemal Jani,40,Male,Hyderabad,2026-06-17,False
CUST00081,Yashasvi Suresh,36,Male,Jaipur,2024-08-09,False
CUST00082,George Sampath,57,Other,Delhi,2024-09-17,False
CUST00083,Aarush Nath,60,Male,Bengaluru,2024-02-04,False
CUST00084,Neel Sathe,25,Male,Bengaluru,2025-11-19,False
CUST00085,Aditya Choudhury,36,Other,Hyderabad,2023-11-09,False
CUST00086,Balendra Pingle,31,Other,Pune,2026-01-05,False
CUST00087,Qushi Datta,34,Male,Mumbai,2023-09-18,False
CUST00088,Janya Baral,35,Male,Delhi,2025-01-21,False
CUST00089,Zaid Chauhan,26,Other,Pune,2025-01-15,True
CUST00090,Mohammed Khalsa,46,Other,Kolkata,2024-03-24,True
CUST00091,Nitara Bakshi,25,Male,Bengaluru,2024-04-19,True
CUST00092,Nisha Kothari,41,Other,Bengaluru,2024-09-02,False
CUST00093,Hritik Raja,26,Male,Pune,2023-09-14,False
CUST00094,Tristan Iyengar,20,Female,Hyderabad,2025-06-30,True
CUST00095,Dalaja Kari,60,Male,Chennai,2024-06-26,False
CUST00096,Reyansh Rastogi,57,Other,Bengaluru,2024-12-06,True
CUST00097,Ekaraj Mallick,28,Male,Kolkata,2025-01-11,True
CUST00098,Garima Bala,29,Other,Chennai,2024-01-11,False
CUST00099,Pranav Lanka,60,Other,Hyderabad,2023-09-13,False
CUST00100,Radha Pai,28,Other,Mumbai,2024-11-14,False
CUST00101,Yasti D’Alia,20,Female,Hyderabad,2025-03-05,True
CUST00102,Aachal Basu,47,Female,Pune,2025-05-23,True
CUST00103,Zinal Yohannan,32,Male,Hyderabad,2026-06-16,False
CUST00104,Januja Sankar,39,Female,Mumbai,2023-11-01,False
CUST00105,Dipta Dash,40,Other,Kolkata,2024-10-24,False
CUST00106,Nilima Narain,19,Male,Pune,2025-04-01,True
CUST00107,Joshua Handa,55,Female,Delhi,2025-04-29,True
CUST00108,Owen Mitra,56,Female,Chennai,2025-04-06,False
CUST00109,Daksha Mangat,45,Other,Mumbai,2024-06-06,False
CUST00110,Ekanta Shroff,54,Male,Pune,2025-06-01,True
CUST00111,Tanay Vaidya,45,Male,Hyderabad,2025-07-20,False
CUST00112,Frado Mander,45,Male,Chennai,2025-09-23,False
CUST00113,Girik Keer,60,Male,Pune,2026-05-26,False
CUST00114,Umang Issac,60,Female,Chennai,2024-02-29,False
CUST00115,Chakradhar Konda,36,Other,Bengaluru,2025-07-23,True
CUST00116,Tamanna Sachdeva,44,Other,Kolkata,2026-03-20,True
CUST00117,Leena Talwar,57,Other,Pune,2025-03-27,False
CUST00118,Manbir Ahluwalia,53,Male,Pune,2023-12-28,False
CUST00119,Theodore Goda,31,Female,Chennai,2026-07-01,False
CUST00120,Chandresh Krish,46,Female,Hyderabad,2024-01-20,False
CUST00121,Kiaan Shetty,28,Other,Mumbai,2026-05-18,False
CUST00122,Saanvi Thaman,50,Other,Chennai,2025-05-08,True
CUST00123,Nathan Soman,33,Other,Pune,2025-06-14,True
CUST00124,Yug Malhotra,30,Male,Delhi,2025-10-02,True
CUST00125,William Maharaj,33,Female,Mumbai,2025-05-29,False
CUST00126,Bhavika Keer,44,Other,Hyderabad,2024-09-10,False
CUST00127,Ekaja Zachariah,49,Female,Hyderabad,2023-11-18,True
CUST00128,Matthew Kashyap,59,Other,Delhi,2025-03-02,True
CUST00129,Tanish Bhatt,45,Male,Bengaluru,2025-04-20,False
CUST00130,Ganga Shukla,21,Other,Hyderabad,2025-04-21,True
CUST00131,Samuel Salvi,47,Male,Jaipur,2025-03-12,False
CUST00132,Lajita Sood,46,Other,Kolkata,2023-07-25,False
CUST00133,Chanchal Ramakrishnan,28,Other,Jaipur,2025-04-26,False
CUST00134,Vinaya Kanda,34,Male,Pune,2024-09-11,False
CUST00135,Vedika Balakrishnan,58,Male,Pune,2025-03-11,False
CUST00136,Nidhi Gandhi,22,Other,Pune,2025-07-11,True
CUST00137,Avi Ramesh,35,Female,Chennai,2026-01-20,True
CUST00138,Fiyaz Sangha,26,Male,Hyderabad,2024-02-11,False
CUST00139,Qabil Bedi,27,Other,Hyderabad,2024-08-23,True
CUST00140,Falak Kakar,44,Female,Chennai,2025-06-21,False
CUST00141,Geetika Raghavan,44,Male,Hyderabad,2024-09-20,False
CUST00142,Zayyan Bumb,42,Other,Delhi,2025-07-15,False
CUST00143,Charles Palla,48,Male,Chennai,2024-06-28,False
CUST00144,Banjeet Balasubramanian,42,Female,Hyderabad,2024-08-03,False
CUST00145,Anmol Dua,32,Female,Kolkata,2024-07-20,False
CUST00146,Urvashi Contractor,19,Female,Chennai,2025-12-08,False
CUST00147,Udyati Kunda,28,Female,Bengaluru,2025-02-08,True
CUST00148,Ishwar Gade,43,Other,Delhi,2024-11-10,True
CUST00149,Atharv Muni,59,Female,Bengaluru,2025-12-26,False
CUST00150,Mekhala Issac,29,Male,Pune,2023-11-11,False
CUST00151,Harsh Mitra,38,Male,Jaipur,2026-06-12,False
CUST00152,Benjamin Palan,39,Female,Pune,2025-10-20,False
CUST00153,Kamala Biswas,34,Male,Jaipur,2025-09-08,True
CUST00154,Advik Salvi,52,Male,Chennai,2025-08-15,True
CUST00155,Rachita Pathak,59,Male,Delhi,2026-03-29,True
CUST00156,Michael Saran,33,Male,Delhi,2024-04-14,True
CUST00157,Veda Shroff,33,Male,Jaipur,2025-05-22,True
CUST00158,Ekantika Korpal,54,Male,Jaipur,2023-11-27,False
CUST00159,Shravya Kohli,41,Male,Mumbai,2025-07-06,True
CUST00160,Gayathri Balakrishnan,37,Male,Delhi,2025-08-21,False
CUST00161,Qabil Sura,54,Other,Kolkata,2024-06-09,False
CUST00162,Aarna Oak,30,Male,Hyderabad,2024-09-22,True
CUST00163,Advaith Varughese,37,Other,Mumbai,2024-05-07,True
CUST00164,Wyatt Ray,40,Other,Kolkata,2025-08-12,False
CUST00165,Vamakshi Swaminathan,22,Other,Chennai,2025-06-11,True
CUST00166,Girik Menon,44,Female,Mumbai,2024-06-24,False
CUST00167,Yagnesh Mohan,41,Other,Jaipur,2026-05-12,True
CUST00168,Urvashi Wali,45,Male,Pune,2024-12-31,False
CUST00169,Ganga Pandey,47,Female,Pune,2026-07-11,False
CUST00170,Anika Mohan,33,Male,Pune,2024-08-09,False
CUST00171,Jai Hans,33,Female,Kolkata,2024-11-17,False
CUST00172,Qasim Handa,19,Female,Chennai,2024-06-16,True
CUST00173,Aradhana Vohra,49,Male,Chennai,2026-01-28,False
CUST00174,Harish Hari,39,Female,Pune,2024-10-18,True
CUST00175,Jalsa Gola,51,Male,Mumbai,2024-10-27,True
CUST00176,Jonathan Mahal,44,Female,Hyderabad,2023-09-24,False
CUST00177,Brinda Date,59,Other,Jaipur,2026-04-01,False
CUST00178,Harshil Arora,19,Male,Pune,2025-12-23,True
CUST00179,Upasna Srinivas,43,Other,Hyderabad,2025-05-30,False
CUST00180,Qarin Behl,60,Other,Chennai,2024-08-11,False
CUST00181,Ishaan Bhattacharyya,53,Other,Chennai,2025-03-29,False
CUST00182,Ethan Bera,53,Female,Chennai,2024-03-07,False
CUST00183,Daksha Chada,35,Female,Pune,2024-08-04,True
CUST00184,Omaja Kara,25,Other,Hyderabad,2025-10-04,False
CUST00185,Shravya Savant,25,Other,Bengaluru,2024-10-19,True
CUST00186,Dalaja Bhasin,31,Other,Jaipur,2026-02-17,False
CUST00187,Sarthak Kakar,55,Other,Pune,2024-08-30,True
CUST00188,Naksh Khatri,30,Female,Hyderabad,2024-04-11,False
CUST00189,Naksh Agate,29,Female,Delhi,2025-04-10,True
CUST00190,Upma Manne,35,Male,Delhi,2023-09-04,False
CUST00191,Bhavya Mandal,26,Other,Jaipur,2026-07-12,True
CUST00192,Ekavir Kaur,18,Other,Pune,2024-08-29,False
CUST00193,Pavani Contractor,48,Female,Chennai,2025-11-07,True
CUST00194,Manthan Lata,21,Female,Jaipur,2024-02-21,True
CUST00195,Darpan Gandhi,22,Female,Jaipur,2024-11-04,True
CUST00196,Reva Dash,54,Other,Delhi,2025-07-13,True
CUST00197,Neha Magar,27,Other,Pune,2025-08-31,True
CUST00198,Raksha Buch,33,Male,Kolkata,2026-01-30,True
CUST00199,Rachana Naidu,51,Female,Jaipur,2026-02-07,False
CUST00200,Atharv Chand,37,Other,Kolkata,2024-07-05,False
CUST00201,Amruta Baria,54,Other,Delhi,2024-04-13,True
CUST00202,Zilmil Sathe,31,Other,Hyderabad,2024-09-20,False
CUST00203,Rajata Swamy,60,Male,Bengaluru,2023-12-04,True
CUST00204,Ijaya Rege,29,Other,Mumbai,2024-12-14,True
CUST00205,Henry Dyal,18,Female,Jaipur,2024-12-09,False
CUST00206,Warhi Mani,36,Male,Hyderabad,2026-05-10,False
CUST00207,Balhaar Sha,36,Other,Jaipur,2023-11-29,True
CUST00208,Zayyan Naik,32,Female,Hyderabad,2024-01-12,False
CUST00209,Yoshita Agarwal,25,Other,Hyderabad,2026-05-02,True
CUST00210,Odika Bhagat,35,Male,Mumbai,2024-05-02,True
CUST00211,Wishi Sathe,28,Female,Pune,2023-10-04,False
CUST00212,Amara Deep,25,Female,Pune,2024-10-05,False
CUST00213,Vedhika Dara,35,Other,Jaipur,2023-08-29,False
CUST00214,Nathan Mukhopadhyay,23,Other,Delhi,2025-11-17,False
CUST00215,Nikita Chander,38,Other,Pune,2024-06-29,True
CUST00216,Triya Dalal,23,Male,Delhi,2026-04-17,False
CUST00217,Wishi Manne,54,Male,Bengaluru,2025-09-13,False
CUST00218,Ojasvi Subramanian,51,Other,Jaipur,2025-07-18,False
CUST00219,Tanmayi Dhillon,29,Other,Kolkata,2025-03-02,False
CUST00220,Yashoda Deshpande,23,Female,Chennai,2023-11-01,False
CUST00221,Oeshi Oak,39,Female,Mumbai,2025-09-11,True
CUST00222,Aarnav Mandal,39,Female,Jaipur,2024-10-21,False
CUST00223,Manthan Sekhon,60,Female,Delhi,2025-10-29,False
CUST00224,Hemani Natarajan,23,Female,Pune,2025-11-19,False
CUST00225,Tamanna Nagy,25,Female,Delhi,2024-05-04,False
CUST00226,Leela Kaur,44,Male,Hyderabad,2025-04-14,False
CUST00227,Eesha Solanki,57,Female,Jaipur,2026-07-15,True
CUST00228,Libni Doshi,31,Female,Bengaluru,2025-08-23,False
CUST00229,Jonathan Thakkar,46,Other,Jaipur,2026-01-17,True
CUST00230,Harish Sarraf,19,Other,Hyderabad,2023-12-17,True
CUST00231,Alexander Dhawan,37,Other,Delhi,2025-04-12,False
CUST00232,Falan Singh,23,Male,Mumbai,2024-08-30,False
CUST00233,Mitali Buch,25,Other,Bengaluru,2024-12-07,False
CUST00234,Edhitha Sura,36,Other,Pune,2025-11-02,False
CUST00235,Ekapad Keer,48,Female,Hyderabad,2026-03-22,False
CUST00236,Utkarsh Chana,53,Male,Kolkata,2025-05-20,True
CUST00237,Harish Sawhney,56,Other,Bengaluru,2024-03-30,True
CUST00238,Ayush Batra,35,Female,Chennai,2024-11-30,False
CUST00239,Chaaya Parmer,18,Female,Pune,2025-02-17,False
CUST00240,Madhav Konda,27,Female,Jaipur,2025-10-18,False
CUST00241,Pranit Garde,39,Other,Kolkata,2024-04-12,False
CUST00242,Lavanya Khosla,38,Male,Hyderabad,2025-08-27,False
CUST00243,Vincent Shenoy,32,Female,Delhi,2026-04-01,False
CUST00244,Tripti Kumer,48,Other,Kolkata,2026-05-16,False
CUST00245,Udyati Mani,60,Other,Bengaluru,2026-06-02,False
CUST00246,Ethan Sathe,20,Male,Chennai,2025-01-02,True
CUST00247,Panini Krishna,46,Male,Jaipur,2025-06-24,True
CUST00248,Rushil Rajagopalan,27,Female,Bengaluru,2025-08-04,True
CUST00249,Warjas Raj,48,Female,Chennai,2025-12-20,False
CUST00250,Chakrika Merchant,59,Male,Chennai,2023-08-19,False
CUST00251,Anvi Anand,38,Other,Jaipur,2025-12-11,True
CUST00252,Watika Mangat,57,Male,Hyderabad,2024-07-07,False
CUST00253,Theodore Gupta,32,Other,Mumbai,2026-03-06,False
CUST00254,Laksh Chatterjee,24,Other,Mumbai,2026-03-16,False
CUST00255,Dayamai Sastry,28,Other,Pune,2023-09-05,True
CUST00256,Karan Chana,20,Female,Delhi,2024-10-16,False
CUST00257,Ojasvi Gill,40,Female,Kolkata,2024-05-22,True
CUST00258,Jasmit Wali,33,Other,Kolkata,2025-09-02,True
CUST00259,Nitesh Kurian,28,Male,Mumbai,2025-08-02,False
CUST00260,Hamsini Contractor,57,Other,Hyderabad,2025-07-12,False
CUST00261,Lohit Kara,55,Male,Hyderabad,2026-05-31,False
CUST00262,Jasmit Chana,58,Female,Jaipur,2025-03-19,False
CUST00263,Aishani Yadav,60,Male,Jaipur,2024-01-23,False
CUST00264,Jyoti Lala,52,Male,Mumbai,2026-01-09,False
CUST00265,Kamya Chokshi,40,Other,Pune,2026-05-29,False
CUST00266,Urishilla Bakshi,34,Female,Pune,2026-03-04,True
CUST00267,Timothy Bhatnagar,42,Female,Mumbai,2026-03-29,True
CUST00268,Chasmum Rege,42,Other,Chennai,2024-01-13,False
CUST00269,Chakradev Barad,36,Male,Kolkata,2024-10-30,False
CUST00270,Jack Chatterjee,18,Other,Delhi,2024-07-14,False
CUST00271,Lipika Setty,36,Male,Chennai,2025-02-11,True
CUST00272,Mohammed Sachdeva,58,Male,Pune,2026-04-28,True
CUST00273,Vrishti Reddy,58,Male,Delhi,2024-09-22,False
CUST00274,Kamala Kalla,46,Male,Chennai,2025-06-03,True
CUST00275,Warinder Patil,23,Female,Chennai,2023-12-17,False
CUST00276,Jagrati Bhat,29,Male,Bengaluru,2025-03-25,False
CUST00277,Ranveer Das,51,Other,Pune,2025-06-21,True
CUST00278,Simon Bail,34,Female,Pune,2023-10-02,False
CUST00279,Yagnesh Dass,25,Female,Mumbai,2025-12-09,True
CUST00280,Ekapad Johal,32,Other,Kolkata,2026-01-11,False
CUST00281,Viraj Narasimhan,23,Female,Delhi,2024-03-01,False
CUST00282,Aradhana Dhillon,52,Male,Jaipur,2024-02-02,False
CUST00283,Owen Choudhary,34,Other,Kolkata,2026-05-07,False
CUST00284,Karan Aurora,24,Other,Hyderabad,2025-01-22,False
CUST00285,Ekiya Babu,19,Other,Chennai,2024-04-11,True
CUST00286,Charles Date,59,Male,Jaipur,2025-04-29,False
CUST00287,Devansh Soni,59,Female,Mumbai,2025-06-11,True
CUST00288,Yochana Chopra,20,Male,Pune,2025-06-17,False
CUST00289,Caleb Verma,25,Male,Hyderabad,2024-10-26,True
CUST00290,Azaan Bhat,42,Female,Chennai,2025-07-29,False
CUST00291,Pooja Chokshi,55,Other,Bengaluru,2025-08-15,False
CUST00292,Ethan Buch,59,Male,Jaipur,2024-11-27,False
CUST00293,Dominic Date,35,Male,Chennai,2024-09-15,True
CUST00294,Lakshmi Wali,46,Female,Hyderabad,2024-10-16,False
CUST00295,Yashasvi Sani,24,Other,Chennai,2023-12-17,False
CUST00296,Tanveer Sani,21,Female,Pune,2025-06-16,True
CUST00297,Odika Nori,25,Female,Mumbai,2025-06-19,True
CUST00298,Ojasvi Chandran,59,Other,Delhi,2024-11-12,True
CUST00299,Dhriti Kumer,39,Male,Bengaluru,2025-02-16,True
CUST00300,Urvi Bhavsar,22,Other,Hyderabad,2023-12-04,True
CUST00301,Girik Sankaran,32,Female,Bengaluru,2023-12-13,True
CUST00302,Kalpit Bhasin,35,Male,Bengaluru,2026-01-12,False
CUST00303,Jason Roy,29,Male,Delhi,2025-01-15,True
CUST00304,Charan Mani,18,Female,Hyderabad,2026-02-02,False
CUST00305,Indira Chawla,19,Male,Pune,2025-12-29,True
CUST00306,Mohammed Subramaniam,26,Other,Kolkata,2024-06-28,True
CUST00307,Inaya Pillai,22,Female,Jaipur,2024-01-10,False
CUST00308,Upkaar Sanghvi,50,Other,Mumbai,2025-12-03,False
CUST00309,Amara Balakrishnan,50,Male,Delhi,2024-04-21,False
CUST00310,Dayamai Nori,47,Other,Delhi,2025-01-11,True
CUST00311,Pratyush Dhar,48,Female,Kolkata,2025-12-11,True
CUST00312,Ekaraj Dhar,49,Other,Jaipur,2026-03-25,True
CUST00313,Gavin Wali,23,Female,Bengaluru,2024-06-14,True
CUST00314,Oni Setty,26,Female,Chennai,2024-12-26,False
CUST00315,Kala Muni,56,Other,Pune,2024-11-30,False
CUST00316,Charles Dugal,50,Other,Kolkata,2024-03-16,True
CUST00317,Finn Magar,25,Other,Hyderabad,2025-06-03,False
CUST00318,Vedika Sathe,46,Male,Kolkata,2025-04-19,False
CUST00319,Tanveer Vala,47,Female,Kolkata,2024-01-08,True
CUST00320,Qushi Choudhry,38,Female,Chennai,2024-09-28,False
CUST00321,Darika Bath,41,Male,Jaipur,2024-06-22,True
CUST00322,Christopher Amble,23,Male,Mumbai,2024-05-28,False
CUST00323,Siddharth Devan,24,Other,Chennai,2024-08-15,True
CUST00324,Falak Dar,53,Male,Chennai,2023-07-28,True
CUST00325,Qushi Gill,44,Female,Kolkata,2024-02-01,True
CUST00326,Victor Tella,36,Other,Pune,2025-11-29,False
CUST00327,Ekbal Ranganathan,24,Other,Hyderabad,2023-09-19,True
CUST00328,Anirudh Sharaf,60,Female,Hyderabad,2023-11-13,True
CUST00329,Pushti Ravel,40,Other,Chennai,2026-04-05,True
CUST00330,Bimala Contractor,35,Other,Hyderabad,2025-04-05,False
CUST00331,Ekta Garg,53,Other,Delhi,2026-03-02,False
CUST00332,Janaki Chakrabarti,19,Male,Pune,2025-05-24,False
CUST00333,Yagnesh Sarin,39,Female,Delhi,2026-01-15,True
CUST00334,Farhan Randhawa,27,Other,Kolkata,2024-11-08,True
CUST00335,Timothy Nath,27,Other,Delhi,2024-04-02,True
CUST00336,Yashvi Comar,51,Male,Kolkata,2025-10-17,False
CUST00337,Ikshita Panchal,47,Female,Bengaluru,2026-04-13,False
CUST00338,Warinder Chauhan,37,Other,Chennai,2024-02-28,True
CUST00339,Rudra Ghose,21,Male,Bengaluru,2026-02-05,True
CUST00340,Faqid Goel,23,Female,Jaipur,2026-03-17,False
CUST00341,Ucchal Sen,49,Other,Jaipur,2026-06-08,False
CUST00342,Diya Dora,35,Male,Mumbai,2025-05-29,False
CUST00343,Upasna Sathe,45,Male,Pune,2026-03-22,False
CUST00344,Anvi Bhalla,51,Other,Pune,2025-01-12,True
CUST00345,Dayita Shenoy,32,Female,Delhi,2025-06-17,True
CUST00346,Dakshesh Pillay,31,Female,Hyderabad,2024-10-03,True
CUST00347,Gautam Tripathi,34,Female,Chennai,2025-03-04,True
CUST00348,Benjamin Sengupta,18,Female,Kolkata,2025-12-20,True
CUST00349,Ekanta Soni,26,Female,Hyderabad,2025-09-01,False
CUST00350,David Seshadri,22,Female,Delhi,2023-12-23,False
CUST00351,Frado Thaman,19,Female,Mumbai,2026-04-14,False
CUST00352,Balveer Kota,54,Female,Kolkata,2025-05-26,False
CUST00353,Nathan Patla,36,Male,Kolkata,2025-02-14,True
CUST00354,Lila Rege,38,Male,Jaipur,2024-12-22,False
CUST00355,Gaurika Bhatti,23,Female,Mumbai,2024-12-09,True
CUST00356,Libni Mander,45,Other,Kolkata,2024-08-10,True
CUST00357,Gauri Bumb,43,Female,Chennai,2026-01-06,True
CUST00358,Inaya Mukherjee,39,Male,Mumbai,2026-04-30,True
CUST00359,Kai Chad,51,Other,Hyderabad,2024-11-07,False
CUST00360,Falguni Datta,40,Other,Bengaluru,2026-05-21,True
CUST00361,Pallavi Trivedi,24,Male,Pune,2025-01-28,True
CUST00362,Janani More,29,Other,Bengaluru,2024-04-21,True
CUST00363,Harita Sunder,29,Other,Jaipur,2024-05-09,False
CUST00364,Laksh Dubey,54,Other,Jaipur,2023-11-12,False
CUST00365,Harrison Tripathi,58,Female,Bengaluru,2025-10-31,False
CUST00366,Gayathri Deep,22,Female,Jaipur,2026-01-28,False
CUST00367,Mitesh Gaba,35,Other,Delhi,2024-04-21,False
CUST00368,Raksha Bassi,50,Male,Pune,2025-04-14,False
CUST00369,Wazir Sawhney,46,Male,Delhi,2026-02-18,False
CUST00370,Saumya Kaur,36,Male,Mumbai,2025-10-22,False
CUST00371,Dayamai Singh,47,Other,Delhi,2024-05-12,False
CUST00372,Ridhi Shenoy,54,Other,Hyderabad,2024-09-25,False
CUST00373,Yadavi Wable,56,Female,Bengaluru,2025-04-26,True
CUST00374,Ryan Devi,46,Male,Chennai,2024-08-07,True
CUST00375,Vasana Prabhu,50,Other,Bengaluru,2025-11-23,True
CUST00376,Zaitra Dash,33,Other,Jaipur,2024-09-30,False
CUST00377,Naveen Mahajan,51,Other,Bengaluru,2025-06-12,False
CUST00378,Rajeshri Chand,41,Female,Kolkata,2024-06-24,False
CUST00379,Ikshita Bala,39,Other,Delhi,2025-04-20,False
CUST00380,Meghana Thakkar,22,Female,Mumbai,2025-02-15,False
CUST00381,Libni Bumb,36,Female,Bengaluru,2025-02-17,False
CUST00382,Ayaan Nagar,23,Other,Bengaluru,2023-12-16,False
CUST00383,Madhav Devan,37,Other,Kolkata,2023-09-13,True
CUST00384,Urmi Dewan,56,Other,Mumbai,2025-07-13,False
CUST00385,Abdul Buch,53,Female,Chennai,2023-08-14,True
CUST00386,Tanveer Doctor,60,Other,Mumbai,2025-11-14,False
CUST00387,Indrajit Mani,50,Female,Delhi,2024-07-19,False
CUST00388,Jairaj Batta,37,Male,Hyderabad,2024-07-20,False
CUST00389,Tanvi Bhatnagar,49,Male,Hyderabad,2024-01-04,True
CUST00390,Amol Varma,27,Male,Pune,2025-12-25,True
CUST00391,Maanas Manne,50,Other,Delhi,2025-05-12,False
CUST00392,Ira Khosla,57,Male,Kolkata,2025-12-18,True
CUST00393,Rachit Chada,28,Male,Bengaluru,2025-10-06,False
CUST00394,Ekansh Vora,20,Female,Chennai,2025-11-07,True
CUST00395,Madhavi Singhal,46,Other,Pune,2023-09-21,False
CUST00396,Kashvi Kulkarni,32,Other,Hyderabad,2023-08-10,False
CUST00397,Ekansh Pai,48,Male,Chennai,2024-07-24,False
CUST00398,Gaurangi Deol,47,Female,Kolkata,2023-09-22,False
CUST00399,Hamsini Gill,28,Male,Bengaluru,2026-06-13,False
CUST00400,Varenya Gopal,21,Other,Jaipur,2024-02-10,False
CUST00401,Tanvi Bansal,53,Male,Mumbai,2024-10-13,False
CUST00402,Caleb Iyengar,23,Male,Pune,2023-09-19,False
CUST00403,Dayita Varma,50,Male,Kolkata,2025-03-25,True
CUST00404,Zehaan Bansal,32,Female,Chennai,2026-04-15,True
CUST00405,Bhavika Parikh,44,Male,Kolkata,2023-09-28,False
CUST00406,Anjali Dash,33,Female,Mumbai,2025-02-06,False
CUST00407,Mugdha Sarraf,32,Male,Chennai,2025-03-07,True
CUST00408,Rachit Taneja,59,Female,Bengaluru,2026-06-25,True
CUST00409,Jhalak Venkataraman,20,Female,Jaipur,2024-09-02,True
CUST00410,Panini Brar,48,Female,Delhi,2025-05-14,True
CUST00411,Chaaya Nagi,19,Female,Hyderabad,2023-12-22,True
CUST00412,Falak Merchant,53,Other,Kolkata,2024-11-03,True
CUST00413,Pooja Ganesan,36,Male,Pune,2026-06-21,True
CUST00414,Indali Sekhon,21,Male,Kolkata,2023-09-19,False
CUST00415,Radhika Maharaj,22,Male,Jaipur,2026-04-04,True
CUST00416,Falan Ravi,58,Other,Hyderabad,2025-01-30,True
CUST00417,Azaan Dhar,36,Female,Delhi,2026-02-13,False
CUST00418,Bakhshi Date,33,Other,Kolkata,2023-10-28,True
CUST00419,Jeevika Pathak,60,Other,Mumbai,2025-03-01,False
CUST00420,Mitesh Sengupta,22,Other,Delhi,2025-02-11,False
CUST00421,Sachi Bose,48,Male,Kolkata,2025-12-23,False
CUST00422,Jeevika Rao,34,Other,Delhi,2024-11-15,False
CUST00423,Zaid Comar,22,Female,Hyderabad,2023-08-25,True
CUST00424,Xalak Vasa,55,Other,Chennai,2025-03-08,True
CUST00425,Adweta Lad,20,Female,Chennai,2026-07-13,True
CUST00426,Tanish Mangal,47,Other,Jaipur,2026-06-28,True
CUST00427,Ryan Das,26,Male,Jaipur,2024-02-11,True
CUST00428,Siya Gera,36,Male,Delhi,2025-06-06,True
CUST00429,Ekaja Palan,20,Female,Pune,2023-10-24,False
CUST00430,Charita Dugar,52,Female,Pune,2026-07-07,True
CUST00431,Janaki Trivedi,59,Male,Pune,2024-06-28,False
CUST00432,Sai Dewan,21,Other,Chennai,2024-07-17,False
CUST00433,Atharv Patel,25,Female,Kolkata,2025-11-22,False
CUST00434,Unni Dayal,46,Female,Chennai,2026-02-20,True
CUST00435,Dominic More,49,Other,Jaipur,2025-03-25,False
CUST00436,Nirja Rout,51,Female,Mumbai,2025-12-25,False
CUST00437,Jeremiah Nadig,23,Female,Bengaluru,2026-04-08,False
CUST00438,Shivani Shukla,38,Male,Mumbai,2026-06-06,False
CUST00439,Kabir Gopal,60,Female,Pune,2024-02-01,False
CUST00440,Yadavi Bhakta,56,Other,Kolkata,2024-01-24,True
CUST00441,Daksha Gala,46,Female,Jaipur,2024-03-23,True
CUST00442,Umang Pal,40,Other,Kolkata,2025-09-29,False
CUST00443,Farhan Krishna,58,Male,Mumbai,2024-05-15,False
CUST00444,Jeremiah Mitter,41,Other,Bengaluru,2026-02-24,True
CUST00445,Yadavi Ganguly,27,Other,Jaipur,2026-01-20,True
CUST00446,Onveer Nazareth,26,Male,Hyderabad,2025-12-07,False
CUST00447,Ayush Bumb,41,Female,Delhi,2023-09-24,True
CUST00448,Shivansh Saha,46,Female,Chennai,2026-03-02,False
CUST00449,Widisha Mann,22,Other,Bengaluru,2026-04-08,False
CUST00450,Vasudha Konda,43,Female,Pune,2026-06-14,True
CUST00451,Chameli Setty,25,Male,Bengaluru,2023-11-06,False
CUST00452,Nakul Sarraf,51,Female,Mumbai,2025-04-21,False
CUST00453,Ucchal Jani,34,Other,Jaipur,2024-12-25,True
CUST00454,Dhriti Nagar,57,Female,Jaipur,2025-01-02,True
CUST00455,Kalpit Prabhakar,25,Male,Mumbai,2025-09-22,False
CUST00456,Eiravati Khurana,29,Other,Jaipur,2025-07-09,True
CUST00457,Amara Sengupta,38,Other,Chennai,2024-08-04,True
CUST00458,Gunbir Bedi,53,Other,Pune,2024-10-08,False
CUST00459,Omya Kothari,28,Other,Bengaluru,2024-03-20,False
CUST00460,Dhriti Gupta,50,Male,Mumbai,2024-03-19,True
CUST00461,Yutika Sibal,26,Male,Jaipur,2025-08-28,True
CUST00462,Widisha Bajaj,41,Other,Chennai,2023-12-02,False
CUST00463,Yashasvi Shankar,53,Male,Mumbai,2024-07-23,True
CUST00464,Ira Bava,37,Female,Jaipur,2023-10-02,False
CUST00465,Warda Singhal,44,Other,Mumbai,2024-10-01,True
CUST00466,Hritik Sankar,38,Other,Mumbai,2024-02-09,False
CUST00467,Jasmit Rau,47,Other,Chennai,2025-02-03,True
CUST00468,Nandini Behl,53,Other,Bengaluru,2025-12-17,True
CUST00469,Janani Mani,45,Other,Delhi,2023-11-07,True
CUST00470,Yamini Seshadri,51,Male,Pune,2025-11-16,True
CUST00471,Jagat Dave,28,Female,Hyderabad,2023-12-13,False
CUST00472,Kashvi Nori,51,Female,Mumbai,2025-11-28,False
CUST00473,Maanas Issac,30,Other,Pune,2026-02-05,True
CUST00474,Xiti Baria,58,Female,Mumbai,2023-09-24,True
CUST00475,Laksh Nath,55,Other,Bengaluru,2025-07-20,True
CUST00476,Manthan Varma,60,Other,Chennai,2024-02-18,True
CUST00477,Eiravati Gaba,19,Male,Delhi,2025-03-17,False
CUST00478,Gayathri Tripathi,59,Male,Kolkata,2025-09-14,True
CUST00479,Chandani Soman,49,Other,Pune,2023-08-10,False
CUST00480,Garima Choudhary,48,Male,Kolkata,2025-04-23,False
CUST00481,Avi Som,47,Male,Delhi,2024-08-31,True
CUST00482,Charan Srinivasan,46,Female,Jaipur,2024-04-05,False
CUST00483,Manbir Kibe,31,Female,Bengaluru,2023-09-03,False
CUST00484,Rayaan Bahl,38,Other,Chennai,2025-05-31,False
CUST00485,Omya Doshi,26,Female,Mumbai,2025-04-17,False
CUST00486,Nirja Thaker,33,Female,Mumbai,2026-02-19,False
CUST00487,David Devi,46,Male,Bengaluru,2025-09-28,True
CUST00488,Ekta Sridhar,21,Female,Kolkata,2025-10-09,False
CUST00489,Dipta Ghose,33,Male,Chennai,2025-06-29,False
CUST00490,Irya Lalla,30,Male,Jaipur,2026-02-17,False
CUST00491,Rehaan Koshy,49,Female,Jaipur,2024-09-21,True
CUST00492,Umang Mishra,23,Female,Jaipur,2024-10-06,True
CUST00493,Vrinda Nadig,31,Other,Chennai,2025-07-30,True
CUST00494,Anusha Mani,21,Female,Jaipur,2024-01-21,False
CUST00495,Megha Pai,36,Other,Delhi,2024-02-28,True
CUST00496,Brijesh Mani,45,Male,Pune,2023-11-15,False
CUST00497,Riya Kunda,43,Female,Delhi,2025-07-29,False
CUST00498,Saksham Yohannan,21,Other,Hyderabad,2024-09-09,False
CUST00499,Laksh Chopra,53,Female,Mumbai,2026-02-26,False
CUST00500,Xavier Bedi,50,Female,Pune,2026-05-21,True
CUST00501,Viraj Ben,26,Male,Kolkata,2023-12-18,False
CUST00502,Ganga Sodhi,39,Other,Chennai,2023-12-19,True
CUST00503,Abdul Dugar,30,Other,Kolkata,2025-04-08,True
CUST00504,Vansha Iyengar,20,Male,Bengaluru,2024-10-04,False
CUST00505,Bhavika Bhargava,48,Other,Jaipur,2023-12-01,True
CUST00506,Baljiwan Gill,56,Other,Bengaluru,2025-04-25,False
CUST00507,Balhaar Ranganathan,57,Female,Bengaluru,2025-08-23,False
CUST00508,Bimala Barad,57,Other,Pune,2023-07-30,False
CUST00509,Hredhaan Nayak,50,Other,Jaipur,2024-09-30,False
CUST00510,Wakeeta Desai,48,Male,Chennai,2025-09-06,False
CUST00511,Anjali Hans,25,Female,Pune,2024-01-06,True
CUST00512,Nicholas Shanker,56,Female,Pune,2026-04-18,True
CUST00513,Quincy Atwal,21,Other,Jaipur,2024-12-20,True
CUST00514,Reyansh Gill,51,Other,Kolkata,2026-02-19,True
CUST00515,Prisha Varma,33,Male,Mumbai,2024-12-06,True
CUST00516,Nandini Chandran,19,Female,Chennai,2024-04-28,False
CUST00517,Vansha Naik,27,Female,Hyderabad,2024-08-04,False
CUST00518,Advika Rajagopal,50,Other,Jaipur,2024-07-15,True
CUST00519,Amara Narayan,26,Other,Hyderabad,2024-10-27,False
CUST00520,Advika Parsa,60,Female,Kolkata,2026-06-26,False
CUST00521,David Dani,29,Female,Chennai,2025-07-07,False
CUST00522,Nathaniel Ravi,59,Other,Pune,2026-06-15,False
CUST00523,Jacob Merchant,30,Male,Pune,2025-02-05,False
CUST00524,Theodore Deol,32,Female,Pune,2025-07-27,True
CUST00525,Suhani Prakash,49,Female,Jaipur,2025-04-21,False
CUST00526,Tejas Kota,53,Other,Pune,2026-06-06,False
CUST00527,Sanya Wable,25,Other,Kolkata,2026-07-13,False
CUST00528,Faras Choudhury,40,Male,Pune,2023-10-19,True
CUST00529,Mason Gala,36,Other,Mumbai,2024-12-06,False
CUST00530,Jackson Jha,46,Other,Pune,2026-01-06,False
CUST00531,Gavin Uppal,31,Male,Pune,2025-06-07,False
CUST00532,Sudiksha Deo,26,Male,Hyderabad,2025-09-20,True
CUST00533,Tanmayi Bhardwaj,21,Other,Hyderabad,2025-11-30,True
CUST00534,Darika Bains,21,Male,Kolkata,2025-03-22,False
CUST00535,Aarush Kamdar,48,Male,Bengaluru,2025-12-30,True
CUST00536,Chakradev Sampath,53,Male,Kolkata,2025-01-01,False
CUST00537,Darpan Biswas,48,Other,Hyderabad,2025-07-18,False
CUST00538,Bhavini Rege,38,Female,Delhi,2024-04-20,True
CUST00539,Osha Prasad,59,Other,Hyderabad,2025-03-01,True
CUST00540,Krishna Prashad,29,Female,Bengaluru,2023-11-17,True
CUST00541,Ijaya Dani,43,Female,Bengaluru,2024-04-18,False
CUST00542,Joshua Kapoor,20,Male,Pune,2023-07-21,True
CUST00543,Chanchal Sheth,39,Female,Jaipur,2026-05-27,False
CUST00544,Ladli Karpe,26,Other,Jaipur,2024-08-03,False
CUST00545,Hiral Dubey,30,Male,Chennai,2024-09-16,True
CUST00546,Isaiah Balay,47,Other,Pune,2026-05-06,True
CUST00547,Amol Khosla,18,Other,Chennai,2024-05-31,False
CUST00548,Harrison Bandi,54,Other,Hyderabad,2025-06-08,True
CUST00549,Yash Basu,57,Other,Kolkata,2025-03-31,False
CUST00550,Vivaan Zacharia,50,Female,Mumbai,2024-06-17,False
CUST00551,Logan Thakur,60,Male,Bengaluru,2024-10-07,True
CUST00552,Eiravati Nagi,48,Female,Hyderabad,2024-07-18,True
CUST00553,Luke Verma,34,Female,Hyderabad,2024-06-23,False
CUST00554,Charita Maharaj,35,Female,Pune,2023-10-18,True
CUST00555,Prisha Tandon,34,Other,Chennai,2023-09-26,True
CUST00556,Lakshmi Vohra,21,Other,Mumbai,2024-11-22,False
CUST00557,Nilima Dixit,37,Male,Kolkata,2024-10-23,False
CUST00558,Qarin Yogi,25,Other,Pune,2025-07-20,False
CUST00559,Umang Mital,57,Male,Hyderabad,2024-02-25,True
CUST00560,Dalbir Sachar,48,Male,Jaipur,2025-04-23,False
CUST00561,Lipika Kibe,44,Other,Jaipur,2024-08-15,True
CUST00562,Ganga Brar,33,Other,Mumbai,2025-06-13,False
CUST00563,George Wason,51,Other,Chennai,2024-05-06,True
CUST00564,Amrita Purohit,54,Male,Delhi,2026-05-27,True
CUST00565,Elijah Guha,54,Other,Bengaluru,2026-01-13,True
CUST00566,Varenya Joshi,38,Other,Jaipur,2024-12-14,True
CUST00567,Alexander Kakar,31,Other,Jaipur,2024-05-06,True
CUST00568,Varenya Kibe,50,Female,Delhi,2026-06-30,False
CUST00569,Mekhala Khatri,26,Other,Kolkata,2025-11-19,False
CUST00570,Barkha Rai,54,Male,Jaipur,2025-07-09,False
CUST00571,Darika Lal,19,Female,Pune,2025-01-24,True
CUST00572,Unnati Chaudhari,31,Other,Mumbai,2025-07-14,True
CUST00573,Samar Prabhakar,45,Female,Mumbai,2024-11-13,True
CUST00574,Chakradev Kant,22,Female,Delhi,2024-02-27,False
CUST00575,Advika Sahni,44,Male,Bengaluru,2024-10-16,False
CUST00576,Rohan Narayan,41,Female,Jaipur,2024-07-07,False
CUST00577,Yatan Tata,42,Male,Bengaluru,2025-11-17,False
CUST00578,Aarini Suresh,25,Male,Kolkata,2026-04-07,True
CUST00579,Triveni Ganguly,32,Male,Delhi,2025-01-13,False
CUST00580,Logan Suresh,47,Other,Kolkata,2024-04-26,False
CUST00581,Bahadurjit Borde,32,Male,Jaipur,2026-05-19,False
CUST00582,Abeer Sachar,27,Female,Hyderabad,2024-02-14,True
CUST00583,Ekansh Dora,20,Other,Kolkata,2023-07-30,True
CUST00584,Yashasvi Shah,33,Male,Mumbai,2025-02-14,True
CUST00585,Vasudha Sura,56,Male,Jaipur,2023-08-09,True
CUST00586,Nisha Arora,33,Other,Delhi,2023-08-10,False
CUST00587,Bhavini Badal,46,Male,Hyderabad,2025-09-03,True
CUST00588,Praneel Chhabra,26,Other,Pune,2023-12-12,True
CUST00589,Wridesh Handa,54,Female,Chennai,2026-03-04,True
CUST00590,Irya Loke,37,Male,Hyderabad,2025-03-23,False
CUST00591,Kashvi Ravi,37,Female,Delhi,2025-06-28,True
CUST00592,Upkaar Mital,58,Other,Kolkata,2026-06-12,False
CUST00593,Azad Chander,21,Female,Kolkata,2025-04-05,False
CUST00594,Krishna Soni,44,Female,Bengaluru,2023-10-11,False
CUST00595,Onveer Butala,42,Male,Jaipur,2025-08-30,True
CUST00596,Garima Chandran,32,Female,Bengaluru,2025-10-13,False
CUST00597,Victor Kakar,21,Other,Kolkata,2026-06-25,False
CUST00598,Anika Batra,53,Other,Bengaluru,2023-11-08,False
CUST00599,Bachittar Gola,33,Female,Hyderabad,2024-11-15,False
CUST00600,Sarthak Dhawan,59,Male,Jaipur,2025-03-25,False
CUST00601,Chandani Gaba,23,Other,Hyderabad,2025-12-08,True
CUST00602,Lopa Zachariah,35,Female,Delhi,2024-12-12,True
CUST00603,Logan Brar,30,Other,Hyderabad,2025-08-31,False
CUST00604,Chatresh Chaudhari,31,Female,Pune,2025-05-24,True
CUST00605,Faqid Oak,31,Male,Mumbai,2026-02-10,False
CUST00606,Eta Balan,33,Other,Hyderabad,2026-03-27,False
CUST00607,Shravya Swaminathan,33,Other,Chennai,2024-07-04,False
CUST00608,Keya Sankaran,42,Female,Chennai,2024-04-29,False
CUST00609,Frederick Merchant,34,Female,Jaipur,2024-08-01,False
CUST00610,Fitan Loyal,24,Other,Jaipur,2024-03-11,False
CUST00611,Mitesh Ramachandran,31,Female,Chennai,2024-11-18,False
CUST00612,Hredhaan Chand,20,Other,Hyderabad,2023-07-24,True
CUST00613,Sai Parsa,19,Female,Kolkata,2024-09-07,False
CUST00614,Kevin Chahal,27,Male,Chennai,2024-05-02,True
CUST00615,Saumya Vala,42,Other,Hyderabad,2025-04-09,False
CUST00616,Atharv Chakraborty,53,Other,Chennai,2025-01-15,False
CUST00617,Ekta Rajan,49,Other,Jaipur,2023-08-04,False
CUST00618,Odika Rama,28,Other,Chennai,2023-11-24,True
CUST00619,Omkaar Rai,26,Other,Jaipur,2024-04-04,True
CUST00620,Amruta Mitra,52,Other,Delhi,2024-09-04,True
CUST00621,Madhav Bhatnagar,22,Other,Delhi,2024-03-31,True
CUST00622,Anya Sama,44,Male,Hyderabad,2024-10-23,True
CUST00623,Faraj Patel,27,Male,Hyderabad,2024-08-10,False
CUST00624,Warhi Hayre,41,Male,Jaipur,2025-06-26,False
CUST00625,Krishna Modi,19,Male,Kolkata,2023-07-26,True
CUST00626,Gaurangi Rai,19,Other,Pune,2024-12-08,False
CUST00627,Gaurika Sani,19,Other,Kolkata,2026-04-22,True
CUST00628,Charita Nagi,24,Male,Bengaluru,2026-02-07,True
CUST00629,Varenya Murthy,30,Other,Pune,2024-04-16,False
CUST00630,Eiravati Manne,35,Female,Mumbai,2026-06-29,False
CUST00631,Xavier Nanda,43,Female,Hyderabad,2025-02-19,True
CUST00632,Maya Patla,37,Other,Mumbai,2024-01-08,True
CUST00633,Pranit Bala,23,Female,Kolkata,2025-07-02,False
CUST00634,Raksha Manne,53,Female,Delhi,2026-06-26,True
CUST00635,Nilima Tata,28,Male,Jaipur,2024-02-17,False
CUST00636,Wyatt Krishnan,59,Female,Mumbai,2026-05-04,True
CUST00637,Pallavi Purohit,32,Male,Jaipur,2023-11-07,False
CUST00638,Varenya Rattan,20,Male,Pune,2025-10-23,True
CUST00639,Balhaar Parsa,29,Female,Delhi,2026-07-09,True
CUST00640,Ikbal Kothari,55,Male,Kolkata,2026-05-02,True
CUST00641,Ojas Basu,37,Male,Hyderabad,2025-12-06,False
CUST00642,Garima Sani,52,Female,Kolkata,2023-12-27,True
CUST00643,Guneet Kuruvilla,23,Other,Chennai,2024-06-24,True
CUST00644,Sanaya Prasad,24,Female,Hyderabad,2025-03-14,True
CUST00645,Xiti Dora,39,Other,Kolkata,2025-01-01,False
CUST00646,Vasudha Cheema,19,Other,Pune,2024-10-16,False
CUST00647,Frederick D’Alia,49,Male,Chennai,2024-02-21,False
CUST00648,Devika Oza,45,Male,Kolkata,2025-06-22,True
CUST00649,Vasudha Pall,57,Female,Hyderabad,2025-07-24,True
CUST00650,Raksha Sethi,23,Female,Bengaluru,2024-11-22,False
CUST00651,Charita Basu,58,Male,Kolkata,2024-01-10,False
CUST00652,Hemal Chopra,41,Male,Mumbai,2026-06-01,True
CUST00653,Yagnesh Varty,37,Female,Chennai,2024-04-12,False
CUST00654,Ganga Sandhu,24,Male,Mumbai,2025-07-02,True
CUST00655,Nidhi Gour,45,Female,Kolkata,2024-04-30,True
CUST00656,Meghana Balakrishnan,19,Male,Chennai,2026-02-23,True
CUST00657,Shivani Sanghvi,56,Other,Chennai,2025-03-11,False
CUST00658,Tanish Jha,18,Female,Kolkata,2024-09-20,False
CUST00659,Harsh Yadav,23,Other,Hyderabad,2024-05-01,True
CUST00660,Eshana Hegde,42,Male,Bengaluru,2025-06-25,False
CUST00661,Adweta Suri,37,Female,Jaipur,2025-10-12,True
CUST00662,Lipika Ramanathan,22,Male,Kolkata,2026-01-12,False
CUST00663,Ijaya Pandey,44,Female,Jaipur,2025-06-26,True
CUST00664,Chameli Chad,41,Female,Hyderabad,2026-05-25,False
CUST00665,Dhriti Dalal,56,Other,Hyderabad,2024-07-20,False
CUST00666,Jackson Goswami,24,Male,Pune,2025-02-14,True
CUST00667,Yasti Rama,43,Female,Kolkata,2025-04-25,False
CUST00668,Leela Sampath,46,Female,Kolkata,2024-04-29,True
CUST00669,Oscar Ganesan,37,Female,Hyderabad,2025-08-14,False
CUST00670,Logan Grover,38,Male,Kolkata,2024-11-15,False
CUST00671,Chatresh Parmer,36,Other,Jaipur,2023-07-30,True
CUST00672,Laban Hayer,38,Female,Pune,2025-03-03,False
CUST00673,Nilima Swamy,41,Male,Hyderabad,2025-04-21,True
CUST00674,Vrinda Ganesh,53,Male,Jaipur,2023-11-21,True
CUST00675,Thomas Master,46,Female,Mumbai,2023-09-04,False
CUST00676,Umang Yogi,49,Male,Pune,2024-10-06,True
CUST00677,Tanvi Tandon,34,Other,Bengaluru,2025-11-15,False
CUST00678,Ishaan Loyal,42,Male,Jaipur,2025-11-05,False
CUST00679,Benjamin Sastry,55,Female,Kolkata,2025-11-10,True
CUST00680,Pavani Chaudry,41,Other,Mumbai,2026-04-26,True
CUST00681,Chameli Bali,33,Other,Chennai,2025-06-13,True
CUST00682,Ijaya Chahal,59,Other,Delhi,2025-05-28,False
CUST00683,Warjas Kadakia,39,Female,Mumbai,2026-01-14,True
CUST00684,Priya Gandhi,24,Female,Hyderabad,2026-02-27,True
CUST00685,Samuel Jhaveri,46,Female,Kolkata,2023-10-16,False
CUST00686,Avni Yohannan,55,Other,Bengaluru,2024-04-02,False
CUST00687,Brinda Mann,19,Female,Mumbai,2025-12-21,False
CUST00688,Yoshita Chandran,44,Male,Mumbai,2024-02-11,True
CUST00689,Daniel Malhotra,40,Female,Chennai,2026-04-29,False
CUST00690,Kevin Krish,31,Other,Jaipur,2024-02-28,False
CUST00691,Yug Ramaswamy,48,Male,Jaipur,2025-08-14,False
CUST00692,Amruta Sachdeva,38,Male,Pune,2025-02-17,True
CUST00693,Faqid Chander,25,Male,Chennai,2025-04-01,True
CUST00694,Jyoti Sha,28,Other,Hyderabad,2025-08-12,True
CUST00695,Aarnav Chander,53,Male,Chennai,2025-06-27,False
CUST00696,Dev Warrior,47,Male,Kolkata,2025-03-24,True
CUST00697,Pushti Kakar,29,Other,Kolkata,2025-08-22,False
CUST00698,Ekantika Mander,19,Other,Hyderabad,2024-12-21,False
CUST00699,Vedhika Oza,55,Female,Kolkata,2026-06-10,True
CUST00700,Chakradhar Chaudhary,31,Male,Pune,2026-03-14,True
CUST00701,Amol Dash,54,Male,Bengaluru,2024-03-17,False
CUST00702,Tanmayi Acharya,38,Male,Jaipur,2025-05-10,True
CUST00703,Kevin Mittal,34,Other,Jaipur,2024-03-18,False
CUST00704,Girik Patel,56,Female,Kolkata,2024-08-07,True
CUST00705,Kamya Gandhi,40,Female,Jaipur,2023-10-04,True
CUST00706,Dalaja Kaur,37,Other,Mumbai,2025-05-12,True
CUST00707,Girish Agarwal,38,Male,Hyderabad,2024-06-11,False
CUST00708,Faras Deo,25,Male,Chennai,2026-01-23,True
CUST00709,Zilmil Saxena,50,Female,Kolkata,2023-07-30,True
CUST00710,Hemal Dara,54,Female,Kolkata,2025-05-02,True
CUST00711,Vanya Bobal,49,Other,Bengaluru,2024-07-05,True
CUST00712,Gaurav Chaudry,49,Female,Bengaluru,2023-12-23,True
CUST00713,Jhalak Mistry,38,Female,Delhi,2024-02-14,False
CUST00714,Kiaan Dhar,18,Female,Bengaluru,2023-10-30,True
CUST00715,Nitesh Sarraf,42,Other,Jaipur,2025-01-11,False
CUST00716,Max Sabharwal,49,Female,Jaipur,2026-02-27,False
CUST00717,Teerth Chadha,28,Male,Delhi,2023-12-19,True
CUST00718,Jatin Rajagopalan,36,Male,Pune,2025-01-12,True
CUST00719,Divya Dey,52,Female,Bengaluru,2024-08-03,False
CUST00720,Frado Kothari,54,Other,Jaipur,2025-11-21,True
CUST00721,Avi Mitra,54,Male,Pune,2024-05-30,False
CUST00722,Manya Merchant,52,Male,Jaipur,2026-04-14,True
CUST00723,Wriddhish Talwar,45,Male,Hyderabad,2025-03-06,False
CUST00724,Wridesh Tata,20,Female,Pune,2026-04-02,False
CUST00725,Advik Patel,23,Female,Mumbai,2024-11-18,True
CUST00726,Lila Salvi,31,Other,Chennai,2025-02-02,False
CUST00727,Urishilla Bora,28,Other,Bengaluru,2023-08-10,True
CUST00728,Akshay Lala,31,Male,Chennai,2024-06-15,False
CUST00729,Darpan Rao,56,Other,Bengaluru,2025-09-09,False
CUST00730,Yachana Sagar,36,Female,Pune,2025-05-04,True
CUST00731,Fitan Yadav,26,Female,Delhi,2025-10-28,False
CUST00732,Arunima Chacko,59,Male,Bengaluru,2024-11-08,True
CUST00733,Yasti Jani,27,Other,Chennai,2024-03-13,True
CUST00734,Mahika Bhatti,43,Female,Bengaluru,2024-11-08,False
CUST00735,William Bhardwaj,58,Female,Kolkata,2024-07-29,False
CUST00736,Radha D’Alia,22,Other,Mumbai,2025-06-19,False
CUST00737,Dayamai Gill,50,Other,Pune,2024-01-17,False
CUST00738,Laksh Apte,47,Female,Chennai,2024-03-26,True
CUST00739,Idika Virk,23,Other,Jaipur,2025-09-26,False
CUST00740,Ojas Prabhu,22,Other,Kolkata,2024-01-29,True
CUST00741,Jacob Balan,45,Male,Jaipur,2024-12-17,False
CUST00742,Anita Viswanathan,38,Female,Chennai,2023-10-23,True
CUST00743,Faraj Taneja,54,Female,Chennai,2025-06-22,True
CUST00744,Christopher Tata,20,Male,Jaipur,2025-12-12,True
CUST00745,Jhalak Dugar,25,Male,Jaipur,2024-08-15,False
CUST00746,Jack Kari,18,Female,Hyderabad,2025-09-13,True
CUST00747,Chaitanya Arora,59,Female,Bengaluru,2024-07-29,False
CUST00748,Urmi Patla,23,Other,Chennai,2025-03-01,False
CUST00749,Praneel Banik,23,Female,Bengaluru,2025-11-20,True
CUST00750,Udarsh Nagy,43,Other,Pune,2024-08-04,True
CUST00751,Ekaja Madan,45,Other,Mumbai,2023-11-13,True
CUST00752,Jagdish Thakkar,18,Male,Jaipur,2026-05-26,True
CUST00753,Praneel Kapoor,26,Other,Hyderabad,2025-09-24,False
CUST00754,Nandini Biswas,18,Male,Chennai,2025-07-07,True
CUST00755,Deepa Narang,45,Other,Bengaluru,2023-11-27,False
CUST00756,Abhiram Pillay,22,Male,Kolkata,2024-05-22,True
CUST00757,Daksha Kibe,24,Male,Chennai,2025-07-05,False
CUST00758,Wakeeta Hayre,37,Male,Kolkata,2025-11-11,True
CUST00759,Matthew Ahuja,59,Other,Bengaluru,2025-04-12,True
CUST00760,Viraj Pal,51,Other,Delhi,2026-03-29,True
CUST00761,Gautami Agarwal,46,Female,Hyderabad,2026-05-02,True
CUST00762,Damyanti Chawla,44,Other,Jaipur,2024-05-29,True
CUST00763,Oni Swamy,23,Male,Bengaluru,2023-10-17,True
CUST00764,Ati Chander,55,Other,Kolkata,2023-09-22,False
CUST00765,Zinal Sachar,45,Female,Bengaluru,2026-07-08,True
CUST00766,Tara Chad,35,Other,Mumbai,2026-01-03,True
CUST00767,Yashasvi Deol,53,Other,Pune,2026-03-31,True
CUST00768,Falan Bhatia,60,Female,Hyderabad,2025-05-21,True
CUST00769,Warjas Manne,43,Female,Delhi,2024-08-24,True
CUST00770,Maya Narain,49,Female,Mumbai,2024-11-21,True
CUST00771,Anita Kaur,49,Other,Mumbai,2023-11-09,True
CUST00772,Laban Chopra,41,Female,Bengaluru,2024-03-13,False
CUST00773,Nitesh Sengupta,54,Female,Chennai,2025-07-08,True
CUST00774,Niharika Dara,48,Male,Delhi,2025-10-25,True
CUST00775,Sarthak Seth,18,Female,Hyderabad,2024-11-05,True
CUST00776,Alka Dar,21,Female,Pune,2023-12-03,False
CUST00777,Daksha Baria,45,Other,Kolkata,2024-06-14,True
CUST00778,Manbir Chand,58,Other,Bengaluru,2024-08-04,False
CUST00779,Meghana Varghese,23,Female,Mumbai,2023-09-30,True
CUST00780,Abha Ghosh,27,Other,Chennai,2023-09-02,False
CUST00781,Sneha Krish,55,Other,Mumbai,2023-12-10,False
CUST00782,Harsh Dey,45,Other,Hyderabad,2024-01-20,True
CUST00783,David Kapadia,33,Male,Kolkata,2024-02-04,True
CUST00784,Nandini Pradhan,47,Other,Delhi,2026-06-16,False
CUST00785,Aashi Borde,60,Other,Bengaluru,2023-08-18,True
CUST00786,Rudra Sawhney,18,Other,Bengaluru,2024-02-01,True
CUST00787,Garima Das,28,Female,Chennai,2023-09-20,False
CUST00788,Chandresh Ganguly,28,Female,Bengaluru,2025-12-23,False
CUST00789,Megha Taneja,25,Male,Chennai,2023-08-30,False
CUST00790,Pooja Gera,35,Other,Mumbai,2025-01-15,False
CUST00791,Rachit Maharaj,54,Other,Mumbai,2024-09-22,False
CUST00792,Manthan Banerjee,47,Other,Chennai,2026-02-23,True
CUST00793,Chakrika Tara,49,Other,Bengaluru,2025-04-16,False
CUST00794,Darsh Chahal,28,Female,Mumbai,2024-09-22,True
CUST00795,Laksh Saini,32,Other,Delhi,2024-05-20,True
CUST00796,Anirudh Raja,18,Male,Delhi,2025-01-23,False
CUST00797,Vedhika Padmanabhan,41,Female,Bengaluru,2025-12-10,True
CUST00798,Lipika Madan,20,Other,Kolkata,2024-04-20,True
CUST00799,Eiravati Kanda,38,Male,Kolkata,2023-08-30,False
CUST00800,Dalbir Sodhi,35,Male,Chennai,2025-10-15,True
CUST00801,Viraj Dutta,50,Other,Delhi,2023-12-18,True
CUST00802,Wridesh Lata,32,Other,Delhi,2025-10-22,False
CUST00803,Theodore Rama,22,Female,Pune,2025-01-17,False
CUST00804,Patrick Khalsa,38,Male,Jaipur,2026-01-21,True
CUST00805,Jagrati Bala,41,Male,Pune,2026-07-12,False
CUST00806,Lucky Guha,57,Male,Jaipur,2025-08-18,False
CUST00807,Parth Swaminathan,55,Female,Hyderabad,2023-09-12,True
CUST00808,Daksh Kaul,27,Male,Kolkata,2026-02-04,True
CUST00809,Anmol Vyas,32,Other,Chennai,2025-07-27,True
CUST00810,Garima Jaggi,39,Male,Kolkata,2024-02-03,False
CUST00811,Peter Naik,24,Male,Hyderabad,2023-10-16,False
CUST00812,Manbir Dhar,49,Male,Bengaluru,2024-01-04,False
CUST00813,Elijah Prakash,23,Male,Hyderabad,2026-07-14,False
CUST00814,Harrison Nayar,41,Female,Mumbai,2024-10-26,True
CUST00815,Laban Dugar,50,Male,Kolkata,2025-05-24,True
CUST00816,Edhitha Ghosh,55,Other,Delhi,2025-12-05,False
CUST00817,Udant Gill,60,Male,Hyderabad,2025-02-22,False
CUST00818,Chaitaly Datta,34,Female,Kolkata,2024-04-17,False
CUST00819,Mahika Bali,38,Female,Pune,2024-04-23,True
CUST00820,Timothy Chawla,22,Male,Bengaluru,2025-08-24,True
CUST00821,Garima Brahmbhatt,27,Male,Bengaluru,2024-07-19,False
CUST00822,Ekaja Ganesh,47,Female,Kolkata,2026-03-30,True
CUST00823,Gautami Sekhon,52,Female,Hyderabad,2023-08-02,False
CUST00824,Shaurya Krish,37,Female,Pune,2026-06-26,True
CUST00825,Inaya Kunda,23,Male,Pune,2023-12-30,True
CUST00826,Chanakya Raju,31,Female,Bengaluru,2025-05-26,True
CUST00827,Ojas Sachdev,33,Female,Kolkata,2025-08-19,True
CUST00828,Indali Prashad,37,Female,Bengaluru,2023-12-20,True
CUST00829,Umang Gaba,43,Female,Hyderabad,2025-06-16,True
CUST00830,Bahadurjit Menon,47,Male,Bengaluru,2023-08-16,True
CUST00831,Advika Cheema,18,Male,Hyderabad,2023-11-08,True
CUST00832,Onkar Prashad,30,Female,Chennai,2024-03-21,True
CUST00833,Girik Nigam,55,Other,Pune,2026-01-23,True
CUST00834,Azaan Sankar,19,Male,Hyderabad,2026-04-26,False
CUST00835,Radha Dugar,26,Male,Chennai,2023-10-07,True
CUST00836,Garima Jha,20,Female,Delhi,2024-05-06,True
CUST00837,Alka Manda,54,Female,Kolkata,2024-10-19,False
CUST00838,Gopal Bawa,19,Female,Kolkata,2025-03-17,True
CUST00839,Mitesh Bhagat,40,Male,Bengaluru,2025-01-26,False
CUST00840,Prisha Chahal,35,Female,Bengaluru,2024-10-15,True
CUST00841,Ryan Chatterjee,57,Other,Hyderabad,2023-08-24,False
CUST00842,Onkar Manne,49,Female,Jaipur,2023-11-20,True
CUST00843,Jack Morar,23,Female,Kolkata,2025-03-24,True
CUST00844,Vrinda Lanka,44,Male,Hyderabad,2023-12-04,True
CUST00845,Qasim Prabhakar,42,Other,Chennai,2025-02-27,False
CUST00846,Rachit Sehgal,52,Female,Chennai,2023-09-23,False
CUST00847,Ria Shroff,42,Female,Bengaluru,2024-08-28,True
CUST00848,Amruta Bhatia,38,Other,Hyderabad,2024-03-06,True
CUST00849,Frederick Padmanabhan,35,Male,Jaipur,2025-11-03,False
CUST00850,Utkarsh Bhat,55,Male,Bengaluru,2025-03-08,True
CUST00851,Vaishnavi Keer,33,Other,Hyderabad,2025-07-24,False
CUST00852,Farhan Rana,52,Other,Delhi,2023-09-07,True
CUST00853,Jai Sen,54,Female,Chennai,2024-04-09,True
CUST00854,Siddharth Hans,29,Male,Chennai,2024-01-28,False
CUST00855,Pallavi Brar,55,Male,Chennai,2026-06-11,True
CUST00856,Saksham Divan,54,Male,Jaipur,2026-01-25,False
CUST00857,Ekaja Bhavsar,29,Female,Delhi,2023-11-28,True
CUST00858,Mekhala Nanda,21,Male,Hyderabad,2024-09-17,True
CUST00859,Advik Virk,51,Female,Delhi,2025-04-27,False
CUST00860,Oeshi Doctor,57,Male,Bengaluru,2024-03-02,False
CUST00861,Hitesh Chaudhuri,29,Female,Delhi,2024-10-02,True
CUST00862,Nirja Lalla,27,Other,Bengaluru,2025-03-02,True
CUST00863,Urvashi Barad,51,Female,Mumbai,2024-04-08,False
CUST00864,Neha Dhawan,60,Female,Mumbai,2026-03-02,False
CUST00865,Balvan Randhawa,37,Female,Bengaluru,2024-12-11,True
CUST00866,Chandran Soman,45,Other,Jaipur,2024-09-05,False
CUST00867,Anmol Nazareth,29,Other,Chennai,2024-10-28,True
CUST00868,Avni Swamy,60,Other,Bengaluru,2026-07-01,False
CUST00869,Vedant Desai,37,Other,Pune,2024-10-24,True
CUST00870,Ekani Luthra,29,Other,Delhi,2025-04-23,False
CUST00871,Raghav Sathe,54,Male,Bengaluru,2024-06-08,False
CUST00872,Vedhika Varty,57,Male,Mumbai,2025-02-15,False
CUST00873,Yutika Dutt,27,Female,Mumbai,2023-10-25,True
CUST00874,Yashawini Raval,40,Female,Bengaluru,2024-02-11,True
CUST00875,Oscar Hans,60,Other,Chennai,2024-05-22,False
CUST00876,Zaid Bali,18,Female,Hyderabad,2025-06-24,True
CUST00877,Jalsa Issac,22,Female,Pune,2024-09-13,True
CUST00878,Ucchal Tiwari,18,Male,Kolkata,2025-03-23,False
CUST00879,Azaan Khurana,44,Male,Kolkata,2025-02-13,False
CUST00880,Sanaya Goel,42,Female,Kolkata,2025-07-22,True
CUST00881,Hemangini Gade,48,Other,Hyderabad,2024-08-20,True
CUST00882,Bhavani Bala,46,Male,Delhi,2025-03-07,False
CUST00883,Nicholas Kala,19,Female,Pune,2024-06-23,True
CUST00884,Samuel Luthra,22,Female,Bengaluru,2026-04-23,False
CUST00885,Yochana Bahri,28,Other,Mumbai,2026-06-09,True
CUST00886,Urvi Deo,39,Other,Jaipur,2026-04-16,True
CUST00887,Abhiram Kapur,45,Other,Bengaluru,2024-08-11,False
CUST00888,Anvi Sampath,28,Male,Mumbai,2025-02-19,False
CUST00889,Tripti Krishnan,31,Male,Kolkata,2024-06-18,False
CUST00890,Chasmum Verma,60,Female,Pune,2026-03-10,True
CUST00891,Harsh Amble,24,Male,Kolkata,2025-09-17,False
CUST00892,Barkha Misra,27,Male,Chennai,2026-06-13,True
CUST00893,Vasatika Bhatt,45,Male,Pune,2024-12-19,False
CUST00894,Ekta Malhotra,30,Male,Delhi,2024-08-24,True
CUST00895,Raghav Doctor,28,Other,Pune,2025-09-26,True
CUST00896,Dakshesh Raval,48,Male,Pune,2026-05-07,False
CUST00897,Logan Bal,48,Female,Pune,2026-04-29,True
CUST00898,Chakrika Lad,59,Other,Kolkata,2025-04-26,True
CUST00899,Lipika Banik,41,Female,Chennai,2026-01-06,True
CUST00900,Hemal Kapadia,46,Male,Pune,2026-06-16,False
CUST00901,Jagrati Tripathi,47,Female,Hyderabad,2024-10-24,False
CUST00902,Pratyush Memon,54,Male,Bengaluru,2023-12-14,True
CUST00903,Kabir Kuruvilla,23,Other,Chennai,2025-11-30,False
CUST00904,Gautami Chakraborty,55,Male,Delhi,2024-06-25,False
CUST00905,Udant Mohanty,51,Female,Jaipur,2025-04-29,True
CUST00906,Kamya Lad,48,Female,Mumbai,2026-01-10,False
CUST00907,Ubika Dalal,20,Other,Bengaluru,2025-07-15,True
CUST00908,Ekavir Sodhi,46,Male,Bengaluru,2024-05-13,True
CUST00909,Lakshmi Wagle,30,Male,Delhi,2024-10-21,False
CUST00910,Chatura Dora,23,Other,Kolkata,2024-02-14,True
CUST00911,Hema Rout,58,Male,Pune,2025-12-16,False
CUST00912,Luke Mutti,22,Male,Kolkata,2024-04-21,False
CUST00913,Vinaya Natarajan,53,Female,Pune,2026-03-22,False
CUST00914,Dhriti Bhardwaj,18,Other,Kolkata,2023-07-23,True
CUST00915,Anusha Kadakia,44,Male,Bengaluru,2024-04-02,True
CUST00916,Vrishti Chakrabarti,24,Other,Mumbai,2024-02-02,False
CUST00917,Pushti Raval,52,Female,Kolkata,2025-05-12,False
CUST00918,Leela Agrawal,42,Other,Jaipur,2023-09-12,False
CUST00919,Kashvi Atwal,20,Male,Pune,2024-11-27,False
CUST00920,Andrew Agrawal,27,Other,Kolkata,2026-03-15,True
CUST00921,Upkaar Padmanabhan,43,Female,Hyderabad,2024-11-11,True
CUST00922,Harshil Rajagopal,48,Female,Chennai,2025-09-04,True
CUST00923,Oliver Bhattacharyya,39,Female,Pune,2023-09-25,False
CUST00924,Bina Shah,49,Other,Mumbai,2025-10-01,True
CUST00925,Radha Desai,26,Female,Jaipur,2024-12-29,False
CUST00926,Jagrati Guha,35,Other,Kolkata,2024-03-28,True
CUST00927,Anirudh Kari,30,Female,Hyderabad,2024-06-28,False
CUST00928,Siddharth Bains,49,Other,Chennai,2026-01-17,True
CUST00929,Jatin Peri,50,Male,Mumbai,2026-04-21,False
CUST00930,Keya Kumer,50,Female,Bengaluru,2025-10-23,True
CUST00931,Chanakya Chokshi,29,Male,Hyderabad,2026-04-26,True
CUST00932,Chanakya D’Alia,33,Male,Jaipur,2025-04-23,True
CUST00933,Lajita Dasgupta,41,Other,Hyderabad,2025-11-12,False
CUST00934,Urvi Dua,41,Female,Kolkata,2024-05-30,True
CUST00935,Charvi Salvi,19,Male,Chennai,2026-05-08,False
CUST00936,Zinal Madan,56,Female,Bengaluru,2026-03-09,False
CUST00937,Omya Cheema,55,Other,Chennai,2025-09-17,False
CUST00938,Barkha Comar,28,Female,Mumbai,2023-12-28,False
CUST00939,Rushil Iyengar,19,Female,Delhi,2024-08-27,True
CUST00940,Ishita Rout,54,Male,Hyderabad,2024-10-16,True
CUST00941,Balveer Taneja,31,Female,Kolkata,2024-06-02,True
CUST00942,Ganga Keer,18,Female,Bengaluru,2023-07-20,True
CUST00943,Gaurav Choudhry,56,Male,Hyderabad,2025-12-23,False
CUST00944,Manthan Chana,56,Female,Pune,2025-09-17,False
CUST00945,Harrison Kunda,42,Female,Jaipur,2026-04-11,False
CUST00946,Tanmayi Minhas,31,Female,Pune,2024-08-29,False
CUST00947,Chandresh Chaudhry,55,Male,Delhi,2024-04-12,False
CUST00948,Bina Parsa,53,Other,Pune,2026-06-01,False
CUST00949,Pooja D’Alia,24,Female,Mumbai,2023-12-10,False
CUST00950,Aditya Devi,35,Other,Chennai,2026-05-11,False
CUST00951,Falguni Parmar,34,Other,Pune,2025-05-25,True
CUST00952,Girik Pradhan,27,Other,Hyderabad,2024-12-29,True
CUST00953,Ishaan Rattan,56,Female,Chennai,2025-03-28,True
CUST00954,Anita Rajan,19,Other,Jaipur,2026-06-21,False
CUST00955,Oviya Ganesan,34,Female,Kolkata,2024-01-07,False
CUST00956,Daniel Dutta,20,Other,Hyderabad,2023-12-24,False
CUST00957,Vasudha Sarma,32,Other,Jaipur,2024-04-22,False
CUST00958,Jagrati Balakrishnan,50,Female,Bengaluru,2026-06-13,True
CUST00959,Vasudha Sura,36,Male,Jaipur,2024-01-07,True
CUST00960,Ridhi Batra,34,Other,Bengaluru,2023-10-22,False
CUST00961,Dipta Arora,59,Male,Hyderabad,2026-07-14,False
CUST00962,Hamsini Venkataraman,32,Other,Pune,2025-10-05,False
CUST00963,Rachita Kothari,39,Female,Pune,2025-08-02,False
CUST00964,Lekha Dixit,47,Male,Jaipur,2025-11-29,True
CUST00965,Advay Dugar,58,Other,Mumbai,2025-09-08,False
CUST00966,Warhi Gandhi,30,Other,Mumbai,2023-11-09,False
CUST00967,Ekani Khosla,51,Female,Kolkata,2024-12-11,True
CUST00968,Chandresh Tripathi,27,Male,Hyderabad,2024-06-25,False
CUST00969,Neha Keer,44,Other,Jaipur,2023-11-15,True
CUST00970,Sachi Sem,38,Other,Bengaluru,2023-11-29,True
CUST00971,Sanya Mutti,49,Female,Bengaluru,2024-01-16,False
CUST00972,Andrew Chauhan,58,Male,Delhi,2025-04-02,False
CUST00973,Balendra Acharya,35,Male,Bengaluru,2023-12-04,True
CUST00974,Yashoda Jhaveri,49,Male,Bengaluru,2026-04-27,False
CUST00975,Harita Patla,58,Female,Kolkata,2023-10-08,False
CUST00976,Suhani Narula,48,Female,Delhi,2025-12-02,True
CUST00977,Januja Sethi,52,Male,Chennai,2024-01-09,True
CUST00978,Tristan Agate,38,Other,Hyderabad,2024-12-27,True
CUST00979,Bishakha Vig,18,Other,Hyderabad,2025-02-15,True
CUST00980,Chakradev Gala,40,Female,Bengaluru,2025-08-18,True
CUST00981,Nimrat Chhabra,42,Other,Pune,2024-08-14,True
CUST00982,Raghav Dara,22,Male,Pune,2025-03-17,False
CUST00983,Tanvi Halder,47,Other,Chennai,2024-12-21,False
CUST00984,Oeshi Batra,26,Female,Jaipur,2026-03-25,False
CUST00985,Shravya Shankar,30,Male,Kolkata,2026-05-03,True
CUST00986,Wishi Agrawal,32,Male,Bengaluru,2025-10-16,True
CUST00987,Rachita Subramanian,19,Other,Bengaluru,2025-09-12,True
CUST00988,Oscar Dave,41,Other,Delhi,2023-12-23,False
CUST00989,Ekanta Thaman,58,Female,Delhi,2025-03-04,True
CUST00990,Yuvraj Mahal,60,Male,Delhi,2025-03-25,True
CUST00991,Chaitaly Sethi,25,Female,Jaipur,2024-02-08,False
CUST00992,Nitara Vala,25,Other,Pune,2024-10-22,False
CUST00993,Teerth Iyer,27,Male,Delhi,2024-06-05,False
CUST00994,Hemani Deo,44,Other,Mumbai,2026-04-20,False
CUST00995,Yahvi Naidu,57,Other,Bengaluru,2024-01-11,False
CUST00996,Varsha Sahni,24,Other,Mumbai,2026-05-28,False
CUST00997,Pahal Arya,25,Male,Jaipur,2025-10-05,True
CUST00998,Aryan Raj,56,Male,Pune,2024-02-26,True
CUST00999,Daksh Iyengar,40,Other,Kolkata,2024-09-02,False
CUST01000,Bhavini Krishna,28,Male,Jaipur,2024-02-28,True
CUST01001,Chakrika Jani,48,Female,Hyderabad,2025-11-02,True
CUST01002,Jagrati Sethi,18,Other,Mumbai,2023-12-22,True
CUST01003,Lopa Khanna,54,Other,Jaipur,2025-09-16,True
CUST01004,Champak Raj,23,Other,Mumbai,2025-03-09,True
CUST01005,Dhriti Bhagat,34,Other,Hyderabad,2023-08-05,False
CUST01006,Samaksh Savant,36,Female,Jaipur,2024-06-30,True
CUST01007,Ronith Hari,24,Male,Delhi,2024-10-14,False
CUST01008,Peter Borde,41,Other,Chennai,2024-05-01,False
CUST01009,Yoshita Dar,25,Male,Delhi,2025-02-20,True
CUST01010,Priya Mallick,26,Other,Bengaluru,2025-11-26,False
CUST01011,Kalpit Dyal,40,Female,Pune,2026-01-08,True
CUST01012,Abdul Narayanan,41,Female,Bengaluru,2025-07-09,True
CUST01013,Balveer Dube,43,Female,Jaipur,2024-11-28,False
CUST01014,Charvi Swaminathan,42,Other,Jaipur,2025-12-21,False
CUST01015,Elijah Nadkarni,59,Male,Mumbai,2025-10-09,True
CUST01016,Qarin Verma,21,Male,Mumbai,2023-10-29,False
CUST01017,Ojasvi Yadav,55,Female,Jaipur,2025-04-02,True
CUST01018,Ikshita Kant,57,Female,Chennai,2024-06-11,True
CUST01019,Garima Patel,26,Female,Jaipur,2024-10-14,True
CUST01020,Vaishnavi Andra,44,Female,Delhi,2024-01-10,True
CUST01021,Sanaya Khosla,34,Other,Chennai,2026-04-08,True
CUST01022,Balveer Nagi,51,Other,Hyderabad,2025-02-27,False
CUST01023,Libni Kunda,51,Other,Mumbai,2025-11-01,False
CUST01024,Aryan Varughese,60,Other,Hyderabad,2025-02-17,False
CUST01025,Vidhi Bassi,40,Other,Kolkata,2024-10-18,True
CUST01026,Ekani Varkey,53,Other,Delhi,2023-11-20,True
CUST01027,Oliver Yogi,59,Male,Jaipur,2025-10-21,False
CUST01028,Dominic Kade,28,Male,Jaipur,2026-05-22,False
CUST01029,Panini Chawla,33,Female,Pune,2024-05-30,True
CUST01030,Ekbal Dube,50,Male,Kolkata,2023-08-21,False
CUST01031,Garima Barad,33,Male,Jaipur,2023-11-28,False
CUST01032,Chatura Gokhale,54,Female,Mumbai,2024-08-10,False
CUST01033,Vedant Kuruvilla,46,Female,Mumbai,2025-04-09,False
CUST01034,Shravya Ravel,59,Male,Mumbai,2025-05-18,False
CUST01035,Anay Ramachandran,44,Male,Delhi,2026-05-26,True
CUST01036,Abeer Bhatnagar,56,Other,Pune,2026-01-10,True
CUST01037,Elijah Parmar,59,Other,Jaipur,2025-09-04,False
CUST01038,Bimala Mitra,41,Male,Hyderabad,2026-02-12,False
CUST01039,Baghyawati Sarma,39,Other,Jaipur,2025-02-27,False
CUST01040,Azaan Som,46,Male,Mumbai,2024-03-14,True
CUST01041,Laban Raman,18,Female,Chennai,2025-11-09,False
CUST01042,Maanas Misra,53,Other,Chennai,2026-06-02,True
CUST01043,Advay Dhaliwal,20,Male,Jaipur,2024-01-23,True
CUST01044,Abdul Ramesh,44,Male,Pune,2025-10-27,True
CUST01045,Dalaja Kade,30,Male,Kolkata,2024-12-31,True
CUST01046,Nitara Vala,47,Male,Chennai,2024-02-22,True
CUST01047,Qarin Kant,44,Male,Mumbai,2026-02-28,False
CUST01048,Rishi Contractor,47,Other,Bengaluru,2024-04-22,False
CUST01049,Triya Bora,18,Other,Delhi,2024-10-09,False
CUST01050,Zashil Chaudhari,55,Female,Bengaluru,2024-05-17,True
CUST01051,Ganga Parikh,26,Male,Kolkata,2024-01-31,False
CUST01052,Harish Mane,50,Female,Kolkata,2026-03-04,True
CUST01053,Rishi Nadkarni,35,Female,Chennai,2025-08-08,False
CUST01054,Falguni Mohan,46,Male,Bengaluru,2026-06-27,False
CUST01055,Janya Mutti,56,Other,Pune,2025-05-11,False
CUST01056,Aayush Munshi,53,Other,Hyderabad,2024-08-01,True
CUST01057,Rajata Malhotra,31,Other,Pune,2025-01-24,False
CUST01058,Garima Srinivasan,26,Other,Bengaluru,2025-07-04,False
CUST01059,Jagrati Mody,25,Female,Jaipur,2025-08-10,False
CUST01060,Parth Bumb,52,Female,Kolkata,2024-09-23,True
CUST01061,Ronith Lall,51,Male,Delhi,2026-03-15,False
CUST01062,Faqid Bahl,27,Male,Delhi,2025-09-10,True
CUST01063,Nidhi Kala,35,Male,Pune,2023-09-10,False
CUST01064,Urmi Dixit,27,Male,Pune,2025-02-03,True
CUST01065,Udant Mannan,52,Male,Chennai,2024-02-08,False
CUST01066,Yachana Uppal,24,Other,Hyderabad,2023-12-03,False
CUST01067,Januja Thakkar,33,Other,Pune,2023-08-01,True
CUST01068,Noah Varkey,42,Female,Kolkata,2024-02-19,False
CUST01069,Nathaniel Gola,53,Male,Delhi,2025-12-11,False
CUST01070,Veda Parmer,30,Other,Jaipur,2023-09-16,True
CUST01071,Vinaya Kata,58,Other,Chennai,2023-10-21,True
CUST01072,Kala Kaur,30,Female,Jaipur,2023-09-20,True
CUST01073,Zarna Patel,22,Male,Bengaluru,2025-03-09,True
CUST01074,Suhani Batra,42,Male,Kolkata,2023-09-15,False
CUST01075,Harshil Verma,53,Female,Bengaluru,2026-03-26,True
CUST01076,Adya Ghosh,55,Female,Delhi,2025-02-20,False
CUST01077,Jasmit Brahmbhatt,47,Other,Bengaluru,2025-09-25,True
CUST01078,Krisha Kapoor,27,Female,Delhi,2025-09-25,False
CUST01079,Ira Pai,49,Other,Chennai,2025-08-10,True
CUST01080,Abeer Thaker,38,Other,Hyderabad,2024-02-16,True
CUST01081,Noah Karpe,51,Male,Bengaluru,2023-11-12,False
CUST01082,Siddharth Doctor,52,Other,Kolkata,2024-05-01,True
CUST01083,Janaki Dani,40,Male,Hyderabad,2026-05-07,False
CUST01084,Oeshi Narayanan,39,Female,Pune,2024-01-08,True
CUST01085,Varenya Srinivas,57,Other,Jaipur,2024-06-07,True
CUST01086,Nirja Bains,25,Other,Chennai,2024-07-28,False
CUST01087,Joshua Dyal,33,Other,Hyderabad,2024-02-10,True
CUST01088,Manan Bhalla,38,Female,Mumbai,2024-03-30,False
CUST01089,Pranit Varughese,34,Other,Pune,2025-04-05,True
CUST01090,Bhanumati Chada,51,Female,Jaipur,2024-06-16,False
CUST01091,Urishilla Subramaniam,20,Female,Hyderabad,2024-04-05,False
CUST01092,Nirja Dhar,50,Male,Mumbai,2026-01-06,True
CUST01093,Yasti Lalla,52,Other,Delhi,2024-04-01,True
CUST01094,Sudiksha Biswas,31,Other,Hyderabad,2024-07-07,False
CUST01095,Lekha Deo,24,Male,Kolkata,2023-12-31,True
CUST01096,Samaksh Virk,27,Male,Jaipur,2025-09-06,False
CUST01097,Mason Char,20,Male,Mumbai,2024-04-16,True
CUST01098,Balvan Wali,29,Female,Mumbai,2025-09-04,True
CUST01099,Girik Subramaniam,34,Female,Kolkata,2026-05-05,False
CUST01100,Aarav Sankar,58,Female,Kolkata,2025-10-03,False
CUST01101,Kamala Bassi,19,Female,Mumbai,2026-07-03,True
CUST01102,Veer Subramaniam,59,Other,Mumbai,2025-02-27,True
CUST01103,Guneet Sandal,22,Female,Mumbai,2024-02-08,False
CUST01104,Vansha Kaul,37,Other,Mumbai,2023-11-23,False
CUST01105,Nilima Kurian,46,Female,Kolkata,2024-05-04,True
CUST01106,Abhimanyu Virk,48,Male,Hyderabad,2024-01-15,True
CUST01107,Keya Jha,43,Other,Pune,2026-06-18,True
CUST01108,Nilima Pathak,37,Other,Chennai,2023-12-28,True
CUST01109,Pooja Kulkarni,53,Other,Bengaluru,2024-08-24,True
CUST01110,Jasmit Majumdar,20,Male,Kolkata,2026-06-07,True
CUST01111,Samar Sachdev,37,Male,Chennai,2025-11-19,True
CUST01112,Praneel Prabhakar,44,Other,Bengaluru,2025-11-30,True
CUST01113,Zehaan Mohanty,29,Male,Pune,2025-12-29,True
CUST01114,Mitali Devi,25,Male,Delhi,2026-05-05,False
CUST01115,Victor Sekhon,59,Other,Mumbai,2026-07-06,False
CUST01116,Harish Kala,60,Male,Pune,2025-09-12,True
CUST01117,Hamsini Ben,30,Other,Jaipur,2024-03-21,False
CUST01118,Abdul Chand,40,Male,Hyderabad,2024-02-26,True
CUST01119,Radhika Chakrabarti,36,Other,Mumbai,2023-10-23,True
CUST01120,Tristan Prabhakar,38,Female,Jaipur,2023-11-17,False
CUST01121,Leena Rattan,57,Other,Pune,2026-02-23,True
CUST01122,Dakshesh Gill,54,Other,Chennai,2026-04-05,False
CUST01123,Reva Anne,45,Male,Delhi,2024-05-24,False
CUST01124,Robert Bandi,33,Male,Kolkata,2026-02-01,False
CUST01125,Omkaar Banik,41,Male,Chennai,2025-01-24,False
CUST01126,Aadi Dugar,47,Female,Chennai,2023-11-27,False
CUST01127,Mugdha Pandit,49,Other,Mumbai,2026-05-21,True
CUST01128,Nidra Iyer,59,Other,Mumbai,2025-09-27,False
CUST01129,Ekapad Chana,26,Other,Hyderabad,2025-11-15,False
CUST01130,Ijaya Palan,58,Male,Mumbai,2024-09-17,True
CUST01131,Robert Sha,50,Other,Delhi,2025-04-03,False
CUST01132,Advika Gill,55,Male,Delhi,2025-04-08,False
CUST01133,Elijah Thakur,52,Other,Jaipur,2024-10-15,True
CUST01134,Jackson Varghese,41,Female,Hyderabad,2024-08-19,False
CUST01135,Saanvi Purohit,26,Female,Mumbai,2025-12-06,False
CUST01136,Yagnesh Nori,41,Other,Delhi,2025-06-27,True
CUST01137,Ayaan Subramaniam,57,Other,Bengaluru,2024-01-12,True
CUST01138,Ekansh Raja,46,Male,Bengaluru,2026-03-26,True
CUST01139,Victor Mutti,48,Female,Delhi,2025-04-16,True
CUST01140,Zaitra Wason,49,Male,Mumbai,2023-07-31,False
CUST01141,Yuvraj Mani,41,Male,Delhi,2023-12-07,True
CUST01142,Hema Borra,51,Female,Kolkata,2025-11-23,False
CUST01143,Vamakshi Murthy,47,Male,Delhi,2025-01-15,False
CUST01144,Amruta Goswami,24,Other,Pune,2026-06-11,False
CUST01145,Wishi Iyengar,55,Other,Bengaluru,2024-07-14,False
CUST01146,Alka Jhaveri,59,Female,Chennai,2024-07-06,True
CUST01147,Zaid Parekh,51,Female,Kolkata,2024-03-14,True
CUST01148,Jagdish Brar,51,Female,Chennai,2026-05-30,False
CUST01149,Abeer Basak,49,Female,Delhi,2025-08-03,True
CUST01150,Divya Tailor,46,Male,Hyderabad,2025-12-24,True
CUST01151,Vritti Goswami,50,Other,Pune,2025-09-17,True
CUST01152,Mitali Kapadia,27,Male,Bengaluru,2025-12-27,False
CUST01153,Chatura Vora,56,Other,Mumbai,2025-05-03,True
CUST01154,Bachittar Thakkar,44,Female,Mumbai,2025-01-05,False
CUST01155,Owen Shankar,48,Female,Hyderabad,2024-01-18,True
CUST01156,Diya Anand,59,Female,Delhi,2023-08-03,True
CUST01157,Ladli Chaudhuri,20,Male,Bengaluru,2024-12-02,True
CUST01158,Aashi Grover,58,Other,Delhi,2025-11-14,True
CUST01159,Warjas Luthra,21,Male,Pune,2025-07-17,True
CUST01160,Jasmit Gour,51,Female,Delhi,2025-08-28,False
CUST01161,Shivansh Saini,23,Male,Jaipur,2026-07-08,False
CUST01162,Janya Rattan,48,Male,Hyderabad,2024-09-22,False
CUST01163,Pranit Deep,56,Male,Bengaluru,2025-12-26,False
CUST01164,Harish Madan,28,Other,Chennai,2024-07-16,False
CUST01165,Lakshmi Hayre,56,Other,Mumbai,2024-02-27,True
CUST01166,Urvashi Andra,42,Female,Bengaluru,2024-04-15,True
CUST01167,Xalak Desai,19,Male,Kolkata,2026-03-21,True
CUST01168,Vidhi Mital,56,Male,Bengaluru,2024-08-08,False
CUST01169,Mitali Chaudhary,57,Other,Delhi,2026-06-22,True
CUST01170,Darpan Kale,23,Female,Bengaluru,2024-08-14,True
CUST01171,Gopal Sengupta,59,Female,Kolkata,2024-12-16,False
CUST01172,Jalsa Parsa,20,Other,Kolkata,2025-12-02,True
CUST01173,Hemangini Bahri,48,Female,Chennai,2025-04-15,True
CUST01174,Indali Issac,45,Male,Pune,2025-12-28,False
CUST01175,Bhavani Pant,32,Male,Pune,2024-12-02,False
CUST01176,Sanya Brar,34,Male,Delhi,2025-02-26,True
CUST01177,Ubika Dhillon,54,Other,Mumbai,2024-04-01,True
CUST01178,Oviya Ravel,42,Other,Hyderabad,2023-11-03,False
CUST01179,Neel Oza,44,Female,Mumbai,2024-07-04,True
CUST01180,Edhitha Manne,45,Other,Pune,2024-09-03,False
CUST01181,Anika Saxena,52,Female,Chennai,2025-01-30,False
CUST01182,Odika Ganesh,43,Male,Kolkata,2024-04-26,False
CUST01183,Jeremiah Keer,29,Female,Jaipur,2026-05-09,False
CUST01184,Fariq Kade,37,Other,Chennai,2024-03-31,False
CUST01185,Harshil Chandran,26,Other,Mumbai,2023-10-23,True
CUST01186,Chatura Bal,46,Other,Bengaluru,2025-03-23,True
CUST01187,Hemang Lala,31,Other,Kolkata,2026-03-02,False
CUST01188,Frado Ramakrishnan,53,Other,Delhi,2024-11-07,True
CUST01189,Yug Mander,42,Other,Delhi,2025-06-03,True
CUST01190,Karan Vyas,27,Female,Kolkata,2024-04-06,True
CUST01191,Bakhshi Parikh,22,Female,Hyderabad,2024-12-02,False
CUST01192,Unni Zachariah,23,Other,Delhi,2024-09-11,False
CUST01193,Krishna Zacharia,43,Other,Pune,2024-04-16,True
CUST01194,Radhika Viswanathan,29,Other,Jaipur,2026-04-04,False
CUST01195,Idika Subramaniam,18,Male,Pune,2025-10-31,True
CUST01196,Gaurav Sathe,20,Other,Hyderabad,2024-11-05,True
CUST01197,Nitara Lad,20,Female,Hyderabad,2024-03-13,True
CUST01198,Advaith Acharya,28,Male,Pune,2025-10-05,False
CUST01199,Hemangini Mangat,40,Other,Kolkata,2025-07-13,False
CUST01200,Vyanjana Sood,55,Male,Delhi,2024-10-23,True
CUST01201,Qushi Master,23,Other,Pune,2026-01-28,False
CUST01202,Abhimanyu Prakash,40,Female,Hyderabad,2024-05-03,True
CUST01203,Rajeshri Rana,47,Female,Delhi,2024-08-07,False
CUST01204,Madhavi Radhakrishnan,29,Female,Mumbai,2024-06-22,True
CUST01205,Fariq Sami,50,Female,Chennai,2026-03-13,True
CUST01206,Zansi Magar,50,Female,Pune,2024-09-30,False
CUST01207,Nitara Guha,42,Other,Jaipur,2023-10-30,True
CUST01208,Laban Mann,39,Female,Jaipur,2024-01-03,True
CUST01209,Sneha Magar,48,Male,Pune,2026-07-08,True
CUST01210,Raghav Nagi,42,Other,Hyderabad,2023-08-15,True
CUST01211,Chandran Warrior,38,Female,Chennai,2023-08-19,True
CUST01212,Harsh Manda,34,Male,Pune,2024-09-06,True
CUST01213,Raksha Anand,43,Other,Chennai,2024-07-11,True
CUST01214,Matthew Aurora,53,Male,Jaipur,2025-08-20,False
CUST01215,Hema Salvi,40,Male,Pune,2024-11-11,True
CUST01216,Kamya Sheth,30,Female,Hyderabad,2026-07-02,True
CUST01217,Ganga Buch,33,Female,Hyderabad,2024-02-27,True
CUST01218,Amaira Ramanathan,30,Male,Chennai,2023-11-03,True
CUST01219,Pratyush Handa,24,Male,Mumbai,2024-08-07,False
CUST01220,Advik Dara,57,Male,Delhi,2024-08-05,False
CUST01221,Saanvi Kota,41,Other,Chennai,2023-09-06,False
CUST01222,Triveni Chandra,54,Female,Jaipur,2025-10-02,True
CUST01223,Urvashi Ramachandran,50,Female,Kolkata,2026-06-08,True
CUST01224,Ekantika Dutt,54,Male,Delhi,2026-03-19,False
CUST01225,Jason Kulkarni,48,Other,Delhi,2025-08-01,False
CUST01226,Rushil Patel,43,Other,Bengaluru,2023-10-04,False
CUST01227,Isaiah Keer,25,Other,Jaipur,2026-03-25,False
CUST01228,Ekta Aurora,18,Male,Hyderabad,2024-03-31,False
CUST01229,Jagdish Randhawa,55,Male,Chennai,2024-07-27,False
CUST01230,Brijesh Soman,57,Female,Bengaluru,2026-06-19,False
CUST01231,Kamya Chakraborty,33,Female,Jaipur,2024-08-05,False
CUST01232,Xalak Chand,41,Male,Jaipur,2026-06-15,False
CUST01233,Darpan Bhasin,31,Female,Chennai,2025-01-18,False
CUST01234,Hredhaan Dass,43,Female,Jaipur,2025-08-11,True
CUST01235,Edhitha Palan,54,Male,Hyderabad,2025-05-27,True
CUST01236,Ansh Purohit,35,Male,Kolkata,2025-01-22,False
CUST01237,Zashil Baral,30,Male,Bengaluru,2025-08-07,False
CUST01238,Chaitaly Suri,18,Male,Kolkata,2024-05-05,False
CUST01239,Ijaya Naik,26,Other,Chennai,2025-07-12,False
CUST01240,Naveen Biswas,37,Female,Delhi,2025-10-18,False
CUST01241,Shivani Merchant,24,Other,Bengaluru,2024-08-28,True
CUST01242,Sudiksha Acharya,31,Female,Jaipur,2026-04-02,True
CUST01243,Qasim Bahl,46,Other,Chennai,2026-03-04,False
CUST01244,William Nagi,41,Female,Pune,2023-10-22,False
CUST01245,Ranveer Viswanathan,19,Female,Mumbai,2026-06-11,False
CUST01246,Mitesh Mandal,56,Male,Bengaluru,2024-11-28,False
CUST01247,Ekanta Choudhry,40,Female,Jaipur,2023-12-12,False
CUST01248,Caleb Dayal,23,Female,Pune,2024-04-18,False
CUST01249,Saksham Chhabra,58,Male,Bengaluru,2025-08-07,False
CUST01250,Hardik Balay,44,Other,Kolkata,2025-12-19,True
CUST01251,Vrishti Vora,23,Male,Chennai,2026-03-11,True
CUST01252,Chandran Peri,38,Female,Pune,2024-06-22,False
CUST01253,Agastya Joshi,56,Other,Kolkata,2026-04-29,False
CUST01254,Fariq Sidhu,46,Female,Jaipur,2026-04-03,False
CUST01255,Jalsa Sagar,28,Male,Delhi,2025-02-08,True
CUST01256,Amaira Wadhwa,33,Other,Pune,2023-09-17,True
CUST01257,Daksha Brahmbhatt,31,Male,Kolkata,2024-06-15,True
CUST01258,Harrison Kashyap,24,Male,Jaipur,2025-10-18,True
CUST01259,Ranveer Hans,19,Female,Mumbai,2025-10-10,True
CUST01260,Praneel Sagar,34,Other,Bengaluru,2023-12-26,True
CUST01261,Tara Sane,59,Female,Pune,2023-12-24,True
CUST01262,Pranit Ratti,33,Other,Pune,2025-09-07,False
CUST01263,Nakul Walla,58,Male,Bengaluru,2026-02-01,True
CUST01264,Indira Murty,19,Male,Chennai,2025-11-16,False
CUST01265,Kamya Sachar,48,Female,Pune,2026-03-25,False
CUST01266,Ekiya Khosla,26,Other,Bengaluru,2025-12-06,False
CUST01267,Keya Kumar,58,Other,Kolkata,2025-01-25,False
CUST01268,Sara Ranganathan,40,Female,Hyderabad,2023-07-16,True
CUST01269,Bhavani Babu,46,Female,Chennai,2025-09-27,False
CUST01270,Chasmum Ahuja,34,Male,Pune,2024-10-24,True
CUST01271,Tanish Murty,18,Other,Bengaluru,2023-08-18,False
CUST01272,Yasti Dubey,36,Female,Delhi,2023-12-09,False
CUST01273,Triveni Parekh,48,Female,Delhi,2024-03-14,False
CUST01274,Alka Peri,36,Other,Hyderabad,2026-01-05,True
CUST01275,Viraj Kunda,53,Female,Hyderabad,2024-10-24,False
CUST01276,Mugdha Kalla,53,Female,Kolkata,2023-11-12,True
CUST01277,Vasudha Ghose,28,Other,Kolkata,2025-08-12,False
CUST01278,Charita Barad,32,Female,Mumbai,2025-12-27,False
CUST01279,Farhan Bhalla,58,Male,Pune,2024-12-16,False
CUST01280,Radha Saha,59,Other,Pune,2024-01-19,False
CUST01281,Advay Raja,30,Male,Bengaluru,2023-10-08,True
CUST01282,Benjamin Nagar,36,Male,Jaipur,2025-10-31,False
CUST01283,Eta Thakkar,35,Other,Jaipur,2026-07-03,True
CUST01284,Michael Bedi,38,Male,Bengaluru,2026-05-27,True
CUST01285,Sanaya Thaman,52,Male,Bengaluru,2023-12-02,True
CUST01286,Rachana Mann,36,Female,Bengaluru,2025-03-19,False
CUST01287,Kevin Nayar,18,Male,Mumbai,2023-11-21,True
CUST01288,Chandran Rastogi,18,Female,Hyderabad,2024-08-26,False
CUST01289,Mohini Thaker,44,Female,Jaipur,2025-05-20,False
CUST01290,Krishna Srivastava,47,Other,Delhi,2025-11-30,False
CUST01291,Vinaya Rana,23,Male,Delhi,2026-04-24,False
CUST01292,Yatin Kibe,43,Male,Jaipur,2023-11-04,True
CUST01293,Qushi Naik,30,Female,Kolkata,2026-06-13,True
CUST01294,Isaiah Sachdev,25,Other,Hyderabad,2025-05-03,False
CUST01295,Ijaya Halder,46,Male,Delhi,2024-11-25,True
CUST01296,Arjun Mody,47,Other,Mumbai,2024-04-03,True
CUST01297,Riya Dhingra,48,Female,Pune,2025-05-30,False
CUST01298,Vivaan Iyengar,28,Other,Delhi,2026-06-14,True
CUST01299,Nachiket Chada,34,Female,Pune,2024-01-06,True
CUST01300,Xavier Divan,41,Male,Hyderabad,2024-10-04,True
CUST01301,Hemal Choudhry,33,Other,Kolkata,2024-10-31,False
CUST01302,Urishilla Bajaj,18,Male,Pune,2024-12-12,True
CUST01303,Siddharth Jani,43,Male,Delhi,2025-11-10,True
CUST01304,Vasudha Dhaliwal,55,Other,Jaipur,2026-06-29,True
CUST01305,Krisha Vyas,41,Male,Hyderabad,2023-09-21,True
CUST01306,Onkar Bhasin,49,Male,Chennai,2024-09-29,True
CUST01307,Anika Bera,21,Female,Bengaluru,2025-07-07,True
CUST01308,Ekalinga Rama,26,Female,Hyderabad,2026-05-06,False
CUST01309,Jagvi Chokshi,53,Other,Chennai,2023-08-14,False
CUST01310,Libni Kashyap,30,Male,Kolkata,2025-02-26,False
CUST01311,Diya Sundaram,26,Female,Delhi,2026-01-28,False
CUST01312,Quincy Issac,46,Other,Pune,2025-08-31,False
CUST01313,Anthony Baral,30,Other,Bengaluru,2024-08-03,False
CUST01314,Gauri Suri,38,Other,Jaipur,2025-03-18,False
CUST01315,Andrew Palan,56,Other,Bengaluru,2026-06-13,True
CUST01316,Isha Mittal,51,Male,Jaipur,2024-07-16,False
CUST01317,David Kurian,34,Other,Chennai,2025-03-08,False
CUST01318,Ati Kar,18,Other,Kolkata,2024-03-07,True
CUST01319,Maya Devan,19,Other,Chennai,2023-11-29,True
CUST01320,Utkarsh Sahni,38,Other,Mumbai,2024-07-23,False
CUST01321,Pooja Muni,30,Other,Jaipur,2026-02-10,True
CUST01322,Saumya Deep,57,Female,Chennai,2024-06-01,False
CUST01323,Samaksh Devi,59,Female,Mumbai,2024-11-07,True
CUST01324,Qushi Dhillon,51,Other,Mumbai,2026-04-30,True
CUST01325,Eesha Bir,26,Male,Delhi,2025-11-27,True
CUST01326,Qarin Nadkarni,24,Female,Hyderabad,2024-02-27,True
CUST01327,Eiravati Sachdev,20,Other,Kolkata,2025-04-14,False
CUST01328,Saanvi Mahal,51,Other,Pune,2024-03-08,True
CUST01329,Hredhaan Deep,41,Male,Mumbai,2024-04-27,True
CUST01330,Amara Kashyap,31,Other,Jaipur,2026-01-27,True
CUST01331,Vihaan Bal,47,Other,Delhi,2025-01-24,False
CUST01332,Vansha Desai,53,Other,Kolkata,2025-09-03,False
CUST01333,Kashvi Gour,21,Other,Pune,2025-03-08,True
CUST01334,Urvi Devan,22,Female,Mumbai,2024-03-26,True
CUST01335,Upkaar Bali,51,Male,Mumbai,2025-04-10,True
CUST01336,Anamika Sachar,52,Female,Hyderabad,2024-06-25,True
CUST01337,Samarth Bhatti,51,Other,Hyderabad,2024-04-16,True
CUST01338,Vrishti Nair,53,Other,Kolkata,2025-06-25,True
CUST01339,Prisha Ravel,58,Other,Chennai,2023-09-18,False
CUST01340,Dhriti Ramesh,60,Female,Mumbai,2026-02-19,True
CUST01341,Ikbal Seth,29,Other,Kolkata,2025-06-24,False
CUST01342,Yatan Venkataraman,60,Male,Jaipur,2025-10-28,False
CUST01343,Balveer Ram,38,Other,Chennai,2025-09-24,False
CUST01344,Ranveer Manne,44,Other,Kolkata,2025-05-28,False
CUST01345,Daksha Mangal,56,Male,Hyderabad,2025-07-01,False
CUST01346,Pahal Menon,53,Other,Pune,2026-02-22,False
CUST01347,Zansi Dhar,46,Female,Kolkata,2025-07-05,True
CUST01348,Gautam Tella,20,Female,Delhi,2024-01-07,True
CUST01349,Krishna Ramaswamy,37,Male,Pune,2025-04-18,True
CUST01350,Shravya Bakshi,31,Female,Delhi,2024-04-18,False
CUST01351,Saksham Sha,53,Other,Bengaluru,2023-12-03,True
CUST01352,Ekiya Gade,20,Female,Chennai,2024-01-23,True
CUST01353,Ishaan Sengupta,26,Female,Chennai,2026-03-26,True
CUST01354,Frederick Viswanathan,32,Female,Pune,2025-03-03,True
CUST01355,Kritika Rai,54,Female,Hyderabad,2023-09-22,True
CUST01356,Gautami Doctor,38,Female,Bengaluru,2024-03-23,False
CUST01357,Praneel Behl,54,Male,Pune,2025-04-27,True
CUST01358,Dayamai Sehgal,54,Female,Mumbai,2024-10-06,True
CUST01359,Jacob Deep,39,Female,Kolkata,2024-05-26,False
CUST01360,Zehaan Arora,25,Male,Delhi,2025-06-27,False
CUST01361,Wishi Ahluwalia,21,Female,Delhi,2026-02-14,False
CUST01362,Wazir Kalla,52,Other,Bengaluru,2026-01-15,False
CUST01363,Sudiksha Rout,50,Other,Hyderabad,2025-06-01,True
CUST01364,Abeer Konda,21,Other,Kolkata,2025-11-12,False
CUST01365,Sarthak Bawa,56,Other,Mumbai,2024-04-28,True
CUST01366,Christopher Palla,45,Female,Kolkata,2023-09-11,True
CUST01367,Bachittar Misra,26,Female,Mumbai,2024-12-11,False
CUST01368,Chandran Chopra,54,Other,Delhi,2025-04-23,False
CUST01369,Neel Mane,34,Male,Kolkata,2026-02-19,False
CUST01370,Tamanna Parsa,26,Male,Jaipur,2023-09-09,True
CUST01371,Chandani Naidu,49,Female,Hyderabad,2025-02-07,True
CUST01372,Ekansh Sane,33,Male,Pune,2025-11-17,False
CUST01373,Brinda Sinha,38,Other,Mumbai,2024-02-10,True
CUST01374,Anvi Narayan,60,Female,Kolkata,2025-10-11,False
CUST01375,Shaurya Kadakia,40,Male,Chennai,2026-02-20,False
CUST01376,Ikbal Wadhwa,56,Other,Delhi,2023-11-29,False
CUST01377,Bhavna Sane,28,Female,Jaipur,2026-02-15,True
CUST01378,Aashi Vora,46,Male,Hyderabad,2025-12-25,True
CUST01379,Kai Taneja,41,Male,Mumbai,2025-09-30,True
CUST01380,Waida Gole,21,Male,Bengaluru,2026-02-16,False
CUST01381,Bina Hari,18,Female,Mumbai,2023-07-18,False
CUST01382,Arjun Shroff,46,Female,Delhi,2026-03-13,False
CUST01383,Sarthak Sachdeva,31,Other,Hyderabad,2025-04-19,True
CUST01384,Gauri Palla,52,Other,Pune,2025-12-02,False
CUST01385,Advay Jaggi,57,Other,Bengaluru,2026-06-21,True
CUST01386,Aachal Bir,42,Other,Delhi,2024-11-05,False
CUST01387,Yashawini Naik,28,Male,Pune,2023-07-25,True
CUST01388,Gauri Om,57,Female,Delhi,2025-03-22,False
CUST01389,Parth Hari,59,Male,Mumbai,2024-12-10,False
CUST01390,Varenya Som,60,Female,Chennai,2023-09-09,True
CUST01391,Vasatika Dugal,19,Female,Kolkata,2026-03-16,True
CUST01392,Gautami Shere,42,Other,Mumbai,2025-04-19,False
CUST01393,Chandani Mutti,49,Other,Mumbai,2025-11-24,True
CUST01394,Sathvik Narula,30,Other,Jaipur,2025-01-15,True
CUST01395,Manthan Mand,20,Male,Pune,2023-09-02,False
CUST01396,Keya Warrior,49,Female,Bengaluru,2024-03-29,True
CUST01397,Rachit Dada,40,Other,Chennai,2024-11-05,False
CUST01398,Azad Magar,58,Female,Hyderabad,2025-04-18,False
CUST01399,Watika Khanna,21,Other,Pune,2025-02-12,False
CUST01400,Chasmum Kalita,19,Other,Pune,2025-10-08,True
CUST01401,Parth Choudhury,27,Female,Kolkata,2025-02-16,True
CUST01402,Saksham Chanda,23,Other,Kolkata,2025-06-04,True
CUST01403,Vasudha Tella,44,Male,Bengaluru,2024-03-11,False
CUST01404,Harini Sule,37,Other,Chennai,2025-10-06,False
CUST01405,Falak Dhar,52,Male,Hyderabad,2023-12-15,True
CUST01406,Samesh Bansal,55,Other,Hyderabad,2025-06-28,True
CUST01407,Jack Agrawal,37,Other,Bengaluru,2024-11-10,False
CUST01408,Gagan Nath,27,Other,Bengaluru,2025-07-10,False
CUST01409,Harshil Verma,22,Other,Mumbai,2026-05-04,True
CUST01410,Arin Muni,38,Male,Delhi,2026-04-03,False
CUST01411,Ekani Iyer,44,Female,Pune,2024-05-10,False
CUST01412,Aradhana Walia,58,Other,Pune,2024-11-22,True
CUST01413,Jacob Mahajan,30,Male,Bengaluru,2024-03-03,True
CUST01414,Anusha Contractor,19,Other,Pune,2023-08-08,True
CUST01415,Samuel Palla,56,Male,Hyderabad,2025-11-15,True
CUST01416,Anika Dhaliwal,40,Male,Jaipur,2026-07-14,True
CUST01417,Yash Garg,50,Other,Jaipur,2023-11-03,False
CUST01418,Hamsini Zachariah,29,Female,Jaipur,2025-06-04,False
CUST01419,Kalpit Balakrishnan,26,Male,Hyderabad,2025-07-16,True
CUST01420,Hitesh Rajagopal,20,Female,Delhi,2023-10-07,False
CUST01421,Pooja Ramanathan,44,Male,Hyderabad,2024-04-19,True
CUST01422,Ishani Muni,22,Male,Jaipur,2024-12-13,False
CUST01423,Farhan Shroff,38,Female,Hyderabad,2025-12-14,False
CUST01424,Girik Sidhu,43,Male,Kolkata,2023-12-14,False
CUST01425,Dayita Shroff,43,Other,Delhi,2025-07-15,True
CUST01426,Udarsh Dhawan,46,Female,Delhi,2026-02-28,True
CUST01427,Januja Ramanathan,51,Other,Kolkata,2024-04-25,True
CUST01428,Ekta Setty,53,Female,Delhi,2025-08-11,True
CUST01429,Dhruv Soman,36,Female,Kolkata,2024-01-07,False
CUST01430,Varenya Shenoy,36,Female,Bengaluru,2024-04-06,False
CUST01431,Ijaya Datta,36,Other,Delhi,2025-09-12,True
CUST01432,Nidra Chhabra,47,Other,Jaipur,2024-12-03,True
CUST01433,Chasmum Walia,50,Male,Bengaluru,2025-07-01,True
CUST01434,Odika Khare,43,Female,Chennai,2026-03-06,False
CUST01435,Nathan Subramaniam,19,Male,Jaipur,2025-03-03,True
CUST01436,Harini Joshi,47,Male,Pune,2026-06-28,False
CUST01437,Radhika Oommen,59,Other,Bengaluru,2025-11-07,True
CUST01438,Oscar Brahmbhatt,23,Male,Jaipur,2025-12-23,False
CUST01439,Ishwar Sheth,23,Other,Kolkata,2024-12-02,True
CUST01440,Sai Goda,42,Other,Kolkata,2024-11-05,True
CUST01441,Ekaraj Chopra,28,Female,Bengaluru,2026-06-14,True
CUST01442,Falak Talwar,27,Male,Delhi,2026-04-12,False
CUST01443,Gautam Kalla,37,Female,Jaipur,2024-02-16,False
CUST01444,Manan Dixit,58,Male,Mumbai,2025-06-18,True
CUST01445,Madhavi Sekhon,30,Male,Pune,2024-05-14,True
CUST01446,Edhitha Mistry,47,Female,Jaipur,2025-12-17,True
CUST01447,Radhika Padmanabhan,56,Female,Hyderabad,2023-12-01,True
CUST01448,Yashvi Raval,55,Other,Jaipur,2024-01-30,False
CUST01449,David Pingle,44,Female,Mumbai,2025-11-14,True
CUST01450,Aadi Parmer,33,Other,Pune,2024-01-02,True
CUST01451,Azaan Keer,21,Male,Bengaluru,2025-05-16,True
CUST01452,Eesha Raja,59,Female,Delhi,2025-04-06,True
CUST01453,Radhika Kakar,20,Other,Pune,2026-05-10,False
CUST01454,Vaishnavi Dewan,23,Male,Mumbai,2024-05-03,False
CUST01455,Jagvi Sahni,29,Male,Pune,2024-03-11,True
CUST01456,Jeremiah Desai,47,Other,Chennai,2023-08-03,True
CUST01457,Amol Dhawan,23,Female,Chennai,2025-08-10,False
CUST01458,Laban Chad,42,Male,Kolkata,2024-02-14,True
CUST01459,Tamanna Sandal,36,Female,Bengaluru,2026-03-10,True
CUST01460,Suhani Upadhyay,35,Female,Kolkata,2025-05-04,True
CUST01461,Leena Pant,31,Other,Delhi,2024-06-30,True
CUST01462,Panini Amble,54,Other,Mumbai,2025-12-29,False
CUST01463,Warjas Thaker,56,Other,Pune,2024-09-06,False
CUST01464,Jeevika Bandi,56,Female,Pune,2023-09-12,False
CUST01465,Jyoti Chowdhury,26,Other,Jaipur,2026-01-02,False
CUST01466,Fariq Dhar,49,Male,Hyderabad,2025-10-10,False
CUST01467,Udyati Varughese,30,Male,Mumbai,2023-11-14,True
CUST01468,Yatan Sodhi,47,Other,Mumbai,2026-03-21,True
CUST01469,Devika Bera,57,Female,Kolkata,2024-12-30,True
CUST01470,Upasna Setty,39,Female,Hyderabad,2025-09-19,True
CUST01471,Garima Sama,58,Male,Pune,2025-01-14,False
CUST01472,Bimala Ganesh,22,Female,Pune,2023-09-08,False
CUST01473,Abha Bhat,18,Male,Chennai,2026-03-19,False
CUST01474,Omkaar Behl,43,Other,Delhi,2026-04-30,True
CUST01475,Avi Mangat,30,Female,Chennai,2025-08-07,False
CUST01476,Jonathan Tiwari,48,Male,Bengaluru,2023-11-12,False
CUST01477,Zayyan Deo,27,Other,Jaipur,2026-02-26,False
CUST01478,Anvi Kurian,47,Female,Delhi,2023-08-07,False
CUST01479,Owen Dora,54,Other,Chennai,2026-05-04,True
CUST01480,Kala Gill,31,Other,Chennai,2024-08-24,False
CUST01481,Vedhika Golla,22,Male,Pune,2025-10-12,True
CUST01482,Hemal Chad,39,Female,Bengaluru,2024-02-26,False
CUST01483,Warhi Sachar,29,Other,Mumbai,2025-03-02,False
CUST01484,Ria Ganesh,38,Other,Delhi,2024-06-07,False
CUST01485,Chatura Lalla,44,Male,Jaipur,2024-01-12,True
CUST01486,Oliver Shetty,41,Female,Pune,2025-03-26,True
CUST01487,Charvi Soni,51,Female,Bengaluru,2025-10-20,True
CUST01488,Ladli Ramakrishnan,41,Male,Hyderabad,2025-07-22,True
CUST01489,Maanav Wali,46,Other,Delhi,2025-05-21,False
CUST01490,Bhavya Sen,50,Male,Hyderabad,2025-02-28,False
CUST01491,Benjamin Chatterjee,48,Other,Pune,2025-10-18,False
CUST01492,Rachana Mahajan,27,Male,Bengaluru,2024-12-17,True
CUST01493,Amara Chaudhari,20,Female,Kolkata,2024-08-15,True
CUST01494,Triya Khurana,18,Female,Delhi,2026-05-24,True
CUST01495,Zinal Nazareth,39,Female,Delhi,2026-06-02,True
CUST01496,Dhriti Anne,51,Other,Pune,2026-05-26,True
CUST01497,Ekansh Arora,54,Female,Hyderabad,2025-04-14,False
CUST01498,Hemang Sehgal,30,Male,Pune,2025-01-12,False
CUST01499,Bhanumati Krishnamurthy,52,Female,Jaipur,2024-05-10,True
CUST01500,Arjun Chanda,35,Male,Bengaluru,2023-10-12,False
CUST01501,Jairaj Dar,25,Male,Mumbai,2023-11-27,True
CUST01502,Keya Goyal,52,Female,Chennai,2024-01-04,False
CUST01503,Zehaan Menon,27,Other,Pune,2025-07-10,True
CUST01504,Sudiksha Malhotra,28,Male,Pune,2025-05-09,False
CUST01505,Aarini Edwin,52,Female,Delhi,2023-11-07,True
CUST01506,David Raja,19,Female,Delhi,2025-03-10,True
CUST01507,Darpan Kuruvilla,42,Male,Mumbai,2024-08-30,False
CUST01508,Ridhi Boase,43,Male,Jaipur,2025-08-17,False
CUST01509,Maya Gokhale,37,Female,Hyderabad,2026-04-13,True
CUST01510,Ikbal Dhawan,47,Other,Bengaluru,2025-11-01,True
CUST01511,Tejas Cherian,47,Male,Jaipur,2025-05-31,False
CUST01512,Harshil Banerjee,59,Other,Jaipur,2023-11-06,False
CUST01513,Zashil Sehgal,32,Male,Bengaluru,2023-08-14,False
CUST01514,Manthan Acharya,41,Female,Bengaluru,2023-09-12,False
CUST01515,Amaira Doshi,38,Female,Jaipur,2026-07-07,True
CUST01516,Mahika Aggarwal,22,Female,Mumbai,2025-09-23,False
CUST01517,Vanya Sarin,48,Female,Bengaluru,2025-04-03,False
CUST01518,Upkaar Aggarwal,40,Other,Bengaluru,2025-03-04,True
CUST01519,Jairaj Wason,43,Other,Mumbai,2025-01-23,False
CUST01520,Chavvi Rattan,53,Other,Mumbai,2023-10-09,False
CUST01521,Jasmit Warrior,52,Female,Kolkata,2024-12-25,False
CUST01522,Tripti Mann,33,Other,Hyderabad,2026-04-17,True
CUST01523,Patrick Baral,48,Female,Mumbai,2025-03-03,False
CUST01524,Chandani Ramakrishnan,31,Other,Kolkata,2023-12-28,False
CUST01525,Vidhi Chad,54,Female,Hyderabad,2026-03-25,True
CUST01526,Ranveer Dey,60,Other,Mumbai,2023-09-09,False
CUST01527,Aryan Khare,25,Other,Jaipur,2025-08-13,False
CUST01528,Dev Zachariah,53,Male,Jaipur,2026-04-10,True
CUST01529,Xalak Walla,37,Female,Mumbai,2025-06-12,True
CUST01530,Balhaar Nori,56,Female,Chennai,2023-10-11,False
CUST01531,Brijesh Ravi,59,Other,Delhi,2024-01-15,True
CUST01532,Tara Yadav,31,Male,Delhi,2024-03-03,True
CUST01533,Ekbal Bansal,60,Male,Jaipur,2024-02-20,False
CUST01534,Anirudh Sinha,42,Other,Jaipur,2026-03-02,True
CUST01535,Xavier De,31,Other,Chennai,2023-08-07,False
CUST01536,Chandresh Mohanty,54,Other,Pune,2023-12-14,False
CUST01537,Onkar Bhatt,40,Male,Delhi,2023-12-28,False
CUST01538,Widisha Kannan,26,Female,Delhi,2023-10-22,False
CUST01539,Pooja Nazareth,53,Male,Delhi,2026-06-03,False
CUST01540,Ekta Dara,25,Female,Delhi,2026-06-12,True
CUST01541,Ekanta Kala,45,Other,Kolkata,2023-09-24,False
CUST01542,Gautami Bhatnagar,42,Female,Kolkata,2024-01-19,False
CUST01543,Lohit Sagar,52,Male,Bengaluru,2024-04-02,False
CUST01544,Nitesh Sarna,26,Male,Kolkata,2024-07-28,False
CUST01545,Kiaan Chaudhry,44,Male,Pune,2026-03-24,True
CUST01546,Nakul Babu,26,Male,Mumbai,2025-08-10,True
CUST01547,Abeer Amble,27,Other,Jaipur,2024-04-19,False
CUST01548,Bhanumati Saha,26,Male,Bengaluru,2026-06-27,False
CUST01549,Jonathan Jhaveri,47,Other,Kolkata,2024-02-23,True
CUST01550,Shravya Sabharwal,47,Other,Kolkata,2024-07-21,False
CUST01551,Baljiwan Gole,42,Female,Hyderabad,2025-08-30,True
CUST01552,Charvi Pall,45,Other,Delhi,2025-04-26,False
CUST01553,Warinder Handa,33,Other,Pune,2024-01-14,False
CUST01554,Janaki Zacharia,52,Other,Chennai,2025-09-11,True
CUST01555,Ucchal Joshi,20,Other,Jaipur,2024-09-17,False
CUST01556,Rishi Chowdhury,25,Other,Jaipur,2024-03-03,True
CUST01557,Widisha Goda,27,Other,Pune,2024-03-20,False
CUST01558,Chatura Patla,51,Male,Mumbai,2024-09-30,True
CUST01559,Radhika Krishnamurthy,48,Other,Mumbai,2024-12-16,False
CUST01560,Caleb Chawla,57,Male,Chennai,2023-10-05,True
CUST01561,Nakul Balakrishnan,48,Female,Jaipur,2025-08-07,False
CUST01562,Ekavir Keer,44,Female,Pune,2025-06-06,False
CUST01563,Oni Issac,28,Male,Pune,2026-06-01,False
CUST01564,Victor Choudhary,21,Other,Jaipur,2024-12-03,True
CUST01565,Guneet Khalsa,54,Male,Pune,2025-04-16,True
CUST01566,Keya Kannan,36,Female,Mumbai,2023-11-07,True
CUST01567,Vedhika Bhagat,50,Male,Pune,2025-05-23,False
CUST01568,Tarak Sha,26,Other,Pune,2024-04-17,False
CUST01569,Kashvi Deshpande,34,Male,Mumbai,2025-06-26,True
CUST01570,Jagrati Madan,55,Other,Bengaluru,2024-05-25,False
CUST01571,Joshua Balay,41,Male,Pune,2026-06-25,True
CUST01572,Avni Deshpande,49,Male,Delhi,2024-01-04,False
CUST01573,Tara Sahota,23,Male,Bengaluru,2024-04-06,False
CUST01574,Thomas Merchant,44,Female,Hyderabad,2026-02-07,False
CUST01575,Onkar Karpe,58,Male,Hyderabad,2023-11-27,False
CUST01576,Vrinda Kalita,21,Other,Pune,2026-01-19,True
CUST01577,Turvi Mallick,21,Male,Jaipur,2023-08-07,False
CUST01578,Yatin Kota,48,Female,Jaipur,2024-12-05,True
CUST01579,Tristan Dixit,42,Other,Kolkata,2025-12-23,False
CUST01580,Omisha Basu,34,Male,Kolkata,2023-09-16,True
CUST01581,Yamini Bandi,36,Female,Kolkata,2025-05-07,False
CUST01582,Varenya Chaudhari,51,Other,Delhi,2025-06-17,True
CUST01583,Wridesh Chacko,52,Other,Chennai,2025-11-29,False
CUST01584,Niharika Kamdar,57,Other,Pune,2024-02-07,False
CUST01585,Chakrika Khare,35,Female,Mumbai,2026-04-17,False
CUST01586,Amol Srinivasan,59,Other,Kolkata,2026-05-20,False
CUST01587,Neel Sharaf,33,Other,Hyderabad,2025-12-18,False
CUST01588,Suhani Sheth,29,Female,Delhi,2024-02-16,True
CUST01589,Qasim Prabhakar,22,Male,Kolkata,2026-03-15,True
CUST01590,Aarav Bobal,51,Male,Jaipur,2025-03-04,False
CUST01591,Bachittar Minhas,32,Other,Pune,2025-05-07,False
CUST01592,Sarthak Buch,30,Male,Delhi,2026-03-05,True
CUST01593,Christopher Varma,21,Other,Hyderabad,2026-05-29,True
CUST01594,Charan Choudhry,25,Male,Bengaluru,2025-03-01,False
CUST01595,Udyati Baria,60,Other,Bengaluru,2025-02-02,True
CUST01596,Parth Bhavsar,29,Female,Pune,2025-12-03,False
CUST01597,Lakshit Natt,60,Male,Jaipur,2024-07-20,False
CUST01598,Vanya Kadakia,45,Other,Chennai,2024-06-30,False
CUST01599,Ira Loke,28,Male,Pune,2025-09-05,True
CUST01600,Aradhana Bhagat,42,Female,Chennai,2023-10-22,True
CUST01601,Hemani Sethi,34,Female,Bengaluru,2025-08-09,False
CUST01602,Upma Wali,22,Female,Hyderabad,2026-06-03,False
CUST01603,Siya Pillai,29,Other,Jaipur,2026-05-26,True
CUST01604,Raghav Shankar,27,Other,Kolkata,2023-11-28,True
CUST01605,Mahika Gola,57,Other,Mumbai,2024-10-05,False
CUST01606,Ikbal Gala,34,Male,Delhi,2024-09-16,True
CUST01607,Manbir Taneja,22,Other,Pune,2024-03-05,False
CUST01608,Arin Memon,19,Female,Bengaluru,2025-04-23,True
CUST01609,Urvi Palan,20,Other,Kolkata,2025-04-28,False
CUST01610,Ansh Manne,27,Other,Chennai,2024-05-04,False
CUST01611,Anthony Kata,54,Male,Jaipur,2025-09-30,False
CUST01612,Nisha Oza,45,Female,Mumbai,2026-04-29,True
CUST01613,Vedika Wagle,18,Female,Jaipur,2025-11-14,True
CUST01614,Tanvi Modi,54,Other,Chennai,2025-12-13,False
CUST01615,Damini Garg,37,Female,Delhi,2024-08-22,True
CUST01616,Veda Prabhu,41,Other,Chennai,2024-10-05,True
CUST01617,Manbir Pandit,47,Female,Hyderabad,2024-09-29,True
CUST01618,Ojas Dyal,53,Male,Kolkata,2025-10-24,True
CUST01619,Qabil Gill,37,Other,Kolkata,2026-06-26,True
CUST01620,Neel Khanna,58,Other,Chennai,2024-01-13,False
CUST01621,Edhitha Date,23,Other,Jaipur,2025-05-30,True
CUST01622,Kala Gour,26,Male,Hyderabad,2024-05-29,True
CUST01623,Edhitha Padmanabhan,55,Male,Jaipur,2024-03-01,False
CUST01624,Saumya Zacharia,22,Other,Pune,2024-03-24,False
CUST01625,Jairaj Bakshi,52,Female,Delhi,2025-04-04,True
CUST01626,Maanav Shanker,39,Male,Chennai,2024-11-24,True
CUST01627,Aayush Tripathi,43,Male,Hyderabad,2024-12-11,False
CUST01628,Urvi Mann,52,Male,Hyderabad,2025-12-23,True
CUST01629,Riya Nigam,20,Other,Bengaluru,2026-06-20,False
CUST01630,Varenya Baria,59,Male,Jaipur,2024-02-17,True
CUST01631,Darika Bakshi,33,Other,Bengaluru,2025-03-30,True
CUST01632,Sanaya Parikh,29,Other,Delhi,2023-12-06,False
CUST01633,Christopher Hayer,24,Female,Bengaluru,2026-01-07,True
CUST01634,Arunima Hayre,24,Male,Jaipur,2023-08-20,True
CUST01635,Sanaya Chahal,22,Male,Kolkata,2025-09-18,False
CUST01636,Robert Swaminathan,43,Female,Mumbai,2024-11-20,True
CUST01637,Jalsa Rao,38,Male,Delhi,2024-03-01,True
CUST01638,Kala Raju,39,Male,Mumbai,2025-02-14,False
CUST01639,Bhavani Pai,27,Female,Bengaluru,2025-01-11,False
CUST01640,Sanaya Chahal,53,Male,Jaipur,2024-06-15,True
CUST01641,Ojasvi Savant,55,Male,Bengaluru,2024-10-06,True
CUST01642,Panini Sachdeva,58,Other,Kolkata,2024-02-17,True
CUST01643,Maanas Johal,19,Female,Mumbai,2024-10-29,True
CUST01644,Gautami Bhatti,18,Male,Mumbai,2026-01-18,False
CUST01645,Gaurang Ahuja,44,Other,Jaipur,2025-04-12,True
CUST01646,Oeshi Gill,31,Male,Pune,2025-11-25,False
CUST01647,Laksh Iyengar,44,Male,Bengaluru,2024-04-29,True
CUST01648,Bimala Swaminathan,56,Male,Jaipur,2023-09-19,True
CUST01649,Daksha Tak,58,Female,Chennai,2025-11-30,False
CUST01650,Udarsh Bala,18,Other,Hyderabad,2023-07-19,True
CUST01651,Adweta Mital,25,Other,Mumbai,2026-04-06,False
CUST01652,Jeet Mani,52,Other,Hyderabad,2025-04-24,False
CUST01653,Vyanjana Konda,58,Other,Hyderabad,2023-08-29,False
CUST01654,Aradhana Tailor,21,Male,Mumbai,2023-10-27,True
CUST01655,Vasana Sarin,48,Female,Bengaluru,2024-08-19,True
CUST01656,Jagdish Prakash,60,Male,Delhi,2025-09-19,False
CUST01657,Aashi Gaba,36,Male,Kolkata,2026-01-04,False
CUST01658,Madhav Nagarajan,39,Other,Jaipur,2025-07-01,True
CUST01659,Ishanvi Gade,24,Other,Delhi,2023-10-06,True
CUST01660,Jalsa Saini,28,Male,Jaipur,2026-03-30,True
CUST01661,Chanakya Mann,22,Male,Jaipur,2024-10-11,False
CUST01662,Yoshita Hari,44,Male,Chennai,2026-03-17,True
CUST01663,Girindra Ganesh,25,Female,Hyderabad,2025-11-06,True
CUST01664,Diya Mitra,33,Other,Kolkata,2024-09-09,True
CUST01665,Gopal Warrior,42,Male,Mumbai,2026-01-02,False
CUST01666,Maanas Arya,55,Female,Delhi,2024-02-13,False
CUST01667,Kashish Sundaram,27,Male,Jaipur,2025-04-16,True
CUST01668,Nicholas Chaudry,42,Female,Bengaluru,2024-06-18,False
CUST01669,Yahvi Kant,30,Other,Chennai,2024-05-03,False
CUST01670,Omisha Sharma,30,Female,Bengaluru,2023-11-11,True
CUST01671,Karan Badal,54,Male,Pune,2025-07-29,True
CUST01672,Devika Patil,25,Female,Jaipur,2024-02-16,False
CUST01673,Hema Gera,28,Female,Hyderabad,2024-10-31,False
CUST01674,Jagat Kapadia,56,Male,Bengaluru,2024-01-31,True
CUST01675,Utkarsh Mohanty,23,Female,Jaipur,2024-01-26,True
CUST01676,Kalpit Brar,55,Female,Jaipur,2025-05-05,False
CUST01677,Faras Bahl,18,Other,Kolkata,2025-08-06,True
CUST01678,Brijesh Hegde,33,Female,Kolkata,2023-12-30,True
CUST01679,Yochana Bhargava,55,Male,Delhi,2025-07-13,False
CUST01680,Zehaan Bassi,20,Male,Jaipur,2023-10-26,True
CUST01681,Advaith Char,45,Other,Kolkata,2024-01-24,False
CUST01682,Ryan Goyal,24,Female,Jaipur,2026-05-22,True
CUST01683,Ayush Chana,23,Other,Delhi,2024-02-27,False
CUST01684,Ijaya Pandey,31,Male,Chennai,2024-03-21,False
CUST01685,Yashasvi Bir,33,Other,Mumbai,2023-12-16,True
CUST01686,Teerth Handa,48,Other,Pune,2024-09-25,True
CUST01687,Aayush Chaudhary,47,Other,Delhi,2024-06-12,False
CUST01688,Jeevika Goyal,47,Male,Kolkata,2025-05-28,True
CUST01689,Pratyush Pant,41,Other,Jaipur,2025-02-24,True
CUST01690,Tanish Varkey,58,Male,Kolkata,2024-07-03,False
CUST01691,Isaiah Murthy,51,Male,Pune,2024-01-24,False
CUST01692,Imaran Venkatesh,35,Other,Hyderabad,2024-02-12,True
CUST01693,Jalsa Mani,57,Female,Delhi,2025-11-27,False
CUST01694,Fitan Narang,21,Male,Kolkata,2025-08-20,False
CUST01695,Lekha Mander,47,Other,Delhi,2025-06-24,False
CUST01696,Sachi Kara,41,Male,Mumbai,2025-11-22,True
CUST01697,Bina Sangha,26,Female,Hyderabad,2024-05-04,True
CUST01698,Vamakshi Pillai,59,Female,Hyderabad,2024-04-19,True
CUST01699,Vyanjana Cheema,38,Female,Pune,2025-03-22,False
CUST01700,Frederick Dar,35,Male,Mumbai,2024-02-23,False
CUST01701,Nandini Chaudry,40,Female,Jaipur,2024-04-03,True
CUST01702,Januja Issac,48,Other,Pune,2024-12-23,False
CUST01703,Netra Das,57,Female,Mumbai,2024-07-11,True
CUST01704,Xalak Mallick,47,Male,Mumbai,2026-01-04,False
CUST01705,Mugdha Parekh,29,Female,Mumbai,2025-07-24,True
CUST01706,Vedhika Vaidya,28,Female,Mumbai,2024-09-21,True
CUST01707,Suhani Chokshi,49,Male,Hyderabad,2024-01-21,True
CUST01708,Vrishti Tank,36,Female,Bengaluru,2024-07-08,False
CUST01709,Ayushman Chaudhary,40,Female,Jaipur,2023-10-06,True
CUST01710,Wishi Bala,36,Male,Mumbai,2024-04-19,True
CUST01711,Eta Dua,32,Other,Chennai,2024-10-28,False
CUST01712,Faraj Venkatesh,55,Female,Chennai,2025-08-18,False
CUST01713,Saksham Memon,55,Other,Jaipur,2026-05-09,False
CUST01714,Vritti Thaman,37,Other,Bengaluru,2024-08-25,False
CUST01715,Andrew Balay,28,Female,Hyderabad,2025-05-14,False
CUST01716,Leela Sengupta,41,Female,Delhi,2024-11-15,True
CUST01717,Saanvi Sharaf,40,Female,Jaipur,2023-09-09,True
CUST01718,Peter Mitter,57,Male,Pune,2024-03-26,True
CUST01719,Raagini Desai,29,Other,Bengaluru,2024-11-12,True
CUST01720,Vinaya Choudhary,33,Male,Delhi,2025-12-15,False
CUST01721,Upma Soni,54,Male,Jaipur,2025-12-05,False
CUST01722,Yashawini Bhalla,41,Male,Hyderabad,2025-03-14,True
CUST01723,Warda Purohit,60,Female,Chennai,2026-02-28,True
CUST01724,Bhavani Nagi,41,Female,Bengaluru,2023-10-19,False
CUST01725,Chakradev Dave,25,Male,Kolkata,2025-02-04,False
CUST01726,Avi Om,27,Female,Chennai,2025-02-26,True
CUST01727,Priya Pai,18,Other,Chennai,2025-01-21,False
CUST01728,Indali Bhalla,48,Female,Bengaluru,2026-05-08,False
CUST01729,Yug Keer,39,Other,Mumbai,2026-04-17,False
CUST01730,Frado Bhatti,20,Male,Mumbai,2024-10-31,False
CUST01731,Geetika Gara,19,Female,Hyderabad,2023-08-15,False
CUST01732,Baljiwan Sharma,40,Male,Chennai,2026-05-02,True
CUST01733,Yutika Sama,56,Other,Hyderabad,2024-09-02,True
CUST01734,Upasna Bains,35,Male,Delhi,2024-11-18,True
CUST01735,Madhavi Naidu,52,Female,Mumbai,2025-12-21,False
CUST01736,Vrinda Chaudhry,30,Female,Chennai,2026-06-23,True
CUST01737,Gayathri Taneja,60,Female,Kolkata,2025-09-04,True
CUST01738,Ojas Mistry,45,Female,Kolkata,2025-01-30,False
CUST01739,Saksham Taneja,18,Female,Chennai,2026-03-29,False
CUST01740,Tanish Mani,37,Female,Mumbai,2024-08-30,True
CUST01741,Chameli Ratti,46,Other,Kolkata,2024-06-30,False
CUST01742,Girish Nayar,36,Male,Kolkata,2024-09-12,False
CUST01743,Vaishnavi Sane,26,Other,Mumbai,2024-06-05,True
CUST01744,Faraj Mittal,31,Female,Jaipur,2025-09-06,False
CUST01745,Rachita Zacharia,22,Other,Kolkata,2024-11-13,True
CUST01746,Oeshi Ratti,18,Female,Pune,2024-08-09,False
CUST01747,Pranit Bahl,29,Other,Jaipur,2026-03-17,True
CUST01748,Xalak Kala,30,Male,Kolkata,2026-05-07,False
CUST01749,Amrita Walia,53,Female,Delhi,2026-02-24,False
CUST01750,Darpan Vig,55,Female,Jaipur,2024-05-22,False
CUST01751,Turvi Divan,32,Male,Delhi,2024-07-23,True
CUST01752,Charita Saran,34,Female,Jaipur,2025-04-13,True
CUST01753,Devansh Jani,59,Other,Pune,2025-04-16,False
CUST01754,Bhavini Dyal,29,Female,Hyderabad,2024-08-17,True
CUST01755,Nidra Khare,25,Female,Jaipur,2024-01-08,True
CUST01756,Rehaan Bala,56,Other,Chennai,2024-07-31,False
CUST01757,Ucchal Sunder,54,Female,Pune,2025-12-01,False
CUST01758,Pahal Bansal,25,Female,Delhi,2024-05-24,False
CUST01759,Anjali Deshpande,28,Other,Delhi,2023-08-30,True
CUST01760,Arunima Goda,38,Female,Bengaluru,2026-04-11,False
CUST01761,Vedika Bahri,28,Male,Pune,2023-10-09,False
CUST01762,Dipta Misra,44,Other,Chennai,2023-10-22,True
CUST01763,Januja Chana,36,Female,Mumbai,2025-03-23,True
CUST01764,Warinder Choudhury,58,Male,Mumbai,2025-12-18,True
CUST01765,Zayan Taneja,52,Female,Chennai,2023-12-03,False
CUST01766,Jason Munshi,35,Other,Chennai,2024-12-08,True
CUST01767,Warinder Sampath,52,Other,Chennai,2024-06-18,True
CUST01768,Hredhaan Gill,18,Male,Pune,2024-06-12,False
CUST01769,Ria Rege,49,Female,Chennai,2024-08-14,True
CUST01770,Vritti Walla,24,Male,Bengaluru,2025-02-17,True
CUST01771,Edhitha Sampath,30,Other,Mumbai,2025-07-22,False
CUST01772,Arunima Dhillon,47,Male,Mumbai,2025-01-29,True
CUST01773,Jhalak Morar,19,Female,Chennai,2023-08-17,False
CUST01774,Chatura Khatri,41,Male,Jaipur,2024-08-11,False
CUST01775,Dayamai Patil,29,Other,Pune,2026-06-14,True
CUST01776,Warjas Savant,25,Male,Bengaluru,2025-03-10,True
CUST01777,Maya Kumer,32,Female,Bengaluru,2024-10-25,True
CUST01778,Warinder Mishra,26,Male,Kolkata,2024-06-06,True
CUST01779,Reva Nadig,22,Male,Jaipur,2026-04-12,False
CUST01780,Bahadurjit Mahal,20,Male,Mumbai,2023-11-17,True
CUST01781,Urishilla Sachar,60,Other,Delhi,2024-12-13,False
CUST01782,Harish Dyal,25,Female,Delhi,2026-07-05,True
CUST01783,Yashawini Bhatti,37,Other,Delhi,2025-01-12,True
CUST01784,Eta Setty,25,Other,Hyderabad,2026-06-29,True
CUST01785,Charles Gour,29,Other,Chennai,2026-03-20,True
CUST01786,Laban Aggarwal,23,Male,Pune,2025-03-29,False
CUST01787,Dalaja Murthy,40,Male,Hyderabad,2025-12-26,True
CUST01788,Indrajit Dugar,24,Other,Delhi,2024-08-06,True
CUST01789,Nirja Nagarajan,30,Female,Bengaluru,2025-06-16,True
CUST01790,Kiaan Lad,24,Male,Jaipur,2024-04-10,False
CUST01791,Baghyawati Issac,55,Male,Jaipur,2023-11-24,True
CUST01792,Jhalak Gopal,29,Female,Kolkata,2025-03-18,False
CUST01793,Udarsh Bail,31,Other,Hyderabad,2023-08-20,False
CUST01794,Gaurav Shere,25,Female,Mumbai,2024-05-18,False
CUST01795,Om Bawa,25,Other,Bengaluru,2025-03-29,False
CUST01796,Abha Dixit,41,Other,Pune,2023-12-01,True
CUST01797,Onkar Dalal,23,Female,Jaipur,2023-08-06,True
CUST01798,Sudiksha Talwar,42,Female,Jaipur,2024-01-16,False
CUST01799,Samar Halder,46,Male,Kolkata,2024-09-01,False
CUST01800,Warda Raja,45,Male,Mumbai,2024-02-03,False
CUST01801,Samuel Kale,41,Male,Delhi,2024-09-27,False
CUST01802,Omya Gole,24,Female,Jaipur,2025-04-10,True
CUST01803,Ayush Mannan,25,Male,Kolkata,2024-08-25,False
CUST01804,Shravya Kothari,55,Male,Bengaluru,2025-02-09,True
CUST01805,Frederick Anne,41,Male,Chennai,2025-07-13,True
CUST01806,Ekiya Rao,56,Female,Mumbai,2026-06-16,True
CUST01807,Leela Sampath,45,Other,Jaipur,2026-01-28,False
CUST01808,Elijah Chandran,55,Other,Pune,2025-11-27,False
CUST01809,Charles Natarajan,40,Female,Kolkata,2024-07-14,False
CUST01810,Irya Bath,50,Female,Bengaluru,2023-07-24,False
CUST01811,Yamini Raj,24,Male,Pune,2024-10-27,False
CUST01812,Kamala Deo,49,Male,Bengaluru,2025-12-01,True
CUST01813,Praneel Lad,24,Other,Delhi,2024-04-04,True
CUST01814,Harinakshi Sidhu,49,Other,Delhi,2024-02-05,True
CUST01815,Edhitha Wali,42,Other,Chennai,2025-05-18,True
CUST01816,Abha Dada,37,Other,Mumbai,2024-11-13,True
CUST01817,Joshua Tata,60,Other,Jaipur,2024-09-24,False
CUST01818,Qushi Mandal,30,Female,Jaipur,2024-08-27,False
CUST01819,Zansi Munshi,50,Female,Chennai,2025-05-22,True
CUST01820,Diya Swamy,20,Female,Mumbai,2024-03-06,False
CUST01821,Chatresh Gulati,46,Female,Kolkata,2024-03-02,False
CUST01822,Victor Goswami,47,Male,Delhi,2023-09-09,True
CUST01823,Abha Gade,53,Other,Pune,2025-07-10,True
CUST01824,Jack Talwar,49,Female,Bengaluru,2023-09-17,False
CUST01825,Ishanvi Sundaram,42,Female,Mumbai,2025-06-26,False
CUST01826,Isaiah Divan,60,Other,Jaipur,2024-01-24,False
CUST01827,Girik Jani,53,Male,Delhi,2024-09-29,False
CUST01828,Om Trivedi,34,Female,Kolkata,2024-09-11,False
CUST01829,Aayush Vora,36,Female,Delhi,2025-12-18,True
CUST01830,Omaja Bose,55,Male,Bengaluru,2024-08-01,False
CUST01831,Girindra Narasimhan,40,Other,Delhi,2023-08-25,False
CUST01832,Jairaj Ramesh,42,Male,Kolkata,2025-02-15,False
CUST01833,Ekiya Dube,40,Female,Chennai,2023-08-29,True
CUST01834,Triveni Srinivasan,60,Male,Hyderabad,2025-06-20,True
CUST01835,Abdul Narayan,59,Female,Mumbai,2023-09-22,True
CUST01836,Ekta Dayal,37,Male,Chennai,2024-06-08,True
CUST01837,Barkha Naidu,19,Other,Chennai,2023-10-10,True
CUST01838,Lakshmi Chanda,47,Other,Kolkata,2025-03-26,False
CUST01839,Pranav Khatri,35,Male,Jaipur,2025-03-26,True
CUST01840,Ansh Joshi,38,Female,Kolkata,2024-03-25,False
CUST01841,Neha Mane,54,Male,Jaipur,2026-04-16,True
CUST01842,Jai Misra,31,Female,Jaipur,2025-08-16,False
CUST01843,Dayita Deep,28,Other,Pune,2025-01-23,False
CUST01844,Jhalak Vala,45,Male,Jaipur,2024-05-21,True
CUST01845,Sanaya Rama,52,Male,Pune,2025-07-25,False
CUST01846,Pallavi Chana,21,Female,Kolkata,2025-05-02,True
CUST01847,Quincy Saraf,57,Other,Mumbai,2026-03-21,True
CUST01848,Girik Baria,55,Female,Pune,2025-09-20,True
CUST01849,Ubika Kapur,54,Other,Jaipur,2026-04-17,False
CUST01850,Warhi Vyas,31,Female,Mumbai,2026-03-19,False
CUST01851,Bina Sidhu,50,Female,Kolkata,2025-05-25,False
CUST01852,Vanya Mital,30,Female,Kolkata,2024-03-02,False
CUST01853,Charita Kothari,57,Other,Jaipur,2025-10-05,True
CUST01854,Chakrika Batta,19,Other,Bengaluru,2025-11-17,False
CUST01855,Chakradev Varghese,31,Other,Jaipur,2023-12-30,False
CUST01856,Nitara Chandra,58,Other,Kolkata,2025-07-06,True
CUST01857,Isha Kumar,51,Male,Chennai,2026-01-10,False
CUST01858,Yahvi Babu,27,Male,Bengaluru,2024-01-08,False
CUST01859,Praneel Gopal,45,Female,Chennai,2025-03-17,True
CUST01860,Fiyaz Saha,58,Male,Kolkata,2026-07-14,False
CUST01861,Dipta Sha,36,Other,Bengaluru,2026-05-22,False
CUST01862,Alka Om,56,Male,Kolkata,2024-05-01,True
CUST01863,Qasim Brar,25,Male,Hyderabad,2026-02-08,True
CUST01864,Hitesh Saraf,33,Female,Jaipur,2025-10-23,False
CUST01865,Abdul Rana,53,Female,Kolkata,2024-01-13,True
CUST01866,Onveer Sood,30,Male,Pune,2025-06-29,True
CUST01867,Vidhi Mitter,19,Female,Pune,2026-03-02,True
CUST01868,Megha Mittal,59,Male,Jaipur,2023-11-29,True
CUST01869,Krishna Atwal,21,Male,Chennai,2024-05-07,False
CUST01870,Amol Guha,22,Female,Chennai,2023-08-26,True
CUST01871,Vasana Dhillon,43,Other,Bengaluru,2026-04-20,True
CUST01872,Rajata Yohannan,25,Other,Mumbai,2024-05-07,False
CUST01873,Charvi Sheth,49,Male,Hyderabad,2024-03-02,True
CUST01874,Pahal Bains,38,Female,Kolkata,2024-01-12,True
CUST01875,Michael Saxena,45,Male,Bengaluru,2025-08-07,True
CUST01876,Anmol Sengupta,29,Male,Pune,2026-01-10,False
CUST01877,Saksham Menon,44,Female,Delhi,2025-12-16,False
CUST01878,Charan Nath,52,Female,Mumbai,2023-07-28,False
CUST01879,Rachana Sagar,52,Female,Jaipur,2025-08-24,True
CUST01880,Balhaar Sura,35,Male,Chennai,2025-03-27,False
CUST01881,Yochana Sura,41,Female,Delhi,2024-07-10,True
CUST01882,Anirudh Sami,60,Male,Hyderabad,2025-12-27,False
CUST01883,Devansh Loyal,53,Female,Pune,2026-04-18,False
CUST01884,Urvashi Dada,25,Other,Hyderabad,2025-08-22,False
CUST01885,Saumya Sarin,42,Male,Kolkata,2023-08-17,False
CUST01886,Bhavna Handa,37,Male,Hyderabad,2025-07-13,False
CUST01887,Raksha Kata,31,Male,Jaipur,2025-09-11,False
CUST01888,Harinakshi Sidhu,59,Female,Delhi,2024-02-04,False
CUST01889,Madhavi Saha,23,Female,Jaipur,2026-05-26,False
CUST01890,Urmi Edwin,39,Other,Kolkata,2026-03-07,True
CUST01891,Barkha Chadha,28,Other,Pune,2026-05-17,True
CUST01892,Kai Ghose,40,Female,Chennai,2024-05-20,False
CUST01893,Vyanjana Chaudhuri,19,Male,Bengaluru,2025-04-22,False
CUST01894,Chavvi Keer,59,Male,Delhi,2024-06-05,False
CUST01895,Andrew Parmer,30,Other,Pune,2024-08-24,False
CUST01896,Nathan Ghosh,54,Male,Mumbai,2025-09-05,True
CUST01897,Devansh Nazareth,33,Other,Bengaluru,2025-05-14,False
CUST01898,Utkarsh Dara,38,Female,Jaipur,2025-12-05,True
CUST01899,Vidhi Kuruvilla,34,Male,Chennai,2024-12-25,False
CUST01900,Chakradhar Loke,30,Male,Kolkata,2024-03-06,False
CUST01901,Chandresh Sarma,29,Female,Kolkata,2025-06-25,True
CUST01902,Hitesh Chaudry,19,Male,Hyderabad,2025-12-05,True
CUST01903,Yashica Cheema,47,Male,Pune,2024-03-31,True
CUST01904,Samesh Pathak,21,Female,Kolkata,2024-03-15,False
CUST01905,Riya Toor,27,Male,Chennai,2025-08-28,True
CUST01906,Mitesh Patla,54,Male,Delhi,2024-12-16,False
CUST01907,Jason Jaggi,47,Other,Jaipur,2025-05-28,True
CUST01908,Abeer Korpal,32,Other,Hyderabad,2025-07-20,True
CUST01909,Bhavini Tiwari,35,Female,Jaipur,2024-04-07,False
CUST01910,Amaira Pradhan,26,Female,Hyderabad,2025-04-20,True
CUST01911,Yatan Doshi,36,Other,Hyderabad,2025-10-15,False
CUST01912,Vedant Devi,29,Female,Bengaluru,2025-05-12,True
CUST01913,Nimrat Shanker,36,Female,Hyderabad,2025-09-24,False
CUST01914,Ayushman Savant,33,Female,Jaipur,2024-02-27,True
CUST01915,Zansi Boase,18,Female,Bengaluru,2023-11-24,False
CUST01916,Divya Ratti,43,Other,Hyderabad,2024-03-27,False
CUST01917,Darsh Ramaswamy,45,Other,Pune,2023-09-11,True
CUST01918,Dalbir Venkatesh,24,Other,Delhi,2024-10-17,True
CUST01919,Neelima Modi,39,Male,Jaipur,2024-11-14,False
CUST01920,Abhiram Mammen,56,Other,Delhi,2025-10-12,True
CUST01921,Netra Sehgal,34,Other,Kolkata,2026-04-11,False
CUST01922,Riya Pai,43,Other,Chennai,2026-04-18,True
CUST01923,Rudra Mitra,53,Male,Bengaluru,2023-11-23,False
CUST01924,Gaurika Ramakrishnan,28,Other,Jaipur,2024-01-27,False
CUST01925,Tanay Chander,47,Male,Mumbai,2025-09-17,False
CUST01926,Harini Dutta,51,Female,Bengaluru,2023-08-21,False
CUST01927,Aarna Khurana,25,Female,Delhi,2024-10-30,True
CUST01928,Yashasvi Choudhry,49,Female,Chennai,2023-10-17,False
CUST01929,Aashi Tripathi,36,Female,Pune,2025-01-16,False
CUST01930,Champak Dash,45,Male,Chennai,2025-06-12,False
CUST01931,Abdul Setty,27,Other,Jaipur,2024-12-23,True
CUST01932,Vivaan Palla,30,Male,Delhi,2024-10-22,True
CUST01933,Logan Purohit,29,Male,Jaipur,2025-09-30,False
CUST01934,Henry Narang,28,Other,Jaipur,2025-09-25,False
CUST01935,Jalsa Sha,25,Female,Delhi,2023-12-15,False
CUST01936,Pavani Sabharwal,40,Other,Jaipur,2023-11-20,False
CUST01937,David Sandal,49,Male,Bengaluru,2024-02-03,True
CUST01938,Tanish Sehgal,40,Male,Hyderabad,2023-11-14,False
CUST01939,Neha Venkataraman,29,Male,Pune,2025-03-20,True
CUST01940,Wishi Sampath,55,Male,Bengaluru,2025-05-29,False
CUST01941,Omaja Gaba,22,Male,Jaipur,2024-02-25,True
CUST01942,Vedhika Shankar,39,Male,Pune,2024-02-01,True
CUST01943,Simon Shah,43,Female,Mumbai,2025-07-20,False
CUST01944,Naksh Pingle,27,Male,Mumbai,2024-01-16,False
CUST01945,Imaran Dara,60,Female,Jaipur,2025-02-09,False
CUST01946,Banjeet Virk,56,Other,Delhi,2024-03-10,False
CUST01947,Kamya Mody,20,Other,Jaipur,2025-02-16,False
CUST01948,Chaitaly Sunder,54,Male,Hyderabad,2023-08-28,True
CUST01949,Lucky Sama,59,Female,Chennai,2023-09-29,True
CUST01950,Bhanumati Kale,22,Other,Kolkata,2024-04-25,True
CUST01951,Aarnav Das,43,Female,Bengaluru,2025-11-12,True
CUST01952,Ekansh Basu,43,Male,Delhi,2025-04-24,True
CUST01953,Dayita Sethi,28,Female,Kolkata,2024-12-21,False
CUST01954,Vaishnavi Deo,59,Other,Bengaluru,2024-02-16,True
CUST01955,Shivani Sen,37,Female,Kolkata,2024-03-03,False
CUST01956,Gaurav Rout,56,Male,Chennai,2025-03-08,True
CUST01957,Megha Nori,41,Other,Hyderabad,2025-11-02,False
CUST01958,Saanvi Mall,46,Female,Jaipur,2026-04-14,False
CUST01959,Noah Bakshi,54,Other,Kolkata,2025-12-20,True
CUST01960,Jatin Chada,45,Female,Bengaluru,2024-05-09,False
CUST01961,Ranbir Soni,58,Female,Mumbai,2025-09-03,True
CUST01962,Jai Wali,50,Female,Jaipur,2024-04-20,True
CUST01963,Anvi Jha,59,Other,Bengaluru,2024-07-31,False
CUST01964,Frado Walla,51,Other,Mumbai,2026-02-12,False
CUST01965,Neelima Bath,47,Female,Mumbai,2025-08-17,False
CUST01966,Harini Sarkar,37,Male,Bengaluru,2024-04-21,False
CUST01967,Arjun Wable,33,Other,Kolkata,2024-11-20,False
CUST01968,Aarini Chand,54,Male,Mumbai,2024-01-10,True
CUST01969,Om Mangal,50,Male,Kolkata,2024-02-24,False
CUST01970,Aadhya Chakraborty,24,Female,Pune,2024-03-11,False
CUST01971,Nikita Gara,34,Other,Mumbai,2023-10-15,True
CUST01972,Pratyush Bala,25,Other,Jaipur,2023-10-14,True
CUST01973,Madhavi Chaudhary,29,Female,Delhi,2024-11-24,True
CUST01974,Nitara Naik,44,Other,Pune,2024-08-19,False
CUST01975,Jai Ben,55,Other,Jaipur,2024-05-25,False
CUST01976,Warjas Tailor,57,Female,Chennai,2025-09-13,True
CUST01977,Ishwar Luthra,31,Male,Mumbai,2023-10-18,False
CUST01978,Ucchal Ray,24,Female,Delhi,2023-10-25,True
CUST01979,Ayush Reddy,43,Male,Delhi,2026-03-26,True
CUST01980,Anirudh Luthra,59,Female,Jaipur,2025-11-22,False
CUST01981,Yatin Dass,60,Other,Jaipur,2024-10-31,False
CUST01982,Sanaya Chacko,57,Other,Chennai,2026-03-29,False
CUST01983,Lucky Prakash,37,Male,Bengaluru,2025-11-01,True
CUST01984,Yatan Yogi,18,Male,Mumbai,2025-05-04,True
CUST01985,Benjamin Agarwal,30,Male,Hyderabad,2025-07-06,False
CUST01986,Oliver Acharya,59,Male,Hyderabad,2023-10-17,False
CUST01987,Anjali Krishna,58,Other,Hyderabad,2026-06-06,True
CUST01988,Indali Kala,37,Female,Bengaluru,2026-01-10,False
CUST01989,Chakradev Edwin,45,Male,Mumbai,2025-10-22,True
CUST01990,Charita Chakraborty,27,Other,Jaipur,2025-03-21,False
CUST01991,Logan Mammen,48,Male,Jaipur,2025-05-17,True
CUST01992,Yamini Nadkarni,30,Female,Kolkata,2026-06-09,True
CUST01993,Advika Sethi,39,Male,Mumbai,2024-09-12,False
CUST01994,Ekanta Om,44,Female,Pune,2024-06-07,True
CUST01995,Falguni Babu,49,Female,Jaipur,2026-06-24,False
CUST01996,Aarnav Soni,32,Other,Delhi,2023-07-22,True
CUST01997,Oscar Sachdev,45,Other,Chennai,2025-11-25,True
CUST01998,Maya Yohannan,35,Other,Kolkata,2023-11-19,False
CUST01999,Azaan Saxena,25,Female,Chennai,2026-05-25,False
CUST02000,Ira Puri,45,Male,Bengaluru,2026-02-04,False
CUST02001,Lila Goel,30,Female,Chennai,2026-07-02,False
CUST02002,Jeet Shere,32,Other,Hyderabad,2025-02-10,False
CUST02003,Sai Andra,56,Other,Jaipur,2024-06-24,True
CUST02004,Avni Parmar,36,Other,Kolkata,2024-05-08,False
CUST02005,Chavvi Kant,59,Other,Chennai,2024-07-13,False
CUST02006,Janani Bansal,28,Other,Hyderabad,2024-09-24,False
CUST02007,Shaurya Amble,23,Other,Jaipur,2024-05-15,True
CUST02008,Indrajit Mall,29,Male,Bengaluru,2025-12-16,False
CUST02009,Onkar Hari,24,Female,Jaipur,2026-05-06,False
CUST02010,Dhruv Dave,33,Male,Delhi,2023-10-25,True
CUST02011,Aashi Kari,40,Female,Chennai,2025-10-05,True
CUST02012,Rehaan Bajaj,29,Other,Delhi,2026-06-26,True
CUST02013,Sudiksha Agate,39,Female,Mumbai,2025-05-09,True
CUST02014,Ekantika Sankaran,25,Other,Hyderabad,2025-04-08,False
CUST02015,Jairaj Vasa,34,Female,Chennai,2025-07-09,True
CUST02016,Janaki Varughese,53,Female,Bengaluru,2023-09-21,True
CUST02017,Champak Mall,21,Female,Jaipur,2025-04-28,True
CUST02018,Diya Ahluwalia,24,Other,Mumbai,2025-03-15,True
CUST02019,Gaurika Bumb,50,Male,Bengaluru,2025-12-20,True
CUST02020,Upkaar Sampath,31,Female,Bengaluru,2023-11-08,False
CUST02021,Ronith Gala,46,Other,Jaipur,2024-12-08,True
CUST02022,Dev Chatterjee,27,Other,Chennai,2023-08-28,False
CUST02023,Rachana Bajwa,26,Male,Hyderabad,2026-01-21,False
CUST02024,Zashil Kota,44,Male,Hyderabad,2023-12-30,False
CUST02025,William Oak,39,Female,Bengaluru,2023-10-08,True
CUST02026,Zinal Khalsa,35,Female,Kolkata,2023-11-06,False
CUST02027,Girish Sekhon,58,Other,Hyderabad,2025-12-31,True
CUST02028,Frederick Bhat,51,Female,Hyderabad,2023-09-05,True
CUST02029,Dhriti Bhattacharyya,45,Female,Kolkata,2024-01-30,False
CUST02030,Riya Bhakta,51,Other,Chennai,2024-10-26,True
CUST02031,Dominic Chaudry,46,Male,Delhi,2026-06-02,True
CUST02032,Charles Menon,23,Female,Chennai,2025-02-27,False
CUST02033,Gopal Roy,28,Female,Delhi,2024-07-12,False
CUST02034,Sudiksha Rajagopalan,20,Other,Bengaluru,2025-07-06,True
CUST02035,Harrison Nori,58,Other,Pune,2026-04-22,False
CUST02036,Sudiksha Varughese,43,Other,Pune,2024-12-06,False
CUST02037,Hritik Chauhan,40,Male,Pune,2023-08-04,True
CUST02038,Rishi Date,43,Female,Hyderabad,2026-04-01,False
CUST02039,Isha Sama,40,Other,Kolkata,2025-08-01,True
CUST02040,Quincy Kibe,37,Male,Delhi,2024-02-14,False
CUST02041,Darpan Datta,42,Other,Bengaluru,2024-11-11,False
CUST02042,Yochana Parmar,31,Male,Pune,2024-11-10,False
CUST02043,Manan Singh,58,Male,Delhi,2024-11-06,True
CUST02044,Bishakha Pillay,52,Other,Pune,2023-07-28,True
CUST02045,Dakshesh Khanna,37,Other,Kolkata,2025-09-10,True
CUST02046,Pahal Padmanabhan,21,Female,Pune,2024-05-14,False
CUST02047,Saksham Biswas,25,Male,Mumbai,2024-12-27,False
CUST02048,Vamakshi Sibal,37,Other,Delhi,2026-02-01,False
CUST02049,Gautami Mistry,39,Male,Hyderabad,2025-04-26,False
CUST02050,Nicholas Cheema,37,Female,Bengaluru,2025-06-20,False
CUST02051,Warhi Kanda,51,Other,Hyderabad,2023-07-21,True
CUST02052,Victor Shukla,38,Other,Hyderabad,2026-03-11,False
CUST02053,William Srivastava,47,Male,Bengaluru,2024-12-11,False
CUST02054,Samesh Ratta,44,Male,Mumbai,2024-04-27,True
CUST02055,Janani Anne,45,Male,Jaipur,2023-11-07,True
CUST02056,Ayushman Contractor,46,Male,Chennai,2024-02-22,False
CUST02057,Ria Hayer,55,Other,Kolkata,2026-03-22,False
CUST02058,Caleb Balan,55,Female,Kolkata,2024-05-20,False
CUST02059,Bhanumati Ghosh,49,Other,Kolkata,2024-06-20,True
CUST02060,Owen Nori,27,Other,Bengaluru,2025-11-23,False
CUST02061,Pranav Hayre,47,Male,Mumbai,2023-08-18,True
CUST02062,Adweta Chaudhuri,47,Female,Delhi,2023-08-17,True
CUST02063,Ladli Choudhry,53,Female,Mumbai,2024-12-22,False
CUST02064,Dalaja Shan,25,Male,Chennai,2024-07-23,False
CUST02065,Kashish Garg,20,Other,Bengaluru,2025-10-11,True
CUST02066,Dhruv Dani,41,Female,Chennai,2024-02-25,False
CUST02067,Ranveer Handa,36,Female,Delhi,2025-10-20,True
CUST02068,Kavya Nadkarni,27,Other,Kolkata,2026-02-01,True
CUST02069,Yash Batra,37,Female,Hyderabad,2026-02-26,True
CUST02070,Chaitaly Dixit,49,Male,Mumbai,2024-12-06,False
CUST02071,Chatresh Mammen,22,Male,Kolkata,2024-01-28,False
CUST02072,Shaurya Bumb,54,Female,Jaipur,2025-07-16,False
CUST02073,Oliver Trivedi,42,Female,Bengaluru,2025-03-09,True
CUST02074,Wishi Venkataraman,50,Other,Jaipur,2025-07-06,False
CUST02075,Ekanta Prakash,60,Female,Bengaluru,2025-10-09,False
CUST02076,Warda Som,23,Other,Kolkata,2024-09-04,False
CUST02077,Balhaar Johal,32,Female,Chennai,2024-06-21,True
CUST02078,Siya Keer,60,Female,Pune,2025-03-22,True
CUST02079,Damini Sandal,28,Other,Delhi,2025-02-20,False
CUST02080,Kavya Kumar,53,Other,Mumbai,2025-11-17,True
CUST02081,Krish Chad,30,Other,Delhi,2024-10-16,True
CUST02082,Zilmil Pandey,48,Other,Delhi,2024-07-07,True
CUST02083,Udyati Vala,60,Other,Bengaluru,2026-03-06,True
CUST02084,Pooja Seshadri,35,Male,Hyderabad,2025-07-11,False
CUST02085,Nilima Pillai,23,Other,Chennai,2025-08-26,False
CUST02086,Anjali Raja,55,Male,Jaipur,2023-08-23,True
CUST02087,Riya Kaur,39,Female,Bengaluru,2024-08-31,False
CUST02088,Jagrati Butala,19,Other,Chennai,2024-10-15,False
CUST02089,Aradhana Kari,34,Male,Mumbai,2023-12-15,True
CUST02090,Ekbal Parsa,52,Male,Pune,2023-09-13,True
CUST02091,Gauri Hegde,29,Female,Mumbai,2026-05-29,True
CUST02092,Zashil Mittal,37,Female,Bengaluru,2026-06-11,True
CUST02093,Rayaan Devi,57,Female,Bengaluru,2025-11-05,True
CUST02094,Abhiram Mistry,21,Female,Kolkata,2024-09-25,True
CUST02095,Netra Ravi,38,Male,Kolkata,2026-01-01,False
CUST02096,Urmi Vala,34,Female,Mumbai,2024-03-03,True
CUST02097,Vedant Karan,30,Male,Hyderabad,2024-06-06,False
CUST02098,Vivaan Varty,50,Other,Kolkata,2026-01-12,True
CUST02099,Triya Oak,35,Male,Chennai,2023-11-26,False
CUST02100,Raghav Sanghvi,53,Female,Mumbai,2026-07-04,False
CUST02101,Shaurya Sarna,19,Female,Hyderabad,2025-06-14,True
CUST02102,Kavya Dewan,35,Other,Mumbai,2025-12-29,True
CUST02103,Dalaja Andra,53,Other,Bengaluru,2025-08-30,False
CUST02104,Harinakshi Kar,54,Female,Jaipur,2025-04-27,True
CUST02105,Netra Yogi,58,Other,Hyderabad,2024-10-23,True
CUST02106,Arin Balay,41,Other,Bengaluru,2024-02-17,True
CUST02107,Ganga Raman,52,Female,Jaipur,2025-02-27,True
CUST02108,Mahika Bhatt,18,Female,Pune,2025-10-23,True
CUST02109,Raghav Soman,18,Male,Jaipur,2023-12-31,False
CUST02110,Siya Modi,56,Female,Kolkata,2023-12-07,False
CUST02111,Hemang Goel,58,Male,Pune,2023-09-03,True
CUST02112,Avi Grover,28,Other,Mumbai,2024-05-20,False
CUST02113,Libni Mander,23,Female,Mumbai,2024-05-30,True
CUST02114,Bishakha Viswanathan,53,Female,Kolkata,2023-11-01,True
CUST02115,Dakshesh Pillay,57,Other,Chennai,2025-09-28,False
CUST02116,Onveer Narain,58,Female,Jaipur,2025-04-14,False
CUST02117,Naksh Choudhry,33,Other,Chennai,2024-02-01,False
CUST02118,Vanya Biswas,31,Female,Chennai,2025-03-11,True
CUST02119,Kalpit Jha,26,Other,Delhi,2024-11-08,False
CUST02120,Vaishnavi Dutt,18,Male,Bengaluru,2026-02-07,False
CUST02121,Samaksh Thakkar,53,Other,Jaipur,2026-06-13,False
CUST02122,Anya Jaggi,52,Male,Mumbai,2023-07-27,True
CUST02123,Sanaya Bhatt,60,Female,Mumbai,2025-03-27,False
CUST02124,Falguni Swaminathan,42,Other,Chennai,2025-06-29,False
CUST02125,Balveer Chand,29,Other,Delhi,2024-10-05,True
CUST02126,Idika Mishra,47,Female,Hyderabad,2025-03-14,False
CUST02127,Ojasvi Krish,18,Male,Delhi,2024-04-19,False
CUST02128,Tanvi Rajagopalan,40,Male,Mumbai,2026-05-04,False
CUST02129,Girish Ramaswamy,32,Male,Jaipur,2026-07-05,False
CUST02130,Wriddhish Dugar,20,Female,Jaipur,2024-09-13,True
CUST02131,Ekalinga Kalla,18,Male,Kolkata,2025-08-20,True
CUST02132,Jairaj Pillay,35,Other,Jaipur,2023-11-11,True
CUST02133,Yamini Nanda,53,Male,Bengaluru,2025-04-13,True
CUST02134,Nitesh Krishnan,55,Male,Mumbai,2024-06-02,True
CUST02135,Turvi Bala,34,Other,Hyderabad,2023-11-06,False
CUST02136,Lakshmi Oza,30,Other,Delhi,2025-03-27,False
CUST02137,Mekhala Barad,53,Female,Delhi,2023-08-01,False
CUST02138,Ishwar Deshpande,59,Other,Delhi,2024-12-05,False
CUST02139,Vedhika Shenoy,45,Female,Pune,2023-10-30,True
CUST02140,Xavier Sarma,51,Female,Jaipur,2024-02-18,False
CUST02141,Arya Edwin,51,Male,Hyderabad,2024-04-06,True
CUST02142,Harish Goel,35,Female,Jaipur,2024-10-14,False
CUST02143,Mahika Ganguly,18,Female,Hyderabad,2023-11-13,False
CUST02144,Anjali Dube,23,Other,Delhi,2025-05-30,True
CUST02145,Pranav Kalita,45,Male,Hyderabad,2023-09-07,True
CUST02146,Riya Batta,28,Female,Pune,2026-03-28,True
CUST02147,Madhavi Morar,58,Other,Mumbai,2025-06-04,True
CUST02148,Aayush Bava,48,Female,Delhi,2025-02-21,False
CUST02149,Zaid Prasad,34,Male,Mumbai,2024-07-20,False
CUST02150,Gavin Babu,33,Female,Delhi,2025-05-01,False
CUST02151,Akshay Nazareth,51,Male,Mumbai,2024-05-09,False
CUST02152,Thomas Char,24,Other,Jaipur,2026-05-12,True
CUST02153,Oliver Basu,23,Male,Delhi,2025-04-21,False
CUST02154,Eta Naidu,38,Other,Mumbai,2025-12-05,True
CUST02155,Sarthak Rana,21,Female,Delhi,2025-05-10,False
CUST02156,Vincent Kala,57,Other,Kolkata,2023-12-27,True
CUST02157,Ekiya Ghose,24,Other,Delhi,2023-08-08,True
CUST02158,Diya Arora,36,Female,Kolkata,2025-03-11,True
CUST02159,Tara Kannan,57,Female,Hyderabad,2023-10-26,True
CUST02160,Jyoti Bassi,47,Female,Jaipur,2023-10-28,False
CUST02161,Nirja Mitra,57,Other,Mumbai,2026-01-31,False
CUST02162,Harsh Yadav,59,Other,Delhi,2025-12-16,False
CUST02163,Zayan Chandran,51,Female,Hyderabad,2026-02-01,True
CUST02164,Lipika Deol,24,Male,Mumbai,2024-12-12,True
CUST02165,Eesha Subramaniam,54,Male,Pune,2023-10-28,False
CUST02166,Andrew Sen,44,Female,Jaipur,2025-02-28,True
CUST02167,Yahvi Arya,33,Male,Delhi,2024-07-11,True
CUST02168,Jeet More,26,Female,Kolkata,2024-07-17,False
CUST02169,Yagnesh Buch,37,Other,Bengaluru,2023-10-17,True
CUST02170,Kavya Tara,48,Female,Chennai,2024-10-18,False
CUST02171,Max Prashad,41,Male,Bengaluru,2024-05-28,True
CUST02172,Wazir Sawhney,33,Other,Delhi,2024-12-07,False
CUST02173,Arunima Nadkarni,40,Male,Hyderabad,2026-04-10,True
CUST02174,Oeshi Mani,22,Female,Hyderabad,2023-08-21,False
CUST02175,Garima Oommen,47,Other,Chennai,2024-07-26,False
CUST02176,Chatura Kothari,57,Female,Kolkata,2026-06-17,False
CUST02177,Lakshmi Verma,28,Male,Jaipur,2024-11-26,True
CUST02178,Riya Ahuja,49,Male,Delhi,2023-10-24,True
CUST02179,Ekaraj Hans,32,Female,Hyderabad,2023-10-04,True
CUST02180,Samarth Dass,48,Other,Chennai,2023-12-05,False
CUST02181,Samarth Keer,31,Female,Bengaluru,2025-09-11,True
CUST02182,Pooja Sibal,41,Male,Mumbai,2024-11-10,False
CUST02183,Rudra Konda,19,Other,Mumbai,2025-05-04,True
CUST02184,Yuvraj Mitter,36,Female,Hyderabad,2024-10-01,False
CUST02185,Saksham Magar,20,Male,Hyderabad,2025-08-01,True
CUST02186,Jagvi Rao,36,Male,Hyderabad,2025-02-21,False
CUST02187,Urishilla Sastry,29,Female,Hyderabad,2025-05-02,True
CUST02188,Nachiket Subramaniam,30,Male,Bengaluru,2023-08-15,False
CUST02189,Prisha Chacko,24,Male,Bengaluru,2024-10-24,False
CUST02190,Parth Kurian,59,Male,Chennai,2025-02-26,True
CUST02191,Damini Setty,37,Female,Hyderabad,2024-09-27,False
CUST02192,Vasana Bora,41,Other,Bengaluru,2024-12-14,False
CUST02193,Upasna Hayre,22,Male,Bengaluru,2024-03-12,True
CUST02194,Aayush Arya,30,Male,Kolkata,2025-08-31,False
CUST02195,Vyanjana Ravel,38,Other,Kolkata,2025-04-21,True
CUST02196,Kashvi Rajagopalan,20,Other,Hyderabad,2025-08-14,False
CUST02197,Ekavir Rege,27,Female,Hyderabad,2023-09-14,True
CUST02198,Lekha Gaba,58,Female,Bengaluru,2024-05-12,False
CUST02199,Aadhya Pall,31,Other,Mumbai,2025-09-14,False
CUST02200,Jyoti Bhardwaj,60,Other,Mumbai,2026-04-22,True
CUST02201,Panini Koshy,50,Female,Chennai,2024-07-26,False
CUST02202,Bakhshi Pathak,51,Female,Bengaluru,2026-03-22,False
CUST02203,Manbir Lal,41,Other,Jaipur,2026-02-10,False
CUST02204,Manan Kumar,48,Female,Kolkata,2024-08-03,True
CUST02205,Advik Dada,31,Male,Hyderabad,2023-12-06,False
CUST02206,Mitali Buch,33,Female,Hyderabad,2025-09-28,False
CUST02207,Pallavi Gandhi,45,Female,Bengaluru,2025-05-09,False
CUST02208,Chasmum Tella,34,Other,Mumbai,2025-10-21,True
CUST02209,Darika Sabharwal,23,Female,Jaipur,2023-12-01,False
CUST02210,Hemangini Dhar,32,Other,Delhi,2024-09-05,False
CUST02211,Mitali Morar,50,Other,Chennai,2023-07-25,False
CUST02212,Vyanjana Agarwal,46,Female,Kolkata,2023-12-13,False
CUST02213,Omisha Vohra,41,Female,Chennai,2025-04-23,False
CUST02214,Raagini Garde,42,Male,Bengaluru,2024-04-15,False
CUST02215,Quincy Desai,32,Female,Mumbai,2024-05-18,False
CUST02216,Qabil Thakkar,23,Female,Mumbai,2024-01-03,False
CUST02217,Simon Grewal,32,Male,Mumbai,2024-05-23,True
CUST02218,Qadim Handa,41,Male,Hyderabad,2024-08-21,False
CUST02219,Ridhi Chopra,30,Other,Chennai,2026-03-30,False
CUST02220,Fariq Memon,37,Other,Pune,2023-11-26,True
CUST02221,Jeet Malhotra,56,Male,Pune,2023-10-23,True
CUST02222,Ayushman Keer,37,Female,Chennai,2025-07-27,False
CUST02223,Harrison Andra,43,Other,Delhi,2023-10-18,False
CUST02224,Abhimanyu Barman,59,Other,Bengaluru,2023-12-13,False
CUST02225,Abhimanyu Prashad,32,Male,Hyderabad,2026-02-06,False
CUST02226,Vedika Solanki,32,Other,Jaipur,2024-12-20,False
CUST02227,Gayathri Prabhakar,39,Male,Chennai,2026-06-09,True
CUST02228,Divya Khatri,45,Other,Kolkata,2025-01-27,True
CUST02229,Kritika Bhandari,46,Female,Delhi,2025-01-19,False
CUST02230,Harish Aggarwal,26,Other,Bengaluru,2025-06-24,False
CUST02231,Liam Bal,18,Female,Chennai,2026-02-05,False
CUST02232,Ati Kothari,32,Female,Kolkata,2025-02-07,False
CUST02233,Vaishnavi Varma,52,Female,Chennai,2025-04-17,True
CUST02234,Aarush Nagy,54,Male,Bengaluru,2023-08-10,True
CUST02235,Chakradev Nanda,39,Other,Kolkata,2026-06-03,False
CUST02236,Vivaan Sundaram,31,Female,Mumbai,2025-03-28,False
CUST02237,Ijaya Sangha,30,Female,Mumbai,2025-07-24,False
CUST02238,Lekha Memon,54,Female,Pune,2026-02-13,True
CUST02239,Luke Venkatesh,28,Male,Bengaluru,2025-12-20,True
CUST02240,Joshua Tank,56,Female,Delhi,2023-11-28,True
CUST02241,Unni Ganguly,30,Male,Kolkata,2025-06-08,False
CUST02242,Vasatika Zachariah,31,Male,Pune,2024-07-24,True
CUST02243,Siddharth Garde,47,Male,Chennai,2026-05-05,True
CUST02244,Hitesh Saran,28,Female,Kolkata,2023-08-30,False
CUST02245,Eta Rajagopal,28,Male,Bengaluru,2024-09-23,False
CUST02246,Aarini Soni,48,Other,Mumbai,2026-05-22,False
CUST02247,Laban Warrior,31,Male,Hyderabad,2026-03-26,False
CUST02248,Gautam Natarajan,45,Other,Jaipur,2024-06-27,True
CUST02249,Hemal Purohit,56,Other,Pune,2025-02-27,True
CUST02250,Viraj Kapoor,50,Other,Jaipur,2024-08-21,False
CUST02251,Bina Chahal,30,Male,Bengaluru,2024-01-05,False
CUST02252,Harini Guha,22,Female,Hyderabad,2024-01-12,False
CUST02253,Joshua Munshi,54,Female,Jaipur,2025-02-25,False
CUST02254,Deepa Bhatia,54,Male,Mumbai,2026-01-17,False
CUST02255,Lipika Sampath,59,Female,Chennai,2024-11-23,False
CUST02256,Jonathan Venkatesh,43,Other,Bengaluru,2026-05-12,False
CUST02257,Hredhaan Rana,33,Male,Kolkata,2023-07-30,False
CUST02258,Diya Dhillon,42,Other,Bengaluru,2024-10-19,True
CUST02259,Xalak Shah,43,Other,Delhi,2024-03-01,True
CUST02260,Madhav Banerjee,28,Female,Pune,2026-01-31,True
CUST02261,Dayamai Thakkar,31,Female,Kolkata,2026-06-19,True
CUST02262,Anusha Sridhar,41,Male,Mumbai,2026-03-22,False
CUST02263,Warda Manne,44,Female,Bengaluru,2026-07-13,False
CUST02264,Daniel Nath,31,Other,Delhi,2024-03-09,False
CUST02265,Umang Ben,19,Male,Jaipur,2024-04-19,False
CUST02266,Manya Mistry,39,Other,Kolkata,2026-05-05,True
CUST02267,Anthony Ramanathan,43,Male,Delhi,2024-12-21,False
CUST02268,Urvashi Pall,25,Other,Bengaluru,2025-03-14,False
CUST02269,Ekbal Wable,60,Other,Jaipur,2024-09-27,False
CUST02270,Robert Ramesh,47,Male,Mumbai,2023-12-14,True
CUST02271,Ekiya Bhagat,46,Male,Jaipur,2024-10-30,False
CUST02272,Nihal Devan,28,Male,Delhi,2025-06-01,True
CUST02273,Bishakha Dhillon,29,Female,Mumbai,2024-06-05,False
CUST02274,Rohan Andra,28,Male,Delhi,2025-01-28,False
CUST02275,Manbir Puri,27,Female,Chennai,2025-05-09,True
CUST02276,Daksh Char,31,Other,Delhi,2025-01-18,True
CUST02277,Praneel Ben,46,Other,Delhi,2024-01-14,True
CUST02278,Radha Dixit,42,Other,Pune,2026-03-15,False
CUST02279,Yash Bandi,21,Other,Delhi,2024-01-16,True
CUST02280,Mekhala Suresh,42,Male,Hyderabad,2024-10-28,False
CUST02281,Keya Chakraborty,33,Male,Mumbai,2025-07-05,True
CUST02282,Anvi Saxena,44,Male,Delhi,2025-02-05,False
CUST02283,Jagdish Dada,30,Other,Mumbai,2023-11-21,True
CUST02284,Vrinda Upadhyay,24,Other,Bengaluru,2024-06-29,True
CUST02285,Varsha Mahal,20,Female,Mumbai,2026-06-27,False
CUST02286,Pratyush Rajagopalan,38,Other,Hyderabad,2025-08-06,True
CUST02287,Chanchal Dass,52,Female,Kolkata,2023-12-17,True
CUST02288,Devansh Yogi,32,Male,Mumbai,2024-04-28,False
CUST02289,Anmol Ramesh,38,Male,Delhi,2025-11-25,False
CUST02290,Devansh Venkataraman,59,Female,Delhi,2026-01-09,False
CUST02291,Sarthak Dalal,31,Female,Hyderabad,2024-04-21,True
CUST02292,Abdul Sekhon,60,Female,Chennai,2024-11-15,True
CUST02293,Balveer Dave,22,Male,Kolkata,2025-12-25,False
CUST02294,Neel Chahal,56,Female,Mumbai,2025-12-05,True
CUST02295,Bakhshi Chad,34,Male,Chennai,2024-01-25,False
CUST02296,Januja Garg,26,Female,Bengaluru,2025-05-03,False
CUST02297,Yuvraj Mital,60,Female,Mumbai,2023-09-25,False
CUST02298,Sai Dey,19,Other,Jaipur,2025-12-28,False
CUST02299,Dhriti Virk,50,Other,Hyderabad,2025-01-12,True
CUST02300,Hardik Basu,32,Male,Mumbai,2024-07-18,False
CUST02301,Raghav Dhar,33,Other,Kolkata,2024-10-23,True
CUST02302,Krish Kalita,57,Male,Delhi,2026-01-20,True
CUST02303,Arunima Dave,41,Female,Pune,2026-03-08,True
CUST02304,Falan Kumer,27,Female,Hyderabad,2024-08-23,True
CUST02305,Nihal Ratta,33,Other,Jaipur,2025-06-23,False
CUST02306,Aachal Sandal,26,Female,Chennai,2026-06-28,True
CUST02307,Samar Bobal,51,Female,Pune,2026-03-20,True
CUST02308,Reyansh Pradhan,32,Other,Chennai,2025-12-07,False
CUST02309,Oni Dube,33,Male,Delhi,2024-11-18,True
CUST02310,Ladli Bal,32,Other,Kolkata,2026-02-07,False
CUST02311,Faras Madan,29,Female,Delhi,2024-01-25,True
CUST02312,Niharika Bhatti,49,Male,Hyderabad,2024-12-08,True
CUST02313,Janani Nath,58,Male,Hyderabad,2024-09-12,True
CUST02314,Upkaar Mahal,23,Male,Hyderabad,2023-07-31,True
CUST02315,Krishna Kapadia,50,Male,Kolkata,2025-02-23,False
CUST02316,Jatin Gill,37,Male,Hyderabad,2025-10-10,True
CUST02317,Vrishti Chandran,45,Male,Hyderabad,2025-10-14,False
CUST02318,Baghyawati Madan,36,Other,Jaipur,2026-02-13,True
CUST02319,Chanakya Garde,35,Female,Mumbai,2024-11-20,False
CUST02320,Pratyush Pai,43,Female,Bengaluru,2026-06-02,False
CUST02321,Vansha Datta,46,Female,Kolkata,2024-08-21,True
CUST02322,Yochana Dugal,48,Male,Kolkata,2026-05-02,False
CUST02323,Luke Radhakrishnan,23,Female,Bengaluru,2025-12-13,True
CUST02324,Chatresh Prabhakar,34,Female,Jaipur,2024-08-05,False
CUST02325,Tanvi Goswami,47,Female,Kolkata,2025-05-27,False
CUST02326,Upadhriti Thakkar,22,Female,Bengaluru,2024-10-03,False
CUST02327,Priya Verma,30,Male,Hyderabad,2024-07-05,True
CUST02328,Gagan Mody,18,Other,Chennai,2025-04-07,False
CUST02329,Gautam Buch,43,Female,Kolkata,2023-11-12,False
CUST02330,Girik Gandhi,42,Female,Pune,2025-12-25,True
CUST02331,Frado Mangal,44,Male,Mumbai,2025-11-22,False
CUST02332,Advaith Samra,54,Male,Hyderabad,2026-06-01,False
CUST02333,Varsha Tank,34,Other,Chennai,2025-09-23,False
CUST02334,Nidra Atwal,58,Other,Chennai,2026-02-27,True
CUST02335,Abhimanyu Sandal,59,Female,Kolkata,2026-07-11,True
CUST02336,Yash Wable,33,Female,Delhi,2026-06-12,False
CUST02337,Saumya Ganguly,58,Other,Delhi,2026-05-28,True
CUST02338,Parth Borde,34,Other,Jaipur,2025-02-05,True
CUST02339,Yoshita Pandit,34,Male,Bengaluru,2023-10-03,True
CUST02340,Warhi Raghavan,25,Male,Kolkata,2024-04-05,False
CUST02341,Isaiah Nigam,55,Male,Hyderabad,2026-06-04,False
CUST02342,Jacob Mannan,28,Female,Pune,2024-10-22,False
CUST02343,Chaaya Lanka,50,Other,Kolkata,2024-06-10,False
CUST02344,Meera Kalla,44,Other,Mumbai,2024-10-31,True
CUST02345,Ubika Sura,58,Other,Chennai,2023-10-13,True
CUST02346,Abeer Sharma,35,Other,Hyderabad,2024-12-07,False
CUST02347,Irya Chhabra,37,Male,Bengaluru,2023-07-24,False
CUST02348,Quincy Ratti,18,Male,Mumbai,2025-01-16,False
CUST02349,Harrison Sankar,51,Female,Pune,2025-08-18,False
CUST02350,Frado Wadhwa,28,Male,Chennai,2025-09-21,True
CUST02351,Nirja Dasgupta,26,Male,Jaipur,2025-08-11,True
CUST02352,Nachiket Krishna,50,Male,Jaipur,2024-07-01,True
CUST02353,Megha Prasad,29,Male,Delhi,2024-10-22,True
CUST02354,Priya Gopal,30,Female,Kolkata,2025-10-26,False
CUST02355,Ikbal Sarna,58,Other,Mumbai,2026-04-30,True
CUST02356,Neel Dey,23,Female,Mumbai,2025-01-15,False
CUST02357,Abdul Parmer,25,Female,Mumbai,2024-05-19,False
CUST02358,Ranveer Mane,19,Other,Hyderabad,2023-09-16,False
CUST02359,Megha Sama,49,Other,Mumbai,2024-12-11,True
CUST02360,Naveen Issac,21,Female,Delhi,2025-07-29,True
CUST02361,Jagat Sama,24,Male,Delhi,2025-08-13,False
CUST02362,Joshua Nair,56,Other,Pune,2025-03-28,False
CUST02363,Karan Choudhary,48,Female,Kolkata,2023-12-30,False
CUST02364,Jonathan Dugal,41,Other,Chennai,2024-12-31,False
CUST02365,Warjas Ben,33,Female,Kolkata,2026-06-03,False
CUST02366,Pushti Anand,57,Male,Chennai,2025-05-20,False
CUST02367,Bimala Manda,24,Male,Jaipur,2025-08-08,False
CUST02368,Pushti Kota,26,Male,Mumbai,2026-03-01,False
CUST02369,Yasti Grover,33,Female,Jaipur,2024-08-06,False
CUST02370,Ishwar Lall,50,Female,Hyderabad,2026-07-08,True
CUST02371,Pushti Issac,58,Female,Delhi,2025-07-21,False
CUST02372,Yadavi Golla,20,Other,Chennai,2024-05-04,False
CUST02373,Veer Dara,32,Other,Jaipur,2024-02-06,False
CUST02374,Balvan Mahal,57,Male,Chennai,2024-05-09,False
CUST02375,Pooja Badami,48,Other,Mumbai,2026-02-27,False
CUST02376,Gavin Behl,36,Other,Hyderabad,2025-02-25,True
CUST02377,Damini Kashyap,51,Other,Delhi,2024-06-24,True
CUST02378,Pooja Srinivas,49,Male,Pune,2023-10-19,False
CUST02379,Charan Modi,28,Female,Mumbai,2024-01-02,False
CUST02380,Januja Mand,60,Other,Hyderabad,2025-01-11,True
CUST02381,Yatin Nagarajan,31,Male,Mumbai,2023-09-27,True
CUST02382,Banjeet Acharya,45,Other,Delhi,2023-10-04,True
CUST02383,Simon Mangal,38,Female,Pune,2025-07-18,True
CUST02384,Harrison Sankar,34,Other,Jaipur,2024-04-28,True
CUST02385,Vyanjana Patla,60,Male,Jaipur,2024-12-16,True
CUST02386,Isaac Chatterjee,39,Male,Mumbai,2026-05-20,False
CUST02387,Kalpit Narula,42,Other,Kolkata,2025-01-26,False
CUST02388,Kamya Khanna,32,Male,Pune,2026-04-21,True
CUST02389,Shivansh Rajagopalan,36,Male,Mumbai,2023-11-28,True
CUST02390,Kalpit Dara,39,Other,Hyderabad,2023-09-17,True
CUST02391,Reyansh Sehgal,54,Female,Bengaluru,2023-12-16,False
CUST02392,Hemal Mitra,42,Other,Delhi,2025-07-21,False
CUST02393,Mitesh Bassi,21,Other,Hyderabad,2024-01-30,False
CUST02394,Omya Krishnan,45,Female,Chennai,2025-12-02,True
CUST02395,Jasmit Sen,51,Other,Hyderabad,2026-03-20,True
CUST02396,Rajata Bir,43,Male,Jaipur,2025-08-04,False
CUST02397,Yahvi Bains,27,Female,Hyderabad,2024-03-31,False
CUST02398,Kai Mann,47,Male,Pune,2023-09-24,True
CUST02399,Ranveer Rao,60,Other,Delhi,2025-08-22,False
CUST02400,Noah Sarma,37,Other,Mumbai,2025-09-14,False
CUST02401,Madhavi Rattan,54,Female,Hyderabad,2026-02-13,False
CUST02402,Samuel Gour,36,Other,Kolkata,2023-07-21,True
CUST02403,Tejas Andra,39,Male,Hyderabad,2025-09-19,True
CUST02404,Yahvi Vohra,21,Male,Jaipur,2024-08-21,False
CUST02405,Thomas Minhas,37,Other,Bengaluru,2024-09-05,True
CUST02406,Onveer Kapur,53,Female,Chennai,2023-09-24,False
CUST02407,Bishakha Baral,48,Female,Kolkata,2026-04-04,False
CUST02408,Arunima Deol,22,Other,Pune,2024-09-08,False
CUST02409,Yuvraj Kade,30,Other,Kolkata,2025-10-23,True
CUST02410,Aarav Palan,26,Female,Delhi,2026-03-24,False
CUST02411,Ekta Chacko,47,Other,Bengaluru,2026-07-15,True
CUST02412,Kiaan Rege,46,Other,Jaipur,2026-02-19,False
CUST02413,Ekta Bhandari,27,Male,Hyderabad,2026-03-14,True
CUST02414,Ishani Kanda,59,Male,Chennai,2024-09-22,True
CUST02415,Aahana Babu,27,Female,Kolkata,2025-10-27,True
CUST02416,Lavanya Kurian,21,Male,Chennai,2026-03-14,False
CUST02417,Riya Kannan,29,Male,Mumbai,2024-11-30,False
CUST02418,Samar Rana,55,Female,Bengaluru,2024-03-13,False
CUST02419,Vincent Saraf,33,Male,Mumbai,2025-02-07,True
CUST02420,Varenya Chander,43,Female,Pune,2025-08-24,True
CUST02421,Tripti Goyal,59,Other,Kolkata,2024-04-14,True
CUST02422,Vritti Gole,47,Other,Kolkata,2026-04-16,False
CUST02423,Ansh Mukherjee,58,Other,Jaipur,2024-03-25,False
CUST02424,Meera Guha,18,Male,Mumbai,2023-10-31,True
CUST02425,Ekbal Sandhu,25,Female,Hyderabad,2024-07-30,True
CUST02426,Neha Chaudhry,55,Other,Jaipur,2025-10-11,False
CUST02427,Advik Chaudhry,24,Other,Bengaluru,2025-02-22,False
CUST02428,Ansh Choudhary,48,Other,Kolkata,2023-08-06,False
CUST02429,Kevin Kothari,54,Male,Mumbai,2023-11-22,False
CUST02430,Luke Arya,22,Other,Bengaluru,2023-07-30,False
CUST02431,Hamsini Chada,19,Female,Jaipur,2024-05-25,True
CUST02432,Varsha Sawhney,51,Other,Mumbai,2024-03-25,True
CUST02433,Garima Srinivas,60,Male,Bengaluru,2024-03-12,True
CUST02434,Daksh Loke,18,Other,Jaipur,2026-03-16,False
CUST02435,Ansh Basu,25,Male,Bengaluru,2023-12-22,True
CUST02436,Harshil Vaidya,59,Male,Mumbai,2025-04-21,False
CUST02437,Aarav Kapur,20,Male,Mumbai,2023-08-22,False
CUST02438,Prisha Rajan,41,Other,Bengaluru,2024-02-29,False
CUST02439,Bhavini Kara,60,Male,Hyderabad,2026-06-13,False
CUST02440,Isaiah Swamy,20,Other,Pune,2024-04-04,False
CUST02441,Udarsh Chaudry,26,Other,Jaipur,2024-09-25,False
CUST02442,Faraj Nath,51,Female,Hyderabad,2024-01-15,True
CUST02443,Frado Bassi,60,Male,Hyderabad,2026-02-09,True
CUST02444,Pranav Sangha,30,Male,Pune,2025-10-17,True
CUST02445,Pratyush Sandal,26,Other,Hyderabad,2024-03-05,False
CUST02446,Bhavini Pall,35,Male,Kolkata,2023-12-24,True
CUST02447,Xalak Pillay,53,Female,Pune,2024-08-31,False
CUST02448,Aarnav Dixit,59,Male,Kolkata,2026-04-29,False
CUST02449,Ekaja Divan,23,Female,Kolkata,2025-03-13,True
CUST02450,Vanya Bhavsar,52,Male,Mumbai,2024-01-07,False
CUST02451,Arya Dhillon,58,Other,Hyderabad,2023-12-03,False
CUST02452,Joshua Gopal,54,Other,Bengaluru,2025-03-05,False
CUST02453,Eiravati Talwar,27,Female,Kolkata,2025-05-04,False
CUST02454,Odika Nath,19,Other,Hyderabad,2024-02-15,True
CUST02455,Leela Sahota,35,Male,Mumbai,2025-11-15,False
CUST02456,Waida Walia,22,Female,Mumbai,2025-10-25,False
CUST02457,Leena Chacko,39,Female,Bengaluru,2026-01-03,True
CUST02458,Theodore Chahal,35,Male,Mumbai,2024-07-15,False
CUST02459,Aarnav Jani,32,Female,Mumbai,2023-08-11,True
CUST02460,Urvi Deol,29,Other,Pune,2024-01-03,False
CUST02461,Ikshita Patel,24,Other,Chennai,2024-02-17,False
CUST02462,Triveni Dhawan,53,Female,Mumbai,2025-11-18,True
CUST02463,Xavier Kade,28,Female,Kolkata,2024-06-28,True
CUST02464,Lakshit Dalal,40,Other,Kolkata,2026-06-30,False
CUST02465,Krishna Bal,55,Male,Pune,2026-07-01,True
CUST02466,Kamya Bhagat,50,Other,Bengaluru,2026-07-09,True
CUST02467,Ethan Sood,27,Female,Pune,2026-01-23,True
CUST02468,Ayushman Din,58,Female,Hyderabad,2025-02-02,False
CUST02469,Farhan Konda,47,Male,Jaipur,2023-11-12,False
CUST02470,Omaja Doctor,47,Other,Pune,2024-04-24,False
CUST02471,Logan Wable,45,Other,Hyderabad,2026-07-05,False
CUST02472,Upma Sabharwal,58,Male,Pune,2024-12-21,False
CUST02473,Agastya Mangat,38,Male,Mumbai,2024-01-04,True
CUST02474,Darpan Balay,33,Male,Bengaluru,2026-02-08,True
CUST02475,Yahvi Dyal,23,Other,Pune,2023-08-01,False
CUST02476,Pallavi Sha,18,Female,Bengaluru,2025-11-22,False
CUST02477,Yachana Mohan,49,Other,Mumbai,2024-07-03,False
CUST02478,Naksh Magar,18,Other,Hyderabad,2023-12-05,True
CUST02479,Jeremiah Kakar,45,Other,Chennai,2025-03-29,True
CUST02480,Theodore Ramanathan,60,Other,Delhi,2024-04-26,False
CUST02481,Upadhriti Sood,28,Other,Hyderabad,2024-11-13,True
CUST02482,Lajita Gala,22,Female,Bengaluru,2023-10-08,False
CUST02483,Panini Hayer,21,Female,Jaipur,2024-09-07,False
CUST02484,Hemang Brahmbhatt,28,Female,Mumbai,2025-01-29,False
CUST02485,Ayaan Khatri,33,Other,Mumbai,2024-09-26,False
CUST02486,Hredhaan Bhattacharyya,37,Female,Pune,2024-06-09,False
CUST02487,Dayamai Guha,31,Male,Kolkata,2025-11-19,True
CUST02488,Bachittar Khosla,37,Other,Delhi,2024-09-06,False
CUST02489,Chaitanya Sule,57,Female,Delhi,2023-09-24,False
CUST02490,Divya Chander,18,Other,Jaipur,2024-11-06,False
CUST02491,Ishanvi Mandal,37,Female,Mumbai,2025-03-25,True
CUST02492,Divya Raman,40,Other,Bengaluru,2025-01-18,False
CUST02493,Gunbir Narula,40,Male,Mumbai,2025-04-08,False
CUST02494,Yadavi Doctor,49,Male,Mumbai,2023-08-21,True
CUST02495,Vansha Barad,44,Male,Jaipur,2024-10-08,True
CUST02496,Max Sheth,27,Other,Pune,2023-11-15,True
CUST02497,Vincent Kale,48,Female,Chennai,2026-06-08,False
CUST02498,Naveen Thaker,41,Female,Bengaluru,2025-09-25,False
CUST02499,Sara Deep,24,Female,Jaipur,2024-12-23,True
CUST02500,Jagvi Sankar,26,Female,Kolkata,2023-09-16,True
