order_id,customer_id,restaurant_id,partner_id,order_date,order_time,order_amount,delivery_fee,discount,final_amount,payment_id,status,delivery_time_minutes
ORD000001,CUST00520,REST0225,PART0047,2025-09-29,23:32:35,266,29,7,288,PAY000001,Delivered,51
ORD000002,CUST01001,REST0150,PART0034,2026-06-05,21:57:35,793,64,154,703,PAY000002,Delivered,65
ORD000003,CUST00315,REST0040,PART0065,2026-02-24,15:27:06,1496,35,336,1195,PAY000003,Delivered,84
ORD000004,CUST01817,REST0155,PART0094,2025-11-07,01:21:29,1163,65,112,1116,PAY000004,Delivered,85
ORD000005,CUST01096,REST0164,PART0139,2026-07-05,01:34:30,1929,51,539,1441,PAY000005,Delivered,79
ORD000006,CUST01992,REST0144,PART0021,2025-10-19,00:18:24,260,64,52,272,PAY000006,Delivered,41
ORD000007,CUST01250,REST0284,PART0054,2025-11-20,21:21:11,1873,86,236,1723,PAY000007,Cancelled,30
ORD000008,CUST01859,REST0059,PART0006,2025-10-18,15:23:57,223,50,56,217,PAY000008,Delivered,78
ORD000009,CUST01574,REST0154,PART0022,2026-05-22,13:04:00,703,55,150,608,PAY000009,Delivered,22
ORD000010,CUST02029,REST0010,PART0098,2026-05-10,08:44:48,1900,98,393,1605,PAY000010,Delivered,64
ORD000011,CUST01554,REST0095,PART0111,2025-12-03,19:32:58,240,48,26,262,PAY000011,Delivered,83
ORD000012,CUST02219,REST0179,PART0007,2025-10-13,21:50:56,1502,59,16,1545,PAY000012,Delivered,58
ORD000013,CUST00113,REST0175,PART0112,2026-01-09,06:21:10,1809,95,221,1683,PAY000013,Delivered,69
ORD000014,CUST01178,REST0274,PART0119,2025-11-15,12:05:34,1803,33,397,1439,PAY000014,Delivered,69
ORD000015,CUST02126,REST0134,PART0042,2026-05-02,19:24:42,1622,92,393,1321,PAY000015,Delivered,63
ORD000016,CUST00063,REST0144,PART0071,2025-08-30,01:33:19,1677,50,67,1660,PAY000016,Delivered,25
ORD000017,CUST01383,REST0293,PART0102,2026-04-11,09:42:05,1729,89,302,1516,PAY000017,Delivered,19
ORD000018,CUST01027,REST0007,PART0032,2025-10-17,20:30:27,711,66,68,709,PAY000018,Delayed,54
ORD000019,CUST01084,REST0092,PART0114,2026-01-05,01:33:43,1503,61,428,1136,PAY000019,Cancelled,74
ORD000020,CUST01470,REST0246,PART0143,2026-04-26,19:58:01,168,79,2,245,PAY000020,Delivered,42
ORD000021,CUST01133,REST0283,PART0081,2026-06-23,02:05:59,269,94,10,353,PAY000021,Delivered,23
ORD000022,CUST01064,REST0254,PART0033,2025-12-22,10:34:37,518,53,70,501,PAY000022,Delivered,44
ORD000023,CUST00954,REST0059,PART0010,2025-12-03,18:46:06,450,99,12,537,PAY000023,Delivered,38
ORD000024,CUST00172,REST0284,PART0059,2025-08-16,04:33:25,1912,76,324,1664,PAY000024,Delivered,22
ORD000025,CUST01448,REST0277,PART0012,2025-11-29,22:31:33,677,22,173,526,PAY000025,Delivered,45
ORD000026,CUST01818,REST0058,PART0131,2026-02-18,21:37:50,373,29,64,338,PAY000026,Delivered,24
ORD000027,CUST01522,REST0213,PART0019,2026-01-28,14:43:48,567,61,146,482,PAY000027,Delayed,69
ORD000028,CUST02487,REST0185,PART0086,2025-08-14,22:17:57,443,23,83,383,PAY000028,Delayed,67
ORD000029,CUST00128,REST0083,PART0095,2026-07-06,10:48:45,1113,57,318,852,PAY000029,Delivered,20
ORD000030,CUST00436,REST0109,PART0081,2025-12-03,22:38:39,457,95,6,546,PAY000030,Delivered,80
ORD000031,CUST00881,REST0194,PART0150,2026-03-26,23:16:04,1754,94,352,1496,PAY000031,Delivered,19
ORD000032,CUST00920,REST0290,PART0129,2026-01-20,06:26:19,930,30,39,921,PAY000032,Delivered,88
ORD000033,CUST00497,REST0271,PART0014,2026-03-08,06:50:15,1653,73,275,1451,PAY000033,Cancelled,75
ORD000034,CUST01201,REST0125,PART0085,2025-10-13,16:48:27,701,44,147,598,PAY000034,Delivered,46
ORD000035,CUST00473,REST0124,PART0114,2026-01-06,14:28:36,622,78,80,620,PAY000035,Delivered,67
ORD000036,CUST02072,REST0040,PART0093,2026-05-17,14:40:38,313,65,71,307,PAY000036,Cancelled,76
ORD000037,CUST02333,REST0065,PART0138,2025-12-25,21:45:31,1760,73,235,1598,PAY000037,Delivered,46
ORD000038,CUST00566,REST0134,PART0074,2025-10-13,11:20:27,1530,94,340,1284,PAY000038,Delivered,58
ORD000039,CUST01725,REST0259,PART0038,2026-02-22,08:26:45,391,30,52,369,PAY000039,Delivered,88
ORD000040,CUST01860,REST0008,PART0043,2026-06-02,17:38:36,1445,45,92,1398,PAY000040,Delivered,30
ORD000041,CUST01925,REST0052,PART0033,2026-06-02,07:58:34,689,90,182,597,PAY000041,Delivered,19
ORD000042,CUST00543,REST0264,PART0136,2025-09-02,21:29:51,199,41,4,236,PAY000042,Delivered,64
ORD000043,CUST02282,REST0124,PART0076,2026-07-10,18:05:56,875,36,205,706,PAY000043,Cancelled,30
ORD000044,CUST00442,REST0024,PART0019,2026-02-10,00:44:06,1361,97,315,1143,PAY000044,Delivered,60
ORD000045,CUST01785,REST0149,PART0123,2025-10-19,08:50:04,987,100,230,857,PAY000045,Delivered,32
ORD000046,CUST02087,REST0043,PART0039,2026-05-13,18:48:50,1632,95,469,1258,PAY000046,Delivered,15
ORD000047,CUST01858,REST0195,PART0083,2026-07-04,08:45:45,1364,67,345,1086,PAY000047,Delivered,71
ORD000048,CUST00397,REST0119,PART0077,2025-12-21,13:03:41,1191,95,143,1143,PAY000048,Delivered,78
ORD000049,CUST02152,REST0297,PART0131,2026-04-04,00:54:24,248,92,66,274,PAY000049,Delivered,69
ORD000050,CUST00731,REST0074,PART0011,2026-02-28,08:06:23,811,69,81,799,PAY000050,Delivered,41
ORD000051,CUST01288,REST0051,PART0089,2026-03-31,20:27:15,1213,55,294,974,PAY000051,Delivered,51
ORD000052,CUST01994,REST0225,PART0058,2025-09-07,21:21:05,392,56,35,413,PAY000052,Delivered,36
ORD000053,CUST00435,REST0119,PART0072,2026-03-08,09:53:11,681,97,192,586,PAY000053,Delivered,33
ORD000054,CUST00692,REST0015,PART0011,2025-10-25,07:46:03,573,90,130,533,PAY000054,Delivered,84
ORD000055,CUST02001,REST0014,PART0095,2026-05-21,07:42:25,1786,44,6,1824,PAY000055,Delivered,41
ORD000056,CUST01823,REST0267,PART0033,2025-11-04,15:45:20,1319,74,374,1019,PAY000056,Delivered,73
ORD000057,CUST01771,REST0253,PART0068,2025-11-25,21:28:18,374,35,56,353,PAY000057,Delivered,26
ORD000058,CUST00324,REST0114,PART0020,2025-11-15,03:01:59,720,34,90,664,PAY000058,Delivered,56
ORD000059,CUST01858,REST0263,PART0019,2025-08-31,01:17:46,1188,62,141,1109,PAY000059,Delivered,55
ORD000060,CUST01301,REST0098,PART0143,2025-08-16,21:28:57,1037,32,266,803,PAY000060,Cancelled,19
ORD000061,CUST00902,REST0101,PART0068,2025-12-21,21:18:50,430,95,96,429,PAY000061,Delivered,75
ORD000062,CUST01158,REST0068,PART0051,2025-12-26,18:00:24,1142,43,254,931,PAY000062,Cancelled,26
ORD000063,CUST02285,REST0107,PART0046,2026-01-28,08:58:29,1039,28,251,816,PAY000063,Delivered,19
ORD000064,CUST01558,REST0299,PART0061,2025-09-11,20:58:00,1558,53,314,1297,PAY000064,Delivered,59
ORD000065,CUST00950,REST0150,PART0125,2026-02-24,22:36:38,1236,43,153,1126,PAY000065,Cancelled,77
ORD000066,CUST01211,REST0050,PART0057,2026-01-24,04:04:19,881,89,246,724,PAY000066,Delivered,29
ORD000067,CUST01014,REST0218,PART0030,2026-03-18,22:19:43,1009,77,166,920,PAY000067,Delivered,37
ORD000068,CUST01631,REST0066,PART0124,2026-06-23,13:25:11,803,34,88,749,PAY000068,Cancelled,77
ORD000069,CUST02079,REST0111,PART0105,2026-05-12,07:21:54,209,57,17,249,PAY000069,Cancelled,22
ORD000070,CUST01604,REST0227,PART0109,2025-10-01,04:15:25,1532,60,210,1382,PAY000070,Delivered,66
ORD000071,CUST00897,REST0174,PART0012,2026-06-30,17:12:40,261,54,62,253,PAY000071,Delivered,54
ORD000072,CUST00683,REST0275,PART0053,2025-09-24,02:43:40,989,48,293,744,PAY000072,Delivered,29
ORD000073,CUST02478,REST0277,PART0006,2026-06-21,14:29:06,1400,62,66,1396,PAY000073,Delayed,17
ORD000074,CUST02265,REST0033,PART0013,2026-01-08,14:01:23,334,62,45,351,PAY000074,Delivered,81
ORD000075,CUST00644,REST0275,PART0102,2025-07-22,06:22:35,891,88,101,878,PAY000075,Delivered,44
ORD000076,CUST01358,REST0212,PART0056,2025-09-19,00:12:35,1791,40,382,1449,PAY000076,Delayed,85
ORD000077,CUST02157,REST0053,PART0129,2025-09-01,03:37:32,177,24,1,200,PAY000077,Delivered,65
ORD000078,CUST01235,REST0013,PART0059,2025-12-25,19:39:55,236,40,36,240,PAY000078,Delivered,46
ORD000079,CUST01548,REST0206,PART0034,2025-10-26,12:38:07,707,35,208,534,PAY000079,Delivered,49
ORD000080,CUST01702,REST0011,PART0004,2026-05-09,12:51:29,306,29,64,271,PAY000080,Delivered,84
ORD000081,CUST00796,REST0160,PART0083,2026-02-16,14:50:26,460,32,100,392,PAY000081,Delayed,69
ORD000082,CUST01123,REST0235,PART0052,2026-04-18,12:21:05,1672,22,154,1540,PAY000082,Delivered,27
ORD000083,CUST01543,REST0150,PART0110,2026-07-12,11:11:12,1493,93,241,1345,PAY000083,Delayed,26
ORD000084,CUST01980,REST0146,PART0137,2026-01-14,17:12:25,982,91,142,931,PAY000084,Delivered,79
ORD000085,CUST01613,REST0191,PART0140,2026-04-30,17:41:34,933,22,254,701,PAY000085,Delivered,28
ORD000086,CUST01628,REST0119,PART0115,2025-08-24,11:08:13,608,93,6,695,PAY000086,Delivered,62
ORD000087,CUST01273,REST0171,PART0037,2025-09-03,07:54:22,1303,33,329,1007,PAY000087,Delivered,25
ORD000088,CUST02007,REST0128,PART0022,2026-06-18,21:44:07,1298,41,106,1233,PAY000088,Delivered,33
ORD000089,CUST02321,REST0120,PART0016,2025-07-29,11:24:00,1412,80,267,1225,PAY000089,Delivered,78
ORD000090,CUST00617,REST0019,PART0083,2026-06-05,01:55:01,993,59,172,880,PAY000090,Delivered,87
ORD000091,CUST00857,REST0288,PART0126,2025-12-30,18:54:59,982,20,137,865,PAY000091,Delivered,84
ORD000092,CUST01890,REST0248,PART0132,2025-07-25,12:50:57,791,50,82,759,PAY000092,Delivered,86
ORD000093,CUST00318,REST0193,PART0033,2026-04-10,05:29:31,365,74,89,350,PAY000093,Delivered,16
ORD000094,CUST00809,REST0225,PART0030,2025-09-19,01:44:41,1214,35,85,1164,PAY000094,Delivered,19
ORD000095,CUST02149,REST0250,PART0036,2025-08-13,14:20:18,1164,41,320,885,PAY000095,Delayed,85
ORD000096,CUST00482,REST0223,PART0076,2025-09-05,15:38:31,967,21,151,837,PAY000096,Delivered,49
ORD000097,CUST01523,REST0289,PART0043,2026-02-01,04:58:50,810,98,227,681,PAY000097,Delayed,33
ORD000098,CUST01521,REST0266,PART0065,2026-06-17,21:41:56,1221,46,314,953,PAY000098,Delivered,75
ORD000099,CUST00673,REST0269,PART0122,2026-02-06,19:18:56,581,62,34,609,PAY000099,Cancelled,16
ORD000100,CUST00275,REST0003,PART0080,2026-07-07,23:58:44,517,39,120,436,PAY000100,Delivered,39
ORD000101,CUST01879,REST0170,PART0025,2025-12-13,23:16:40,1571,32,275,1328,PAY000101,Delivered,22
ORD000102,CUST00274,REST0180,PART0144,2026-07-02,10:06:34,1109,96,80,1125,PAY000102,Cancelled,43
ORD000103,CUST01746,REST0300,PART0079,2025-12-27,06:27:36,544,55,72,527,PAY000103,Delayed,62
ORD000104,CUST02299,REST0278,PART0052,2025-11-30,20:44:20,1720,71,260,1531,PAY000104,Delivered,24
ORD000105,CUST01147,REST0092,PART0068,2025-09-03,17:44:23,462,33,55,440,PAY000105,Delivered,87
ORD000106,CUST01569,REST0170,PART0148,2025-12-19,11:39:46,409,86,75,420,PAY000106,Cancelled,90
ORD000107,CUST00689,REST0002,PART0060,2026-04-12,21:38:17,1519,80,107,1492,PAY000107,Delivered,42
ORD000108,CUST00588,REST0085,PART0122,2026-02-17,12:51:22,1795,98,150,1743,PAY000108,Delivered,15
ORD000109,CUST02096,REST0226,PART0109,2025-10-18,00:07:42,309,26,17,318,PAY000109,Cancelled,75
ORD000110,CUST02295,REST0202,PART0097,2026-04-18,17:57:33,1174,35,123,1086,PAY000110,Delivered,64
ORD000111,CUST02174,REST0041,PART0055,2025-11-07,04:24:09,877,59,162,774,PAY000111,Delivered,36
ORD000112,CUST01791,REST0287,PART0114,2025-08-31,11:13:43,1606,38,430,1214,PAY000112,Delivered,77
ORD000113,CUST01784,REST0179,PART0046,2025-11-24,01:04:21,1553,35,285,1303,PAY000113,Delivered,18
ORD000114,CUST01738,REST0110,PART0144,2026-06-29,18:24:41,1901,79,354,1626,PAY000114,Delivered,39
ORD000115,CUST00803,REST0227,PART0093,2026-06-01,12:41:53,916,42,5,953,PAY000115,Delivered,82
ORD000116,CUST01346,REST0049,PART0095,2026-06-30,03:03:25,161,95,19,237,PAY000116,Delivered,47
ORD000117,CUST00138,REST0141,PART0123,2025-11-23,23:30:31,176,97,17,256,PAY000117,Delivered,65
ORD000118,CUST00235,REST0293,PART0008,2026-03-02,22:45:59,1574,52,140,1486,PAY000118,Delivered,75
ORD000119,CUST00712,REST0243,PART0140,2026-03-09,15:49:21,1444,78,251,1271,PAY000119,Delivered,28
ORD000120,CUST00725,REST0068,PART0022,2026-03-12,17:11:46,906,23,78,851,PAY000120,Delivered,68
ORD000121,CUST01288,REST0050,PART0140,2025-08-27,02:17:52,264,76,7,333,PAY000121,Delayed,50
ORD000122,CUST00069,REST0171,PART0082,2026-04-22,16:59:36,1491,98,377,1212,PAY000122,Cancelled,36
ORD000123,CUST00252,REST0034,PART0050,2025-08-02,19:26:16,179,71,26,224,PAY000123,Delivered,79
ORD000124,CUST00707,REST0228,PART0012,2025-08-13,21:12:55,1642,54,42,1654,PAY000124,Delivered,50
ORD000125,CUST00709,REST0002,PART0080,2026-04-29,03:25:34,556,84,104,536,PAY000125,Delivered,50
ORD000126,CUST01910,REST0291,PART0023,2026-07-08,19:33:32,868,35,174,729,PAY000126,Delivered,87
ORD000127,CUST00748,REST0045,PART0048,2025-12-01,02:14:12,330,34,11,353,PAY000127,Delivered,55
ORD000128,CUST00694,REST0006,PART0056,2026-01-06,13:47:59,1433,22,392,1063,PAY000128,Delivered,62
ORD000129,CUST00783,REST0068,PART0080,2026-07-04,21:53:27,316,51,39,328,PAY000129,Delayed,21
ORD000130,CUST01143,REST0072,PART0145,2025-12-22,00:46:50,1595,56,91,1560,PAY000130,Delivered,55
ORD000131,CUST00817,REST0091,PART0076,2026-03-18,05:34:20,612,44,69,587,PAY000131,Delayed,48
ORD000132,CUST01455,REST0297,PART0094,2026-01-06,21:48:01,691,31,125,597,PAY000132,Delayed,59
ORD000133,CUST00151,REST0300,PART0099,2026-04-29,21:35:34,1070,100,87,1083,PAY000133,Cancelled,34
ORD000134,CUST01402,REST0258,PART0142,2026-06-05,10:44:07,860,56,106,810,PAY000134,Delivered,49
ORD000135,CUST00894,REST0240,PART0067,2026-01-01,10:43:06,1201,46,132,1115,PAY000135,Cancelled,19
ORD000136,CUST01947,REST0072,PART0120,2025-11-05,14:10:50,1498,100,95,1503,PAY000136,Delivered,90
ORD000137,CUST02411,REST0018,PART0083,2026-05-06,11:41:44,912,92,193,811,PAY000137,Delivered,28
ORD000138,CUST01727,REST0244,PART0086,2026-01-17,12:44:33,1930,21,162,1789,PAY000138,Delivered,58
ORD000139,CUST00667,REST0240,PART0140,2026-04-14,03:19:28,533,65,78,520,PAY000139,Delivered,38
ORD000140,CUST02432,REST0295,PART0112,2025-09-06,12:24:23,1049,98,233,914,PAY000140,Delayed,66
ORD000141,CUST01529,REST0173,PART0124,2026-04-27,01:58:38,1858,51,258,1651,PAY000141,Delivered,66
ORD000142,CUST00442,REST0216,PART0110,2025-09-25,11:40:37,232,49,64,217,PAY000142,Delivered,49
ORD000143,CUST00672,REST0263,PART0043,2026-04-23,07:14:03,970,95,14,1051,PAY000143,Delivered,53
ORD000144,CUST02327,REST0072,PART0034,2026-05-09,17:00:59,1578,87,101,1564,PAY000144,Delivered,57
ORD000145,CUST00580,REST0178,PART0118,2026-03-02,04:52:19,335,59,98,296,PAY000145,Cancelled,65
ORD000146,CUST00705,REST0155,PART0079,2026-07-07,02:43:01,151,38,12,177,PAY000146,Cancelled,25
ORD000147,CUST00370,REST0126,PART0040,2026-05-30,17:44:04,1906,46,447,1505,PAY000147,Delayed,86
ORD000148,CUST01412,REST0052,PART0121,2026-07-14,23:44:11,160,81,10,231,PAY000148,Delivered,85
ORD000149,CUST01935,REST0193,PART0119,2026-01-30,01:30:05,1581,47,467,1161,PAY000149,Delivered,46
ORD000150,CUST00547,REST0205,PART0084,2025-08-17,18:45:59,943,36,162,817,PAY000150,Delivered,51
ORD000151,CUST00294,REST0178,PART0126,2025-09-13,08:55:27,1372,70,273,1169,PAY000151,Delivered,90
ORD000152,CUST00964,REST0189,PART0093,2026-06-29,01:22:52,604,97,45,656,PAY000152,Delivered,58
ORD000153,CUST00317,REST0118,PART0036,2025-07-19,06:20:30,1835,20,407,1448,PAY000153,Delivered,78
ORD000154,CUST01784,REST0048,PART0087,2026-03-03,18:06:34,240,47,38,249,PAY000154,Delivered,64
ORD000155,CUST01275,REST0199,PART0124,2026-03-03,13:24:09,1021,39,145,915,PAY000155,Delivered,19
ORD000156,CUST01632,REST0265,PART0028,2025-12-06,21:15:59,1013,42,83,972,PAY000156,Delivered,74
ORD000157,CUST00051,REST0083,PART0082,2026-04-03,23:03:40,859,32,207,684,PAY000157,Delivered,31
ORD000158,CUST01863,REST0006,PART0125,2026-03-25,10:40:58,1188,69,351,906,PAY000158,Delivered,66
ORD000159,CUST01741,REST0133,PART0030,2026-01-08,08:58:17,1729,26,310,1445,PAY000159,Delivered,72
ORD000160,CUST02192,REST0187,PART0029,2025-12-10,13:49:09,913,80,171,822,PAY000160,Delivered,37
ORD000161,CUST00328,REST0077,PART0002,2025-11-17,16:28:48,1238,69,345,962,PAY000161,Delivered,58
ORD000162,CUST01864,REST0223,PART0013,2026-01-02,13:43:10,678,45,131,592,PAY000162,Delivered,74
ORD000163,CUST01886,REST0188,PART0013,2025-09-22,20:57:46,231,35,62,204,PAY000163,Delayed,62
ORD000164,CUST00097,REST0278,PART0069,2026-01-29,18:54:49,1021,63,151,933,PAY000164,Delivered,37
ORD000165,CUST01830,REST0167,PART0077,2026-04-22,20:17:21,880,73,8,945,PAY000165,Delivered,19
ORD000166,CUST00150,REST0273,PART0102,2026-03-01,15:06:10,378,65,93,350,PAY000166,Delivered,46
ORD000167,CUST00517,REST0075,PART0127,2025-11-01,17:03:09,322,88,12,398,PAY000167,Delayed,70
ORD000168,CUST02145,REST0292,PART0118,2026-05-12,10:43:59,857,78,124,811,PAY000168,Delivered,20
ORD000169,CUST00602,REST0052,PART0098,2025-08-22,20:57:08,818,67,9,876,PAY000169,Delivered,80
ORD000170,CUST01642,REST0012,PART0048,2025-10-14,10:38:42,841,58,108,791,PAY000170,Delivered,47
ORD000171,CUST00785,REST0293,PART0067,2025-11-08,17:16:52,1863,75,119,1819,PAY000171,Delivered,53
ORD000172,CUST00201,REST0192,PART0147,2026-01-23,19:37:13,1202,89,124,1167,PAY000172,Delivered,75
ORD000173,CUST00761,REST0142,PART0129,2025-11-25,17:14:05,1707,75,281,1501,PAY000173,Delivered,20
ORD000174,CUST01117,REST0003,PART0105,2025-08-03,23:52:05,966,43,145,864,PAY000174,Delivered,41
ORD000175,CUST01126,REST0137,PART0119,2026-02-20,07:52:37,1751,73,132,1692,PAY000175,Delivered,55
ORD000176,CUST01330,REST0114,PART0017,2026-02-02,06:53:50,603,48,4,647,PAY000176,Delivered,51
ORD000177,CUST02439,REST0169,PART0139,2026-06-29,17:14:57,1843,78,430,1491,PAY000177,Delivered,64
ORD000178,CUST01396,REST0164,PART0089,2026-02-05,04:57:05,1292,21,175,1138,PAY000178,Delivered,71
ORD000179,CUST02181,REST0088,PART0100,2026-02-26,10:10:57,1096,83,107,1072,PAY000179,Delivered,47
ORD000180,CUST01993,REST0288,PART0089,2026-01-29,14:49:09,216,93,10,299,PAY000180,Delivered,25
ORD000181,CUST01246,REST0150,PART0081,2026-06-09,01:03:06,1681,87,189,1579,PAY000181,Delivered,72
ORD000182,CUST01441,REST0290,PART0111,2026-07-11,15:47:05,210,39,21,228,PAY000182,Delivered,68
ORD000183,CUST02011,REST0121,PART0097,2025-12-28,22:49:35,1688,56,284,1460,PAY000183,Delivered,83
ORD000184,CUST00398,REST0203,PART0056,2025-11-04,00:34:54,925,97,63,959,PAY000184,Delivered,42
ORD000185,CUST00652,REST0206,PART0141,2025-11-18,14:30:24,1318,57,91,1284,PAY000185,Delivered,67
ORD000186,CUST02455,REST0143,PART0082,2025-12-12,09:33:46,1688,47,214,1521,PAY000186,Cancelled,61
ORD000187,CUST01607,REST0116,PART0104,2025-11-16,23:09:24,1178,88,272,994,PAY000187,Delivered,78
ORD000188,CUST00728,REST0205,PART0074,2026-05-06,08:20:29,736,77,40,773,PAY000188,Delivered,15
ORD000189,CUST00706,REST0051,PART0099,2025-09-23,12:44:52,1849,62,475,1436,PAY000189,Delivered,89
ORD000190,CUST00119,REST0115,PART0036,2025-09-09,20:28:50,1006,72,96,982,PAY000190,Delayed,79
ORD000191,CUST01675,REST0012,PART0084,2025-08-01,12:38:56,1377,93,374,1096,PAY000191,Delivered,46
ORD000192,CUST00373,REST0190,PART0006,2026-05-28,08:42:08,1315,100,241,1174,PAY000192,Delivered,64
ORD000193,CUST01876,REST0189,PART0062,2026-04-27,13:00:00,1197,44,82,1159,PAY000193,Delayed,37
ORD000194,CUST00544,REST0151,PART0017,2026-06-23,22:12:30,1609,45,165,1489,PAY000194,Delayed,18
ORD000195,CUST01004,REST0228,PART0062,2026-04-26,03:03:53,1332,79,235,1176,PAY000195,Delivered,37
ORD000196,CUST01357,REST0082,PART0063,2025-10-06,01:28:41,1174,34,309,899,PAY000196,Delivered,74
ORD000197,CUST01665,REST0267,PART0121,2025-12-30,10:41:37,164,24,43,145,PAY000197,Delivered,64
ORD000198,CUST02201,REST0062,PART0137,2026-02-02,20:28:50,1753,73,266,1560,PAY000198,Delivered,18
ORD000199,CUST01632,REST0021,PART0094,2025-11-01,07:19:40,1134,27,149,1012,PAY000199,Cancelled,66
ORD000200,CUST00598,REST0135,PART0149,2026-02-24,14:27:53,1762,35,106,1691,PAY000200,Delivered,29
ORD000201,CUST00582,REST0125,PART0124,2026-06-22,20:06:23,900,72,173,799,PAY000201,Delivered,41
ORD000202,CUST00304,REST0235,PART0126,2026-03-12,06:27:28,348,62,82,328,PAY000202,Delivered,46
ORD000203,CUST01355,REST0231,PART0067,2025-11-15,07:54:30,851,57,227,681,PAY000203,Cancelled,87
ORD000204,CUST02138,REST0148,PART0007,2025-08-23,20:53:14,223,37,18,242,PAY000204,Delivered,43
ORD000205,CUST01193,REST0158,PART0041,2025-11-28,03:17:15,1304,66,365,1005,PAY000205,Delivered,87
ORD000206,CUST00633,REST0066,PART0038,2025-11-03,20:14:09,1123,76,150,1049,PAY000206,Delivered,52
ORD000207,CUST00867,REST0299,PART0078,2025-09-18,13:13:34,676,49,7,718,PAY000207,Delayed,33
ORD000208,CUST02084,REST0265,PART0104,2025-08-31,06:46:05,174,53,23,204,PAY000208,Delivered,76
ORD000209,CUST00639,REST0257,PART0081,2025-11-05,00:41:04,1993,41,352,1682,PAY000209,Delivered,81
ORD000210,CUST02152,REST0247,PART0045,2025-10-30,14:14:41,924,82,86,920,PAY000210,Cancelled,76
ORD000211,CUST00921,REST0159,PART0053,2026-01-21,05:33:56,1519,28,175,1372,PAY000211,Delivered,43
ORD000212,CUST00490,REST0101,PART0092,2026-01-02,16:47:33,719,97,199,617,PAY000212,Delivered,78
ORD000213,CUST02147,REST0117,PART0052,2025-10-11,02:12:21,1316,21,382,955,PAY000213,Delayed,61
ORD000214,CUST01350,REST0260,PART0018,2026-06-25,01:50:39,966,100,50,1016,PAY000214,Cancelled,49
ORD000215,CUST01016,REST0126,PART0066,2025-09-19,23:58:33,1064,92,267,889,PAY000215,Delivered,38
ORD000216,CUST00165,REST0137,PART0142,2025-11-05,06:36:33,617,78,45,650,PAY000216,Delivered,50
ORD000217,CUST00261,REST0068,PART0134,2026-07-15,23:48:57,1671,44,375,1340,PAY000217,Delayed,53
ORD000218,CUST02399,REST0298,PART0123,2026-07-07,15:18:40,575,49,62,562,PAY000218,Delivered,74
ORD000219,CUST00300,REST0101,PART0123,2025-10-24,23:50:44,1249,26,163,1112,PAY000219,Delayed,29
ORD000220,CUST00410,REST0278,PART0056,2026-03-08,15:42:27,320,80,25,375,PAY000220,Delivered,77
ORD000221,CUST01761,REST0058,PART0114,2026-05-04,20:37:48,1315,21,297,1039,PAY000221,Delivered,39
ORD000222,CUST00003,REST0129,PART0105,2025-08-26,10:53:48,1800,98,467,1431,PAY000222,Delivered,49
ORD000223,CUST02078,REST0248,PART0132,2026-07-10,06:54:15,1442,42,168,1316,PAY000223,Delivered,51
ORD000224,CUST01398,REST0141,PART0144,2025-10-14,05:09:20,691,88,63,716,PAY000224,Delivered,79
ORD000225,CUST00747,REST0250,PART0002,2026-04-01,01:24:12,1431,76,57,1450,PAY000225,Delivered,55
ORD000226,CUST00733,REST0034,PART0111,2025-11-01,10:47:59,1113,83,83,1113,PAY000226,Delivered,53
ORD000227,CUST02207,REST0094,PART0050,2025-09-09,00:02:10,1915,76,350,1641,PAY000227,Delivered,28
ORD000228,CUST01251,REST0164,PART0136,2025-08-22,12:21:11,586,59,128,517,PAY000228,Delivered,75
ORD000229,CUST00862,REST0293,PART0040,2025-10-04,13:42:34,1552,58,312,1298,PAY000229,Delivered,56
ORD000230,CUST00647,REST0081,PART0084,2026-02-15,16:19:41,543,70,43,570,PAY000230,Delivered,81
ORD000231,CUST01708,REST0138,PART0059,2026-06-06,23:52:52,1488,96,403,1181,PAY000231,Delivered,48
ORD000232,CUST00594,REST0157,PART0086,2026-01-29,19:12:09,1903,58,379,1582,PAY000232,Delivered,60
ORD000233,CUST02308,REST0202,PART0107,2026-05-05,09:38:28,1071,59,217,913,PAY000233,Delivered,15
ORD000234,CUST00574,REST0234,PART0071,2025-09-19,19:36:38,263,72,45,290,PAY000234,Delivered,17
ORD000235,CUST01530,REST0013,PART0083,2025-07-26,20:42:48,577,52,75,554,PAY000235,Cancelled,69
ORD000236,CUST00817,REST0111,PART0129,2026-03-05,15:12:19,1292,91,378,1005,PAY000236,Delayed,71
ORD000237,CUST00658,REST0167,PART0123,2026-07-01,18:05:11,368,29,31,366,PAY000237,Delivered,90
ORD000238,CUST01024,REST0144,PART0097,2025-07-31,16:14:33,244,69,62,251,PAY000238,Delivered,22
ORD000239,CUST02204,REST0190,PART0113,2026-06-27,03:11:59,264,63,35,292,PAY000239,Delivered,51
ORD000240,CUST01330,REST0212,PART0039,2026-02-10,21:22:11,1116,37,37,1116,PAY000240,Delayed,34
ORD000241,CUST02302,REST0046,PART0113,2026-02-10,03:31:54,762,93,51,804,PAY000241,Delivered,46
ORD000242,CUST01068,REST0286,PART0136,2026-05-22,12:56:13,1322,89,390,1021,PAY000242,Delivered,52
ORD000243,CUST01480,REST0229,PART0055,2025-09-30,00:33:36,437,28,80,385,PAY000243,Delivered,38
ORD000244,CUST01484,REST0171,PART0051,2025-07-18,19:54:54,1109,49,235,923,PAY000244,Delivered,48
ORD000245,CUST00489,REST0211,PART0110,2026-01-21,21:41:31,1386,22,71,1337,PAY000245,Delivered,65
ORD000246,CUST02099,REST0192,PART0005,2026-06-04,13:17:46,1784,26,61,1749,PAY000246,Delivered,87
ORD000247,CUST02207,REST0252,PART0073,2026-05-31,15:05:55,215,84,41,258,PAY000247,Cancelled,88
ORD000248,CUST00378,REST0286,PART0029,2025-07-26,06:03:13,1654,29,289,1394,PAY000248,Delivered,83
ORD000249,CUST02351,REST0240,PART0049,2025-12-06,18:09:34,1785,85,89,1781,PAY000249,Delivered,24
ORD000250,CUST01849,REST0078,PART0085,2025-10-03,03:12:09,1824,55,476,1403,PAY000250,Delivered,24
ORD000251,CUST01860,REST0271,PART0111,2025-11-02,16:42:28,1476,93,173,1396,PAY000251,Delivered,17
ORD000252,CUST01598,REST0010,PART0003,2026-02-23,01:26:13,1327,57,3,1381,PAY000252,Delivered,43
ORD000253,CUST00913,REST0300,PART0084,2025-12-28,21:05:02,1024,39,132,931,PAY000253,Delayed,83
ORD000254,CUST02353,REST0182,PART0148,2026-04-26,13:21:35,1488,45,394,1139,PAY000254,Delivered,34
ORD000255,CUST01264,REST0093,PART0026,2026-01-04,23:51:30,1733,38,211,1560,PAY000255,Delivered,18
ORD000256,CUST00522,REST0277,PART0090,2026-02-03,12:52:29,1382,25,399,1008,PAY000256,Delivered,23
ORD000257,CUST00856,REST0104,PART0078,2025-09-03,05:51:45,1932,60,235,1757,PAY000257,Delivered,35
ORD000258,CUST01456,REST0014,PART0036,2026-06-03,23:37:32,705,49,55,699,PAY000258,Delayed,71
ORD000259,CUST01819,REST0107,PART0098,2026-01-08,11:58:29,1858,68,26,1900,PAY000259,Delivered,21
ORD000260,CUST00843,REST0195,PART0032,2025-11-07,18:50:48,1048,71,101,1018,PAY000260,Delivered,26
ORD000261,CUST00499,REST0084,PART0054,2026-07-07,18:07:38,1187,94,264,1017,PAY000261,Delivered,30
ORD000262,CUST01298,REST0213,PART0049,2025-08-27,19:28:35,1666,97,183,1580,PAY000262,Delivered,41
ORD000263,CUST01958,REST0131,PART0131,2026-04-20,09:44:03,1787,84,368,1503,PAY000263,Delayed,29
ORD000264,CUST01721,REST0205,PART0026,2026-04-16,13:11:31,183,20,24,179,PAY000264,Delivered,60
ORD000265,CUST01232,REST0118,PART0022,2026-07-08,05:12:16,784,28,111,701,PAY000265,Delivered,64
ORD000266,CUST01325,REST0024,PART0037,2026-06-09,07:22:40,182,55,46,191,PAY000266,Delivered,46
ORD000267,CUST02125,REST0080,PART0036,2025-08-31,19:43:09,1306,21,65,1262,PAY000267,Delayed,75
ORD000268,CUST01201,REST0191,PART0107,2026-01-04,19:56:50,275,96,26,345,PAY000268,Delayed,35
ORD000269,CUST00621,REST0093,PART0094,2026-06-26,10:45:06,503,42,132,413,PAY000269,Delivered,29
ORD000270,CUST01254,REST0207,PART0096,2025-12-31,02:48:09,211,83,26,268,PAY000270,Delayed,48
ORD000271,CUST00106,REST0170,PART0008,2026-01-23,19:16:00,807,23,200,630,PAY000271,Delivered,75
ORD000272,CUST01670,REST0024,PART0139,2025-10-26,09:39:23,1655,38,467,1226,PAY000272,Delivered,63
ORD000273,CUST00648,REST0052,PART0004,2025-08-18,23:25:17,1629,87,86,1630,PAY000273,Delayed,59
ORD000274,CUST00461,REST0244,PART0119,2026-06-16,23:32:29,338,73,8,403,PAY000274,Delivered,68
ORD000275,CUST00003,REST0160,PART0122,2025-09-07,09:01:42,1051,37,308,780,PAY000275,Delayed,75
ORD000276,CUST02212,REST0188,PART0025,2025-11-01,09:09:49,412,61,84,389,PAY000276,Cancelled,76
ORD000277,CUST02109,REST0067,PART0037,2026-04-26,09:06:45,551,36,56,531,PAY000277,Delivered,43
ORD000278,CUST01655,REST0145,PART0027,2026-04-01,22:40:22,1672,32,367,1337,PAY000278,Delivered,46
ORD000279,CUST01234,REST0169,PART0119,2025-08-30,11:18:08,663,43,186,520,PAY000279,Cancelled,90
ORD000280,CUST00595,REST0297,PART0009,2025-11-30,14:42:43,821,74,95,800,PAY000280,Cancelled,64
ORD000281,CUST00140,REST0122,PART0042,2026-05-24,08:16:11,523,21,36,508,PAY000281,Delayed,65
ORD000282,CUST01982,REST0177,PART0049,2025-08-15,22:45:01,173,93,30,236,PAY000282,Delivered,88
ORD000283,CUST01077,REST0280,PART0113,2026-05-01,06:57:40,1075,47,232,890,PAY000283,Delayed,30
ORD000284,CUST01382,REST0096,PART0066,2026-05-20,08:04:21,1492,85,172,1405,PAY000284,Delivered,58
ORD000285,CUST00396,REST0176,PART0133,2025-10-10,15:05:58,1731,90,467,1354,PAY000285,Delivered,48
ORD000286,CUST00105,REST0279,PART0033,2026-04-24,17:17:36,1751,66,436,1381,PAY000286,Delivered,27
ORD000287,CUST02255,REST0152,PART0033,2025-08-14,02:47:14,1086,34,61,1059,PAY000287,Delivered,59
ORD000288,CUST00340,REST0259,PART0047,2025-11-20,06:43:53,1076,75,283,868,PAY000288,Delivered,65
ORD000289,CUST00069,REST0102,PART0091,2025-09-15,02:35:42,549,38,56,531,PAY000289,Delivered,82
ORD000290,CUST02184,REST0186,PART0139,2026-01-29,03:56:07,1747,39,48,1738,PAY000290,Delivered,44
ORD000291,CUST00411,REST0085,PART0058,2025-11-23,11:21:39,491,67,40,518,PAY000291,Cancelled,34
ORD000292,CUST01215,REST0200,PART0134,2025-10-31,11:18:19,720,26,102,644,PAY000292,Delivered,68
ORD000293,CUST01229,REST0001,PART0020,2026-01-08,08:22:59,1108,61,69,1100,PAY000293,Cancelled,47
ORD000294,CUST00274,REST0031,PART0106,2026-03-18,03:37:59,1652,98,304,1446,PAY000294,Delivered,32
ORD000295,CUST01603,REST0082,PART0108,2026-04-27,21:21:05,1134,40,124,1050,PAY000295,Delivered,65
ORD000296,CUST00289,REST0116,PART0071,2026-01-31,09:50:43,546,51,89,508,PAY000296,Delivered,32
ORD000297,CUST00622,REST0106,PART0114,2026-04-03,06:02:43,402,94,120,376,PAY000297,Delivered,33
ORD000298,CUST00481,REST0267,PART0080,2026-05-14,00:22:53,1707,61,11,1757,PAY000298,Delivered,82
ORD000299,CUST00952,REST0225,PART0077,2025-08-14,00:20:48,1730,100,482,1348,PAY000299,Delivered,30
ORD000300,CUST00630,REST0037,PART0088,2026-04-16,17:44:12,1671,98,232,1537,PAY000300,Delivered,49
ORD000301,CUST01911,REST0219,PART0150,2026-04-09,09:50:05,931,52,57,926,PAY000301,Delivered,36
ORD000302,CUST02142,REST0053,PART0023,2025-11-15,12:01:59,1703,57,115,1645,PAY000302,Delivered,61
ORD000303,CUST01728,REST0030,PART0027,2026-06-27,18:22:28,1930,83,442,1571,PAY000303,Delivered,50
ORD000304,CUST01719,REST0129,PART0092,2026-07-10,08:54:00,665,85,84,666,PAY000304,Delayed,25
ORD000305,CUST02400,REST0254,PART0057,2025-07-31,03:18:13,357,82,31,408,PAY000305,Delayed,90
ORD000306,CUST01999,REST0288,PART0145,2025-12-31,13:09:51,1513,54,53,1514,PAY000306,Delivered,63
ORD000307,CUST02465,REST0056,PART0026,2025-08-24,05:56:57,1212,68,21,1259,PAY000307,Delayed,88
ORD000308,CUST02377,REST0216,PART0101,2026-07-13,08:05:29,390,50,46,394,PAY000308,Delivered,20
ORD000309,CUST01888,REST0294,PART0134,2026-04-16,01:50:04,1475,76,436,1115,PAY000309,Delivered,19
ORD000310,CUST00106,REST0111,PART0146,2026-05-20,16:14:53,1815,100,442,1473,PAY000310,Delivered,38
ORD000311,CUST01198,REST0212,PART0008,2026-02-03,16:37:49,1441,62,50,1453,PAY000311,Delivered,73
ORD000312,CUST01019,REST0142,PART0115,2025-11-16,13:21:35,884,64,180,768,PAY000312,Delivered,21
ORD000313,CUST00858,REST0286,PART0141,2025-09-28,04:26:10,1088,53,82,1059,PAY000313,Delivered,56
ORD000314,CUST00705,REST0256,PART0023,2026-06-08,00:29:51,1692,64,399,1357,PAY000314,Delivered,57
ORD000315,CUST00933,REST0163,PART0079,2026-02-18,00:18:57,1412,88,378,1122,PAY000315,Delivered,27
ORD000316,CUST02037,REST0096,PART0098,2026-03-29,23:58:26,1459,71,160,1370,PAY000316,Delivered,40
ORD000317,CUST01381,REST0225,PART0093,2026-06-06,13:06:58,1903,82,359,1626,PAY000317,Delivered,35
ORD000318,CUST00778,REST0298,PART0080,2026-06-22,01:22:12,811,22,28,805,PAY000318,Delivered,79
ORD000319,CUST00729,REST0204,PART0020,2026-03-16,09:17:16,756,91,137,710,PAY000319,Delivered,40
ORD000320,CUST01658,REST0135,PART0038,2025-07-30,01:56:42,335,96,84,347,PAY000320,Delivered,58
ORD000321,CUST01578,REST0054,PART0076,2026-03-19,15:44:02,874,70,68,876,PAY000321,Delivered,87
ORD000322,CUST00168,REST0126,PART0141,2026-03-16,20:30:44,813,48,113,748,PAY000322,Delivered,34
ORD000323,CUST00897,REST0126,PART0058,2025-07-19,08:04:59,203,83,14,272,PAY000323,Delivered,71
ORD000324,CUST00999,REST0011,PART0124,2025-10-19,17:52:26,447,21,75,393,PAY000324,Delayed,71
ORD000325,CUST00788,REST0212,PART0048,2025-09-07,09:33:22,1289,90,290,1089,PAY000325,Delivered,81
ORD000326,CUST01072,REST0187,PART0068,2026-02-28,22:54:29,968,100,198,870,PAY000326,Delivered,70
ORD000327,CUST02214,REST0183,PART0020,2025-12-09,08:18:52,896,50,163,783,PAY000327,Delivered,32
ORD000328,CUST02372,REST0066,PART0025,2026-06-19,22:29:28,1911,51,551,1411,PAY000328,Delivered,79
ORD000329,CUST02475,REST0117,PART0090,2025-10-09,18:17:37,1246,60,53,1253,PAY000329,Delivered,85
ORD000330,CUST00218,REST0236,PART0113,2026-04-03,17:50:48,1102,54,294,862,PAY000330,Delivered,78
ORD000331,CUST00091,REST0287,PART0115,2025-09-30,05:38:45,1043,28,87,984,PAY000331,Delivered,86
ORD000332,CUST00606,REST0033,PART0091,2025-10-27,06:26:13,1984,64,488,1560,PAY000332,Cancelled,23
ORD000333,CUST02449,REST0252,PART0111,2026-01-14,19:35:06,666,23,182,507,PAY000333,Delivered,32
ORD000334,CUST02206,REST0156,PART0085,2025-09-13,01:15:02,590,77,79,588,PAY000334,Delivered,44
ORD000335,CUST00591,REST0277,PART0081,2026-01-20,09:43:33,1785,85,416,1454,PAY000335,Delivered,15
ORD000336,CUST00491,REST0037,PART0017,2026-05-28,07:35:58,258,65,75,248,PAY000336,Delivered,82
ORD000337,CUST00798,REST0128,PART0046,2025-09-26,21:44:08,1645,40,375,1310,PAY000337,Delivered,38
ORD000338,CUST00490,REST0170,PART0023,2026-04-27,03:04:23,1479,83,373,1189,PAY000338,Delivered,27
ORD000339,CUST01562,REST0243,PART0036,2026-01-25,03:37:03,1325,69,208,1186,PAY000339,Delivered,58
ORD000340,CUST00727,REST0221,PART0065,2025-11-02,23:48:42,346,59,45,360,PAY000340,Delivered,78
ORD000341,CUST00822,REST0117,PART0090,2025-09-05,10:10:54,527,53,102,478,PAY000341,Delivered,25
ORD000342,CUST01056,REST0011,PART0016,2025-10-01,08:37:34,1075,32,268,839,PAY000342,Delivered,86
ORD000343,CUST00691,REST0001,PART0136,2026-03-19,18:18:09,1548,67,48,1567,PAY000343,Delivered,16
ORD000344,CUST00114,REST0291,PART0145,2026-06-21,09:26:08,819,69,78,810,PAY000344,Delivered,62
ORD000345,CUST00745,REST0275,PART0056,2025-08-19,16:38:41,503,44,127,420,PAY000345,Delivered,59
ORD000346,CUST02352,REST0091,PART0113,2026-02-01,18:06:53,1936,39,383,1592,PAY000346,Delivered,37
ORD000347,CUST00159,REST0276,PART0031,2026-06-14,03:04:20,454,76,7,523,PAY000347,Delivered,54
ORD000348,CUST00739,REST0266,PART0043,2026-04-23,03:17:01,370,64,87,347,PAY000348,Delivered,27
ORD000349,CUST01382,REST0233,PART0141,2026-05-03,07:08:05,545,97,39,603,PAY000349,Delivered,64
ORD000350,CUST01386,REST0127,PART0094,2025-10-07,10:10:43,388,90,8,470,PAY000350,Delivered,33
ORD000351,CUST01656,REST0022,PART0092,2025-07-17,11:35:48,1824,82,192,1714,PAY000351,Delivered,22
ORD000352,CUST02130,REST0047,PART0083,2025-12-31,21:56:11,1810,95,101,1804,PAY000352,Delivered,82
ORD000353,CUST01615,REST0280,PART0052,2025-08-11,08:42:44,1327,88,267,1148,PAY000353,Delivered,51
ORD000354,CUST01200,REST0219,PART0104,2026-01-22,19:21:53,427,77,50,454,PAY000354,Delivered,70
ORD000355,CUST02013,REST0054,PART0083,2026-02-17,20:16:44,318,82,3,397,PAY000355,Delivered,86
ORD000356,CUST02039,REST0148,PART0015,2026-03-10,14:44:56,1398,69,156,1311,PAY000356,Delayed,82
ORD000357,CUST02407,REST0293,PART0139,2025-10-05,05:35:26,535,31,78,488,PAY000357,Cancelled,37
ORD000358,CUST01241,REST0198,PART0049,2026-04-17,23:22:59,1244,23,24,1243,PAY000358,Delivered,60
ORD000359,CUST02147,REST0092,PART0131,2025-09-23,09:56:39,257,75,65,267,PAY000359,Delivered,62
ORD000360,CUST00761,REST0114,PART0082,2025-07-31,07:33:10,589,32,117,504,PAY000360,Delivered,24
ORD000361,CUST00064,REST0024,PART0098,2025-12-25,15:19:10,1164,46,292,918,PAY000361,Delivered,41
ORD000362,CUST01355,REST0091,PART0100,2026-04-09,10:14:44,744,20,61,703,PAY000362,Delivered,44
ORD000363,CUST00639,REST0073,PART0064,2025-10-26,09:49:03,1865,71,45,1891,PAY000363,Delivered,48
ORD000364,CUST01269,REST0105,PART0070,2026-03-11,10:53:28,1543,93,363,1273,PAY000364,Delivered,67
ORD000365,CUST01140,REST0098,PART0125,2025-12-10,22:21:13,1001,72,193,880,PAY000365,Delivered,47
ORD000366,CUST01620,REST0022,PART0115,2026-03-18,07:23:02,171,100,44,227,PAY000366,Delivered,31
ORD000367,CUST00651,REST0251,PART0018,2026-02-28,00:07:28,294,34,14,314,PAY000367,Delivered,38
ORD000368,CUST01051,REST0204,PART0073,2025-10-15,09:30:05,820,41,241,620,PAY000368,Delivered,83
ORD000369,CUST00445,REST0062,PART0102,2026-03-20,21:43:23,733,92,66,759,PAY000369,Delivered,40
ORD000370,CUST00521,REST0266,PART0010,2025-11-28,15:56:48,1286,83,102,1267,PAY000370,Delayed,75
ORD000371,CUST00156,REST0199,PART0048,2026-01-20,07:10:16,373,34,29,378,PAY000371,Cancelled,25
ORD000372,CUST01795,REST0074,PART0114,2026-02-07,06:02:53,1042,98,189,951,PAY000372,Delivered,20
ORD000373,CUST01303,REST0023,PART0146,2026-03-28,08:55:31,1720,44,215,1549,PAY000373,Delivered,16
ORD000374,CUST00719,REST0180,PART0119,2025-09-24,04:06:47,849,52,235,666,PAY000374,Delivered,40
ORD000375,CUST01196,REST0259,PART0017,2026-06-22,04:18:59,951,68,78,941,PAY000375,Delivered,43
ORD000376,CUST01798,REST0013,PART0113,2025-11-09,18:55:55,1434,44,171,1307,PAY000376,Cancelled,23
ORD000377,CUST00660,REST0074,PART0141,2026-06-07,17:36:28,1232,56,285,1003,PAY000377,Delayed,55
ORD000378,CUST02122,REST0274,PART0005,2025-10-14,07:11:40,378,28,52,354,PAY000378,Delivered,36
ORD000379,CUST00426,REST0120,PART0002,2026-06-21,01:44:50,908,24,73,859,PAY000379,Delivered,63
ORD000380,CUST02323,REST0062,PART0058,2025-11-06,16:30:34,1302,27,198,1131,PAY000380,Delivered,19
ORD000381,CUST01952,REST0293,PART0099,2026-04-01,15:46:39,1267,29,10,1286,PAY000381,Cancelled,51
ORD000382,CUST02010,REST0129,PART0089,2026-01-20,14:52:42,1682,50,349,1383,PAY000382,Delivered,73
ORD000383,CUST02198,REST0185,PART0058,2026-01-22,14:59:30,1990,39,465,1564,PAY000383,Delivered,33
ORD000384,CUST01054,REST0083,PART0095,2026-05-21,16:00:16,1454,42,198,1298,PAY000384,Delivered,17
ORD000385,CUST00175,REST0236,PART0106,2026-03-17,22:04:25,1799,58,147,1710,PAY000385,Delivered,84
ORD000386,CUST00853,REST0208,PART0108,2025-12-15,13:27:16,973,36,180,829,PAY000386,Delivered,68
ORD000387,CUST01592,REST0238,PART0094,2026-03-05,10:05:03,1652,77,227,1502,PAY000387,Delivered,58
ORD000388,CUST02171,REST0106,PART0063,2025-12-01,22:27:53,1512,71,68,1515,PAY000388,Delivered,42
ORD000389,CUST01489,REST0238,PART0141,2026-02-12,06:46:16,1314,44,373,985,PAY000389,Delivered,67
ORD000390,CUST01610,REST0073,PART0121,2026-01-19,00:39:18,1468,59,109,1418,PAY000390,Delivered,28
ORD000391,CUST01689,REST0027,PART0052,2025-11-07,23:16:48,1485,77,153,1409,PAY000391,Delivered,42
ORD000392,CUST01575,REST0265,PART0111,2025-08-22,17:32:48,1279,40,337,982,PAY000392,Delivered,38
ORD000393,CUST02325,REST0089,PART0070,2025-10-09,06:22:20,198,46,24,220,PAY000393,Delayed,87
ORD000394,CUST00811,REST0078,PART0106,2025-08-28,21:07:55,1463,71,294,1240,PAY000394,Delivered,55
ORD000395,CUST01994,REST0162,PART0136,2026-06-23,08:19:48,653,36,195,494,PAY000395,Delivered,19
ORD000396,CUST00088,REST0005,PART0014,2026-06-29,12:44:42,1761,28,87,1702,PAY000396,Delivered,57
ORD000397,CUST00617,REST0110,PART0079,2026-05-05,10:32:21,791,65,51,805,PAY000397,Delivered,23
ORD000398,CUST01830,REST0244,PART0087,2026-05-08,22:11:50,1426,60,298,1188,PAY000398,Cancelled,37
ORD000399,CUST00623,REST0084,PART0107,2025-11-04,19:21:18,357,91,20,428,PAY000399,Delivered,30
ORD000400,CUST02301,REST0283,PART0121,2025-12-26,04:41:30,1416,72,81,1407,PAY000400,Delivered,50
ORD000401,CUST00398,REST0021,PART0035,2026-01-05,21:44:44,382,38,56,364,PAY000401,Delivered,63
ORD000402,CUST00082,REST0186,PART0113,2025-11-19,14:42:44,926,81,87,920,PAY000402,Delivered,89
ORD000403,CUST02015,REST0291,PART0089,2025-10-20,07:41:31,522,77,5,594,PAY000403,Cancelled,58
ORD000404,CUST01230,REST0202,PART0039,2026-03-30,11:58:37,291,42,17,316,PAY000404,Delivered,29
ORD000405,CUST00341,REST0182,PART0127,2025-12-28,05:49:24,1448,61,149,1360,PAY000405,Delivered,17
ORD000406,CUST00693,REST0187,PART0065,2025-08-30,05:18:17,1974,95,427,1642,PAY000406,Delivered,39
ORD000407,CUST02006,REST0164,PART0043,2025-09-22,16:02:35,723,86,6,803,PAY000407,Delivered,21
ORD000408,CUST01839,REST0222,PART0087,2026-01-12,17:26:41,1584,59,134,1509,PAY000408,Delivered,20
ORD000409,CUST00329,REST0171,PART0142,2025-11-17,02:12:39,1685,78,337,1426,PAY000409,Delivered,19
ORD000410,CUST02350,REST0010,PART0078,2026-03-29,19:09:00,1935,99,10,2024,PAY000410,Delivered,63
ORD000411,CUST00148,REST0139,PART0097,2025-08-29,08:01:36,1112,68,198,982,PAY000411,Delivered,57
ORD000412,CUST01668,REST0176,PART0034,2025-11-28,05:27:32,1794,85,434,1445,PAY000412,Delivered,59
ORD000413,CUST01154,REST0137,PART0022,2026-04-12,22:00:35,1281,44,250,1075,PAY000413,Delivered,72
ORD000414,CUST00465,REST0012,PART0033,2025-12-17,20:15:11,1799,60,521,1338,PAY000414,Delivered,28
ORD000415,CUST00267,REST0079,PART0147,2026-04-15,23:10:45,302,42,47,297,PAY000415,Delivered,45
ORD000416,CUST00056,REST0175,PART0019,2025-09-03,23:22:39,1918,29,9,1938,PAY000416,Delivered,34
ORD000417,CUST01356,REST0055,PART0032,2026-05-12,17:01:43,1432,78,323,1187,PAY000417,Delivered,22
ORD000418,CUST00376,REST0047,PART0001,2026-06-23,20:13:32,558,30,47,541,PAY000418,Delayed,70
ORD000419,CUST01585,REST0165,PART0136,2026-01-20,02:33:49,580,26,20,586,PAY000419,Delivered,39
ORD000420,CUST02480,REST0096,PART0121,2026-06-07,12:17:08,1824,45,507,1362,PAY000420,Delivered,51
ORD000421,CUST00758,REST0260,PART0002,2026-05-24,18:20:17,1921,27,453,1495,PAY000421,Delivered,25
ORD000422,CUST02221,REST0295,PART0049,2026-06-16,18:56:29,554,53,36,571,PAY000422,Delivered,30
ORD000423,CUST00933,REST0084,PART0102,2026-01-22,05:13:39,535,43,82,496,PAY000423,Delayed,90
ORD000424,CUST01170,REST0112,PART0110,2026-03-06,16:03:57,1381,72,259,1194,PAY000424,Delivered,47
ORD000425,CUST00029,REST0129,PART0073,2025-12-23,05:56:14,1656,50,271,1435,PAY000425,Delayed,35
ORD000426,CUST01410,REST0031,PART0111,2026-04-09,03:09:52,276,28,63,241,PAY000426,Delivered,25
ORD000427,CUST02410,REST0186,PART0017,2025-10-15,10:50:46,174,31,20,185,PAY000427,Cancelled,87
ORD000428,CUST01518,REST0256,PART0077,2025-07-27,11:44:32,1073,65,245,893,PAY000428,Delivered,77
ORD000429,CUST02406,REST0088,PART0011,2025-11-06,05:27:29,1268,44,116,1196,PAY000429,Delivered,60
ORD000430,CUST01652,REST0238,PART0119,2025-10-28,07:01:24,1102,79,166,1015,PAY000430,Delivered,72
ORD000431,CUST00101,REST0072,PART0082,2026-01-29,07:55:02,440,69,107,402,PAY000431,Delivered,63
ORD000432,CUST01780,REST0089,PART0039,2025-10-07,18:43:36,968,66,7,1027,PAY000432,Delivered,90
ORD000433,CUST01603,REST0242,PART0039,2026-06-26,19:25:40,594,32,4,622,PAY000433,Delayed,49
ORD000434,CUST01607,REST0082,PART0078,2026-06-11,17:34:41,555,22,127,450,PAY000434,Delivered,85
ORD000435,CUST02486,REST0256,PART0111,2026-05-16,06:16:36,616,44,124,536,PAY000435,Delivered,70
ORD000436,CUST00435,REST0035,PART0083,2025-12-22,02:00:09,1148,27,180,995,PAY000436,Delivered,76
ORD000437,CUST02125,REST0254,PART0056,2025-08-08,20:31:09,742,38,60,720,PAY000437,Delivered,68
ORD000438,CUST00650,REST0174,PART0080,2026-02-19,14:24:35,176,59,40,195,PAY000438,Delivered,69
ORD000439,CUST02170,REST0145,PART0088,2026-05-11,23:28:36,399,96,16,479,PAY000439,Delivered,62
ORD000440,CUST00259,REST0010,PART0115,2025-11-18,18:09:35,906,92,242,756,PAY000440,Delivered,62
ORD000441,CUST00957,REST0161,PART0122,2025-10-25,20:07:46,654,46,83,617,PAY000441,Delivered,50
ORD000442,CUST01357,REST0100,PART0033,2026-04-04,09:08:45,847,93,203,737,PAY000442,Delayed,56
ORD000443,CUST00971,REST0128,PART0126,2025-11-16,14:12:34,618,95,156,557,PAY000443,Delivered,87
ORD000444,CUST02093,REST0049,PART0099,2025-12-22,22:43:29,1973,22,320,1675,PAY000444,Delayed,33
ORD000445,CUST02011,REST0237,PART0069,2025-12-15,05:42:10,808,30,135,703,PAY000445,Delivered,23
ORD000446,CUST00587,REST0187,PART0016,2026-05-26,10:30:11,947,44,141,850,PAY000446,Delivered,75
ORD000447,CUST01459,REST0248,PART0144,2026-01-03,21:04:44,607,20,83,544,PAY000447,Cancelled,33
ORD000448,CUST02197,REST0103,PART0049,2025-12-28,08:56:11,1142,60,309,893,PAY000448,Delivered,30
ORD000449,CUST00799,REST0269,PART0130,2025-12-18,01:45:15,1652,27,376,1303,PAY000449,Delivered,51
ORD000450,CUST00045,REST0153,PART0067,2025-10-25,11:41:10,1769,68,433,1404,PAY000450,Delivered,41
ORD000451,CUST01727,REST0041,PART0095,2026-07-05,13:41:05,756,23,7,772,PAY000451,Delivered,74
ORD000452,CUST02275,REST0081,PART0114,2025-08-06,11:00:42,1064,100,195,969,PAY000452,Delivered,55
ORD000453,CUST00811,REST0233,PART0073,2025-10-28,10:41:23,710,78,70,718,PAY000453,Delivered,35
ORD000454,CUST00070,REST0064,PART0014,2026-01-20,19:01:48,413,61,122,352,PAY000454,Delivered,56
ORD000455,CUST01292,REST0193,PART0141,2026-04-25,00:59:07,1127,67,72,1122,PAY000455,Cancelled,18
ORD000456,CUST00142,REST0145,PART0083,2025-10-09,06:32:13,960,42,167,835,PAY000456,Delayed,87
ORD000457,CUST00541,REST0255,PART0017,2025-11-25,05:20:41,230,85,7,308,PAY000457,Delivered,23
ORD000458,CUST00670,REST0121,PART0024,2026-03-20,08:13:21,460,33,133,360,PAY000458,Delivered,61
ORD000459,CUST01408,REST0036,PART0127,2026-05-30,02:59:38,842,30,105,767,PAY000459,Delivered,66
ORD000460,CUST01622,REST0080,PART0141,2025-08-02,23:04:50,277,87,53,311,PAY000460,Delivered,26
ORD000461,CUST01069,REST0117,PART0062,2025-11-13,01:19:10,1068,40,59,1049,PAY000461,Delivered,22
ORD000462,CUST00924,REST0246,PART0011,2026-01-06,02:03:54,199,26,41,184,PAY000462,Delivered,20
ORD000463,CUST00626,REST0071,PART0129,2025-12-22,09:30:44,1703,49,486,1266,PAY000463,Delivered,55
ORD000464,CUST02090,REST0149,PART0127,2025-10-10,04:33:03,943,70,9,1004,PAY000464,Delivered,18
ORD000465,CUST00820,REST0019,PART0054,2026-02-23,13:55:54,1276,28,20,1284,PAY000465,Delivered,44
ORD000466,CUST00331,REST0298,PART0095,2026-06-21,07:10:49,1156,20,178,998,PAY000466,Delivered,80
ORD000467,CUST02197,REST0004,PART0073,2025-09-18,22:00:43,963,47,77,933,PAY000467,Cancelled,49
ORD000468,CUST02489,REST0132,PART0086,2026-02-09,09:47:46,945,40,103,882,PAY000468,Cancelled,40
ORD000469,CUST01850,REST0015,PART0115,2025-10-04,07:43:22,954,35,146,843,PAY000469,Delivered,80
ORD000470,CUST00171,REST0199,PART0028,2026-05-14,23:44:35,569,43,28,584,PAY000470,Delivered,41
ORD000471,CUST00878,REST0156,PART0093,2026-03-16,01:53:04,1705,92,305,1492,PAY000471,Cancelled,74
ORD000472,CUST02094,REST0013,PART0080,2025-08-28,02:00:28,1310,52,111,1251,PAY000472,Delivered,16
ORD000473,CUST00846,REST0256,PART0100,2026-03-11,10:11:57,1848,43,341,1550,PAY000473,Delivered,56
ORD000474,CUST02014,REST0246,PART0144,2026-03-10,10:24:27,950,97,84,963,PAY000474,Delivered,51
ORD000475,CUST00002,REST0016,PART0013,2025-11-21,06:40:16,309,98,13,394,PAY000475,Delivered,16
ORD000476,CUST01563,REST0291,PART0041,2025-09-04,10:09:58,150,58,28,180,PAY000476,Cancelled,27
ORD000477,CUST01528,REST0039,PART0072,2026-03-08,04:26:20,590,44,108,526,PAY000477,Delivered,68
ORD000478,CUST01238,REST0073,PART0068,2026-02-10,20:47:16,759,24,30,753,PAY000478,Delivered,73
ORD000479,CUST01952,REST0090,PART0004,2025-07-23,23:27:32,396,23,112,307,PAY000479,Delivered,29
ORD000480,CUST02375,REST0286,PART0070,2026-04-22,17:27:05,1634,50,233,1451,PAY000480,Delivered,49
ORD000481,CUST00260,REST0079,PART0056,2025-07-24,10:37:23,1589,92,245,1436,PAY000481,Delivered,23
ORD000482,CUST00153,REST0255,PART0111,2026-05-23,20:49:19,1538,68,15,1591,PAY000482,Delayed,74
ORD000483,CUST00181,REST0033,PART0072,2025-12-10,12:04:53,508,21,147,382,PAY000483,Delivered,51
ORD000484,CUST01114,REST0097,PART0061,2025-08-20,07:00:29,565,54,6,613,PAY000484,Delivered,72
ORD000485,CUST01784,REST0287,PART0126,2026-05-15,07:57:34,1481,25,288,1218,PAY000485,Delivered,44
ORD000486,CUST02450,REST0189,PART0117,2026-04-15,22:21:23,736,66,22,780,PAY000486,Delivered,75
ORD000487,CUST02257,REST0277,PART0038,2025-11-22,16:15:43,485,67,95,457,PAY000487,Delivered,56
ORD000488,CUST01525,REST0240,PART0089,2026-07-05,12:22:42,983,42,205,820,PAY000488,Delivered,52
ORD000489,CUST01476,REST0222,PART0023,2025-11-30,05:12:00,1817,83,417,1483,PAY000489,Cancelled,47
ORD000490,CUST02209,REST0085,PART0011,2026-05-10,01:16:40,884,79,230,733,PAY000490,Delayed,58
ORD000491,CUST02453,REST0175,PART0139,2026-05-09,17:33:00,1910,100,148,1862,PAY000491,Delivered,35
ORD000492,CUST00335,REST0215,PART0029,2026-02-15,23:08:21,435,46,101,380,PAY000492,Delivered,79
ORD000493,CUST02358,REST0003,PART0066,2025-08-09,21:19:35,235,86,13,308,PAY000493,Delivered,85
ORD000494,CUST01372,REST0251,PART0030,2026-03-27,14:11:48,1664,49,350,1363,PAY000494,Delivered,56
ORD000495,CUST01609,REST0113,PART0148,2025-08-04,08:30:39,1273,70,267,1076,PAY000495,Delivered,59
ORD000496,CUST01859,REST0080,PART0049,2026-02-02,15:57:03,1558,33,115,1476,PAY000496,Delivered,15
ORD000497,CUST00592,REST0037,PART0079,2025-10-05,23:27:10,1788,33,507,1314,PAY000497,Delivered,45
ORD000498,CUST00396,REST0098,PART0007,2025-12-03,20:47:15,770,46,138,678,PAY000498,Cancelled,17
ORD000499,CUST00293,REST0035,PART0065,2026-02-09,04:45:32,397,46,23,420,PAY000499,Delivered,72
ORD000500,CUST00044,REST0154,PART0088,2025-10-01,07:23:06,1014,65,206,873,PAY000500,Delivered,64
ORD000501,CUST02416,REST0245,PART0011,2025-09-15,05:04:18,576,58,109,525,PAY000501,Delayed,77
ORD000502,CUST00128,REST0131,PART0122,2026-06-06,17:54:26,1173,60,179,1054,PAY000502,Delivered,64
ORD000503,CUST02405,REST0180,PART0126,2026-02-09,06:52:00,1726,32,432,1326,PAY000503,Delivered,18
ORD000504,CUST01946,REST0130,PART0140,2025-12-16,20:21:50,229,82,11,300,PAY000504,Delivered,26
ORD000505,CUST01863,REST0195,PART0087,2026-06-15,02:59:22,652,100,24,728,PAY000505,Delivered,45
ORD000506,CUST01269,REST0283,PART0116,2026-04-21,00:21:50,1111,24,165,970,PAY000506,Delivered,42
ORD000507,CUST00526,REST0015,PART0130,2025-10-13,07:20:38,990,32,5,1017,PAY000507,Delivered,71
ORD000508,CUST01126,REST0290,PART0100,2025-11-05,22:32:07,1178,43,237,984,PAY000508,Delivered,83
ORD000509,CUST02117,REST0252,PART0045,2026-05-23,10:18:47,668,94,30,732,PAY000509,Delivered,72
ORD000510,CUST01190,REST0170,PART0110,2025-09-16,22:11:16,1898,40,40,1898,PAY000510,Delayed,29
ORD000511,CUST01975,REST0249,PART0064,2026-07-04,21:42:01,1864,29,203,1690,PAY000511,Delivered,15
ORD000512,CUST00180,REST0155,PART0047,2025-12-08,10:36:20,1738,42,385,1395,PAY000512,Delivered,43
ORD000513,CUST00937,REST0228,PART0030,2025-11-21,23:36:56,1922,94,505,1511,PAY000513,Delivered,27
ORD000514,CUST01795,REST0255,PART0094,2025-12-23,18:54:54,435,36,6,465,PAY000514,Delivered,70
ORD000515,CUST01509,REST0279,PART0028,2025-10-07,23:28:13,1600,87,459,1228,PAY000515,Delivered,68
ORD000516,CUST02283,REST0217,PART0018,2026-02-15,23:40:13,218,55,55,218,PAY000516,Delivered,23
ORD000517,CUST01644,REST0260,PART0063,2026-04-27,00:57:48,688,65,121,632,PAY000517,Delivered,32
ORD000518,CUST02337,REST0096,PART0051,2025-10-20,19:52:43,199,40,5,234,PAY000518,Delivered,72
ORD000519,CUST01958,REST0035,PART0048,2026-07-16,07:21:20,914,91,134,871,PAY000519,Cancelled,89
ORD000520,CUST00830,REST0076,PART0077,2025-07-21,12:56:03,1296,25,118,1203,PAY000520,Delivered,32
ORD000521,CUST02090,REST0007,PART0029,2025-07-30,06:02:06,172,67,3,236,PAY000521,Delivered,82
ORD000522,CUST01243,REST0071,PART0082,2026-06-09,14:15:18,1349,87,4,1432,PAY000522,Delivered,46
ORD000523,CUST01945,REST0245,PART0123,2025-07-24,00:28:11,1790,47,193,1644,PAY000523,Delayed,42
ORD000524,CUST02218,REST0037,PART0038,2026-05-05,12:02:14,503,69,141,431,PAY000524,Delayed,31
ORD000525,CUST02103,REST0038,PART0145,2026-07-16,10:32:15,447,28,122,353,PAY000525,Delivered,36
ORD000526,CUST01482,REST0116,PART0068,2026-02-05,17:38:37,1433,72,429,1076,PAY000526,Cancelled,67
ORD000527,CUST00114,REST0099,PART0096,2025-08-25,01:21:15,237,61,50,248,PAY000527,Delivered,65
ORD000528,CUST00522,REST0246,PART0131,2026-01-27,00:06:15,1391,48,383,1056,PAY000528,Delivered,67
ORD000529,CUST01179,REST0255,PART0020,2025-12-17,18:50:14,644,96,133,607,PAY000529,Cancelled,70
ORD000530,CUST00597,REST0021,PART0095,2026-05-19,13:38:51,285,91,10,366,PAY000530,Delivered,50
ORD000531,CUST01399,REST0156,PART0138,2026-01-20,13:23:13,725,79,166,638,PAY000531,Delivered,56
ORD000532,CUST01998,REST0198,PART0144,2025-08-01,15:55:05,1901,80,523,1458,PAY000532,Delayed,88
ORD000533,CUST02006,REST0176,PART0137,2025-09-15,04:37:48,1111,63,46,1128,PAY000533,Delivered,81
ORD000534,CUST01099,REST0139,PART0074,2025-11-03,04:22:45,1443,28,128,1343,PAY000534,Delivered,80
ORD000535,CUST00981,REST0290,PART0049,2025-11-10,07:39:46,791,61,232,620,PAY000535,Delayed,59
ORD000536,CUST01686,REST0143,PART0068,2025-07-25,15:45:56,542,62,132,472,PAY000536,Delivered,69
ORD000537,CUST01209,REST0098,PART0093,2025-10-13,13:35:46,1723,98,142,1679,PAY000537,Delayed,84
ORD000538,CUST01896,REST0298,PART0134,2026-03-18,12:18:57,807,46,204,649,PAY000538,Delayed,37
ORD000539,CUST01012,REST0106,PART0087,2026-05-12,05:11:24,1633,57,326,1364,PAY000539,Cancelled,38
ORD000540,CUST01109,REST0291,PART0118,2026-04-09,11:04:10,653,70,123,600,PAY000540,Cancelled,83
ORD000541,CUST01035,REST0064,PART0097,2025-10-20,06:52:35,671,97,18,750,PAY000541,Delivered,85
ORD000542,CUST01044,REST0254,PART0117,2025-07-29,08:37:33,156,28,12,172,PAY000542,Delivered,85
ORD000543,CUST02325,REST0216,PART0051,2025-10-30,01:17:12,1831,55,523,1363,PAY000543,Delivered,49
ORD000544,CUST02439,REST0056,PART0122,2026-05-03,11:30:36,1025,100,250,875,PAY000544,Delivered,70
ORD000545,CUST00742,REST0063,PART0093,2025-09-02,06:13:35,791,35,35,791,PAY000545,Delivered,21
ORD000546,CUST00441,REST0281,PART0138,2026-05-27,23:27:44,1885,28,284,1629,PAY000546,Delivered,49
ORD000547,CUST00840,REST0021,PART0146,2026-05-16,17:42:04,1755,32,433,1354,PAY000547,Delivered,22
ORD000548,CUST01136,REST0146,PART0111,2025-12-09,23:40:19,378,63,79,362,PAY000548,Delivered,45
ORD000549,CUST02338,REST0137,PART0142,2026-03-27,17:24:23,601,99,154,546,PAY000549,Cancelled,60
ORD000550,CUST01298,REST0113,PART0044,2025-12-18,21:03:41,197,90,37,250,PAY000550,Delivered,64
ORD000551,CUST00657,REST0047,PART0147,2025-09-05,04:36:03,1259,98,8,1349,PAY000551,Delivered,49
ORD000552,CUST01665,REST0114,PART0062,2026-05-30,00:51:44,405,32,31,406,PAY000552,Delivered,73
ORD000553,CUST01145,REST0055,PART0001,2026-04-29,19:59:31,489,42,56,475,PAY000553,Delivered,45
ORD000554,CUST01584,REST0229,PART0055,2026-06-21,16:29:52,1041,94,307,828,PAY000554,Delivered,44
ORD000555,CUST01820,REST0227,PART0039,2025-10-29,02:21:42,1885,30,418,1497,PAY000555,Delivered,64
ORD000556,CUST02218,REST0140,PART0053,2026-06-16,00:03:44,1687,68,11,1744,PAY000556,Delivered,77
ORD000557,CUST01320,REST0011,PART0128,2025-08-18,05:16:20,1767,87,350,1504,PAY000557,Delivered,79
ORD000558,CUST01528,REST0074,PART0020,2025-08-14,23:04:33,944,76,105,915,PAY000558,Delayed,63
ORD000559,CUST00893,REST0161,PART0091,2025-08-13,22:29:56,1763,71,212,1622,PAY000559,Delivered,66
ORD000560,CUST01555,REST0241,PART0007,2026-01-28,04:09:46,659,57,59,657,PAY000560,Delivered,87
ORD000561,CUST00090,REST0200,PART0147,2026-04-22,16:22:18,1471,28,231,1268,PAY000561,Delivered,59
ORD000562,CUST01788,REST0229,PART0109,2026-04-15,10:47:12,930,22,251,701,PAY000562,Delivered,26
ORD000563,CUST01103,REST0188,PART0067,2026-05-08,07:44:39,672,64,58,678,PAY000563,Delivered,76
ORD000564,CUST02454,REST0272,PART0051,2026-04-26,18:28:50,495,48,132,411,PAY000564,Delivered,19
ORD000565,CUST00369,REST0082,PART0024,2025-12-24,13:24:51,896,26,117,805,PAY000565,Delivered,85
ORD000566,CUST01046,REST0232,PART0039,2025-07-24,01:38:33,662,30,134,558,PAY000566,Delivered,52
ORD000567,CUST00762,REST0118,PART0105,2025-07-21,23:11:43,1908,75,285,1698,PAY000567,Delayed,54
ORD000568,CUST00378,REST0027,PART0147,2026-04-30,15:48:36,1216,28,118,1126,PAY000568,Delivered,37
ORD000569,CUST00688,REST0121,PART0005,2026-06-03,16:17:49,1272,80,216,1136,PAY000569,Cancelled,40
ORD000570,CUST00733,REST0274,PART0032,2026-02-11,14:46:58,1732,32,275,1489,PAY000570,Delayed,74
ORD000571,CUST00626,REST0274,PART0048,2026-03-08,03:36:22,1708,67,183,1592,PAY000571,Delivered,46
ORD000572,CUST01116,REST0263,PART0006,2026-07-08,03:15:20,816,41,196,661,PAY000572,Delayed,79
ORD000573,CUST00553,REST0086,PART0013,2025-09-13,05:06:49,1982,27,403,1606,PAY000573,Delayed,75
ORD000574,CUST02495,REST0189,PART0147,2025-08-22,08:26:40,1883,36,247,1672,PAY000574,Delivered,50
ORD000575,CUST00451,REST0128,PART0042,2026-04-28,00:37:44,653,78,44,687,PAY000575,Delivered,20
ORD000576,CUST01177,REST0236,PART0136,2026-03-01,16:10:26,922,37,0,959,PAY000576,Delivered,77
ORD000577,CUST01655,REST0269,PART0120,2026-05-20,01:32:45,1277,89,371,995,PAY000577,Delivered,81
ORD000578,CUST01030,REST0269,PART0105,2025-12-15,03:19:51,1760,97,414,1443,PAY000578,Delivered,36
ORD000579,CUST00150,REST0106,PART0019,2025-09-29,16:39:02,1907,83,129,1861,PAY000579,Cancelled,62
ORD000580,CUST01540,REST0154,PART0096,2026-06-04,03:40:12,1387,72,195,1264,PAY000580,Delayed,18
ORD000581,CUST00883,REST0223,PART0038,2026-03-08,11:14:47,1147,45,8,1184,PAY000581,Delivered,72
ORD000582,CUST01624,REST0126,PART0037,2026-06-14,23:04:37,1768,37,309,1496,PAY000582,Delivered,17
ORD000583,CUST01994,REST0205,PART0120,2025-11-14,11:36:39,2000,76,258,1818,PAY000583,Delivered,74
ORD000584,CUST00535,REST0213,PART0014,2026-05-17,00:23:41,1957,46,474,1529,PAY000584,Delivered,46
ORD000585,CUST01533,REST0028,PART0090,2025-11-18,23:08:37,1987,32,302,1717,PAY000585,Delivered,74
ORD000586,CUST02451,REST0151,PART0091,2025-12-28,08:30:08,1966,75,79,1962,PAY000586,Delivered,80
ORD000587,CUST00278,REST0181,PART0085,2026-01-31,05:17:33,1127,25,245,907,PAY000587,Cancelled,39
ORD000588,CUST00598,REST0288,PART0070,2026-04-30,23:33:32,489,21,25,485,PAY000588,Delivered,22
ORD000589,CUST02135,REST0191,PART0007,2025-07-25,08:11:36,1193,47,322,918,PAY000589,Cancelled,72
ORD000590,CUST01422,REST0168,PART0073,2025-11-10,14:04:16,1785,98,471,1412,PAY000590,Delayed,62
ORD000591,CUST01796,REST0250,PART0111,2025-10-30,16:07:14,1790,86,126,1750,PAY000591,Cancelled,80
ORD000592,CUST00276,REST0079,PART0097,2026-01-10,11:06:09,1642,92,259,1475,PAY000592,Delivered,57
ORD000593,CUST00583,REST0101,PART0024,2025-10-02,22:46:56,1648,54,73,1629,PAY000593,Delivered,64
ORD000594,CUST00181,REST0156,PART0004,2025-08-23,22:52:10,957,48,21,984,PAY000594,Delivered,32
ORD000595,CUST01711,REST0078,PART0110,2025-10-26,20:57:59,1006,92,99,999,PAY000595,Delivered,85
ORD000596,CUST00272,REST0084,PART0010,2026-03-28,00:37:39,672,46,0,718,PAY000596,Delivered,48
ORD000597,CUST01919,REST0085,PART0127,2026-02-25,00:22:34,1761,28,224,1565,PAY000597,Delivered,29
ORD000598,CUST01404,REST0191,PART0121,2026-01-15,07:33:42,1520,78,415,1183,PAY000598,Cancelled,48
ORD000599,CUST02416,REST0267,PART0072,2025-12-09,11:46:43,1228,39,341,926,PAY000599,Delivered,46
ORD000600,CUST01980,REST0140,PART0085,2025-11-06,08:19:58,1818,22,444,1396,PAY000600,Delivered,80
ORD000601,CUST02424,REST0154,PART0066,2025-12-30,01:20:39,1171,71,26,1216,PAY000601,Delivered,28
ORD000602,CUST01019,REST0238,PART0040,2025-08-21,09:11:46,1286,48,112,1222,PAY000602,Delivered,27
ORD000603,CUST01638,REST0215,PART0146,2025-10-10,13:20:22,1185,66,211,1040,PAY000603,Cancelled,57
ORD000604,CUST01971,REST0034,PART0081,2025-12-21,01:04:07,646,40,159,527,PAY000604,Delivered,22
ORD000605,CUST01697,REST0243,PART0008,2026-02-19,02:39:21,981,75,78,978,PAY000605,Cancelled,57
ORD000606,CUST02015,REST0203,PART0055,2025-11-01,10:08:23,780,50,124,706,PAY000606,Cancelled,66
ORD000607,CUST00676,REST0173,PART0041,2026-01-19,22:56:09,736,51,156,631,PAY000607,Delivered,56
ORD000608,CUST00337,REST0043,PART0003,2025-11-03,16:48:22,921,30,51,900,PAY000608,Delivered,34
ORD000609,CUST00623,REST0027,PART0001,2026-07-03,17:50:59,1027,83,47,1063,PAY000609,Delivered,75
ORD000610,CUST01503,REST0183,PART0147,2026-04-15,05:06:12,216,37,37,216,PAY000610,Delivered,26
ORD000611,CUST00410,REST0020,PART0150,2026-02-08,07:36:45,488,59,84,463,PAY000611,Cancelled,25
ORD000612,CUST01601,REST0252,PART0028,2026-01-28,23:35:08,150,44,10,184,PAY000612,Delivered,49
ORD000613,CUST02155,REST0037,PART0073,2025-10-19,05:45:36,746,98,214,630,PAY000613,Delivered,32
ORD000614,CUST00645,REST0264,PART0025,2025-12-11,18:05:45,1096,97,133,1060,PAY000614,Delivered,78
ORD000615,CUST01612,REST0174,PART0042,2025-07-22,22:13:27,608,56,8,656,PAY000615,Cancelled,75
ORD000616,CUST01643,REST0215,PART0061,2026-01-25,06:29:34,1192,59,150,1101,PAY000616,Cancelled,54
ORD000617,CUST00636,REST0019,PART0021,2026-04-24,19:07:08,642,79,38,683,PAY000617,Delivered,22
ORD000618,CUST00442,REST0230,PART0033,2025-12-16,02:49:51,1942,35,151,1826,PAY000618,Delivered,34
ORD000619,CUST01311,REST0297,PART0062,2025-12-07,23:57:31,728,62,176,614,PAY000619,Delayed,76
ORD000620,CUST02408,REST0155,PART0054,2026-05-08,10:40:29,989,35,282,742,PAY000620,Delivered,75
ORD000621,CUST00785,REST0177,PART0017,2026-02-13,12:17:59,895,40,200,735,PAY000621,Delivered,21
ORD000622,CUST00765,REST0255,PART0119,2026-04-19,18:08:54,1872,52,398,1526,PAY000622,Delivered,65
ORD000623,CUST01730,REST0162,PART0146,2025-08-27,07:15:40,1070,37,167,940,PAY000623,Delivered,38
ORD000624,CUST01704,REST0048,PART0125,2026-01-07,21:15:25,1930,41,256,1715,PAY000624,Delivered,57
ORD000625,CUST02101,REST0254,PART0072,2025-10-11,06:11:25,236,37,30,243,PAY000625,Delayed,40
ORD000626,CUST01478,REST0176,PART0096,2026-02-25,16:01:08,1005,24,4,1025,PAY000626,Delayed,58
ORD000627,CUST02053,REST0104,PART0055,2025-07-25,21:48:03,364,81,98,347,PAY000627,Delivered,33
ORD000628,CUST02175,REST0201,PART0136,2025-12-17,13:20:58,1543,84,140,1487,PAY000628,Delivered,90
ORD000629,CUST00162,REST0233,PART0141,2026-05-11,17:57:03,1403,45,222,1226,PAY000629,Delivered,52
ORD000630,CUST01166,REST0171,PART0005,2025-10-14,09:15:56,1697,78,22,1753,PAY000630,Delivered,67
ORD000631,CUST01710,REST0238,PART0147,2026-01-05,20:55:43,1434,28,242,1220,PAY000631,Cancelled,44
ORD000632,CUST01230,REST0020,PART0059,2025-12-06,20:46:45,606,77,67,616,PAY000632,Delayed,89
ORD000633,CUST02174,REST0118,PART0011,2026-01-17,09:56:56,958,53,2,1009,PAY000633,Delivered,43
ORD000634,CUST01762,REST0025,PART0020,2026-02-19,22:45:39,639,70,0,709,PAY000634,Delivered,50
ORD000635,CUST00067,REST0257,PART0079,2025-08-27,13:15:54,1817,89,426,1480,PAY000635,Delivered,21
ORD000636,CUST02263,REST0148,PART0030,2026-03-22,21:17:42,1338,47,273,1112,PAY000636,Delivered,45
ORD000637,CUST02233,REST0103,PART0004,2025-11-13,20:53:07,1298,62,90,1270,PAY000637,Delivered,69
ORD000638,CUST01966,REST0011,PART0026,2025-11-22,08:18:54,823,51,242,632,PAY000638,Delivered,31
ORD000639,CUST01703,REST0083,PART0110,2025-09-10,01:50:13,496,57,65,488,PAY000639,Delivered,41
ORD000640,CUST01268,REST0278,PART0141,2026-05-26,16:33:49,890,32,147,775,PAY000640,Delivered,23
ORD000641,CUST00982,REST0034,PART0070,2026-03-17,21:00:51,468,35,0,503,PAY000641,Delivered,37
ORD000642,CUST00498,REST0257,PART0137,2025-08-17,17:19:20,1716,77,345,1448,PAY000642,Delivered,74
ORD000643,CUST01140,REST0043,PART0092,2025-08-22,06:52:55,400,81,85,396,PAY000643,Delivered,26
ORD000644,CUST02234,REST0129,PART0005,2026-02-19,01:37:22,511,69,48,532,PAY000644,Delayed,26
ORD000645,CUST00657,REST0268,PART0137,2025-09-19,23:22:10,482,38,87,433,PAY000645,Delivered,39
ORD000646,CUST00123,REST0175,PART0100,2025-10-04,21:31:36,1700,100,179,1621,PAY000646,Delivered,70
ORD000647,CUST00870,REST0086,PART0049,2026-06-17,02:34:13,1803,85,412,1476,PAY000647,Delivered,76
ORD000648,CUST00929,REST0254,PART0143,2026-01-22,11:09:56,1681,28,499,1210,PAY000648,Delayed,73
ORD000649,CUST00172,REST0019,PART0116,2026-03-03,16:46:10,809,67,50,826,PAY000649,Cancelled,39
ORD000650,CUST01388,REST0213,PART0002,2025-10-21,07:40:20,877,22,190,709,PAY000650,Delivered,55
ORD000651,CUST02436,REST0267,PART0144,2025-08-17,19:41:31,324,37,12,349,PAY000651,Delivered,29
ORD000652,CUST02268,REST0283,PART0088,2025-09-09,03:05:17,428,80,126,382,PAY000652,Delivered,30
ORD000653,CUST01008,REST0160,PART0138,2025-12-19,19:50:32,1810,24,324,1510,PAY000653,Delivered,69
ORD000654,CUST01230,REST0071,PART0067,2026-03-12,15:52:51,229,33,7,255,PAY000654,Delivered,63
ORD000655,CUST01688,REST0039,PART0136,2026-06-06,17:10:27,724,63,217,570,PAY000655,Delivered,61
ORD000656,CUST01667,REST0012,PART0007,2026-01-16,03:16:06,1170,59,153,1076,PAY000656,Cancelled,51
ORD000657,CUST00563,REST0269,PART0026,2026-02-04,12:17:10,1607,31,445,1193,PAY000657,Delivered,61
ORD000658,CUST01368,REST0163,PART0032,2026-04-23,00:56:32,344,53,98,299,PAY000658,Delivered,38
ORD000659,CUST00949,REST0026,PART0071,2026-06-07,07:53:50,584,94,20,658,PAY000659,Delayed,54
ORD000660,CUST00327,REST0282,PART0148,2026-02-21,07:15:07,1695,89,467,1317,PAY000660,Delivered,84
ORD000661,CUST01654,REST0021,PART0080,2026-05-07,14:55:34,1281,58,51,1288,PAY000661,Delivered,68
ORD000662,CUST00214,REST0071,PART0018,2025-10-14,12:11:39,1497,62,137,1422,PAY000662,Delivered,27
ORD000663,CUST00175,REST0241,PART0093,2025-08-08,03:05:12,158,33,30,161,PAY000663,Delivered,66
ORD000664,CUST02421,REST0288,PART0064,2026-05-10,06:33:26,368,53,20,401,PAY000664,Delivered,25
ORD000665,CUST00426,REST0009,PART0121,2026-01-23,20:46:43,494,43,145,392,PAY000665,Delivered,42
ORD000666,CUST01671,REST0003,PART0134,2025-10-22,02:49:28,496,85,61,520,PAY000666,Delivered,49
ORD000667,CUST02243,REST0122,PART0016,2025-12-23,04:35:31,1777,44,504,1317,PAY000667,Delivered,70
ORD000668,CUST02162,REST0150,PART0089,2025-11-14,04:45:45,1405,69,98,1376,PAY000668,Delivered,32
ORD000669,CUST01179,REST0138,PART0064,2026-04-29,19:51:21,1359,72,296,1135,PAY000669,Delivered,30
ORD000670,CUST00006,REST0059,PART0104,2025-11-24,10:57:15,672,97,127,642,PAY000670,Delivered,90
ORD000671,CUST00526,REST0296,PART0048,2026-06-05,06:14:59,1679,52,353,1378,PAY000671,Delivered,89
ORD000672,CUST00165,REST0119,PART0064,2025-09-12,17:35:50,1524,51,67,1508,PAY000672,Delivered,20
ORD000673,CUST00894,REST0142,PART0029,2025-07-30,10:05:13,1550,70,68,1552,PAY000673,Delivered,88
ORD000674,CUST00454,REST0008,PART0106,2025-11-18,01:51:27,1484,46,367,1163,PAY000674,Delivered,28
ORD000675,CUST00603,REST0064,PART0095,2026-04-09,19:42:54,572,77,36,613,PAY000675,Delivered,56
ORD000676,CUST01817,REST0104,PART0038,2026-02-20,18:53:06,925,86,140,871,PAY000676,Delivered,41
ORD000677,CUST02007,REST0251,PART0071,2026-03-05,18:21:39,873,44,124,793,PAY000677,Delivered,70
ORD000678,CUST01899,REST0082,PART0016,2025-12-21,02:57:57,666,20,110,576,PAY000678,Delivered,22
ORD000679,CUST01694,REST0057,PART0074,2026-06-19,16:05:19,1223,57,104,1176,PAY000679,Delivered,33
ORD000680,CUST00057,REST0243,PART0136,2025-07-18,09:43:28,722,42,109,655,PAY000680,Delivered,23
ORD000681,CUST00919,REST0231,PART0052,2025-10-28,09:05:00,1080,64,155,989,PAY000681,Delivered,50
ORD000682,CUST01968,REST0113,PART0113,2026-04-10,08:45:41,949,54,82,921,PAY000682,Cancelled,32
ORD000683,CUST00897,REST0283,PART0131,2025-10-05,11:54:09,1471,82,196,1357,PAY000683,Delivered,33
ORD000684,CUST01044,REST0051,PART0070,2026-05-05,11:15:19,698,67,133,632,PAY000684,Delivered,81
ORD000685,CUST00258,REST0291,PART0028,2026-02-19,15:49:42,1678,71,10,1739,PAY000685,Delivered,45
ORD000686,CUST02278,REST0295,PART0136,2026-05-20,20:53:36,666,51,193,524,PAY000686,Delayed,38
ORD000687,CUST00081,REST0168,PART0142,2026-01-22,01:03:24,1232,20,76,1176,PAY000687,Delivered,68
ORD000688,CUST00793,REST0096,PART0028,2026-02-13,03:02:51,848,20,123,745,PAY000688,Cancelled,54
ORD000689,CUST00818,REST0206,PART0145,2026-01-26,08:24:35,1575,54,300,1329,PAY000689,Delivered,87
ORD000690,CUST00804,REST0126,PART0084,2025-11-14,19:18:50,346,68,60,354,PAY000690,Delivered,20
ORD000691,CUST02182,REST0171,PART0127,2026-03-26,10:57:10,880,80,123,837,PAY000691,Delivered,44
ORD000692,CUST00313,REST0053,PART0145,2025-10-15,19:02:30,1301,22,353,970,PAY000692,Delivered,32
ORD000693,CUST01914,REST0212,PART0137,2025-11-18,05:32:20,991,25,104,912,PAY000693,Delivered,24
ORD000694,CUST00556,REST0114,PART0055,2026-01-11,10:05:27,1544,90,225,1409,PAY000694,Delivered,42
ORD000695,CUST00048,REST0210,PART0031,2026-04-17,12:55:19,348,24,32,340,PAY000695,Delivered,50
ORD000696,CUST00383,REST0175,PART0061,2026-01-19,19:38:38,1972,77,214,1835,PAY000696,Delivered,30
ORD000697,CUST00181,REST0244,PART0071,2026-02-01,00:38:14,1799,52,246,1605,PAY000697,Cancelled,84
ORD000698,CUST01687,REST0170,PART0026,2026-02-16,16:58:12,1874,82,221,1735,PAY000698,Delivered,26
ORD000699,CUST01138,REST0001,PART0110,2026-06-14,17:01:01,1343,49,294,1098,PAY000699,Delivered,59
ORD000700,CUST00673,REST0014,PART0025,2026-04-29,12:09:20,1692,77,284,1485,PAY000700,Delivered,88
ORD000701,CUST00705,REST0081,PART0060,2026-04-26,22:29:35,1516,55,98,1473,PAY000701,Delivered,20
ORD000702,CUST00544,REST0152,PART0118,2025-08-16,20:48:52,551,46,50,547,PAY000702,Delivered,22
ORD000703,CUST00129,REST0061,PART0053,2026-07-09,00:16:53,612,99,34,677,PAY000703,Delayed,61
ORD000704,CUST00260,REST0082,PART0122,2025-08-26,00:52:18,1859,75,157,1777,PAY000704,Delivered,63
ORD000705,CUST02184,REST0090,PART0108,2025-12-28,13:37:20,500,67,8,559,PAY000705,Delivered,28
ORD000706,CUST00300,REST0079,PART0107,2026-04-13,19:19:34,1715,40,216,1539,PAY000706,Delivered,28
ORD000707,CUST02131,REST0285,PART0136,2025-08-15,08:11:08,619,41,68,592,PAY000707,Delivered,90
ORD000708,CUST02435,REST0273,PART0146,2025-12-09,03:26:23,825,77,40,862,PAY000708,Delivered,42
ORD000709,CUST01144,REST0162,PART0067,2025-09-03,16:09:02,1020,42,227,835,PAY000709,Delivered,42
ORD000710,CUST01539,REST0275,PART0120,2026-05-06,04:29:14,551,71,75,547,PAY000710,Delivered,26
ORD000711,CUST00221,REST0118,PART0137,2025-07-21,12:46:54,386,36,115,307,PAY000711,Delivered,29
ORD000712,CUST02379,REST0070,PART0014,2025-09-17,04:36:33,1131,70,332,869,PAY000712,Delivered,81
ORD000713,CUST00986,REST0026,PART0131,2026-02-03,03:58:29,1253,49,64,1238,PAY000713,Delivered,84
ORD000714,CUST00343,REST0174,PART0135,2026-05-02,19:02:37,644,88,141,591,PAY000714,Cancelled,83
ORD000715,CUST00558,REST0092,PART0012,2025-09-01,10:02:45,684,62,140,606,PAY000715,Delayed,69
ORD000716,CUST00904,REST0046,PART0133,2025-09-18,18:51:36,1891,46,143,1794,PAY000716,Delivered,33
ORD000717,CUST02240,REST0042,PART0083,2025-09-30,21:23:29,1055,29,216,868,PAY000717,Delayed,73
ORD000718,CUST01384,REST0016,PART0009,2026-01-02,04:31:52,1545,55,433,1167,PAY000718,Delivered,16
ORD000719,CUST00343,REST0166,PART0043,2026-06-19,00:26:30,1737,23,31,1729,PAY000719,Delivered,89
ORD000720,CUST00403,REST0225,PART0138,2025-08-29,09:13:21,319,44,61,302,PAY000720,Delivered,62
ORD000721,CUST00614,REST0181,PART0081,2025-07-31,09:52:32,1762,100,26,1836,PAY000721,Delivered,63
ORD000722,CUST01197,REST0134,PART0041,2026-06-25,03:16:35,1777,84,296,1565,PAY000722,Delayed,25
ORD000723,CUST01177,REST0252,PART0134,2025-12-27,23:27:24,1814,38,488,1364,PAY000723,Cancelled,24
ORD000724,CUST00174,REST0161,PART0098,2026-01-24,13:14:46,1838,56,513,1381,PAY000724,Delivered,75
ORD000725,CUST00108,REST0023,PART0013,2025-09-20,13:02:13,1188,75,239,1024,PAY000725,Cancelled,15
ORD000726,CUST00364,REST0186,PART0133,2026-03-16,10:04:18,923,64,174,813,PAY000726,Delivered,50
ORD000727,CUST02307,REST0063,PART0061,2026-05-24,03:43:34,457,71,96,432,PAY000727,Delivered,67
ORD000728,CUST00934,REST0165,PART0095,2026-02-04,23:19:00,1783,54,523,1314,PAY000728,Delivered,21
ORD000729,CUST02363,REST0193,PART0011,2026-01-21,10:45:48,785,41,200,626,PAY000729,Delayed,85
ORD000730,CUST01666,REST0107,PART0062,2025-09-08,13:25:54,1430,80,27,1483,PAY000730,Delivered,67
ORD000731,CUST01455,REST0009,PART0135,2026-05-03,02:55:00,1903,98,471,1530,PAY000731,Delivered,38
ORD000732,CUST00193,REST0063,PART0101,2026-06-20,18:04:00,282,27,34,275,PAY000732,Delayed,47
ORD000733,CUST02168,REST0003,PART0067,2026-02-13,16:59:39,404,91,117,378,PAY000733,Delivered,48
ORD000734,CUST01020,REST0265,PART0050,2025-12-25,15:12:27,1271,80,255,1096,PAY000734,Delivered,63
ORD000735,CUST01097,REST0125,PART0040,2025-12-18,08:31:21,1232,28,204,1056,PAY000735,Delivered,23
ORD000736,CUST01209,REST0088,PART0134,2025-07-19,20:05:15,1576,71,316,1331,PAY000736,Delivered,88
ORD000737,CUST00085,REST0125,PART0108,2025-11-08,11:42:43,984,58,81,961,PAY000737,Delivered,31
ORD000738,CUST00877,REST0054,PART0080,2025-08-30,21:44:51,1629,87,220,1496,PAY000738,Delivered,47
ORD000739,CUST01195,REST0200,PART0041,2026-01-01,08:45:14,1096,25,199,922,PAY000739,Delivered,60
ORD000740,CUST00174,REST0096,PART0104,2025-11-07,12:09:18,1701,57,443,1315,PAY000740,Delivered,44
ORD000741,CUST00766,REST0151,PART0050,2026-04-21,20:08:49,846,89,174,761,PAY000741,Cancelled,17
ORD000742,CUST01147,REST0149,PART0132,2026-07-09,07:10:37,922,59,210,771,PAY000742,Cancelled,88
ORD000743,CUST00989,REST0285,PART0129,2026-06-23,02:05:40,1646,33,188,1491,PAY000743,Delivered,81
ORD000744,CUST00550,REST0239,PART0016,2026-04-05,00:56:10,1850,55,339,1566,PAY000744,Delivered,58
ORD000745,CUST01194,REST0123,PART0053,2025-10-29,12:41:53,743,27,218,552,PAY000745,Delivered,42
ORD000746,CUST02156,REST0132,PART0081,2026-02-04,03:39:34,1716,65,198,1583,PAY000746,Delivered,30
ORD000747,CUST00580,REST0053,PART0024,2025-11-18,10:38:54,1641,48,413,1276,PAY000747,Delivered,27
ORD000748,CUST00507,REST0279,PART0013,2026-03-12,02:56:38,1081,87,238,930,PAY000748,Delivered,40
ORD000749,CUST00811,REST0253,PART0056,2026-06-26,16:57:11,1365,31,323,1073,PAY000749,Delivered,32
ORD000750,CUST00161,REST0209,PART0009,2025-12-07,13:39:05,1468,61,115,1414,PAY000750,Delivered,24
ORD000751,CUST02069,REST0255,PART0084,2026-02-20,04:53:08,1686,98,389,1395,PAY000751,Delayed,64
ORD000752,CUST02264,REST0269,PART0003,2026-03-25,18:17:17,1095,84,208,971,PAY000752,Delivered,16
ORD000753,CUST02401,REST0055,PART0086,2025-09-18,16:31:03,577,23,7,593,PAY000753,Delivered,68
ORD000754,CUST02146,REST0007,PART0063,2025-09-09,04:49:53,1275,36,305,1006,PAY000754,Delivered,63
ORD000755,CUST01162,REST0062,PART0107,2025-11-05,22:37:19,1117,83,135,1065,PAY000755,Delivered,15
ORD000756,CUST01507,REST0178,PART0035,2026-02-04,10:50:49,1542,47,200,1389,PAY000756,Delivered,22
ORD000757,CUST00505,REST0270,PART0148,2026-04-08,06:40:38,787,97,18,866,PAY000757,Delivered,51
ORD000758,CUST00948,REST0204,PART0136,2025-10-03,15:30:51,1254,57,115,1196,PAY000758,Delivered,76
ORD000759,CUST01669,REST0100,PART0044,2026-05-24,00:33:29,1866,23,142,1747,PAY000759,Delayed,35
ORD000760,CUST00606,REST0038,PART0062,2026-03-11,16:41:06,1392,97,258,1231,PAY000760,Delivered,72
ORD000761,CUST00315,REST0048,PART0066,2026-04-19,17:10:47,836,63,107,792,PAY000761,Cancelled,19
ORD000762,CUST00176,REST0188,PART0006,2025-12-07,10:07:24,1214,88,208,1094,PAY000762,Delivered,58
ORD000763,CUST01784,REST0024,PART0133,2026-02-02,22:45:44,1158,70,219,1009,PAY000763,Cancelled,27
ORD000764,CUST00791,REST0029,PART0134,2026-03-08,00:18:21,1023,22,21,1024,PAY000764,Delayed,41
ORD000765,CUST00112,REST0198,PART0040,2025-10-21,19:30:45,949,70,45,974,PAY000765,Delivered,73
ORD000766,CUST00719,REST0112,PART0066,2026-01-15,14:10:35,806,47,25,828,PAY000766,Cancelled,58
ORD000767,CUST02254,REST0094,PART0112,2026-01-12,00:08:52,1824,75,521,1378,PAY000767,Delivered,88
ORD000768,CUST01739,REST0288,PART0037,2025-10-06,00:53:09,1144,100,248,996,PAY000768,Delayed,41
ORD000769,CUST00166,REST0060,PART0062,2026-07-14,19:49:54,1852,53,297,1608,PAY000769,Delivered,53
ORD000770,CUST00795,REST0176,PART0077,2025-11-21,11:15:58,160,87,28,219,PAY000770,Delivered,45
ORD000771,CUST00560,REST0209,PART0012,2026-07-11,06:48:00,1917,90,541,1466,PAY000771,Delivered,42
ORD000772,CUST00509,REST0028,PART0027,2026-05-02,06:08:20,1471,67,314,1224,PAY000772,Delivered,62
ORD000773,CUST00195,REST0260,PART0095,2026-04-21,21:53:32,1565,22,310,1277,PAY000773,Delivered,87
ORD000774,CUST01186,REST0147,PART0147,2026-06-12,06:42:00,1599,28,411,1216,PAY000774,Delivered,38
ORD000775,CUST02388,REST0085,PART0104,2026-07-11,13:54:10,1613,77,130,1560,PAY000775,Delivered,88
ORD000776,CUST02346,REST0193,PART0076,2025-09-06,19:14:42,1431,73,392,1112,PAY000776,Delivered,85
ORD000777,CUST00368,REST0268,PART0076,2025-09-18,00:36:10,1705,96,467,1334,PAY000777,Delivered,33
ORD000778,CUST02330,REST0128,PART0038,2026-02-04,21:21:12,1754,66,393,1427,PAY000778,Delivered,57
ORD000779,CUST02050,REST0159,PART0146,2026-04-19,22:50:02,360,57,2,415,PAY000779,Delivered,39
ORD000780,CUST00758,REST0115,PART0076,2026-06-03,08:26:05,1973,44,110,1907,PAY000780,Delivered,33
ORD000781,CUST00225,REST0209,PART0006,2026-01-16,06:35:03,977,92,286,783,PAY000781,Delivered,86
ORD000782,CUST01873,REST0214,PART0008,2025-07-20,01:19:55,467,70,30,507,PAY000782,Delivered,71
ORD000783,CUST02301,REST0117,PART0134,2025-11-16,14:51:32,1684,47,158,1573,PAY000783,Delivered,43
ORD000784,CUST01000,REST0267,PART0036,2025-12-24,22:00:59,1522,97,185,1434,PAY000784,Delivered,86
ORD000785,CUST01412,REST0209,PART0031,2025-09-23,20:17:50,1862,56,3,1915,PAY000785,Delivered,33
ORD000786,CUST00123,REST0282,PART0038,2025-09-12,15:08:48,1399,75,174,1300,PAY000786,Delivered,66
ORD000787,CUST01779,REST0137,PART0024,2026-01-14,23:06:31,1712,65,150,1627,PAY000787,Delivered,85
ORD000788,CUST01667,REST0038,PART0056,2025-08-11,06:43:28,1323,68,176,1215,PAY000788,Delivered,16
ORD000789,CUST00597,REST0098,PART0136,2025-07-18,10:00:37,1136,74,50,1160,PAY000789,Delivered,55
ORD000790,CUST00787,REST0137,PART0103,2025-11-14,08:21:22,839,35,64,810,PAY000790,Cancelled,84
ORD000791,CUST01114,REST0021,PART0008,2026-04-14,15:54:58,1353,59,260,1152,PAY000791,Delivered,36
ORD000792,CUST00027,REST0264,PART0112,2025-09-27,03:02:39,1690,48,0,1738,PAY000792,Delivered,65
ORD000793,CUST01586,REST0258,PART0052,2025-10-01,15:06:03,278,27,14,291,PAY000793,Delivered,24
ORD000794,CUST01372,REST0014,PART0013,2026-04-11,18:45:42,1518,44,416,1146,PAY000794,Delivered,23
ORD000795,CUST01144,REST0042,PART0076,2025-08-21,16:31:02,1230,27,313,944,PAY000795,Delivered,24
ORD000796,CUST00726,REST0268,PART0051,2026-02-10,01:48:45,261,78,52,287,PAY000796,Cancelled,89
ORD000797,CUST01509,REST0113,PART0072,2026-01-10,08:11:38,1434,38,25,1447,PAY000797,Delivered,49
ORD000798,CUST01814,REST0145,PART0101,2025-11-21,19:15:46,1984,83,451,1616,PAY000798,Delivered,35
ORD000799,CUST00573,REST0207,PART0106,2025-08-22,00:35:44,1612,77,453,1236,PAY000799,Delivered,31
ORD000800,CUST02276,REST0048,PART0126,2025-08-08,23:21:28,430,64,4,490,PAY000800,Cancelled,75
ORD000801,CUST01080,REST0012,PART0102,2026-03-15,22:57:37,479,92,17,554,PAY000801,Delivered,82
ORD000802,CUST00813,REST0104,PART0117,2026-01-14,06:20:15,688,28,49,667,PAY000802,Delivered,44
ORD000803,CUST00702,REST0104,PART0089,2026-03-04,02:30:32,421,60,45,436,PAY000803,Delivered,66
ORD000804,CUST01902,REST0006,PART0053,2025-09-15,00:02:23,1106,89,40,1155,PAY000804,Delivered,36
ORD000805,CUST00002,REST0195,PART0029,2025-08-11,04:09:07,310,97,20,387,PAY000805,Delivered,43
ORD000806,CUST01302,REST0068,PART0120,2025-11-29,08:14:55,637,85,171,551,PAY000806,Cancelled,78
ORD000807,CUST01833,REST0039,PART0140,2026-03-20,08:56:36,398,44,27,415,PAY000807,Delivered,52
ORD000808,CUST00691,REST0297,PART0083,2026-02-18,09:30:15,691,95,12,774,PAY000808,Delivered,21
ORD000809,CUST02091,REST0023,PART0025,2026-06-24,07:08:49,1919,70,301,1688,PAY000809,Delivered,70
ORD000810,CUST01851,REST0105,PART0065,2025-10-12,00:32:22,733,26,60,699,PAY000810,Delivered,28
ORD000811,CUST00581,REST0238,PART0128,2025-11-27,05:01:42,1113,88,55,1146,PAY000811,Delivered,80
ORD000812,CUST00662,REST0048,PART0126,2026-03-17,10:50:07,532,29,3,558,PAY000812,Delivered,90
ORD000813,CUST00793,REST0134,PART0133,2025-07-21,17:29:17,1844,43,104,1783,PAY000813,Delivered,68
ORD000814,CUST02013,REST0225,PART0060,2026-07-11,14:15:20,1322,89,174,1237,PAY000814,Delivered,69
ORD000815,CUST00471,REST0264,PART0046,2025-09-29,01:19:59,1941,89,248,1782,PAY000815,Delivered,84
ORD000816,CUST00938,REST0294,PART0116,2025-10-30,21:04:07,986,23,173,836,PAY000816,Delivered,17
ORD000817,CUST01650,REST0061,PART0117,2025-11-03,14:36:43,1758,95,438,1415,PAY000817,Delivered,76
ORD000818,CUST01660,REST0266,PART0038,2026-05-30,23:46:39,974,83,120,937,PAY000818,Delivered,16
ORD000819,CUST02215,REST0074,PART0022,2026-07-05,05:41:15,1715,20,385,1350,PAY000819,Cancelled,36
ORD000820,CUST00653,REST0045,PART0101,2026-06-18,09:00:23,1438,64,167,1335,PAY000820,Delivered,61
ORD000821,CUST00430,REST0136,PART0104,2025-12-28,17:56:37,1741,62,458,1345,PAY000821,Delivered,87
ORD000822,CUST00714,REST0038,PART0147,2026-02-28,05:25:55,1650,29,267,1412,PAY000822,Cancelled,32
ORD000823,CUST02284,REST0274,PART0069,2026-04-25,11:34:33,964,78,20,1022,PAY000823,Delayed,45
ORD000824,CUST01183,REST0280,PART0005,2025-11-11,23:35:29,1426,97,277,1246,PAY000824,Delivered,35
ORD000825,CUST00139,REST0118,PART0139,2025-12-05,21:02:28,1977,24,338,1663,PAY000825,Delivered,70
ORD000826,CUST01196,REST0067,PART0077,2026-03-15,18:33:45,1617,52,259,1410,PAY000826,Delivered,58
ORD000827,CUST00271,REST0044,PART0073,2026-05-10,02:38:45,1198,90,322,966,PAY000827,Delivered,59
ORD000828,CUST01876,REST0019,PART0113,2025-12-19,20:31:31,1432,89,259,1262,PAY000828,Delivered,26
ORD000829,CUST01646,REST0230,PART0100,2026-07-14,02:10:22,516,50,139,427,PAY000829,Delivered,76
ORD000830,CUST01852,REST0141,PART0098,2025-10-23,04:13:41,1254,43,13,1284,PAY000830,Cancelled,24
ORD000831,CUST02018,REST0197,PART0139,2026-02-19,03:44:15,1163,98,272,989,PAY000831,Delivered,34
ORD000832,CUST02037,REST0079,PART0034,2026-02-11,08:26:08,1326,75,258,1143,PAY000832,Delivered,55
ORD000833,CUST00157,REST0273,PART0082,2026-03-22,09:55:52,1331,45,252,1124,PAY000833,Delivered,82
ORD000834,CUST01511,REST0027,PART0069,2026-03-29,07:32:35,966,43,121,888,PAY000834,Delivered,18
ORD000835,CUST01360,REST0234,PART0146,2025-10-02,22:03:00,1697,69,195,1571,PAY000835,Delivered,19
ORD000836,CUST01146,REST0278,PART0046,2025-08-15,07:55:18,1528,35,85,1478,PAY000836,Delayed,58
ORD000837,CUST02145,REST0202,PART0118,2026-03-03,09:35:20,699,52,46,705,PAY000837,Delivered,90
ORD000838,CUST01205,REST0096,PART0064,2025-09-13,10:27:58,551,37,90,498,PAY000838,Delivered,32
ORD000839,CUST01103,REST0201,PART0057,2025-08-25,05:36:01,1664,93,433,1324,PAY000839,Delivered,39
ORD000840,CUST01394,REST0208,PART0043,2026-04-26,00:01:07,1996,93,105,1984,PAY000840,Delivered,48
ORD000841,CUST02184,REST0173,PART0124,2025-10-08,07:10:21,1551,61,95,1517,PAY000841,Delivered,37
ORD000842,CUST01654,REST0114,PART0057,2025-11-01,23:26:46,946,41,87,900,PAY000842,Delivered,58
ORD000843,CUST00916,REST0259,PART0028,2025-09-23,11:54:13,1395,67,52,1410,PAY000843,Delivered,86
ORD000844,CUST02006,REST0266,PART0068,2025-10-26,08:32:53,906,66,13,959,PAY000844,Delivered,64
ORD000845,CUST01313,REST0250,PART0074,2026-02-20,03:28:54,814,22,156,680,PAY000845,Delivered,48
ORD000846,CUST00492,REST0263,PART0148,2025-08-24,23:30:11,165,44,19,190,PAY000846,Delivered,24
ORD000847,CUST00676,REST0025,PART0051,2025-09-03,10:45:34,1135,96,247,984,PAY000847,Delivered,81
ORD000848,CUST00155,REST0045,PART0094,2026-05-21,17:17:37,1341,50,137,1254,PAY000848,Delivered,41
ORD000849,CUST01203,REST0233,PART0028,2026-02-04,02:08:48,779,31,83,727,PAY000849,Cancelled,56
ORD000850,CUST00711,REST0188,PART0055,2026-03-01,07:59:01,369,47,93,323,PAY000850,Delivered,68
ORD000851,CUST00976,REST0219,PART0115,2026-03-23,16:02:39,1640,87,49,1678,PAY000851,Delivered,55
ORD000852,CUST00614,REST0056,PART0073,2026-05-09,17:56:09,182,99,17,264,PAY000852,Delivered,26
ORD000853,CUST01871,REST0197,PART0136,2025-12-11,23:06:43,1739,65,181,1623,PAY000853,Delivered,30
ORD000854,CUST00247,REST0068,PART0123,2025-11-21,11:06:28,1222,80,287,1015,PAY000854,Delivered,15
ORD000855,CUST02107,REST0270,PART0143,2026-02-24,19:17:31,889,36,120,805,PAY000855,Delivered,59
ORD000856,CUST02284,REST0220,PART0107,2026-05-12,01:09:17,483,37,84,436,PAY000856,Delayed,22
ORD000857,CUST01702,REST0231,PART0138,2026-06-12,16:03:30,1919,94,518,1495,PAY000857,Delivered,71
ORD000858,CUST02019,REST0173,PART0131,2026-03-03,05:12:58,761,41,35,767,PAY000858,Delivered,58
ORD000859,CUST02410,REST0217,PART0094,2026-03-08,02:42:19,1258,100,173,1185,PAY000859,Delivered,55
ORD000860,CUST00528,REST0156,PART0031,2025-10-31,21:49:57,739,42,128,653,PAY000860,Delivered,25
ORD000861,CUST00026,REST0021,PART0011,2026-05-25,18:22:09,830,23,34,819,PAY000861,Delivered,34
ORD000862,CUST00298,REST0122,PART0034,2026-04-28,13:36:16,912,49,118,843,PAY000862,Delivered,29
ORD000863,CUST00854,REST0003,PART0083,2026-06-19,15:14:15,1928,60,70,1918,PAY000863,Delivered,58
ORD000864,CUST01744,REST0285,PART0047,2026-03-12,10:16:35,219,86,26,279,PAY000864,Delayed,27
ORD000865,CUST02130,REST0269,PART0099,2026-04-01,20:38:05,771,56,217,610,PAY000865,Cancelled,64
ORD000866,CUST01840,REST0226,PART0075,2026-07-04,08:25:38,1173,48,216,1005,PAY000866,Delivered,67
ORD000867,CUST01501,REST0264,PART0043,2026-01-16,02:15:48,1679,20,66,1633,PAY000867,Delivered,62
ORD000868,CUST00895,REST0089,PART0140,2025-10-05,12:40:18,578,28,134,472,PAY000868,Delivered,28
ORD000869,CUST00820,REST0074,PART0002,2025-09-19,12:35:30,539,28,32,535,PAY000869,Delivered,54
ORD000870,CUST00034,REST0047,PART0134,2025-07-17,06:41:07,339,27,48,318,PAY000870,Delivered,46
ORD000871,CUST00836,REST0284,PART0119,2026-05-16,11:16:55,687,82,40,729,PAY000871,Delivered,59
ORD000872,CUST01655,REST0266,PART0023,2025-10-14,06:36:49,1240,41,241,1040,PAY000872,Delivered,73
ORD000873,CUST01967,REST0238,PART0083,2025-10-08,07:11:28,1761,43,358,1446,PAY000873,Delivered,48
ORD000874,CUST01982,REST0070,PART0098,2025-08-20,17:07:34,1301,100,136,1265,PAY000874,Delivered,34
ORD000875,CUST00370,REST0262,PART0117,2026-07-12,05:47:56,216,61,18,259,PAY000875,Delivered,63
ORD000876,CUST00218,REST0282,PART0047,2026-05-24,05:35:32,643,33,100,576,PAY000876,Delayed,71
ORD000877,CUST00260,REST0235,PART0056,2026-03-12,01:17:46,1471,80,89,1462,PAY000877,Delayed,40
ORD000878,CUST00120,REST0167,PART0047,2025-09-11,03:11:35,1762,47,190,1619,PAY000878,Delivered,37
ORD000879,CUST00877,REST0211,PART0044,2025-09-09,21:45:19,1330,92,314,1108,PAY000879,Delivered,27
ORD000880,CUST01242,REST0121,PART0142,2025-09-18,06:00:38,1787,61,77,1771,PAY000880,Delivered,85
ORD000881,CUST01490,REST0126,PART0148,2026-01-16,21:26:15,634,41,83,592,PAY000881,Cancelled,84
ORD000882,CUST01712,REST0063,PART0126,2026-06-20,21:47:10,1288,59,136,1211,PAY000882,Cancelled,74
ORD000883,CUST01013,REST0011,PART0147,2025-07-16,08:05:34,480,70,74,476,PAY000883,Delivered,57
ORD000884,CUST00478,REST0093,PART0115,2025-11-18,19:31:09,1922,52,510,1464,PAY000884,Delivered,89
ORD000885,CUST00715,REST0226,PART0018,2025-08-15,10:49:23,155,43,36,162,PAY000885,Delivered,35
ORD000886,CUST02441,REST0240,PART0135,2026-06-29,04:40:56,828,51,170,709,PAY000886,Delivered,78
ORD000887,CUST00567,REST0297,PART0143,2025-08-05,12:13:49,588,82,83,587,PAY000887,Delivered,81
ORD000888,CUST00404,REST0069,PART0094,2025-09-07,10:29:26,417,39,3,453,PAY000888,Delivered,65
ORD000889,CUST00155,REST0023,PART0068,2026-01-30,23:13:50,1272,44,88,1228,PAY000889,Delayed,85
ORD000890,CUST02063,REST0260,PART0146,2026-05-25,17:45:42,1392,79,265,1206,PAY000890,Delivered,71
ORD000891,CUST01525,REST0264,PART0092,2026-01-02,23:59:26,1550,46,354,1242,PAY000891,Delivered,38
ORD000892,CUST00250,REST0021,PART0052,2025-12-28,10:51:38,1455,88,201,1342,PAY000892,Delivered,17
ORD000893,CUST00336,REST0294,PART0147,2026-03-31,10:34:14,768,50,99,719,PAY000893,Delivered,56
ORD000894,CUST00668,REST0108,PART0147,2026-01-15,10:15:10,1092,28,177,943,PAY000894,Delivered,26
ORD000895,CUST02404,REST0179,PART0007,2025-11-20,06:29:08,1745,39,171,1613,PAY000895,Delayed,26
ORD000896,CUST02095,REST0099,PART0015,2025-11-10,17:50:23,557,81,70,568,PAY000896,Delayed,40
ORD000897,CUST00339,REST0108,PART0128,2026-01-26,13:37:33,1330,73,240,1163,PAY000897,Delivered,26
ORD000898,CUST00199,REST0078,PART0039,2026-05-07,09:34:28,385,38,50,373,PAY000898,Delivered,29
ORD000899,CUST01680,REST0239,PART0036,2025-08-30,19:04:28,472,35,117,390,PAY000899,Delivered,21
ORD000900,CUST00462,REST0196,PART0104,2025-10-17,17:57:28,1390,31,59,1362,PAY000900,Delivered,28
ORD000901,CUST00131,REST0229,PART0035,2026-02-18,18:43:22,520,25,30,515,PAY000901,Delivered,58
ORD000902,CUST00811,REST0110,PART0010,2025-12-15,23:06:59,1706,76,254,1528,PAY000902,Delivered,52
ORD000903,CUST01382,REST0107,PART0138,2025-12-09,18:34:18,544,75,97,522,PAY000903,Delivered,16
ORD000904,CUST00425,REST0077,PART0073,2026-05-12,19:14:44,1082,58,266,874,PAY000904,Delivered,37
ORD000905,CUST02288,REST0203,PART0135,2025-12-12,23:11:26,334,56,2,388,PAY000905,Delayed,32
ORD000906,CUST00552,REST0077,PART0074,2026-04-16,12:28:07,1910,21,334,1597,PAY000906,Delivered,63
ORD000907,CUST01503,REST0180,PART0098,2026-01-16,12:14:50,185,95,12,268,PAY000907,Delivered,23
ORD000908,CUST00526,REST0299,PART0128,2025-12-01,02:33:13,1799,47,353,1493,PAY000908,Delivered,17
ORD000909,CUST00582,REST0142,PART0049,2025-11-14,07:37:22,618,78,30,666,PAY000909,Delivered,69
ORD000910,CUST01502,REST0199,PART0079,2026-06-06,22:34:16,1275,61,276,1060,PAY000910,Cancelled,31
ORD000911,CUST00640,REST0014,PART0037,2026-02-03,23:03:04,681,29,190,520,PAY000911,Delivered,76
ORD000912,CUST00664,REST0246,PART0060,2025-11-16,08:11:03,1015,35,185,865,PAY000912,Delivered,86
ORD000913,CUST02454,REST0032,PART0114,2026-02-07,08:08:21,719,27,42,704,PAY000913,Delivered,25
ORD000914,CUST01689,REST0117,PART0034,2025-08-15,14:39:56,1022,95,11,1106,PAY000914,Cancelled,31
ORD000915,CUST01309,REST0134,PART0041,2026-06-24,06:36:37,1481,33,175,1339,PAY000915,Delivered,15
ORD000916,CUST01023,REST0031,PART0032,2026-03-08,08:21:06,1586,56,16,1626,PAY000916,Delivered,17
ORD000917,CUST02312,REST0232,PART0095,2026-06-08,07:34:59,893,71,254,710,PAY000917,Cancelled,69
ORD000918,CUST02418,REST0179,PART0096,2025-10-07,07:28:42,282,67,56,293,PAY000918,Delivered,51
ORD000919,CUST01030,REST0246,PART0028,2025-09-18,18:06:29,1877,42,252,1667,PAY000919,Delivered,32
ORD000920,CUST00453,REST0023,PART0143,2026-03-19,08:57:19,1095,75,1,1169,PAY000920,Delivered,22
ORD000921,CUST00159,REST0107,PART0007,2026-06-04,23:33:11,1782,85,125,1742,PAY000921,Delivered,67
ORD000922,CUST01633,REST0142,PART0024,2025-11-01,02:29:10,620,32,115,537,PAY000922,Delivered,77
ORD000923,CUST02230,REST0007,PART0133,2026-04-18,12:01:58,1017,86,21,1082,PAY000923,Delivered,27
ORD000924,CUST02428,REST0016,PART0028,2025-09-09,17:34:02,1067,33,75,1025,PAY000924,Delivered,58
ORD000925,CUST02083,REST0022,PART0105,2026-06-07,10:00:16,1099,30,100,1029,PAY000925,Cancelled,72
ORD000926,CUST01361,REST0041,PART0013,2026-01-02,01:11:39,260,79,29,310,PAY000926,Delayed,51
ORD000927,CUST01230,REST0103,PART0103,2026-02-18,21:53:55,1236,55,251,1040,PAY000927,Delivered,37
ORD000928,CUST00072,REST0290,PART0112,2026-01-03,18:14:19,1591,45,12,1624,PAY000928,Delivered,38
ORD000929,CUST01456,REST0229,PART0110,2026-01-22,13:47:40,1238,87,346,979,PAY000929,Delivered,69
ORD000930,CUST00838,REST0062,PART0144,2026-04-12,04:35:28,669,83,7,745,PAY000930,Delivered,15
ORD000931,CUST01649,REST0081,PART0113,2026-05-18,15:28:45,557,45,155,447,PAY000931,Delivered,47
ORD000932,CUST00610,REST0041,PART0091,2025-10-21,12:59:06,1971,70,447,1594,PAY000932,Delivered,89
ORD000933,CUST01946,REST0010,PART0009,2026-04-08,09:52:51,1224,50,70,1204,PAY000933,Delivered,22
ORD000934,CUST00411,REST0160,PART0085,2025-08-31,22:30:29,975,73,217,831,PAY000934,Cancelled,90
ORD000935,CUST01831,REST0249,PART0120,2026-02-17,21:50:39,1778,34,51,1761,PAY000935,Delayed,30
ORD000936,CUST02399,REST0121,PART0140,2026-06-30,16:10:58,226,22,33,215,PAY000936,Delivered,85
ORD000937,CUST02352,REST0002,PART0081,2026-01-01,08:08:19,1830,92,276,1646,PAY000937,Delivered,46
ORD000938,CUST01047,REST0257,PART0010,2026-03-26,11:43:51,798,42,10,830,PAY000938,Cancelled,90
ORD000939,CUST02483,REST0271,PART0127,2025-11-28,11:04:09,1832,83,404,1511,PAY000939,Delivered,43
ORD000940,CUST01799,REST0062,PART0107,2025-09-23,08:59:16,556,79,151,484,PAY000940,Delivered,63
ORD000941,CUST01683,REST0196,PART0026,2025-07-26,01:33:48,1289,57,52,1294,PAY000941,Delivered,34
ORD000942,CUST01987,REST0246,PART0147,2026-06-17,14:47:14,1143,56,25,1174,PAY000942,Delivered,49
ORD000943,CUST01790,REST0094,PART0054,2025-12-05,06:14:36,627,42,82,587,PAY000943,Delivered,80
ORD000944,CUST02329,REST0059,PART0115,2026-06-13,10:26:23,1368,57,298,1127,PAY000944,Delivered,16
ORD000945,CUST01765,REST0072,PART0007,2026-01-13,05:56:02,1607,53,84,1576,PAY000945,Delivered,42
ORD000946,CUST02215,REST0088,PART0028,2026-05-11,13:39:14,254,85,58,281,PAY000946,Delivered,26
ORD000947,CUST01063,REST0049,PART0140,2026-04-02,11:00:32,262,40,3,299,PAY000947,Delivered,25
ORD000948,CUST02440,REST0259,PART0150,2025-11-27,14:40:01,906,98,262,742,PAY000948,Delivered,72
ORD000949,CUST01821,REST0012,PART0138,2026-04-25,03:49:29,1987,34,85,1936,PAY000949,Delayed,79
ORD000950,CUST00290,REST0280,PART0103,2025-12-27,22:29:05,743,85,7,821,PAY000950,Delivered,48
ORD000951,CUST00493,REST0232,PART0092,2025-10-07,06:21:56,1245,37,82,1200,PAY000951,Delivered,81
ORD000952,CUST01804,REST0260,PART0096,2026-03-12,20:24:29,1660,49,292,1417,PAY000952,Delivered,71
ORD000953,CUST00106,REST0133,PART0139,2026-02-18,15:27:01,1254,42,31,1265,PAY000953,Delivered,20
ORD000954,CUST00384,REST0093,PART0049,2026-06-21,13:27:06,1121,60,242,939,PAY000954,Delivered,63
ORD000955,CUST01652,REST0047,PART0022,2026-07-08,18:27:48,324,58,76,306,PAY000955,Delivered,35
ORD000956,CUST00678,REST0217,PART0144,2026-07-16,01:42:04,1974,83,276,1781,PAY000956,Delivered,79
ORD000957,CUST01955,REST0026,PART0069,2025-09-28,09:53:31,1098,70,296,872,PAY000957,Delivered,20
ORD000958,CUST01060,REST0046,PART0149,2025-12-11,18:33:12,876,49,60,865,PAY000958,Delivered,69
ORD000959,CUST02025,REST0283,PART0064,2025-12-08,13:38:36,876,74,22,928,PAY000959,Delivered,37
ORD000960,CUST00919,REST0171,PART0097,2025-09-23,18:14:42,731,90,142,679,PAY000960,Delivered,60
ORD000961,CUST00745,REST0150,PART0012,2026-07-13,15:46:33,1745,78,407,1416,PAY000961,Delivered,68
ORD000962,CUST01572,REST0280,PART0064,2026-05-02,14:11:40,1860,98,385,1573,PAY000962,Delivered,48
ORD000963,CUST01856,REST0262,PART0080,2025-07-20,09:15:58,1029,23,136,916,PAY000963,Delivered,34
ORD000964,CUST02298,REST0174,PART0027,2025-09-30,07:06:59,1059,21,78,1002,PAY000964,Delayed,64
ORD000965,CUST01666,REST0141,PART0139,2026-01-03,22:16:53,477,65,62,480,PAY000965,Delivered,84
ORD000966,CUST00910,REST0137,PART0137,2025-12-03,10:28:31,150,84,36,198,PAY000966,Cancelled,66
ORD000967,CUST01059,REST0203,PART0123,2026-02-05,12:29:29,234,75,17,292,PAY000967,Delivered,34
ORD000968,CUST00280,REST0218,PART0006,2025-09-29,22:17:07,1061,97,294,864,PAY000968,Delivered,23
ORD000969,CUST00463,REST0128,PART0092,2025-07-18,10:07:23,764,29,54,739,PAY000969,Delivered,35
ORD000970,CUST00953,REST0110,PART0122,2026-02-28,21:27:50,1613,72,55,1630,PAY000970,Delivered,67
ORD000971,CUST01019,REST0023,PART0066,2025-11-13,18:50:34,849,43,251,641,PAY000971,Delivered,56
ORD000972,CUST01362,REST0012,PART0043,2025-11-20,19:10:56,1196,32,205,1023,PAY000972,Delivered,61
ORD000973,CUST00593,REST0135,PART0032,2025-08-21,18:56:47,1686,58,253,1491,PAY000973,Delivered,27
ORD000974,CUST00792,REST0149,PART0071,2026-07-05,01:18:26,801,24,223,602,PAY000974,Delivered,18
ORD000975,CUST01926,REST0248,PART0017,2025-12-06,11:53:07,1002,71,32,1041,PAY000975,Cancelled,81
ORD000976,CUST02239,REST0022,PART0140,2026-07-06,21:43:58,1367,88,293,1162,PAY000976,Cancelled,84
ORD000977,CUST00397,REST0140,PART0021,2025-10-22,19:00:34,1095,90,74,1111,PAY000977,Cancelled,71
ORD000978,CUST01338,REST0095,PART0101,2026-01-27,12:09:56,1208,33,115,1126,PAY000978,Delayed,63
ORD000979,CUST02206,REST0128,PART0149,2026-07-09,03:23:26,1268,74,315,1027,PAY000979,Delivered,65
ORD000980,CUST02076,REST0196,PART0146,2025-07-21,06:54:34,1275,76,159,1192,PAY000980,Cancelled,54
ORD000981,CUST01285,REST0026,PART0029,2026-03-08,21:20:21,846,95,66,875,PAY000981,Delivered,30
ORD000982,CUST00240,REST0245,PART0093,2025-10-30,06:35:44,426,96,46,476,PAY000982,Delivered,46
ORD000983,CUST00465,REST0037,PART0122,2025-07-29,06:17:50,1970,25,359,1636,PAY000983,Delivered,25
ORD000984,CUST02442,REST0276,PART0143,2026-03-24,14:18:07,1548,27,116,1459,PAY000984,Delayed,65
ORD000985,CUST01683,REST0065,PART0026,2025-10-31,00:31:29,1012,60,127,945,PAY000985,Delivered,80
ORD000986,CUST02456,REST0029,PART0098,2026-03-22,10:37:39,682,61,95,648,PAY000986,Delivered,77
ORD000987,CUST01234,REST0070,PART0077,2026-01-18,03:55:27,250,23,73,200,PAY000987,Delivered,82
ORD000988,CUST01202,REST0193,PART0097,2025-12-17,22:09:40,662,42,12,692,PAY000988,Cancelled,50
ORD000989,CUST01339,REST0224,PART0068,2025-08-02,07:07:53,1168,72,25,1215,PAY000989,Delivered,35
ORD000990,CUST01736,REST0187,PART0126,2026-04-12,08:18:47,1829,59,322,1566,PAY000990,Delivered,71
ORD000991,CUST01846,REST0158,PART0082,2026-04-15,18:00:45,1250,23,292,981,PAY000991,Delivered,43
ORD000992,CUST01742,REST0067,PART0063,2025-10-22,12:16:35,1750,84,29,1805,PAY000992,Delivered,62
ORD000993,CUST00536,REST0095,PART0108,2025-10-30,17:16:38,1786,71,390,1467,PAY000993,Delivered,58
ORD000994,CUST01369,REST0178,PART0059,2026-03-16,01:44:04,260,33,50,243,PAY000994,Delivered,21
ORD000995,CUST00765,REST0061,PART0045,2025-08-07,11:11:10,1572,74,82,1564,PAY000995,Delivered,34
ORD000996,CUST01960,REST0243,PART0080,2026-02-23,10:54:16,520,77,109,488,PAY000996,Delivered,66
ORD000997,CUST01599,REST0015,PART0027,2026-05-31,23:44:37,1714,60,68,1706,PAY000997,Delivered,25
ORD000998,CUST01526,REST0258,PART0065,2025-07-28,01:23:14,725,32,23,734,PAY000998,Cancelled,83
ORD000999,CUST00444,REST0243,PART0133,2026-06-16,11:15:44,162,88,0,250,PAY000999,Delivered,65
ORD001000,CUST00524,REST0101,PART0021,2026-04-21,02:18:43,1606,83,286,1403,PAY001000,Delivered,37
ORD001001,CUST00056,REST0140,PART0115,2026-07-11,11:24:57,1369,65,227,1207,PAY001001,Delivered,32
ORD001002,CUST01741,REST0039,PART0038,2026-01-15,02:03:09,1773,53,168,1658,PAY001002,Delivered,29
ORD001003,CUST01030,REST0118,PART0123,2026-03-09,04:32:00,259,46,67,238,PAY001003,Delivered,58
ORD001004,CUST01581,REST0273,PART0013,2026-03-18,18:41:47,1030,64,301,793,PAY001004,Delivered,74
ORD001005,CUST01085,REST0264,PART0045,2026-01-08,17:51:33,867,41,188,720,PAY001005,Delivered,54
ORD001006,CUST00953,REST0258,PART0084,2026-01-22,15:43:25,402,91,88,405,PAY001006,Delivered,47
ORD001007,CUST00129,REST0220,PART0066,2025-09-21,17:27:17,1782,54,48,1788,PAY001007,Delivered,54
ORD001008,CUST00597,REST0101,PART0020,2026-01-16,02:39:03,734,79,86,727,PAY001008,Cancelled,29
ORD001009,CUST02201,REST0252,PART0022,2026-05-03,11:42:07,465,77,73,469,PAY001009,Delayed,72
ORD001010,CUST00995,REST0151,PART0043,2026-06-21,00:47:39,1995,70,211,1854,PAY001010,Delivered,77
ORD001011,CUST00696,REST0038,PART0122,2026-03-24,17:22:52,212,44,48,208,PAY001011,Cancelled,60
ORD001012,CUST01586,REST0127,PART0011,2026-05-03,17:45:49,274,28,77,225,PAY001012,Delivered,47
ORD001013,CUST01584,REST0118,PART0084,2026-02-13,03:02:04,1613,44,16,1641,PAY001013,Delivered,84
ORD001014,CUST00940,REST0170,PART0059,2026-05-25,19:35:29,1849,38,273,1614,PAY001014,Delivered,54
ORD001015,CUST00284,REST0203,PART0113,2025-08-25,14:05:29,223,33,65,191,PAY001015,Delivered,75
ORD001016,CUST01741,REST0177,PART0045,2025-07-31,01:46:55,736,85,17,804,PAY001016,Delivered,50
ORD001017,CUST01073,REST0219,PART0014,2025-12-06,18:05:49,670,66,66,670,PAY001017,Delivered,83
ORD001018,CUST00271,REST0244,PART0056,2025-07-27,10:34:19,1828,88,370,1546,PAY001018,Delivered,72
ORD001019,CUST01313,REST0124,PART0032,2026-03-11,06:37:29,369,21,82,308,PAY001019,Delivered,33
ORD001020,CUST01047,REST0276,PART0099,2026-06-28,12:56:49,1084,84,262,906,PAY001020,Delivered,87
ORD001021,CUST02108,REST0080,PART0016,2026-04-19,06:19:38,1021,95,270,846,PAY001021,Cancelled,54
ORD001022,CUST00429,REST0141,PART0116,2025-09-13,17:38:33,1335,37,245,1127,PAY001022,Delivered,32
ORD001023,CUST00367,REST0277,PART0098,2026-04-16,06:49:46,921,49,18,952,PAY001023,Delivered,47
ORD001024,CUST02281,REST0116,PART0116,2026-04-28,03:38:15,698,36,52,682,PAY001024,Delivered,35
ORD001025,CUST00423,REST0078,PART0029,2025-09-22,22:41:27,632,50,145,537,PAY001025,Delivered,85
ORD001026,CUST02321,REST0108,PART0045,2026-06-19,11:17:29,211,70,20,261,PAY001026,Delivered,81
ORD001027,CUST00869,REST0086,PART0038,2026-06-11,17:09:23,251,93,71,273,PAY001027,Delivered,30
ORD001028,CUST00759,REST0118,PART0045,2025-09-05,08:50:31,1821,34,15,1840,PAY001028,Delivered,15
ORD001029,CUST01890,REST0223,PART0098,2025-08-17,09:46:24,279,86,49,316,PAY001029,Delivered,29
ORD001030,CUST01583,REST0063,PART0003,2025-12-26,04:29:30,211,85,61,235,PAY001030,Delivered,85
ORD001031,CUST01527,REST0197,PART0024,2026-06-05,03:50:09,1824,57,193,1688,PAY001031,Delayed,51
ORD001032,CUST02266,REST0149,PART0082,2026-06-09,17:14:54,1633,50,459,1224,PAY001032,Delivered,46
ORD001033,CUST00195,REST0248,PART0071,2025-08-31,14:55:48,1357,85,386,1056,PAY001033,Delivered,68
ORD001034,CUST01290,REST0159,PART0105,2025-08-07,00:11:49,1463,37,99,1401,PAY001034,Delivered,90
ORD001035,CUST00015,REST0102,PART0005,2026-01-04,10:22:28,1854,32,35,1851,PAY001035,Cancelled,73
ORD001036,CUST01350,REST0195,PART0113,2026-03-20,19:31:08,157,67,17,207,PAY001036,Delivered,24
ORD001037,CUST01773,REST0200,PART0109,2026-04-18,04:58:44,190,25,27,188,PAY001037,Delivered,49
ORD001038,CUST01610,REST0190,PART0077,2025-08-09,10:42:26,301,21,82,240,PAY001038,Delivered,26
ORD001039,CUST00007,REST0229,PART0139,2025-11-15,06:41:20,1591,48,144,1495,PAY001039,Delivered,56
ORD001040,CUST01923,REST0022,PART0134,2025-08-23,02:19:44,966,98,137,927,PAY001040,Cancelled,16
ORD001041,CUST01720,REST0281,PART0052,2026-06-14,09:54:32,1706,44,440,1310,PAY001041,Delivered,52
ORD001042,CUST00653,REST0199,PART0118,2026-02-12,13:01:03,438,68,103,403,PAY001042,Delivered,16
ORD001043,CUST02286,REST0285,PART0134,2025-11-01,00:04:33,629,89,110,608,PAY001043,Delivered,87
ORD001044,CUST01988,REST0038,PART0094,2026-06-12,08:22:30,1117,87,328,876,PAY001044,Cancelled,18
ORD001045,CUST01858,REST0040,PART0146,2025-09-29,15:42:10,1028,43,185,886,PAY001045,Cancelled,73
ORD001046,CUST00519,REST0012,PART0023,2026-03-27,15:48:54,1569,96,121,1544,PAY001046,Delivered,31
ORD001047,CUST02139,REST0296,PART0144,2026-03-11,16:43:19,1954,65,465,1554,PAY001047,Delivered,38
ORD001048,CUST02267,REST0003,PART0147,2026-04-28,15:21:28,180,58,5,233,PAY001048,Delivered,62
ORD001049,CUST01375,REST0262,PART0081,2025-07-22,17:12:32,299,79,46,332,PAY001049,Delivered,30
ORD001050,CUST00370,REST0071,PART0125,2025-11-22,10:27:15,1146,78,148,1076,PAY001050,Delivered,52
ORD001051,CUST00306,REST0050,PART0139,2026-06-06,09:44:48,1383,43,401,1025,PAY001051,Delivered,85
ORD001052,CUST02426,REST0207,PART0036,2026-04-03,05:12:04,724,31,155,600,PAY001052,Delivered,70
ORD001053,CUST02471,REST0245,PART0086,2026-06-10,15:52:07,512,40,36,516,PAY001053,Delivered,80
ORD001054,CUST01083,REST0188,PART0069,2026-06-30,15:17:28,302,77,6,373,PAY001054,Delayed,31
ORD001055,CUST01203,REST0191,PART0125,2025-11-16,03:36:07,1836,90,354,1572,PAY001055,Delivered,20
ORD001056,CUST00012,REST0296,PART0037,2026-06-29,21:18:08,1041,84,64,1061,PAY001056,Delivered,31
ORD001057,CUST00074,REST0026,PART0017,2026-04-17,17:01:50,1167,20,294,893,PAY001057,Delayed,66
ORD001058,CUST01127,REST0028,PART0118,2025-09-19,22:58:35,1592,63,209,1446,PAY001058,Delivered,36
ORD001059,CUST01926,REST0091,PART0129,2026-07-02,23:45:30,1844,37,285,1596,PAY001059,Delivered,35
ORD001060,CUST01147,REST0003,PART0015,2026-03-01,03:36:25,1401,61,369,1093,PAY001060,Delivered,26
ORD001061,CUST00660,REST0135,PART0116,2026-04-22,16:34:58,1215,86,93,1208,PAY001061,Delivered,45
ORD001062,CUST01596,REST0278,PART0096,2025-12-05,11:33:02,429,73,18,484,PAY001062,Delayed,15
ORD001063,CUST02304,REST0031,PART0024,2026-02-01,18:26:01,284,27,44,267,PAY001063,Delivered,29
ORD001064,CUST01900,REST0056,PART0023,2025-07-21,17:52:37,911,20,91,840,PAY001064,Delivered,55
ORD001065,CUST01486,REST0117,PART0113,2026-03-31,07:20:14,1025,30,22,1033,PAY001065,Delivered,21
ORD001066,CUST00135,REST0237,PART0019,2025-12-19,19:38:14,428,45,11,462,PAY001066,Delayed,70
ORD001067,CUST01982,REST0132,PART0023,2025-12-24,22:43:22,792,21,1,812,PAY001067,Delayed,79
ORD001068,CUST01201,REST0117,PART0037,2026-06-06,13:52:38,1758,59,335,1482,PAY001068,Delivered,87
ORD001069,CUST02275,REST0294,PART0055,2026-04-01,13:24:58,1109,72,303,878,PAY001069,Delivered,67
ORD001070,CUST01143,REST0242,PART0030,2026-04-02,07:18:00,419,96,32,483,PAY001070,Delivered,67
ORD001071,CUST01943,REST0104,PART0080,2025-08-09,02:51:31,1428,85,72,1441,PAY001071,Delivered,83
ORD001072,CUST01057,REST0171,PART0012,2025-08-10,11:12:55,586,29,9,606,PAY001072,Delivered,34
ORD001073,CUST00909,REST0094,PART0018,2025-09-29,04:07:20,1736,91,412,1415,PAY001073,Delivered,74
ORD001074,CUST01049,REST0269,PART0062,2026-06-01,15:47:32,586,66,112,540,PAY001074,Delivered,58
ORD001075,CUST01662,REST0140,PART0140,2026-05-07,21:33:27,1011,87,30,1068,PAY001075,Delivered,70
ORD001076,CUST00794,REST0281,PART0057,2026-01-27,00:21:00,1676,74,229,1521,PAY001076,Cancelled,47
ORD001077,CUST01244,REST0091,PART0082,2025-09-11,12:43:17,1180,44,280,944,PAY001077,Delivered,44
ORD001078,CUST01663,REST0071,PART0139,2026-04-25,08:09:51,1783,100,305,1578,PAY001078,Delivered,21
ORD001079,CUST01820,REST0142,PART0013,2025-10-27,19:01:08,834,26,114,746,PAY001079,Delivered,65
ORD001080,CUST01444,REST0041,PART0094,2025-08-17,20:26:13,1069,99,171,997,PAY001080,Delivered,65
ORD001081,CUST00040,REST0018,PART0139,2025-09-21,06:24:10,571,92,46,617,PAY001081,Delivered,57
ORD001082,CUST01268,REST0015,PART0027,2026-01-04,10:34:08,369,25,63,331,PAY001082,Delivered,44
ORD001083,CUST02079,REST0199,PART0025,2025-08-02,12:38:26,320,32,59,293,PAY001083,Delayed,17
ORD001084,CUST01824,REST0200,PART0014,2025-10-31,05:52:31,822,57,180,699,PAY001084,Delivered,37
ORD001085,CUST01520,REST0120,PART0081,2026-03-09,13:41:36,1448,23,207,1264,PAY001085,Delivered,49
ORD001086,CUST00339,REST0070,PART0047,2025-10-01,09:39:19,1547,42,0,1589,PAY001086,Delivered,71
ORD001087,CUST00244,REST0006,PART0041,2026-04-09,17:05:48,1757,92,365,1484,PAY001087,Delivered,68
ORD001088,CUST01382,REST0110,PART0047,2026-01-28,13:04:29,311,60,14,357,PAY001088,Delivered,59
ORD001089,CUST01392,REST0017,PART0113,2025-12-22,04:17:33,681,76,162,595,PAY001089,Delivered,51
ORD001090,CUST01815,REST0098,PART0034,2025-09-21,09:58:21,1859,83,102,1840,PAY001090,Delivered,74
ORD001091,CUST02417,REST0188,PART0008,2026-03-19,23:12:51,1277,26,181,1122,PAY001091,Delivered,44
ORD001092,CUST01180,REST0111,PART0078,2026-05-02,06:44:14,248,21,50,219,PAY001092,Delivered,16
ORD001093,CUST00013,REST0143,PART0090,2026-06-08,06:57:24,1563,94,60,1597,PAY001093,Cancelled,31
ORD001094,CUST01165,REST0033,PART0019,2026-06-06,15:12:37,1027,25,259,793,PAY001094,Cancelled,84
ORD001095,CUST01380,REST0090,PART0140,2025-07-17,11:50:43,342,48,83,307,PAY001095,Cancelled,60
ORD001096,CUST00601,REST0024,PART0093,2025-11-14,02:03:19,915,92,174,833,PAY001096,Delivered,64
ORD001097,CUST01995,REST0292,PART0148,2025-10-30,13:26:57,218,27,52,193,PAY001097,Delayed,16
ORD001098,CUST02243,REST0031,PART0019,2026-02-18,22:35:02,964,93,219,838,PAY001098,Delivered,84
ORD001099,CUST01077,REST0023,PART0062,2025-11-29,10:24:39,1618,76,244,1450,PAY001099,Delivered,76
ORD001100,CUST00893,REST0100,PART0146,2025-08-30,22:58:16,696,36,183,549,PAY001100,Delivered,51
ORD001101,CUST00085,REST0002,PART0101,2025-11-25,20:21:35,1339,67,115,1291,PAY001101,Delivered,77
ORD001102,CUST01344,REST0005,PART0056,2026-01-13,07:34:41,922,40,171,791,PAY001102,Cancelled,35
ORD001103,CUST01555,REST0161,PART0066,2026-02-21,21:33:02,299,83,27,355,PAY001103,Delivered,31
ORD001104,CUST01882,REST0276,PART0066,2026-06-05,22:51:40,526,56,27,555,PAY001104,Delayed,38
ORD001105,CUST02346,REST0077,PART0057,2026-04-12,15:42:19,275,100,23,352,PAY001105,Delivered,43
ORD001106,CUST00063,REST0017,PART0147,2025-08-18,16:15:27,827,32,17,842,PAY001106,Delivered,20
ORD001107,CUST01001,REST0003,PART0139,2026-02-21,03:03:30,1868,25,364,1529,PAY001107,Delivered,86
ORD001108,CUST00058,REST0078,PART0030,2026-07-12,12:33:48,1195,52,124,1123,PAY001108,Delivered,26
ORD001109,CUST00558,REST0004,PART0073,2026-01-12,01:18:53,954,76,112,918,PAY001109,Delivered,57
ORD001110,CUST02225,REST0231,PART0083,2025-08-19,11:31:15,834,92,142,784,PAY001110,Delivered,87
ORD001111,CUST02432,REST0217,PART0080,2025-08-30,09:25:45,329,41,75,295,PAY001111,Delivered,36
ORD001112,CUST01717,REST0092,PART0003,2026-07-07,18:16:31,245,49,30,264,PAY001112,Delayed,33
ORD001113,CUST00765,REST0040,PART0066,2025-08-20,09:53:18,907,65,266,706,PAY001113,Delayed,74
ORD001114,CUST00005,REST0228,PART0030,2025-09-25,02:49:27,1972,23,129,1866,PAY001114,Delivered,26
ORD001115,CUST02256,REST0004,PART0047,2026-04-25,13:41:39,1874,40,231,1683,PAY001115,Cancelled,39
ORD001116,CUST00701,REST0035,PART0091,2025-08-18,19:15:46,352,97,92,357,PAY001116,Delivered,82
ORD001117,CUST00018,REST0188,PART0145,2025-09-26,08:15:29,1219,93,250,1062,PAY001117,Delivered,27
ORD001118,CUST01789,REST0109,PART0138,2025-11-16,13:07:06,367,34,64,337,PAY001118,Delivered,62
ORD001119,CUST02411,REST0161,PART0146,2026-03-02,19:41:44,1276,90,41,1325,PAY001119,Cancelled,74
ORD001120,CUST02278,REST0265,PART0012,2026-03-16,14:21:34,1591,32,195,1428,PAY001120,Delivered,21
ORD001121,CUST02474,REST0111,PART0018,2025-07-24,01:12:22,634,81,136,579,PAY001121,Delivered,85
ORD001122,CUST02384,REST0246,PART0045,2026-05-10,00:09:51,1396,39,260,1175,PAY001122,Delivered,80
ORD001123,CUST00219,REST0050,PART0132,2025-09-20,00:06:58,829,59,221,667,PAY001123,Delivered,32
ORD001124,CUST00005,REST0028,PART0046,2026-05-18,13:21:02,1629,81,83,1627,PAY001124,Delivered,85
ORD001125,CUST00523,REST0118,PART0035,2025-07-20,07:05:15,1409,57,274,1192,PAY001125,Delivered,34
ORD001126,CUST01142,REST0250,PART0072,2025-10-08,17:16:47,666,31,71,626,PAY001126,Delivered,42
ORD001127,CUST00450,REST0034,PART0108,2026-03-20,23:52:33,1684,87,382,1389,PAY001127,Cancelled,61
ORD001128,CUST00054,REST0066,PART0010,2025-12-08,16:39:37,1528,36,376,1188,PAY001128,Delivered,41
ORD001129,CUST00538,REST0067,PART0113,2026-01-11,00:33:23,717,39,56,700,PAY001129,Delivered,78
ORD001130,CUST00999,REST0191,PART0050,2025-08-16,19:19:45,1891,36,105,1822,PAY001130,Cancelled,20
ORD001131,CUST00193,REST0209,PART0065,2026-06-21,21:52:24,341,73,42,372,PAY001131,Delivered,65
ORD001132,CUST02437,REST0119,PART0113,2026-04-23,12:32:26,155,27,22,160,PAY001132,Delivered,73
ORD001133,CUST02201,REST0115,PART0034,2025-10-20,01:30:07,878,70,49,899,PAY001133,Cancelled,24
ORD001134,CUST00304,REST0241,PART0077,2025-11-12,18:31:51,1375,31,212,1194,PAY001134,Delivered,63
ORD001135,CUST00894,REST0062,PART0008,2026-06-06,10:04:16,233,40,67,206,PAY001135,Delivered,48
ORD001136,CUST00274,REST0199,PART0101,2026-04-06,16:09:08,1874,89,282,1681,PAY001136,Delivered,35
ORD001137,CUST00486,REST0215,PART0125,2026-03-22,16:37:26,1312,30,103,1239,PAY001137,Delivered,16
ORD001138,CUST02283,REST0189,PART0107,2026-07-01,08:11:13,264,66,51,279,PAY001138,Delivered,65
ORD001139,CUST00958,REST0202,PART0040,2026-06-17,00:19:00,1692,25,196,1521,PAY001139,Delivered,25
ORD001140,CUST01482,REST0031,PART0078,2025-09-28,10:50:35,1198,70,185,1083,PAY001140,Delivered,89
ORD001141,CUST00149,REST0226,PART0111,2026-05-02,12:08:36,1744,52,307,1489,PAY001141,Delivered,65
ORD001142,CUST00773,REST0116,PART0146,2026-05-05,18:39:42,1552,59,309,1302,PAY001142,Delivered,68
ORD001143,CUST02477,REST0193,PART0043,2026-04-28,21:28:48,167,58,41,184,PAY001143,Delivered,73
ORD001144,CUST00552,REST0223,PART0031,2025-09-05,18:58:12,415,41,49,407,PAY001144,Delivered,26
ORD001145,CUST01684,REST0071,PART0088,2025-11-13,19:44:28,450,52,55,447,PAY001145,Delivered,86
ORD001146,CUST02109,REST0263,PART0011,2025-08-05,22:54:46,695,39,25,709,PAY001146,Delivered,83
ORD001147,CUST01670,REST0076,PART0062,2025-12-10,13:13:17,1366,99,50,1415,PAY001147,Delivered,54
ORD001148,CUST01558,REST0135,PART0057,2026-04-16,09:23:13,1497,96,292,1301,PAY001148,Delivered,40
ORD001149,CUST00549,REST0145,PART0118,2025-11-04,17:32:21,843,50,227,666,PAY001149,Delivered,38
ORD001150,CUST02178,REST0121,PART0058,2025-09-23,08:54:35,1515,27,186,1356,PAY001150,Delivered,46
ORD001151,CUST00318,REST0041,PART0094,2025-11-01,13:55:09,564,24,61,527,PAY001151,Delivered,82
ORD001152,CUST01094,REST0190,PART0120,2025-09-08,18:39:28,980,23,191,812,PAY001152,Delivered,64
ORD001153,CUST01356,REST0233,PART0103,2026-02-20,16:20:45,1532,54,255,1331,PAY001153,Delivered,90
ORD001154,CUST00817,REST0185,PART0062,2025-11-15,18:50:49,1628,62,484,1206,PAY001154,Cancelled,70
ORD001155,CUST01584,REST0258,PART0098,2025-12-24,00:23:27,1117,54,201,970,PAY001155,Delivered,23
ORD001156,CUST00324,REST0091,PART0088,2025-10-11,23:53:43,577,55,32,600,PAY001156,Delivered,51
ORD001157,CUST00033,REST0294,PART0086,2026-06-05,15:07:18,195,88,44,239,PAY001157,Delayed,54
ORD001158,CUST01635,REST0074,PART0083,2025-09-27,08:21:54,329,63,23,369,PAY001158,Delivered,62
ORD001159,CUST01830,REST0094,PART0029,2025-10-30,04:28:00,930,70,154,846,PAY001159,Delivered,45
ORD001160,CUST00982,REST0189,PART0031,2026-06-24,09:14:52,1078,55,69,1064,PAY001160,Cancelled,49
ORD001161,CUST01085,REST0279,PART0150,2025-10-01,14:42:00,400,56,6,450,PAY001161,Delivered,40
ORD001162,CUST00477,REST0155,PART0082,2025-09-23,00:35:46,1773,40,425,1388,PAY001162,Delayed,54
ORD001163,CUST02321,REST0212,PART0057,2025-11-07,18:45:38,1621,27,231,1417,PAY001163,Delivered,73
ORD001164,CUST02188,REST0063,PART0127,2025-10-24,23:08:50,363,22,3,382,PAY001164,Delivered,82
ORD001165,CUST00326,REST0189,PART0141,2026-04-13,03:30:18,492,38,30,500,PAY001165,Delivered,72
ORD001166,CUST00641,REST0108,PART0093,2026-01-02,23:08:43,1290,55,162,1183,PAY001166,Delivered,50
ORD001167,CUST01064,REST0137,PART0128,2025-10-26,23:31:53,1036,84,235,885,PAY001167,Delivered,21
ORD001168,CUST00671,REST0013,PART0136,2025-08-21,03:08:05,1168,44,329,883,PAY001168,Delivered,67
ORD001169,CUST01822,REST0237,PART0116,2026-01-22,11:51:26,1942,38,227,1753,PAY001169,Delivered,31
ORD001170,CUST01666,REST0097,PART0050,2025-12-01,04:03:31,1030,71,165,936,PAY001170,Cancelled,74
ORD001171,CUST00192,REST0183,PART0040,2026-02-25,23:37:52,720,27,165,582,PAY001171,Delivered,71
ORD001172,CUST01334,REST0266,PART0012,2025-12-04,10:54:45,278,23,47,254,PAY001172,Delivered,19
ORD001173,CUST00525,REST0034,PART0080,2025-11-28,17:23:43,461,81,45,497,PAY001173,Delivered,38
ORD001174,CUST01743,REST0014,PART0078,2026-05-12,04:48:25,1098,44,61,1081,PAY001174,Delivered,44
ORD001175,CUST00892,REST0204,PART0136,2026-03-22,12:02:34,1567,35,393,1209,PAY001175,Delivered,26
ORD001176,CUST00499,REST0102,PART0097,2026-02-04,08:54:12,486,24,50,460,PAY001176,Delivered,59
ORD001177,CUST01601,REST0091,PART0007,2026-01-06,21:02:57,1602,39,265,1376,PAY001177,Delivered,38
ORD001178,CUST01986,REST0127,PART0089,2026-06-03,09:17:34,1637,100,438,1299,PAY001178,Delivered,31
ORD001179,CUST00874,REST0121,PART0038,2026-03-18,07:23:03,1410,65,423,1052,PAY001179,Cancelled,36
ORD001180,CUST02139,REST0090,PART0001,2026-04-09,01:28:03,614,98,48,664,PAY001180,Delivered,51
ORD001181,CUST01451,REST0116,PART0034,2026-06-04,06:04:53,1896,80,227,1749,PAY001181,Cancelled,44
ORD001182,CUST00143,REST0241,PART0102,2025-09-20,10:43:50,328,84,44,368,PAY001182,Delivered,26
ORD001183,CUST02095,REST0096,PART0100,2025-07-30,12:09:01,1278,78,23,1333,PAY001183,Delivered,78
ORD001184,CUST00819,REST0196,PART0010,2026-06-05,09:59:07,1715,84,162,1637,PAY001184,Delivered,27
ORD001185,CUST01624,REST0052,PART0091,2026-02-28,12:27:55,1156,35,79,1112,PAY001185,Delayed,85
ORD001186,CUST00750,REST0046,PART0127,2025-12-13,00:35:47,1978,91,573,1496,PAY001186,Delivered,70
ORD001187,CUST01960,REST0103,PART0084,2025-09-14,17:03:37,1243,53,206,1090,PAY001187,Cancelled,71
ORD001188,CUST00626,REST0073,PART0042,2026-02-10,03:50:16,447,46,55,438,PAY001188,Delivered,80
ORD001189,CUST02489,REST0150,PART0065,2026-02-22,02:33:55,1449,33,386,1096,PAY001189,Delivered,34
ORD001190,CUST00755,REST0092,PART0091,2025-10-06,01:18:41,1297,92,78,1311,PAY001190,Delivered,66
ORD001191,CUST00865,REST0191,PART0013,2026-04-14,22:39:12,922,43,172,793,PAY001191,Cancelled,64
ORD001192,CUST00470,REST0273,PART0015,2025-12-31,17:35:55,1920,51,68,1903,PAY001192,Delivered,49
ORD001193,CUST00429,REST0121,PART0002,2025-11-27,23:20:05,1550,82,141,1491,PAY001193,Delivered,77
ORD001194,CUST00500,REST0288,PART0083,2026-03-24,03:01:21,619,91,78,632,PAY001194,Delivered,34
ORD001195,CUST01579,REST0090,PART0103,2026-05-27,04:00:19,1969,29,225,1773,PAY001195,Delivered,22
ORD001196,CUST00939,REST0293,PART0122,2026-04-07,02:39:29,1756,56,408,1404,PAY001196,Delivered,61
ORD001197,CUST01951,REST0024,PART0093,2026-05-21,11:34:45,279,60,35,304,PAY001197,Delivered,55
ORD001198,CUST00276,REST0189,PART0023,2025-11-05,08:34:06,1314,29,89,1254,PAY001198,Delivered,69
ORD001199,CUST01402,REST0169,PART0110,2025-10-04,19:20:15,297,29,72,254,PAY001199,Delivered,49
ORD001200,CUST01540,REST0109,PART0083,2025-11-26,03:09:05,1316,31,295,1052,PAY001200,Delivered,72
ORD001201,CUST00247,REST0245,PART0001,2026-04-13,23:02:17,1167,65,94,1138,PAY001201,Delivered,32
ORD001202,CUST00649,REST0008,PART0019,2026-01-27,21:13:27,669,41,111,599,PAY001202,Delivered,78
ORD001203,CUST01260,REST0038,PART0052,2026-02-15,11:10:51,428,31,38,421,PAY001203,Delivered,88
ORD001204,CUST01653,REST0237,PART0137,2026-06-03,12:37:34,1689,75,463,1301,PAY001204,Delivered,87
ORD001205,CUST02144,REST0243,PART0056,2026-04-30,20:16:55,981,24,289,716,PAY001205,Delivered,24
ORD001206,CUST00948,REST0041,PART0048,2026-05-20,17:09:29,1023,82,247,858,PAY001206,Delivered,31
ORD001207,CUST00116,REST0236,PART0087,2025-10-28,16:35:19,1485,69,345,1209,PAY001207,Delivered,88
ORD001208,CUST02232,REST0216,PART0091,2025-08-20,11:42:47,1245,99,243,1101,PAY001208,Delivered,45
ORD001209,CUST01265,REST0104,PART0030,2026-01-31,13:50:16,1442,93,357,1178,PAY001209,Delivered,26
ORD001210,CUST00127,REST0263,PART0149,2026-05-12,14:29:10,823,59,48,834,PAY001210,Delivered,57
ORD001211,CUST00188,REST0082,PART0031,2025-10-06,01:51:47,627,35,37,625,PAY001211,Delivered,90
ORD001212,CUST01992,REST0194,PART0070,2025-10-24,12:31:10,870,23,178,715,PAY001212,Delivered,51
ORD001213,CUST01164,REST0246,PART0002,2025-10-09,00:04:30,1460,78,409,1129,PAY001213,Delivered,21
ORD001214,CUST01621,REST0157,PART0080,2026-01-13,20:57:42,437,73,118,392,PAY001214,Delivered,84
ORD001215,CUST02345,REST0230,PART0116,2025-10-25,13:03:07,1166,71,152,1085,PAY001215,Delivered,54
ORD001216,CUST01424,REST0219,PART0009,2025-07-28,10:54:32,1009,45,197,857,PAY001216,Delivered,47
ORD001217,CUST01001,REST0181,PART0081,2026-07-09,06:42:12,217,22,52,187,PAY001217,Delivered,43
ORD001218,CUST01582,REST0140,PART0145,2025-08-30,00:26:56,557,24,150,431,PAY001218,Delivered,69
ORD001219,CUST00324,REST0057,PART0145,2026-02-02,00:51:32,531,79,112,498,PAY001219,Delivered,60
ORD001220,CUST01316,REST0106,PART0013,2026-03-28,21:53:33,1315,68,114,1269,PAY001220,Cancelled,62
ORD001221,CUST00452,REST0083,PART0136,2026-03-18,08:11:51,517,67,89,495,PAY001221,Delivered,35
ORD001222,CUST01228,REST0121,PART0021,2025-09-26,15:24:13,996,46,218,824,PAY001222,Delayed,55
ORD001223,CUST02293,REST0292,PART0086,2026-01-16,19:04:06,743,87,158,672,PAY001223,Delivered,65
ORD001224,CUST01781,REST0127,PART0077,2025-09-08,12:57:53,726,72,168,630,PAY001224,Delivered,57
ORD001225,CUST01260,REST0132,PART0019,2026-01-13,16:50:54,1941,57,226,1772,PAY001225,Delayed,54
ORD001226,CUST02472,REST0126,PART0063,2026-03-01,03:21:28,398,70,72,396,PAY001226,Delivered,48
ORD001227,CUST00928,REST0295,PART0070,2025-11-18,16:17:09,1334,77,145,1266,PAY001227,Cancelled,67
ORD001228,CUST00599,REST0115,PART0013,2025-12-07,19:43:07,1226,91,87,1230,PAY001228,Delayed,90
ORD001229,CUST02480,REST0245,PART0056,2026-02-20,04:30:13,1175,73,65,1183,PAY001229,Delivered,88
ORD001230,CUST01105,REST0052,PART0064,2025-12-10,00:10:11,1465,86,298,1253,PAY001230,Delivered,35
ORD001231,CUST00529,REST0032,PART0045,2026-03-28,21:38:14,166,93,28,231,PAY001231,Delivered,29
ORD001232,CUST01339,REST0155,PART0133,2026-03-01,17:59:29,1709,25,490,1244,PAY001232,Delivered,59
ORD001233,CUST01691,REST0190,PART0087,2026-07-01,06:16:58,737,100,181,656,PAY001233,Delivered,75
ORD001234,CUST01002,REST0006,PART0011,2025-07-29,09:17:41,420,36,4,452,PAY001234,Delivered,53
ORD001235,CUST01563,REST0033,PART0038,2025-11-18,10:31:01,1310,75,155,1230,PAY001235,Delivered,43
ORD001236,CUST01458,REST0055,PART0035,2026-04-14,14:16:21,261,23,18,266,PAY001236,Delivered,29
ORD001237,CUST01612,REST0183,PART0136,2025-08-25,20:51:19,1652,79,170,1561,PAY001237,Delivered,65
ORD001238,CUST01931,REST0002,PART0143,2026-03-17,16:53:49,827,94,86,835,PAY001238,Delivered,70
ORD001239,CUST00282,REST0134,PART0093,2025-12-02,14:50:04,1324,98,111,1311,PAY001239,Delivered,85
ORD001240,CUST01625,REST0199,PART0057,2026-06-18,20:31:35,537,53,83,507,PAY001240,Delivered,25
ORD001241,CUST01520,REST0025,PART0053,2026-07-01,03:56:41,606,89,140,555,PAY001241,Delayed,52
ORD001242,CUST00556,REST0018,PART0064,2025-07-19,07:24:34,540,72,40,572,PAY001242,Cancelled,39
ORD001243,CUST01666,REST0107,PART0028,2025-09-15,21:27:13,749,43,67,725,PAY001243,Delivered,17
ORD001244,CUST02374,REST0213,PART0130,2025-12-26,21:35:49,625,77,182,520,PAY001244,Delayed,65
ORD001245,CUST02262,REST0161,PART0037,2026-01-16,21:44:06,1852,23,33,1842,PAY001245,Delivered,87
ORD001246,CUST00627,REST0046,PART0125,2025-11-23,05:32:18,931,94,25,1000,PAY001246,Delivered,71
ORD001247,CUST00772,REST0020,PART0078,2025-11-23,23:48:03,281,79,33,327,PAY001247,Delivered,41
ORD001248,CUST02198,REST0188,PART0013,2026-03-24,20:29:00,269,39,29,279,PAY001248,Delivered,35
ORD001249,CUST01730,REST0201,PART0087,2026-07-01,22:10:27,1819,91,287,1623,PAY001249,Delivered,38
ORD001250,CUST00654,REST0102,PART0052,2025-08-24,03:47:43,1689,63,373,1379,PAY001250,Delivered,32
ORD001251,CUST00039,REST0070,PART0005,2025-09-26,21:47:51,463,99,59,503,PAY001251,Delivered,32
ORD001252,CUST00883,REST0105,PART0003,2026-07-05,20:57:21,971,93,55,1009,PAY001252,Delivered,44
ORD001253,CUST01673,REST0240,PART0113,2025-12-02,06:38:09,599,45,64,580,PAY001253,Delivered,23
ORD001254,CUST01869,REST0187,PART0003,2025-11-12,04:29:15,1522,74,401,1195,PAY001254,Delivered,71
ORD001255,CUST01292,REST0128,PART0015,2025-09-17,10:41:28,440,81,88,433,PAY001255,Delivered,37
ORD001256,CUST00230,REST0041,PART0045,2026-01-13,13:04:03,1464,67,107,1424,PAY001256,Cancelled,44
ORD001257,CUST00888,REST0139,PART0034,2026-02-13,14:07:59,499,50,7,542,PAY001257,Cancelled,20
ORD001258,CUST02382,REST0009,PART0024,2025-09-26,12:56:08,756,78,17,817,PAY001258,Delayed,73
ORD001259,CUST00214,REST0192,PART0015,2026-05-04,07:21:39,484,36,74,446,PAY001259,Delivered,71
ORD001260,CUST00417,REST0244,PART0127,2025-07-24,16:30:58,1852,53,473,1432,PAY001260,Delivered,56
ORD001261,CUST01081,REST0026,PART0099,2026-01-02,17:38:58,997,33,93,937,PAY001261,Delivered,61
ORD001262,CUST00632,REST0241,PART0038,2026-05-26,12:16:53,615,88,112,591,PAY001262,Delivered,58
ORD001263,CUST00638,REST0163,PART0011,2026-03-12,17:02:07,1936,28,184,1780,PAY001263,Delivered,89
ORD001264,CUST01155,REST0131,PART0130,2026-01-09,12:10:26,939,70,273,736,PAY001264,Cancelled,33
ORD001265,CUST01849,REST0294,PART0020,2026-03-03,18:18:34,660,100,48,712,PAY001265,Delivered,38
ORD001266,CUST00194,REST0062,PART0136,2026-02-24,22:10:36,416,30,11,435,PAY001266,Delivered,73
ORD001267,CUST02265,REST0213,PART0013,2026-04-11,22:59:11,235,50,44,241,PAY001267,Delivered,24
ORD001268,CUST01194,REST0019,PART0058,2026-01-01,03:59:31,1901,26,496,1431,PAY001268,Delivered,34
ORD001269,CUST01032,REST0182,PART0046,2026-04-26,02:47:06,362,95,79,378,PAY001269,Delivered,55
ORD001270,CUST00719,REST0073,PART0127,2025-12-18,07:50:59,1161,33,88,1106,PAY001270,Delivered,64
ORD001271,CUST01862,REST0094,PART0042,2026-01-16,03:48:12,661,48,142,567,PAY001271,Delivered,17
ORD001272,CUST00592,REST0058,PART0097,2026-06-05,04:08:02,1905,57,153,1809,PAY001272,Delivered,37
ORD001273,CUST01068,REST0196,PART0050,2025-10-18,20:12:12,1540,61,350,1251,PAY001273,Delivered,39
ORD001274,CUST00801,REST0104,PART0075,2025-10-22,07:57:33,1567,89,418,1238,PAY001274,Delivered,52
ORD001275,CUST02058,REST0266,PART0128,2026-04-23,04:06:42,1056,22,156,922,PAY001275,Delayed,80
ORD001276,CUST01110,REST0238,PART0006,2025-12-08,04:24:20,1338,62,6,1394,PAY001276,Delivered,36
ORD001277,CUST02079,REST0179,PART0019,2026-03-06,14:58:35,1911,67,386,1592,PAY001277,Delivered,55
ORD001278,CUST01055,REST0094,PART0102,2025-11-24,11:02:44,1763,77,508,1332,PAY001278,Delivered,69
ORD001279,CUST01697,REST0120,PART0069,2026-01-19,15:33:16,477,96,81,492,PAY001279,Delivered,38
ORD001280,CUST00699,REST0082,PART0092,2026-04-05,18:23:26,1169,80,163,1086,PAY001280,Delayed,87
ORD001281,CUST01636,REST0179,PART0139,2025-12-19,00:48:35,185,73,5,253,PAY001281,Delayed,25
ORD001282,CUST00114,REST0189,PART0147,2025-11-09,19:36:35,1807,97,137,1767,PAY001282,Cancelled,35
ORD001283,CUST01322,REST0211,PART0056,2025-07-31,19:49:15,735,34,18,751,PAY001283,Delivered,20
ORD001284,CUST02383,REST0206,PART0060,2026-07-12,00:36:07,1361,60,161,1260,PAY001284,Delayed,70
ORD001285,CUST00706,REST0152,PART0047,2026-06-22,00:03:27,1098,39,209,928,PAY001285,Delayed,20
ORD001286,CUST01062,REST0264,PART0007,2025-10-15,05:39:16,922,29,171,780,PAY001286,Delivered,85
ORD001287,CUST00439,REST0115,PART0138,2026-05-08,15:04:47,348,44,26,366,PAY001287,Delivered,20
ORD001288,CUST00920,REST0081,PART0017,2026-07-14,06:20:05,708,93,136,665,PAY001288,Delivered,25
ORD001289,CUST00709,REST0040,PART0096,2026-07-01,02:28:01,1891,39,96,1834,PAY001289,Delivered,52
ORD001290,CUST01526,REST0276,PART0040,2026-07-11,04:59:58,1507,34,364,1177,PAY001290,Delivered,70
ORD001291,CUST01645,REST0153,PART0003,2026-01-29,03:00:31,1004,88,255,837,PAY001291,Delivered,28
ORD001292,CUST01074,REST0285,PART0138,2025-08-27,03:04:34,374,87,41,420,PAY001292,Delivered,22
ORD001293,CUST00548,REST0001,PART0011,2025-12-26,17:39:56,783,59,192,650,PAY001293,Delivered,64
ORD001294,CUST01812,REST0269,PART0123,2025-12-28,15:24:49,1317,84,254,1147,PAY001294,Delivered,46
ORD001295,CUST01646,REST0145,PART0103,2026-05-12,20:40:12,1216,61,198,1079,PAY001295,Delivered,54
ORD001296,CUST00530,REST0112,PART0076,2025-10-28,20:25:05,1370,75,370,1075,PAY001296,Delivered,38
ORD001297,CUST01787,REST0075,PART0046,2026-02-25,12:22:12,1400,38,366,1072,PAY001297,Delivered,24
ORD001298,CUST00262,REST0024,PART0073,2025-12-18,21:03:13,524,22,78,468,PAY001298,Delayed,35
ORD001299,CUST00462,REST0145,PART0125,2026-03-03,13:39:41,668,88,55,701,PAY001299,Delivered,80
ORD001300,CUST01930,REST0229,PART0040,2025-07-27,07:56:43,1732,34,92,1674,PAY001300,Delivered,67
ORD001301,CUST01138,REST0295,PART0135,2025-09-17,22:37:29,1398,96,313,1181,PAY001301,Delivered,27
ORD001302,CUST02251,REST0011,PART0015,2026-01-31,03:52:57,1202,45,56,1191,PAY001302,Delivered,43
ORD001303,CUST00689,REST0002,PART0016,2025-09-18,20:36:36,1014,72,10,1076,PAY001303,Delivered,15
ORD001304,CUST01379,REST0100,PART0140,2026-07-09,10:45:02,552,40,138,454,PAY001304,Delayed,65
ORD001305,CUST01318,REST0024,PART0084,2025-11-09,23:25:34,1937,32,3,1966,PAY001305,Delivered,37
ORD001306,CUST02253,REST0001,PART0091,2026-06-25,13:27:30,650,87,60,677,PAY001306,Delivered,85
ORD001307,CUST02313,REST0032,PART0016,2026-03-05,00:50:52,1005,98,87,1016,PAY001307,Delivered,72
ORD001308,CUST01874,REST0224,PART0063,2026-04-13,04:11:19,1243,75,83,1235,PAY001308,Delivered,44
ORD001309,CUST02055,REST0198,PART0053,2026-02-04,18:37:20,1878,91,211,1758,PAY001309,Delayed,42
ORD001310,CUST01378,REST0059,PART0139,2025-10-01,07:35:35,984,30,258,756,PAY001310,Delivered,66
ORD001311,CUST01016,REST0223,PART0142,2026-02-21,19:49:34,964,78,53,989,PAY001311,Delivered,54
ORD001312,CUST00636,REST0259,PART0041,2026-05-04,05:32:33,151,29,12,168,PAY001312,Delivered,40
ORD001313,CUST00407,REST0277,PART0131,2025-09-08,10:29:05,1618,97,78,1637,PAY001313,Delivered,43
ORD001314,CUST02458,REST0033,PART0136,2025-09-04,16:27:43,1988,43,472,1559,PAY001314,Delivered,76
ORD001315,CUST01976,REST0253,PART0099,2026-03-30,21:11:16,1600,22,207,1415,PAY001315,Delivered,27
ORD001316,CUST02384,REST0086,PART0002,2025-11-22,14:56:53,1015,100,189,926,PAY001316,Delivered,83
ORD001317,CUST00308,REST0066,PART0120,2026-05-18,11:47:29,355,54,31,378,PAY001317,Delayed,71
ORD001318,CUST00454,REST0181,PART0108,2025-08-06,03:14:42,389,78,64,403,PAY001318,Cancelled,89
ORD001319,CUST02038,REST0092,PART0005,2025-08-20,08:22:06,1568,58,179,1447,PAY001319,Delivered,34
ORD001320,CUST02187,REST0197,PART0044,2025-11-13,08:25:48,921,67,204,784,PAY001320,Delayed,60
ORD001321,CUST01326,REST0230,PART0053,2026-05-20,03:48:53,1848,32,141,1739,PAY001321,Delivered,54
ORD001322,CUST00666,REST0176,PART0084,2026-05-09,15:46:50,1188,95,289,994,PAY001322,Delivered,43
ORD001323,CUST00037,REST0228,PART0077,2025-09-09,04:18:12,708,75,160,623,PAY001323,Cancelled,32
ORD001324,CUST00585,REST0211,PART0109,2026-05-23,12:13:00,699,100,121,678,PAY001324,Delivered,90
ORD001325,CUST01624,REST0249,PART0006,2025-11-27,15:42:02,278,76,73,281,PAY001325,Delivered,86
ORD001326,CUST01258,REST0255,PART0066,2026-01-10,09:18:42,1283,96,234,1145,PAY001326,Delivered,86
ORD001327,CUST02339,REST0146,PART0104,2025-12-17,00:43:20,1554,99,435,1218,PAY001327,Delivered,50
ORD001328,CUST02065,REST0155,PART0029,2025-09-18,10:53:30,1192,44,311,925,PAY001328,Delivered,67
ORD001329,CUST02126,REST0176,PART0053,2026-01-11,02:46:50,646,56,117,585,PAY001329,Delivered,66
ORD001330,CUST01560,REST0150,PART0150,2025-07-16,13:39:04,1248,88,54,1282,PAY001330,Delivered,83
ORD001331,CUST00041,REST0086,PART0132,2026-03-29,00:28:08,693,57,80,670,PAY001331,Cancelled,65
ORD001332,CUST00672,REST0205,PART0036,2025-09-11,12:30:28,500,35,8,527,PAY001332,Delivered,73
ORD001333,CUST02265,REST0032,PART0005,2025-10-02,01:42:58,962,71,148,885,PAY001333,Delayed,84
ORD001334,CUST01469,REST0267,PART0027,2026-06-24,03:31:35,704,88,64,728,PAY001334,Delayed,43
ORD001335,CUST02276,REST0098,PART0011,2025-09-21,01:35:09,1289,89,293,1085,PAY001335,Cancelled,57
ORD001336,CUST00971,REST0243,PART0068,2025-11-10,05:56:48,1515,89,282,1322,PAY001336,Delivered,28
ORD001337,CUST00060,REST0077,PART0115,2025-11-12,16:08:56,861,73,121,813,PAY001337,Delivered,62
ORD001338,CUST00189,REST0177,PART0100,2025-08-16,10:56:37,246,20,27,239,PAY001338,Delivered,66
ORD001339,CUST00833,REST0009,PART0092,2025-09-25,22:19:46,1362,96,182,1276,PAY001339,Delivered,64
ORD001340,CUST02316,REST0099,PART0113,2025-10-15,23:10:56,348,91,33,406,PAY001340,Delivered,84
ORD001341,CUST00213,REST0258,PART0123,2026-06-14,08:42:54,1034,77,291,820,PAY001341,Cancelled,17
ORD001342,CUST00144,REST0016,PART0029,2025-10-03,04:53:24,1116,40,212,944,PAY001342,Delivered,41
ORD001343,CUST00946,REST0139,PART0076,2026-01-01,18:43:20,912,35,24,923,PAY001343,Delivered,53
ORD001344,CUST00178,REST0202,PART0124,2025-08-20,06:12:29,419,96,76,439,PAY001344,Delivered,50
ORD001345,CUST01533,REST0085,PART0078,2026-04-23,11:12:49,1014,91,205,900,PAY001345,Delivered,19
ORD001346,CUST01326,REST0177,PART0112,2025-10-19,06:51:51,440,36,29,447,PAY001346,Delivered,76
ORD001347,CUST00731,REST0095,PART0047,2025-09-14,02:27:41,795,74,196,673,PAY001347,Delayed,30
ORD001348,CUST00883,REST0151,PART0113,2026-04-08,03:47:06,166,62,15,213,PAY001348,Delayed,18
ORD001349,CUST01593,REST0156,PART0139,2026-02-16,22:00:45,1171,59,245,985,PAY001349,Delivered,51
ORD001350,CUST02461,REST0224,PART0084,2026-06-09,15:59:33,912,96,114,894,PAY001350,Delivered,36
ORD001351,CUST00923,REST0161,PART0002,2026-05-13,10:59:14,1886,49,547,1388,PAY001351,Delivered,77
ORD001352,CUST01425,REST0112,PART0027,2025-12-08,14:07:39,430,56,85,401,PAY001352,Delivered,36
ORD001353,CUST01616,REST0066,PART0048,2025-07-18,03:52:50,265,20,31,254,PAY001353,Delivered,26
ORD001354,CUST00587,REST0238,PART0127,2026-01-17,14:57:40,1618,80,121,1577,PAY001354,Delivered,35
ORD001355,CUST01420,REST0285,PART0083,2025-09-16,02:51:12,1731,54,252,1533,PAY001355,Delayed,56
ORD001356,CUST02394,REST0157,PART0044,2025-11-27,02:44:21,815,41,46,810,PAY001356,Delayed,59
ORD001357,CUST01664,REST0060,PART0129,2025-08-24,01:03:10,1609,60,51,1618,PAY001357,Delivered,56
ORD001358,CUST01838,REST0035,PART0015,2026-01-15,01:58:20,904,98,43,959,PAY001358,Delivered,58
ORD001359,CUST01264,REST0048,PART0067,2026-02-14,18:34:13,1233,26,185,1074,PAY001359,Delivered,72
ORD001360,CUST00944,REST0188,PART0055,2026-04-08,23:06:19,779,54,120,713,PAY001360,Delivered,60
ORD001361,CUST02167,REST0152,PART0029,2025-12-16,06:34:44,759,76,223,612,PAY001361,Cancelled,74
ORD001362,CUST02340,REST0236,PART0052,2026-04-13,14:53:28,1339,58,359,1038,PAY001362,Delivered,48
ORD001363,CUST00151,REST0171,PART0060,2025-10-06,18:21:35,1885,97,208,1774,PAY001363,Delivered,77
ORD001364,CUST00800,REST0064,PART0136,2026-07-05,18:00:45,1244,23,113,1154,PAY001364,Delivered,42
ORD001365,CUST00824,REST0123,PART0134,2026-01-15,16:00:08,320,28,88,260,PAY001365,Delivered,38
ORD001366,CUST02073,REST0274,PART0045,2026-04-01,20:04:29,226,85,60,251,PAY001366,Cancelled,86
ORD001367,CUST02226,REST0244,PART0051,2025-12-09,09:05:01,1776,42,491,1327,PAY001367,Cancelled,16
ORD001368,CUST00257,REST0161,PART0047,2026-06-04,02:30:27,1040,43,161,922,PAY001368,Delivered,30
ORD001369,CUST01339,REST0109,PART0084,2026-01-12,05:46:32,1566,59,209,1416,PAY001369,Delivered,43
ORD001370,CUST00416,REST0263,PART0145,2026-04-16,12:16:39,1813,85,51,1847,PAY001370,Delivered,28
ORD001371,CUST01199,REST0143,PART0098,2025-10-18,12:18:41,1020,81,96,1005,PAY001371,Delivered,78
ORD001372,CUST01552,REST0084,PART0102,2026-05-08,13:59:27,1655,81,226,1510,PAY001372,Delivered,90
ORD001373,CUST01623,REST0070,PART0148,2026-07-07,08:22:58,785,48,53,780,PAY001373,Delivered,47
ORD001374,CUST01399,REST0027,PART0148,2025-08-22,10:56:39,1438,75,134,1379,PAY001374,Delivered,89
ORD001375,CUST00198,REST0273,PART0142,2025-12-13,18:14:33,1562,24,57,1529,PAY001375,Delivered,58
ORD001376,CUST02177,REST0120,PART0088,2025-09-04,03:31:15,616,93,4,705,PAY001376,Delivered,35
ORD001377,CUST02435,REST0210,PART0134,2025-11-16,21:05:29,1592,30,276,1346,PAY001377,Cancelled,52
ORD001378,CUST01135,REST0264,PART0133,2026-05-08,13:52:48,1482,57,199,1340,PAY001378,Delivered,53
ORD001379,CUST01876,REST0299,PART0095,2026-07-14,11:04:09,1688,98,370,1416,PAY001379,Delivered,71
ORD001380,CUST01346,REST0293,PART0090,2025-09-06,02:20:49,1299,67,251,1115,PAY001380,Delivered,81
ORD001381,CUST00211,REST0092,PART0037,2025-12-18,12:58:36,1211,34,303,942,PAY001381,Delivered,24
ORD001382,CUST02207,REST0038,PART0036,2026-05-12,13:06:05,1676,94,236,1534,PAY001382,Delivered,53
ORD001383,CUST02493,REST0232,PART0021,2025-11-20,06:41:42,1256,44,327,973,PAY001383,Cancelled,74
ORD001384,CUST01226,REST0135,PART0085,2026-06-29,23:57:25,1687,94,270,1511,PAY001384,Delivered,27
ORD001385,CUST02034,REST0082,PART0134,2025-11-03,05:21:24,1777,46,435,1388,PAY001385,Delivered,65
ORD001386,CUST00892,REST0016,PART0054,2026-05-30,14:47:54,364,30,23,371,PAY001386,Delivered,82
ORD001387,CUST02197,REST0059,PART0021,2026-04-04,06:54:50,849,75,217,707,PAY001387,Delivered,88
ORD001388,CUST00327,REST0141,PART0087,2026-04-25,21:21:12,1398,82,275,1205,PAY001388,Delivered,88
ORD001389,CUST00684,REST0054,PART0114,2026-06-20,03:47:40,1967,22,586,1403,PAY001389,Delivered,74
ORD001390,CUST00606,REST0287,PART0109,2025-12-28,03:16:49,246,67,40,273,PAY001390,Delivered,69
ORD001391,CUST00367,REST0161,PART0130,2026-03-05,01:39:55,575,48,95,528,PAY001391,Delayed,83
ORD001392,CUST00049,REST0164,PART0050,2025-12-16,04:44:36,1695,79,492,1282,PAY001392,Delayed,31
ORD001393,CUST02358,REST0124,PART0150,2026-02-08,16:06:22,190,35,7,218,PAY001393,Delivered,25
ORD001394,CUST02350,REST0243,PART0079,2025-08-13,01:40:54,659,88,32,715,PAY001394,Delivered,32
ORD001395,CUST01748,REST0022,PART0147,2025-11-27,22:49:42,865,35,124,776,PAY001395,Delivered,22
ORD001396,CUST00414,REST0258,PART0032,2026-01-21,21:09:53,821,88,204,705,PAY001396,Delayed,20
ORD001397,CUST00556,REST0154,PART0055,2026-04-02,09:29:42,821,27,225,623,PAY001397,Delivered,74
ORD001398,CUST02175,REST0255,PART0053,2026-04-29,19:05:29,970,28,175,823,PAY001398,Delivered,63
ORD001399,CUST00889,REST0179,PART0131,2026-02-28,23:42:21,436,76,20,492,PAY001399,Delivered,66
ORD001400,CUST00992,REST0031,PART0002,2025-07-26,16:29:00,652,46,90,608,PAY001400,Delivered,57
ORD001401,CUST01503,REST0150,PART0116,2025-10-10,08:07:48,808,75,23,860,PAY001401,Cancelled,46
ORD001402,CUST00981,REST0300,PART0125,2026-06-25,04:04:17,1912,69,384,1597,PAY001402,Cancelled,87
ORD001403,CUST01556,REST0149,PART0064,2026-03-09,13:37:52,860,34,51,843,PAY001403,Delivered,65
ORD001404,CUST00983,REST0242,PART0125,2025-09-23,10:21:49,237,37,65,209,PAY001404,Delivered,38
ORD001405,CUST02436,REST0216,PART0097,2026-05-10,10:36:57,207,40,34,213,PAY001405,Delivered,67
ORD001406,CUST00726,REST0267,PART0022,2025-10-15,13:37:10,852,51,151,752,PAY001406,Delivered,63
ORD001407,CUST01689,REST0040,PART0009,2025-12-06,14:21:24,675,28,180,523,PAY001407,Delivered,28
ORD001408,CUST00839,REST0172,PART0138,2025-12-03,22:29:25,1576,79,165,1490,PAY001408,Delivered,53
ORD001409,CUST01530,REST0064,PART0010,2025-11-25,05:25:56,1846,53,43,1856,PAY001409,Delivered,39
ORD001410,CUST02009,REST0110,PART0003,2026-01-26,23:41:59,1269,20,69,1220,PAY001410,Delivered,48
ORD001411,CUST01730,REST0069,PART0131,2026-05-31,22:55:39,1146,73,106,1113,PAY001411,Cancelled,28
ORD001412,CUST00476,REST0271,PART0149,2025-07-16,20:37:34,1535,54,232,1357,PAY001412,Delivered,44
ORD001413,CUST00089,REST0295,PART0106,2026-03-10,08:41:03,799,47,237,609,PAY001413,Delivered,88
ORD001414,CUST01066,REST0002,PART0146,2026-03-05,22:27:46,1006,83,205,884,PAY001414,Delivered,37
ORD001415,CUST02086,REST0233,PART0070,2026-05-04,03:59:56,1185,88,142,1131,PAY001415,Cancelled,55
ORD001416,CUST02203,REST0233,PART0035,2025-12-17,21:06:20,1902,50,336,1616,PAY001416,Delivered,77
ORD001417,CUST00088,REST0218,PART0142,2026-07-06,10:21:04,1078,54,100,1032,PAY001417,Delivered,86
ORD001418,CUST01110,REST0018,PART0052,2025-08-15,05:59:49,1765,33,392,1406,PAY001418,Delivered,54
ORD001419,CUST02142,REST0034,PART0130,2026-03-23,23:00:29,1359,84,389,1054,PAY001419,Delivered,78
ORD001420,CUST01472,REST0263,PART0057,2025-10-13,14:13:55,1273,80,226,1127,PAY001420,Delivered,44
ORD001421,CUST01842,REST0008,PART0065,2025-09-07,20:47:23,978,56,243,791,PAY001421,Delivered,27
ORD001422,CUST00052,REST0058,PART0090,2026-01-26,09:39:38,1619,21,309,1331,PAY001422,Delayed,39
ORD001423,CUST00764,REST0280,PART0033,2025-09-27,05:48:16,1841,73,23,1891,PAY001423,Delivered,65
ORD001424,CUST00162,REST0135,PART0018,2025-08-02,10:12:44,864,53,85,832,PAY001424,Delivered,36
ORD001425,CUST01459,REST0231,PART0119,2025-10-06,06:37:12,1981,30,35,1976,PAY001425,Delivered,32
ORD001426,CUST00081,REST0029,PART0127,2025-11-10,12:03:26,699,55,16,738,PAY001426,Delivered,90
ORD001427,CUST00654,REST0139,PART0096,2026-01-01,08:01:11,354,92,27,419,PAY001427,Delivered,45
ORD001428,CUST01978,REST0159,PART0026,2025-08-21,07:13:11,1467,29,30,1466,PAY001428,Delivered,33
ORD001429,CUST01908,REST0015,PART0143,2025-11-25,02:58:08,1687,55,278,1464,PAY001429,Delivered,75
ORD001430,CUST02353,REST0209,PART0053,2025-12-12,09:33:05,1674,69,130,1613,PAY001430,Delivered,38
ORD001431,CUST01223,REST0074,PART0048,2026-03-27,05:55:57,914,30,253,691,PAY001431,Delivered,52
ORD001432,CUST01718,REST0052,PART0028,2025-09-24,02:21:16,692,47,44,695,PAY001432,Delivered,83
ORD001433,CUST01252,REST0196,PART0135,2025-12-28,13:42:32,255,24,24,255,PAY001433,Delivered,70
ORD001434,CUST00206,REST0244,PART0004,2025-09-12,18:51:40,1558,68,110,1516,PAY001434,Cancelled,34
ORD001435,CUST00621,REST0018,PART0009,2025-11-03,21:51:00,1572,41,28,1585,PAY001435,Delivered,57
ORD001436,CUST00288,REST0293,PART0093,2025-11-14,01:22:48,950,73,69,954,PAY001436,Delivered,40
ORD001437,CUST00041,REST0174,PART0120,2025-12-13,11:10:25,1263,94,15,1342,PAY001437,Delivered,75
ORD001438,CUST00393,REST0254,PART0063,2026-04-04,11:47:30,791,23,15,799,PAY001438,Delivered,32
ORD001439,CUST00107,REST0237,PART0056,2026-05-31,04:37:47,1784,92,12,1864,PAY001439,Delivered,74
ORD001440,CUST00704,REST0083,PART0024,2026-01-18,21:47:37,538,24,115,447,PAY001440,Delivered,28
ORD001441,CUST00169,REST0261,PART0121,2025-07-29,18:23:59,1257,68,289,1036,PAY001441,Delivered,24
ORD001442,CUST00492,REST0013,PART0065,2025-10-25,14:40:11,1165,38,95,1108,PAY001442,Delayed,55
ORD001443,CUST00459,REST0254,PART0029,2025-12-27,00:39:52,1672,72,405,1339,PAY001443,Delivered,87
ORD001444,CUST00026,REST0233,PART0066,2025-09-23,23:01:14,1270,28,242,1056,PAY001444,Delivered,54
ORD001445,CUST00924,REST0155,PART0076,2025-09-17,18:07:19,983,26,74,935,PAY001445,Delivered,31
ORD001446,CUST01628,REST0008,PART0037,2025-12-17,21:26:07,888,38,47,879,PAY001446,Delivered,58
ORD001447,CUST00338,REST0073,PART0005,2026-04-07,05:39:34,589,95,69,615,PAY001447,Delivered,89
ORD001448,CUST01944,REST0093,PART0097,2026-02-02,03:49:48,774,77,204,647,PAY001448,Delivered,17
ORD001449,CUST01447,REST0162,PART0025,2026-06-05,05:24:08,1531,43,215,1359,PAY001449,Delivered,43
ORD001450,CUST01908,REST0154,PART0143,2025-08-26,13:47:47,1113,72,40,1145,PAY001450,Delivered,18
ORD001451,CUST01471,REST0300,PART0139,2026-01-12,19:11:08,703,64,177,590,PAY001451,Delivered,59
ORD001452,CUST00434,REST0055,PART0148,2026-05-25,08:23:25,932,24,67,889,PAY001452,Delivered,29
ORD001453,CUST00700,REST0221,PART0139,2025-08-17,08:03:25,1249,94,46,1297,PAY001453,Delivered,66
ORD001454,CUST02195,REST0212,PART0066,2025-11-27,17:25:10,1650,97,410,1337,PAY001454,Cancelled,76
ORD001455,CUST00877,REST0238,PART0098,2026-04-08,16:23:13,1531,73,64,1540,PAY001455,Delivered,22
ORD001456,CUST01278,REST0234,PART0067,2026-04-26,18:46:38,1174,87,137,1124,PAY001456,Delivered,18
ORD001457,CUST02284,REST0046,PART0145,2025-08-24,14:57:21,1684,49,224,1509,PAY001457,Delivered,29
ORD001458,CUST02324,REST0067,PART0022,2026-03-27,22:55:49,216,82,37,261,PAY001458,Delivered,70
ORD001459,CUST02340,REST0271,PART0052,2026-06-16,04:33:43,239,26,51,214,PAY001459,Delivered,65
ORD001460,CUST00809,REST0167,PART0059,2025-12-20,07:45:31,1645,100,65,1680,PAY001460,Delivered,50
ORD001461,CUST01108,REST0230,PART0011,2026-05-24,07:25:23,700,85,111,674,PAY001461,Delivered,79
ORD001462,CUST02162,REST0211,PART0082,2026-05-25,14:47:26,390,48,73,365,PAY001462,Cancelled,50
ORD001463,CUST00271,REST0086,PART0052,2025-07-20,23:43:56,453,21,43,431,PAY001463,Delivered,77
ORD001464,CUST01347,REST0001,PART0054,2025-09-16,17:20:14,1924,21,367,1578,PAY001464,Delivered,42
ORD001465,CUST02247,REST0266,PART0097,2025-11-17,03:19:39,274,22,2,294,PAY001465,Delivered,46
ORD001466,CUST00981,REST0057,PART0002,2025-09-04,05:43:52,1673,71,232,1512,PAY001466,Delivered,15
ORD001467,CUST00369,REST0063,PART0065,2026-02-24,10:13:06,1217,93,290,1020,PAY001467,Cancelled,30
ORD001468,CUST00379,REST0197,PART0146,2026-01-29,03:05:55,197,94,54,237,PAY001468,Delayed,34
ORD001469,CUST01871,REST0298,PART0137,2025-12-12,08:50:26,434,83,51,466,PAY001469,Cancelled,88
ORD001470,CUST02220,REST0173,PART0077,2026-04-08,18:33:32,241,69,1,309,PAY001470,Delivered,84
ORD001471,CUST01967,REST0133,PART0100,2026-01-08,19:49:45,1900,90,435,1555,PAY001471,Delivered,46
ORD001472,CUST02110,REST0142,PART0057,2025-07-20,17:48:21,253,22,75,200,PAY001472,Delayed,46
ORD001473,CUST01001,REST0229,PART0022,2026-01-21,00:56:21,393,32,92,333,PAY001473,Delayed,27
ORD001474,CUST00379,REST0285,PART0095,2026-03-27,03:48:36,1957,30,325,1662,PAY001474,Delivered,48
ORD001475,CUST01266,REST0077,PART0005,2026-04-02,12:27:41,1176,38,293,921,PAY001475,Delivered,39
ORD001476,CUST01487,REST0105,PART0083,2025-12-19,05:56:20,1798,21,70,1749,PAY001476,Delivered,45
ORD001477,CUST01829,REST0165,PART0097,2025-12-27,07:22:37,995,72,15,1052,PAY001477,Delivered,88
ORD001478,CUST02384,REST0140,PART0104,2026-05-11,19:23:06,1373,52,145,1280,PAY001478,Delayed,70
ORD001479,CUST00240,REST0282,PART0036,2025-08-06,09:52:26,453,26,24,455,PAY001479,Delayed,49
ORD001480,CUST02077,REST0078,PART0036,2025-11-10,21:31:57,1809,37,93,1753,PAY001480,Delayed,43
ORD001481,CUST00005,REST0077,PART0101,2025-12-28,06:54:13,1064,96,147,1013,PAY001481,Delivered,33
ORD001482,CUST00287,REST0255,PART0068,2025-10-24,16:34:32,1237,64,256,1045,PAY001482,Delivered,56
ORD001483,CUST00790,REST0211,PART0080,2026-04-30,10:20:20,1107,49,183,973,PAY001483,Delivered,35
ORD001484,CUST00035,REST0151,PART0023,2026-03-19,12:11:32,855,78,8,925,PAY001484,Delivered,35
ORD001485,CUST02260,REST0170,PART0028,2025-08-30,06:36:09,343,91,17,417,PAY001485,Delivered,85
ORD001486,CUST00724,REST0168,PART0089,2026-03-07,16:05:15,1556,73,35,1594,PAY001486,Delivered,87
ORD001487,CUST00130,REST0032,PART0119,2026-05-25,16:44:34,737,70,29,778,PAY001487,Delivered,37
ORD001488,CUST01673,REST0013,PART0014,2026-05-23,20:52:24,263,53,54,262,PAY001488,Delivered,25
ORD001489,CUST00588,REST0235,PART0023,2026-07-03,22:55:50,1300,51,267,1084,PAY001489,Delivered,18
ORD001490,CUST00521,REST0291,PART0110,2026-01-07,02:36:43,1631,42,102,1571,PAY001490,Cancelled,23
ORD001491,CUST01084,REST0273,PART0096,2026-01-27,05:20:42,406,23,83,346,PAY001491,Delivered,16
ORD001492,CUST01332,REST0115,PART0067,2025-12-08,00:46:32,1656,74,222,1508,PAY001492,Delivered,54
ORD001493,CUST01252,REST0091,PART0037,2026-05-15,13:16:20,1635,25,448,1212,PAY001493,Delivered,71
ORD001494,CUST00104,REST0055,PART0023,2026-01-16,03:34:21,598,58,98,558,PAY001494,Delivered,57
ORD001495,CUST00840,REST0159,PART0126,2026-04-18,18:19:54,164,66,31,199,PAY001495,Delivered,34
ORD001496,CUST01728,REST0043,PART0126,2025-11-23,08:48:36,631,64,142,553,PAY001496,Delayed,67
ORD001497,CUST00416,REST0065,PART0118,2026-06-09,02:00:42,496,40,81,455,PAY001497,Delivered,38
ORD001498,CUST01606,REST0215,PART0100,2026-02-09,00:34:42,1077,20,260,837,PAY001498,Delivered,59
ORD001499,CUST00314,REST0227,PART0105,2025-12-04,22:33:01,462,36,70,428,PAY001499,Delayed,84
ORD001500,CUST01202,REST0243,PART0120,2025-08-28,14:39:06,1195,54,319,930,PAY001500,Delivered,25
ORD001501,CUST00851,REST0186,PART0004,2026-05-17,07:08:00,1334,27,327,1034,PAY001501,Delivered,19
ORD001502,CUST02051,REST0290,PART0124,2025-09-23,16:41:50,372,85,38,419,PAY001502,Delivered,53
ORD001503,CUST01114,REST0108,PART0079,2025-12-27,22:21:55,407,50,40,417,PAY001503,Delivered,21
ORD001504,CUST01550,REST0281,PART0040,2026-02-07,17:42:12,1636,73,449,1260,PAY001504,Delivered,29
ORD001505,CUST01773,REST0130,PART0092,2026-05-07,05:52:39,327,63,81,309,PAY001505,Delivered,35
ORD001506,CUST00705,REST0009,PART0103,2025-12-12,04:00:30,675,93,201,567,PAY001506,Delivered,50
ORD001507,CUST00507,REST0052,PART0127,2026-06-19,05:42:32,1466,31,392,1105,PAY001507,Delivered,40
ORD001508,CUST00602,REST0238,PART0064,2026-04-04,06:37:40,1277,30,271,1036,PAY001508,Cancelled,15
ORD001509,CUST02404,REST0148,PART0129,2025-08-16,07:31:51,778,48,86,740,PAY001509,Delivered,79
ORD001510,CUST02117,REST0142,PART0108,2025-09-12,15:30:08,1632,28,270,1390,PAY001510,Delivered,83
ORD001511,CUST00075,REST0178,PART0026,2025-07-18,22:38:00,979,71,132,918,PAY001511,Delivered,27
ORD001512,CUST01520,REST0160,PART0051,2025-11-24,03:56:16,522,31,41,512,PAY001512,Delivered,50
ORD001513,CUST00121,REST0061,PART0103,2026-07-14,00:57:12,1792,43,253,1582,PAY001513,Delivered,21
ORD001514,CUST00018,REST0123,PART0128,2026-04-17,00:46:23,1401,87,217,1271,PAY001514,Delayed,33
ORD001515,CUST00217,REST0030,PART0052,2026-03-02,10:25:00,1611,84,197,1498,PAY001515,Delivered,35
ORD001516,CUST02436,REST0229,PART0141,2025-10-24,09:00:10,1581,45,53,1573,PAY001516,Delivered,90
ORD001517,CUST00367,REST0142,PART0009,2025-09-30,23:40:44,1387,26,41,1372,PAY001517,Delivered,16
ORD001518,CUST00479,REST0124,PART0028,2026-02-01,04:58:23,759,80,208,631,PAY001518,Delivered,78
ORD001519,CUST02273,REST0213,PART0012,2026-05-27,21:57:51,1357,79,390,1046,PAY001519,Cancelled,28
ORD001520,CUST02079,REST0133,PART0026,2026-03-11,21:32:04,1707,65,52,1720,PAY001520,Delivered,89
ORD001521,CUST01347,REST0187,PART0003,2026-04-24,19:47:00,1881,79,536,1424,PAY001521,Delivered,30
ORD001522,CUST00916,REST0173,PART0136,2026-06-19,23:20:00,571,76,87,560,PAY001522,Delivered,36
ORD001523,CUST02287,REST0271,PART0114,2026-01-08,22:36:00,196,80,10,266,PAY001523,Cancelled,81
ORD001524,CUST00929,REST0240,PART0029,2026-01-01,03:14:32,431,79,14,496,PAY001524,Cancelled,68
ORD001525,CUST02098,REST0057,PART0121,2025-08-04,02:15:03,206,90,44,252,PAY001525,Delivered,34
ORD001526,CUST01030,REST0247,PART0126,2026-01-12,17:41:55,1980,45,393,1632,PAY001526,Delivered,30
ORD001527,CUST00929,REST0021,PART0115,2025-11-02,15:33:22,555,82,86,551,PAY001527,Delivered,68
ORD001528,CUST00746,REST0147,PART0141,2025-07-31,17:10:08,1918,33,7,1944,PAY001528,Delivered,16
ORD001529,CUST02051,REST0017,PART0004,2025-09-01,10:44:00,900,65,238,727,PAY001529,Delivered,36
ORD001530,CUST00553,REST0110,PART0102,2026-06-18,07:10:32,1520,57,99,1478,PAY001530,Delivered,38
ORD001531,CUST02397,REST0020,PART0099,2026-01-22,09:23:39,1838,35,400,1473,PAY001531,Delivered,63
ORD001532,CUST01632,REST0242,PART0006,2026-01-10,23:38:22,871,78,132,817,PAY001532,Delivered,64
ORD001533,CUST01790,REST0061,PART0063,2025-12-05,19:27:01,1547,65,33,1579,PAY001533,Delayed,88
ORD001534,CUST01319,REST0029,PART0030,2025-08-04,16:30:39,1577,38,45,1570,PAY001534,Delivered,67
ORD001535,CUST00298,REST0003,PART0123,2026-06-26,13:25:08,1836,38,397,1477,PAY001535,Delivered,16
ORD001536,CUST02141,REST0133,PART0041,2026-03-05,23:56:09,554,66,11,609,PAY001536,Delivered,51
ORD001537,CUST02205,REST0114,PART0148,2026-04-08,19:23:18,1589,34,317,1306,PAY001537,Delivered,32
ORD001538,CUST00271,REST0113,PART0007,2025-12-06,15:53:02,1259,57,257,1059,PAY001538,Delivered,16
ORD001539,CUST00306,REST0008,PART0081,2025-10-22,05:38:53,369,74,76,367,PAY001539,Delivered,44
ORD001540,CUST00292,REST0194,PART0122,2025-12-28,13:37:37,451,32,94,389,PAY001540,Delivered,61
ORD001541,CUST01004,REST0119,PART0085,2025-11-24,07:09:48,944,57,206,795,PAY001541,Cancelled,44
ORD001542,CUST01335,REST0009,PART0031,2026-04-04,09:12:47,335,31,0,366,PAY001542,Delivered,50
ORD001543,CUST02010,REST0259,PART0150,2025-11-08,06:03:29,1011,53,79,985,PAY001543,Delayed,69
ORD001544,CUST02261,REST0173,PART0083,2026-05-10,01:12:01,805,80,63,822,PAY001544,Delayed,29
ORD001545,CUST02019,REST0169,PART0026,2026-05-30,09:00:13,1268,29,229,1068,PAY001545,Delivered,32
ORD001546,CUST02306,REST0255,PART0130,2025-07-25,09:06:38,1362,67,391,1038,PAY001546,Delivered,27
ORD001547,CUST01542,REST0024,PART0119,2026-02-12,00:34:28,891,53,79,865,PAY001547,Delivered,35
ORD001548,CUST00629,REST0152,PART0075,2025-10-28,00:36:27,1653,69,9,1713,PAY001548,Delivered,70
ORD001549,CUST01895,REST0240,PART0037,2025-09-23,15:39:33,1730,55,432,1353,PAY001549,Delivered,19
ORD001550,CUST00112,REST0236,PART0053,2025-11-07,02:59:02,282,76,13,345,PAY001550,Delivered,22
ORD001551,CUST01574,REST0135,PART0124,2025-12-01,20:12:16,1099,35,185,949,PAY001551,Delivered,83
ORD001552,CUST00401,REST0250,PART0082,2025-12-25,05:04:30,1135,27,110,1052,PAY001552,Delivered,54
ORD001553,CUST01812,REST0152,PART0019,2025-07-23,01:04:50,1235,22,95,1162,PAY001553,Delivered,53
ORD001554,CUST00742,REST0197,PART0013,2026-01-05,17:59:29,1883,61,470,1474,PAY001554,Delivered,35
ORD001555,CUST01616,REST0271,PART0104,2025-11-19,07:35:11,503,62,66,499,PAY001555,Delayed,33
ORD001556,CUST01230,REST0024,PART0115,2025-11-08,20:24:06,530,91,132,489,PAY001556,Delivered,68
ORD001557,CUST01825,REST0194,PART0053,2026-03-20,05:34:49,663,37,2,698,PAY001557,Delivered,33
ORD001558,CUST00853,REST0281,PART0103,2025-07-30,01:44:54,288,46,43,291,PAY001558,Delivered,75
ORD001559,CUST02473,REST0065,PART0056,2026-03-04,14:51:13,1566,37,183,1420,PAY001559,Cancelled,82
ORD001560,CUST01665,REST0016,PART0068,2025-08-28,14:45:20,1861,80,53,1888,PAY001560,Delivered,81
ORD001561,CUST00723,REST0030,PART0086,2025-12-01,23:33:06,955,95,119,931,PAY001561,Delivered,62
ORD001562,CUST00105,REST0269,PART0038,2026-04-26,11:38:04,681,20,88,613,PAY001562,Delivered,75
ORD001563,CUST00344,REST0168,PART0116,2025-07-30,11:02:37,1333,73,380,1026,PAY001563,Cancelled,69
ORD001564,CUST01318,REST0211,PART0116,2026-02-07,13:34:24,793,44,174,663,PAY001564,Delivered,22
ORD001565,CUST02048,REST0174,PART0089,2026-04-29,02:47:29,1174,96,237,1033,PAY001565,Delivered,47
ORD001566,CUST00114,REST0124,PART0135,2025-12-17,02:46:45,1043,29,300,772,PAY001566,Delivered,48
ORD001567,CUST00861,REST0207,PART0034,2025-10-20,19:09:39,1880,43,488,1435,PAY001567,Delivered,73
ORD001568,CUST00719,REST0076,PART0124,2025-09-22,07:05:16,519,27,45,501,PAY001568,Delivered,28
ORD001569,CUST01520,REST0251,PART0110,2025-08-17,21:09:55,1709,29,475,1263,PAY001569,Delivered,30
ORD001570,CUST00235,REST0151,PART0041,2026-02-09,00:12:55,368,74,21,421,PAY001570,Delivered,84
ORD001571,CUST02263,REST0207,PART0148,2025-08-21,23:16:20,383,56,34,405,PAY001571,Delayed,85
ORD001572,CUST00425,REST0218,PART0149,2025-09-03,04:42:22,216,67,22,261,PAY001572,Delivered,16
ORD001573,CUST00122,REST0093,PART0106,2026-04-24,11:56:29,1347,42,95,1294,PAY001573,Cancelled,87
ORD001574,CUST01629,REST0138,PART0127,2025-09-10,09:58:28,1973,54,188,1839,PAY001574,Delivered,24
ORD001575,CUST00293,REST0231,PART0119,2026-03-19,01:02:02,1014,89,12,1091,PAY001575,Delivered,17
ORD001576,CUST00795,REST0229,PART0011,2026-01-23,21:04:55,1801,30,409,1422,PAY001576,Delivered,58
ORD001577,CUST00855,REST0095,PART0106,2025-12-30,15:56:24,217,57,25,249,PAY001577,Delivered,73
ORD001578,CUST02366,REST0115,PART0029,2026-06-27,22:30:52,669,55,96,628,PAY001578,Delivered,71
ORD001579,CUST01775,REST0124,PART0143,2025-10-30,22:08:47,1303,55,227,1131,PAY001579,Delivered,15
ORD001580,CUST01629,REST0167,PART0067,2025-11-27,09:01:31,605,92,8,689,PAY001580,Delivered,22
ORD001581,CUST01332,REST0056,PART0057,2026-01-10,02:56:56,1954,64,563,1455,PAY001581,Delivered,43
ORD001582,CUST00739,REST0277,PART0023,2026-04-09,19:39:44,1096,40,252,884,PAY001582,Delivered,35
ORD001583,CUST01426,REST0025,PART0077,2026-03-12,22:53:46,391,69,28,432,PAY001583,Delivered,87
ORD001584,CUST01720,REST0232,PART0102,2025-10-19,00:58:31,271,36,55,252,PAY001584,Delivered,57
ORD001585,CUST01245,REST0183,PART0053,2026-07-08,01:23:48,1079,41,283,837,PAY001585,Delayed,90
ORD001586,CUST02402,REST0192,PART0006,2026-06-01,20:40:30,692,99,191,600,PAY001586,Delivered,72
ORD001587,CUST01235,REST0002,PART0108,2026-07-02,03:46:20,1185,89,222,1052,PAY001587,Delivered,78
ORD001588,CUST00089,REST0087,PART0012,2026-06-05,11:47:26,1693,72,433,1332,PAY001588,Delivered,84
ORD001589,CUST00704,REST0024,PART0043,2026-07-13,07:08:37,1512,33,289,1256,PAY001589,Delivered,38
ORD001590,CUST00134,REST0144,PART0067,2026-04-26,18:56:13,910,58,121,847,PAY001590,Delivered,84
ORD001591,CUST00711,REST0081,PART0090,2026-05-30,21:16:20,220,94,28,286,PAY001591,Delivered,39
ORD001592,CUST00688,REST0126,PART0092,2026-02-04,13:42:47,572,42,1,613,PAY001592,Delivered,23
ORD001593,CUST01410,REST0031,PART0030,2026-02-22,05:53:33,465,67,84,448,PAY001593,Delivered,43
ORD001594,CUST00137,REST0116,PART0104,2026-01-10,06:34:19,730,62,203,589,PAY001594,Delivered,89
ORD001595,CUST00853,REST0100,PART0063,2025-08-01,00:35:36,1815,90,291,1614,PAY001595,Delayed,39
ORD001596,CUST00669,REST0219,PART0034,2025-08-14,23:09:37,753,51,100,704,PAY001596,Delivered,15
ORD001597,CUST02206,REST0119,PART0032,2025-11-20,01:49:01,204,64,36,232,PAY001597,Delivered,31
ORD001598,CUST00663,REST0297,PART0015,2025-12-08,00:29:46,1691,54,46,1699,PAY001598,Delivered,71
ORD001599,CUST01283,REST0069,PART0015,2025-07-31,02:39:22,1688,96,201,1583,PAY001599,Delivered,30
ORD001600,CUST00812,REST0039,PART0124,2025-09-11,05:36:18,647,83,102,628,PAY001600,Delivered,73
ORD001601,CUST00656,REST0034,PART0004,2026-03-09,21:22:41,1354,67,142,1279,PAY001601,Delivered,64
ORD001602,CUST00381,REST0290,PART0053,2026-04-23,08:11:31,1369,54,328,1095,PAY001602,Delivered,72
ORD001603,CUST00543,REST0093,PART0102,2026-03-20,22:39:13,1424,32,300,1156,PAY001603,Delivered,72
ORD001604,CUST01973,REST0191,PART0060,2026-05-27,18:37:17,1589,49,51,1587,PAY001604,Delivered,66
ORD001605,CUST01305,REST0078,PART0131,2026-06-23,18:58:17,1017,55,242,830,PAY001605,Delivered,66
ORD001606,CUST00105,REST0218,PART0031,2025-08-24,12:19:26,934,33,72,895,PAY001606,Delivered,72
ORD001607,CUST02430,REST0082,PART0137,2025-12-11,13:28:44,204,20,36,188,PAY001607,Delivered,49
ORD001608,CUST00251,REST0098,PART0043,2026-01-31,07:52:15,1941,37,276,1702,PAY001608,Delivered,28
ORD001609,CUST01453,REST0006,PART0082,2026-04-23,23:00:04,874,49,169,754,PAY001609,Delivered,27
ORD001610,CUST02384,REST0054,PART0077,2025-08-15,19:56:01,579,37,25,591,PAY001610,Delivered,45
ORD001611,CUST02422,REST0237,PART0036,2025-11-24,10:03:43,1209,76,248,1037,PAY001611,Delivered,48
ORD001612,CUST01030,REST0068,PART0040,2026-07-11,10:09:51,1389,36,191,1234,PAY001612,Delivered,26
ORD001613,CUST01042,REST0165,PART0139,2026-03-20,12:38:55,1266,50,362,954,PAY001613,Delivered,29
ORD001614,CUST02224,REST0248,PART0127,2026-05-03,05:27:59,519,20,77,462,PAY001614,Delivered,20
ORD001615,CUST00813,REST0107,PART0061,2025-11-10,12:30:18,1159,68,294,933,PAY001615,Delivered,36
ORD001616,CUST01452,REST0049,PART0092,2025-12-27,08:03:22,1357,91,220,1228,PAY001616,Delivered,22
ORD001617,CUST02224,REST0149,PART0111,2025-12-18,20:57:20,846,79,183,742,PAY001617,Delivered,50
ORD001618,CUST02063,REST0184,PART0135,2025-07-24,22:25:15,1959,86,341,1704,PAY001618,Delivered,82
ORD001619,CUST01314,REST0224,PART0123,2025-09-25,16:08:49,1848,89,175,1762,PAY001619,Delivered,32
ORD001620,CUST02081,REST0137,PART0102,2026-05-02,06:09:54,1764,42,18,1788,PAY001620,Delayed,76
ORD001621,CUST00690,REST0186,PART0079,2025-10-23,23:52:55,1498,94,398,1194,PAY001621,Delivered,42
ORD001622,CUST02399,REST0201,PART0044,2026-04-22,11:32:06,1659,67,41,1685,PAY001622,Delivered,86
ORD001623,CUST00036,REST0055,PART0137,2026-03-26,19:13:06,503,43,89,457,PAY001623,Delivered,38
ORD001624,CUST01229,REST0229,PART0045,2026-04-30,16:07:01,1643,71,86,1628,PAY001624,Delivered,85
ORD001625,CUST00739,REST0007,PART0024,2026-06-24,03:15:10,536,95,64,567,PAY001625,Delivered,36
ORD001626,CUST01178,REST0292,PART0147,2025-08-16,00:45:56,653,55,22,686,PAY001626,Delivered,37
ORD001627,CUST01711,REST0202,PART0044,2026-06-06,05:49:48,173,21,38,156,PAY001627,Delivered,71
ORD001628,CUST00002,REST0135,PART0088,2026-07-05,13:28:44,425,72,102,395,PAY001628,Delivered,21
ORD001629,CUST00759,REST0035,PART0123,2025-12-31,13:42:05,889,75,99,865,PAY001629,Delivered,51
ORD001630,CUST00307,REST0026,PART0022,2025-08-30,10:57:20,188,49,39,198,PAY001630,Delayed,88
ORD001631,CUST00823,REST0276,PART0046,2026-05-20,11:05:51,653,67,195,525,PAY001631,Delivered,32
ORD001632,CUST00356,REST0114,PART0098,2025-09-28,16:02:24,760,79,23,816,PAY001632,Delivered,15
ORD001633,CUST00589,REST0237,PART0125,2026-02-22,22:55:12,1009,22,270,761,PAY001633,Delayed,19
ORD001634,CUST00455,REST0215,PART0015,2025-10-25,14:15:43,969,55,204,820,PAY001634,Delivered,75
ORD001635,CUST01153,REST0112,PART0135,2025-11-10,23:50:02,1932,36,400,1568,PAY001635,Delivered,60
ORD001636,CUST00935,REST0238,PART0045,2026-03-12,07:25:37,180,93,20,253,PAY001636,Delivered,40
ORD001637,CUST01744,REST0076,PART0058,2026-01-31,20:59:16,1017,31,227,821,PAY001637,Delivered,29
ORD001638,CUST00470,REST0007,PART0067,2026-02-10,15:06:18,1926,45,420,1551,PAY001638,Delivered,51
ORD001639,CUST00820,REST0051,PART0100,2026-06-12,23:55:11,1041,58,70,1029,PAY001639,Delivered,59
ORD001640,CUST00806,REST0236,PART0046,2026-05-20,11:49:51,1993,56,119,1930,PAY001640,Delivered,74
ORD001641,CUST01483,REST0245,PART0108,2025-10-18,21:43:44,1498,69,267,1300,PAY001641,Delivered,19
ORD001642,CUST02476,REST0150,PART0047,2026-04-11,20:44:14,1908,46,257,1697,PAY001642,Delivered,20
ORD001643,CUST01939,REST0168,PART0088,2026-05-22,12:35:02,1952,74,71,1955,PAY001643,Delivered,27
ORD001644,CUST00355,REST0254,PART0145,2025-08-04,04:55:54,1277,76,10,1343,PAY001644,Delivered,39
ORD001645,CUST00691,REST0147,PART0144,2025-12-08,13:55:40,763,43,10,796,PAY001645,Delivered,43
ORD001646,CUST01095,REST0040,PART0128,2026-02-23,21:40:15,780,54,197,637,PAY001646,Delayed,36
ORD001647,CUST01374,REST0101,PART0129,2026-01-15,21:42:39,700,64,109,655,PAY001647,Cancelled,64
ORD001648,CUST01471,REST0151,PART0138,2025-10-07,19:41:15,1317,21,84,1254,PAY001648,Cancelled,62
ORD001649,CUST02292,REST0291,PART0011,2026-05-07,16:12:26,1874,37,428,1483,PAY001649,Delayed,50
ORD001650,CUST01778,REST0137,PART0017,2026-07-14,13:04:52,504,45,132,417,PAY001650,Delivered,16
ORD001651,CUST02052,REST0173,PART0081,2026-01-01,22:25:13,1369,63,116,1316,PAY001651,Delivered,76
ORD001652,CUST01141,REST0121,PART0083,2025-10-30,22:59:24,507,31,100,438,PAY001652,Delivered,90
ORD001653,CUST00903,REST0245,PART0137,2026-05-02,07:07:22,182,24,37,169,PAY001653,Delivered,24
ORD001654,CUST01249,REST0251,PART0106,2026-04-09,18:27:47,1526,74,25,1575,PAY001654,Delivered,27
ORD001655,CUST02141,REST0135,PART0071,2026-05-14,12:09:26,604,78,129,553,PAY001655,Delivered,42
ORD001656,CUST00338,REST0278,PART0116,2025-09-26,08:46:01,254,70,48,276,PAY001656,Cancelled,59
ORD001657,CUST00539,REST0199,PART0060,2025-10-31,18:15:23,1985,73,478,1580,PAY001657,Delivered,66
ORD001658,CUST01217,REST0045,PART0133,2026-01-27,00:41:55,1807,28,376,1459,PAY001658,Delivered,62
ORD001659,CUST00138,REST0031,PART0039,2026-04-03,00:03:46,1678,97,292,1483,PAY001659,Delivered,72
ORD001660,CUST00451,REST0006,PART0133,2025-08-03,00:08:23,1574,41,295,1320,PAY001660,Delivered,54
ORD001661,CUST00084,REST0149,PART0061,2026-03-08,01:16:57,233,78,49,262,PAY001661,Delivered,61
ORD001662,CUST01383,REST0019,PART0059,2025-12-18,01:40:17,1691,74,17,1748,PAY001662,Delivered,46
ORD001663,CUST02086,REST0126,PART0055,2026-07-04,13:14:35,696,74,151,619,PAY001663,Delivered,18
ORD001664,CUST00865,REST0012,PART0104,2025-09-24,15:15:41,1139,76,340,875,PAY001664,Delivered,75
ORD001665,CUST00752,REST0216,PART0106,2026-04-05,15:09:03,1272,37,93,1216,PAY001665,Delivered,75
ORD001666,CUST00333,REST0009,PART0132,2025-11-03,21:22:08,1465,55,397,1123,PAY001666,Delivered,72
ORD001667,CUST01348,REST0112,PART0129,2025-10-30,03:20:53,1475,84,220,1339,PAY001667,Delivered,57
ORD001668,CUST01929,REST0106,PART0147,2025-07-18,04:52:16,1805,25,396,1434,PAY001668,Delivered,68
ORD001669,CUST02110,REST0258,PART0124,2025-12-21,09:00:38,773,41,178,636,PAY001669,Delivered,66
ORD001670,CUST01322,REST0012,PART0078,2025-10-04,16:26:33,1669,60,408,1321,PAY001670,Delivered,88
ORD001671,CUST00241,REST0135,PART0144,2025-07-23,12:15:54,434,35,116,353,PAY001671,Delivered,69
ORD001672,CUST01814,REST0016,PART0105,2026-05-15,23:01:53,1266,71,349,988,PAY001672,Cancelled,65
ORD001673,CUST01648,REST0084,PART0148,2025-12-24,03:34:45,1868,27,71,1824,PAY001673,Cancelled,16
ORD001674,CUST02085,REST0042,PART0146,2026-03-28,11:27:32,1808,94,181,1721,PAY001674,Delivered,83
ORD001675,CUST00631,REST0215,PART0083,2025-09-04,15:18:27,1154,35,287,902,PAY001675,Delivered,41
ORD001676,CUST00025,REST0274,PART0109,2025-10-30,22:49:17,1099,31,234,896,PAY001676,Delivered,54
ORD001677,CUST02406,REST0150,PART0041,2025-10-27,22:54:32,687,41,103,625,PAY001677,Delivered,18
ORD001678,CUST00961,REST0045,PART0061,2026-01-11,20:03:23,1620,95,274,1441,PAY001678,Delivered,56
ORD001679,CUST00079,REST0058,PART0073,2026-03-05,21:37:01,1557,96,354,1299,PAY001679,Delivered,60
ORD001680,CUST00110,REST0195,PART0046,2026-05-19,03:31:56,1400,73,230,1243,PAY001680,Delayed,23
ORD001681,CUST00778,REST0002,PART0095,2026-03-19,19:05:05,846,88,112,822,PAY001681,Delivered,48
ORD001682,CUST00951,REST0288,PART0132,2025-11-16,19:15:08,1236,40,139,1137,PAY001682,Delivered,50
ORD001683,CUST00309,REST0239,PART0138,2025-08-22,23:16:26,1812,26,150,1688,PAY001683,Cancelled,29
ORD001684,CUST01544,REST0139,PART0057,2025-10-10,04:40:41,1178,20,197,1001,PAY001684,Delivered,29
ORD001685,CUST00422,REST0195,PART0065,2025-10-11,13:18:38,1958,87,53,1992,PAY001685,Delivered,89
ORD001686,CUST01346,REST0001,PART0052,2025-07-23,06:14:37,1995,85,95,1985,PAY001686,Delivered,72
ORD001687,CUST02454,REST0080,PART0106,2026-04-17,14:13:48,384,80,6,458,PAY001687,Delivered,53
ORD001688,CUST00128,REST0263,PART0139,2025-11-19,07:21:56,1063,26,104,985,PAY001688,Cancelled,19
ORD001689,CUST02166,REST0085,PART0107,2025-10-10,02:11:57,476,71,38,509,PAY001689,Delivered,85
ORD001690,CUST01226,REST0270,PART0084,2025-08-09,23:43:41,1483,57,426,1114,PAY001690,Delivered,18
ORD001691,CUST02080,REST0297,PART0087,2026-03-10,16:19:30,1087,38,264,861,PAY001691,Delivered,87
ORD001692,CUST01129,REST0046,PART0020,2025-11-05,00:34:27,1463,79,323,1219,PAY001692,Delivered,68
ORD001693,CUST00461,REST0198,PART0029,2026-04-25,00:46:19,154,74,37,191,PAY001693,Delivered,36
ORD001694,CUST00064,REST0286,PART0009,2026-04-18,18:25:34,981,70,67,984,PAY001694,Delivered,82
ORD001695,CUST00492,REST0234,PART0015,2026-03-09,21:01:48,1871,22,245,1648,PAY001695,Delivered,37
ORD001696,CUST01104,REST0112,PART0084,2026-06-02,09:45:26,548,53,71,530,PAY001696,Delivered,63
ORD001697,CUST02138,REST0249,PART0002,2026-01-11,03:18:23,1464,52,171,1345,PAY001697,Delivered,25
ORD001698,CUST00585,REST0153,PART0042,2026-03-01,13:32:56,172,57,51,178,PAY001698,Cancelled,62
ORD001699,CUST00369,REST0080,PART0058,2025-12-26,15:36:14,1371,22,299,1094,PAY001699,Delivered,73
ORD001700,CUST02259,REST0137,PART0146,2026-03-19,18:18:07,659,21,46,634,PAY001700,Delivered,72
ORD001701,CUST02499,REST0193,PART0115,2026-03-04,09:44:41,1835,27,255,1607,PAY001701,Delivered,15
ORD001702,CUST01538,REST0163,PART0035,2025-11-20,21:58:58,1694,57,124,1627,PAY001702,Delivered,54
ORD001703,CUST01741,REST0131,PART0129,2026-02-11,12:32:44,870,65,113,822,PAY001703,Delivered,25
ORD001704,CUST01141,REST0009,PART0063,2025-12-14,07:54:10,1819,76,376,1519,PAY001704,Delivered,66
ORD001705,CUST00602,REST0061,PART0091,2026-01-16,22:43:55,1871,85,559,1397,PAY001705,Delivered,87
ORD001706,CUST01514,REST0142,PART0103,2026-07-12,08:50:01,1170,51,265,956,PAY001706,Delivered,67
ORD001707,CUST01753,REST0020,PART0098,2026-02-17,19:31:59,554,36,59,531,PAY001707,Delivered,66
ORD001708,CUST01671,REST0146,PART0150,2025-07-21,02:55:37,1387,99,270,1216,PAY001708,Delivered,24
ORD001709,CUST02323,REST0249,PART0045,2025-11-26,10:19:27,913,94,158,849,PAY001709,Delivered,32
ORD001710,CUST02149,REST0199,PART0048,2025-11-25,12:22:35,675,43,154,564,PAY001710,Cancelled,36
ORD001711,CUST01573,REST0214,PART0102,2025-11-17,09:04:43,1419,36,5,1450,PAY001711,Delivered,24
ORD001712,CUST00725,REST0097,PART0089,2025-11-27,18:09:35,1315,94,208,1201,PAY001712,Delivered,63
ORD001713,CUST00633,REST0281,PART0064,2026-05-31,17:14:49,1358,96,336,1118,PAY001713,Delivered,42
ORD001714,CUST01956,REST0205,PART0143,2026-01-04,19:44:32,1689,90,376,1403,PAY001714,Delivered,80
ORD001715,CUST00768,REST0191,PART0112,2025-09-13,04:28:16,1604,83,230,1457,PAY001715,Delivered,16
ORD001716,CUST02152,REST0089,PART0013,2026-01-11,15:27:18,398,51,32,417,PAY001716,Cancelled,81
ORD001717,CUST01341,REST0103,PART0136,2026-06-13,00:58:00,1815,51,97,1769,PAY001717,Delivered,39
ORD001718,CUST01649,REST0006,PART0008,2026-04-30,15:03:24,323,39,16,346,PAY001718,Delivered,15
ORD001719,CUST01911,REST0205,PART0038,2026-01-26,00:34:21,743,58,12,789,PAY001719,Delivered,23
ORD001720,CUST00139,REST0146,PART0145,2025-10-06,01:04:29,1667,49,436,1280,PAY001720,Delivered,24
ORD001721,CUST00837,REST0265,PART0148,2026-02-07,22:37:54,765,35,4,796,PAY001721,Delivered,78
ORD001722,CUST00543,REST0017,PART0139,2026-04-13,05:03:49,461,89,120,430,PAY001722,Delivered,70
ORD001723,CUST00655,REST0070,PART0076,2025-09-20,06:25:54,1855,69,304,1620,PAY001723,Delivered,16
ORD001724,CUST02125,REST0094,PART0060,2026-04-03,14:28:32,1421,39,28,1432,PAY001724,Cancelled,58
ORD001725,CUST01754,REST0053,PART0067,2025-12-14,17:25:34,1317,82,218,1181,PAY001725,Cancelled,86
ORD001726,CUST01516,REST0206,PART0137,2025-10-23,13:01:10,1314,89,17,1386,PAY001726,Cancelled,31
ORD001727,CUST00012,REST0230,PART0105,2025-12-19,17:26:54,1120,66,125,1061,PAY001727,Delivered,67
ORD001728,CUST01365,REST0246,PART0040,2025-07-28,18:32:15,1227,75,292,1010,PAY001728,Delivered,52
ORD001729,CUST01259,REST0252,PART0066,2026-03-29,19:56:53,784,51,203,632,PAY001729,Delivered,30
ORD001730,CUST00796,REST0247,PART0081,2026-06-12,05:43:34,801,48,18,831,PAY001730,Cancelled,66
ORD001731,CUST02032,REST0101,PART0044,2026-02-23,02:49:03,256,83,62,277,PAY001731,Delivered,24
ORD001732,CUST01717,REST0045,PART0148,2025-08-15,18:28:35,866,27,115,778,PAY001732,Delivered,37
ORD001733,CUST02420,REST0102,PART0133,2026-03-18,10:43:04,450,62,18,494,PAY001733,Delayed,76
ORD001734,CUST00778,REST0153,PART0048,2026-01-21,04:39:34,580,78,10,648,PAY001734,Delivered,52
ORD001735,CUST02253,REST0001,PART0070,2026-02-19,05:43:37,713,77,73,717,PAY001735,Delivered,78
ORD001736,CUST02190,REST0213,PART0033,2025-11-27,08:12:49,202,76,47,231,PAY001736,Delayed,43
ORD001737,CUST01694,REST0165,PART0020,2025-08-17,12:15:55,284,20,60,244,PAY001737,Delivered,24
ORD001738,CUST02283,REST0183,PART0023,2025-10-04,20:18:33,1439,24,352,1111,PAY001738,Delivered,76
ORD001739,CUST02205,REST0178,PART0021,2026-05-02,17:45:31,1496,41,442,1095,PAY001739,Delivered,49
ORD001740,CUST00152,REST0038,PART0143,2026-02-06,21:56:41,935,44,130,849,PAY001740,Delivered,60
ORD001741,CUST02231,REST0041,PART0025,2025-12-06,14:54:20,152,64,22,194,PAY001741,Delivered,56
ORD001742,CUST01608,REST0188,PART0064,2025-11-11,07:34:56,683,54,183,554,PAY001742,Delivered,29
ORD001743,CUST00012,REST0026,PART0073,2025-11-06,13:46:47,246,82,60,268,PAY001743,Delivered,16
ORD001744,CUST01276,REST0164,PART0080,2026-05-03,20:17:28,653,21,183,491,PAY001744,Delivered,30
ORD001745,CUST01019,REST0280,PART0039,2025-11-15,16:57:21,715,22,194,543,PAY001745,Delivered,37
ORD001746,CUST00857,REST0196,PART0101,2026-01-07,14:04:09,1797,89,24,1862,PAY001746,Delivered,35
ORD001747,CUST02229,REST0284,PART0103,2026-04-04,04:36:01,638,85,95,628,PAY001747,Delivered,50
ORD001748,CUST02214,REST0007,PART0039,2026-01-13,18:05:25,1501,76,273,1304,PAY001748,Cancelled,65
ORD001749,CUST01566,REST0145,PART0112,2025-07-27,17:21:13,1395,63,46,1412,PAY001749,Delivered,41
ORD001750,CUST01711,REST0068,PART0052,2025-09-14,18:53:23,1629,50,175,1504,PAY001750,Delivered,22
ORD001751,CUST01080,REST0011,PART0129,2026-03-15,21:56:03,1388,79,153,1314,PAY001751,Delivered,79
ORD001752,CUST00175,REST0259,PART0143,2026-02-28,09:47:56,1710,75,499,1286,PAY001752,Delivered,76
ORD001753,CUST00482,REST0048,PART0139,2025-09-18,23:52:05,1371,41,21,1391,PAY001753,Delivered,51
ORD001754,CUST00595,REST0200,PART0097,2026-03-15,16:21:53,311,31,25,317,PAY001754,Delivered,27
ORD001755,CUST02268,REST0174,PART0144,2025-11-29,19:11:14,836,88,70,854,PAY001755,Delivered,21
ORD001756,CUST00764,REST0062,PART0029,2026-02-20,14:58:15,483,71,61,493,PAY001756,Delivered,66
ORD001757,CUST00651,REST0076,PART0005,2025-12-30,19:57:01,754,78,204,628,PAY001757,Delivered,55
ORD001758,CUST00029,REST0244,PART0123,2025-12-24,13:32:06,1380,80,347,1113,PAY001758,Delivered,49
ORD001759,CUST01968,REST0030,PART0137,2026-05-09,07:33:03,1606,55,151,1510,PAY001759,Delivered,32
ORD001760,CUST01185,REST0200,PART0019,2025-07-25,07:58:24,313,76,8,381,PAY001760,Delivered,88
ORD001761,CUST01116,REST0216,PART0125,2026-05-04,01:14:22,1643,51,295,1399,PAY001761,Delivered,64
ORD001762,CUST01017,REST0168,PART0148,2025-11-03,11:49:00,420,72,23,469,PAY001762,Delivered,63
ORD001763,CUST00565,REST0197,PART0019,2026-02-17,08:11:01,894,49,6,937,PAY001763,Delivered,83
ORD001764,CUST01992,REST0285,PART0115,2026-05-01,04:51:33,183,36,23,196,PAY001764,Delivered,15
ORD001765,CUST00199,REST0170,PART0014,2026-01-22,19:58:39,945,86,205,826,PAY001765,Delivered,65
ORD001766,CUST00978,REST0223,PART0003,2025-10-15,09:31:39,235,70,50,255,PAY001766,Delivered,62
ORD001767,CUST00360,REST0220,PART0069,2025-12-08,23:41:43,414,87,113,388,PAY001767,Delivered,16
ORD001768,CUST00045,REST0111,PART0012,2026-07-08,23:46:37,1266,95,61,1300,PAY001768,Delivered,90
ORD001769,CUST00119,REST0074,PART0094,2026-02-10,00:31:09,487,27,60,454,PAY001769,Delivered,32
ORD001770,CUST00648,REST0103,PART0118,2025-09-05,09:18:02,1395,53,173,1275,PAY001770,Delivered,62
ORD001771,CUST00948,REST0058,PART0148,2025-12-10,05:00:15,1107,96,187,1016,PAY001771,Delivered,38
ORD001772,CUST01763,REST0023,PART0035,2026-03-09,00:34:36,235,26,68,193,PAY001772,Delivered,74
ORD001773,CUST01318,REST0132,PART0070,2026-06-11,05:16:24,1818,83,302,1599,PAY001773,Delivered,90
ORD001774,CUST02281,REST0145,PART0074,2025-09-02,04:50:22,239,60,36,263,PAY001774,Delivered,57
ORD001775,CUST02284,REST0009,PART0144,2025-08-22,21:42:33,1202,31,63,1170,PAY001775,Delivered,30
ORD001776,CUST01436,REST0272,PART0055,2025-12-16,22:26:47,1369,69,178,1260,PAY001776,Delivered,51
ORD001777,CUST01664,REST0081,PART0043,2025-10-09,00:32:44,1710,62,407,1365,PAY001777,Delivered,62
ORD001778,CUST02028,REST0027,PART0081,2025-10-06,07:17:55,402,83,78,407,PAY001778,Delivered,67
ORD001779,CUST01673,REST0053,PART0108,2025-08-28,04:57:50,174,50,51,173,PAY001779,Delivered,32
ORD001780,CUST01834,REST0006,PART0076,2026-02-22,21:31:15,1259,74,15,1318,PAY001780,Delivered,72
ORD001781,CUST01664,REST0009,PART0034,2025-11-05,14:43:11,1701,73,461,1313,PAY001781,Delivered,40
ORD001782,CUST02065,REST0187,PART0007,2025-09-23,14:40:25,1787,28,374,1441,PAY001782,Cancelled,24
ORD001783,CUST01808,REST0118,PART0024,2026-06-17,03:10:54,1544,20,34,1530,PAY001783,Delivered,69
ORD001784,CUST01734,REST0028,PART0089,2025-09-16,00:52:28,1806,32,323,1515,PAY001784,Delivered,82
ORD001785,CUST00529,REST0092,PART0066,2026-05-10,01:34:53,1321,27,191,1157,PAY001785,Delivered,53
ORD001786,CUST01337,REST0158,PART0114,2026-05-14,04:50:49,578,51,151,478,PAY001786,Cancelled,87
ORD001787,CUST01497,REST0110,PART0025,2026-04-27,11:27:42,1603,68,135,1536,PAY001787,Delivered,55
ORD001788,CUST01886,REST0064,PART0147,2025-12-19,00:28:07,1345,26,163,1208,PAY001788,Delayed,25
ORD001789,CUST01630,REST0223,PART0077,2026-02-14,20:49:09,1455,93,272,1276,PAY001789,Cancelled,66
ORD001790,CUST00505,REST0284,PART0061,2025-12-21,21:26:19,826,69,226,669,PAY001790,Delivered,39
ORD001791,CUST01081,REST0287,PART0118,2025-11-29,22:53:57,1611,97,253,1455,PAY001791,Delivered,65
ORD001792,CUST01920,REST0026,PART0048,2026-05-04,00:14:15,164,67,43,188,PAY001792,Delayed,46
ORD001793,CUST02221,REST0136,PART0063,2025-10-08,19:23:35,1885,80,90,1875,PAY001793,Delivered,15
ORD001794,CUST00105,REST0185,PART0111,2025-12-25,15:30:43,1304,43,83,1264,PAY001794,Cancelled,77
ORD001795,CUST01963,REST0109,PART0035,2026-06-30,22:40:38,538,38,154,422,PAY001795,Delayed,41
ORD001796,CUST01062,REST0021,PART0048,2026-03-05,23:11:35,1912,71,296,1687,PAY001796,Delivered,86
ORD001797,CUST00672,REST0203,PART0118,2025-11-01,13:08:21,809,50,195,664,PAY001797,Delivered,63
ORD001798,CUST01058,REST0085,PART0113,2025-11-17,06:50:53,1910,95,191,1814,PAY001798,Delivered,75
ORD001799,CUST02192,REST0174,PART0037,2026-05-11,11:22:09,1423,40,114,1349,PAY001799,Delivered,20
ORD001800,CUST02357,REST0049,PART0065,2025-12-04,06:49:31,638,43,5,676,PAY001800,Delivered,15
ORD001801,CUST00934,REST0090,PART0133,2026-03-18,00:23:12,1016,98,96,1018,PAY001801,Delivered,50
ORD001802,CUST02027,REST0037,PART0135,2025-08-26,06:25:00,433,47,76,404,PAY001802,Delivered,34
ORD001803,CUST01316,REST0044,PART0085,2026-03-31,04:54:24,168,81,21,228,PAY001803,Delivered,49
ORD001804,CUST01813,REST0166,PART0112,2026-06-24,20:19:58,409,69,7,471,PAY001804,Delivered,87
ORD001805,CUST02258,REST0114,PART0032,2026-04-08,23:38:27,1424,28,103,1349,PAY001805,Delivered,18
ORD001806,CUST01165,REST0126,PART0055,2026-03-19,02:55:19,1617,70,403,1284,PAY001806,Delivered,34
ORD001807,CUST00526,REST0253,PART0116,2026-05-08,01:50:44,1734,75,154,1655,PAY001807,Delayed,74
ORD001808,CUST01697,REST0260,PART0009,2026-03-20,07:43:18,597,46,19,624,PAY001808,Delivered,65
ORD001809,CUST01815,REST0002,PART0054,2025-11-16,15:40:13,761,81,7,835,PAY001809,Delivered,86
ORD001810,CUST00142,REST0172,PART0081,2026-01-27,07:36:38,257,50,48,259,PAY001810,Delivered,36
ORD001811,CUST01179,REST0044,PART0010,2026-02-09,06:11:52,1181,58,69,1170,PAY001811,Delayed,75
ORD001812,CUST02032,REST0139,PART0005,2026-02-08,01:07:47,1640,26,67,1599,PAY001812,Delivered,70
ORD001813,CUST00685,REST0220,PART0117,2025-12-15,13:06:45,1750,66,518,1298,PAY001813,Delayed,68
ORD001814,CUST01761,REST0082,PART0004,2025-10-11,15:52:07,910,92,1,1001,PAY001814,Delivered,20
ORD001815,CUST02083,REST0183,PART0104,2026-06-14,20:46:46,1597,71,97,1571,PAY001815,Delivered,48
ORD001816,CUST02350,REST0230,PART0069,2025-12-20,03:01:39,1642,29,144,1527,PAY001816,Delivered,55
ORD001817,CUST00428,REST0268,PART0056,2026-01-24,09:58:18,1144,95,106,1133,PAY001817,Delivered,90
ORD001818,CUST02353,REST0278,PART0072,2026-05-06,03:56:30,1541,82,383,1240,PAY001818,Delivered,24
ORD001819,CUST00141,REST0162,PART0081,2026-01-12,09:46:59,1376,84,218,1242,PAY001819,Delivered,16
ORD001820,CUST01708,REST0224,PART0076,2025-11-04,10:08:48,1373,46,73,1346,PAY001820,Delivered,42
ORD001821,CUST02419,REST0132,PART0098,2026-06-02,01:57:36,419,48,124,343,PAY001821,Delivered,27
ORD001822,CUST02245,REST0300,PART0137,2026-07-10,07:13:32,356,40,91,305,PAY001822,Delivered,24
ORD001823,CUST02304,REST0174,PART0059,2026-01-06,19:01:29,824,98,73,849,PAY001823,Delivered,47
ORD001824,CUST01845,REST0224,PART0042,2025-09-15,04:50:16,158,29,11,176,PAY001824,Delivered,32
ORD001825,CUST01246,REST0255,PART0077,2026-07-10,01:15:44,1822,95,543,1374,PAY001825,Delivered,37
ORD001826,CUST01889,REST0259,PART0126,2026-06-20,09:55:42,848,70,183,735,PAY001826,Delivered,23
ORD001827,CUST00528,REST0105,PART0116,2025-09-23,05:23:31,1735,84,144,1675,PAY001827,Delivered,82
ORD001828,CUST01351,REST0280,PART0075,2025-12-18,14:34:07,1479,81,29,1531,PAY001828,Delivered,23
ORD001829,CUST00316,REST0103,PART0066,2025-11-05,05:56:51,1219,26,196,1049,PAY001829,Cancelled,88
ORD001830,CUST02356,REST0275,PART0070,2025-07-17,12:53:54,776,79,191,664,PAY001830,Delayed,65
ORD001831,CUST01755,REST0228,PART0069,2026-02-08,02:35:46,1692,61,263,1490,PAY001831,Delivered,87
ORD001832,CUST00016,REST0228,PART0040,2026-06-03,12:42:23,544,89,61,572,PAY001832,Delivered,40
ORD001833,CUST02225,REST0031,PART0147,2025-11-22,23:24:31,1796,35,51,1780,PAY001833,Delivered,33
ORD001834,CUST00543,REST0004,PART0026,2026-05-08,12:51:38,321,69,51,339,PAY001834,Delivered,68
ORD001835,CUST02075,REST0209,PART0072,2026-01-12,10:47:08,879,60,230,709,PAY001835,Delivered,57
ORD001836,CUST01321,REST0168,PART0092,2026-03-28,01:55:54,1512,86,204,1394,PAY001836,Delivered,78
ORD001837,CUST01927,REST0221,PART0071,2025-09-21,03:28:15,354,42,32,364,PAY001837,Delivered,15
ORD001838,CUST01829,REST0173,PART0134,2026-04-07,15:05:31,257,69,67,259,PAY001838,Cancelled,68
ORD001839,CUST00293,REST0213,PART0098,2026-07-03,14:15:45,1549,27,182,1394,PAY001839,Cancelled,60
ORD001840,CUST01052,REST0155,PART0067,2025-08-23,10:13:46,368,39,22,385,PAY001840,Delivered,23
ORD001841,CUST01213,REST0003,PART0037,2025-12-12,02:54:17,1355,98,241,1212,PAY001841,Cancelled,40
ORD001842,CUST00070,REST0263,PART0060,2026-02-26,13:15:17,982,88,218,852,PAY001842,Cancelled,55
ORD001843,CUST00082,REST0126,PART0105,2026-03-26,21:09:52,1645,28,231,1442,PAY001843,Delivered,39
ORD001844,CUST01097,REST0079,PART0055,2025-12-25,14:45:55,1956,99,305,1750,PAY001844,Delivered,80
ORD001845,CUST01364,REST0025,PART0139,2025-12-25,16:20:49,274,42,5,311,PAY001845,Delayed,83
ORD001846,CUST00284,REST0109,PART0069,2025-12-22,14:00:26,212,97,35,274,PAY001846,Cancelled,89
ORD001847,CUST02488,REST0244,PART0125,2025-09-27,14:14:02,1727,75,67,1735,PAY001847,Delivered,88
ORD001848,CUST00627,REST0285,PART0069,2026-03-20,09:37:37,426,54,86,394,PAY001848,Delivered,29
ORD001849,CUST02158,REST0007,PART0077,2025-07-27,12:28:25,892,69,138,823,PAY001849,Delivered,55
ORD001850,CUST01547,REST0252,PART0077,2026-03-13,14:08:02,1100,46,181,965,PAY001850,Delivered,80
ORD001851,CUST00913,REST0294,PART0065,2025-10-11,07:25:06,1323,61,255,1129,PAY001851,Cancelled,17
ORD001852,CUST00575,REST0222,PART0001,2025-09-08,01:22:37,1846,100,46,1900,PAY001852,Cancelled,36
ORD001853,CUST00369,REST0182,PART0136,2026-03-10,00:39:51,451,25,59,417,PAY001853,Delayed,32
ORD001854,CUST00072,REST0240,PART0049,2026-03-13,23:52:04,1216,55,312,959,PAY001854,Delivered,54
ORD001855,CUST02309,REST0226,PART0118,2026-01-27,17:27:31,233,49,12,270,PAY001855,Delivered,75
ORD001856,CUST01486,REST0188,PART0030,2025-08-16,12:09:37,1240,75,235,1080,PAY001856,Delivered,54
ORD001857,CUST02141,REST0082,PART0052,2026-03-06,02:10:20,1201,74,136,1139,PAY001857,Delivered,15
ORD001858,CUST01311,REST0267,PART0102,2026-02-22,20:01:36,1219,36,310,945,PAY001858,Delivered,80
ORD001859,CUST00652,REST0126,PART0057,2026-04-26,13:54:21,367,93,53,407,PAY001859,Delivered,36
ORD001860,CUST01147,REST0085,PART0118,2025-12-21,23:51:12,213,66,48,231,PAY001860,Delivered,68
ORD001861,CUST00405,REST0228,PART0050,2025-07-25,02:37:00,749,86,53,782,PAY001861,Delivered,15
ORD001862,CUST00355,REST0191,PART0024,2025-11-19,11:12:02,975,43,109,909,PAY001862,Delivered,82
ORD001863,CUST00613,REST0151,PART0038,2026-03-10,01:39:23,1109,89,256,942,PAY001863,Delivered,63
ORD001864,CUST01698,REST0281,PART0006,2025-10-21,07:24:31,1832,63,319,1576,PAY001864,Delivered,68
ORD001865,CUST00592,REST0113,PART0122,2025-09-18,21:18:03,632,37,117,552,PAY001865,Delivered,30
ORD001866,CUST00111,REST0078,PART0044,2026-02-22,08:06:35,1429,84,296,1217,PAY001866,Cancelled,44
ORD001867,CUST01296,REST0140,PART0139,2026-03-16,03:49:44,265,24,54,235,PAY001867,Delivered,72
ORD001868,CUST01909,REST0229,PART0149,2026-01-15,12:20:41,1524,90,143,1471,PAY001868,Cancelled,56
ORD001869,CUST02034,REST0161,PART0081,2026-04-08,00:31:04,1434,76,215,1295,PAY001869,Delivered,40
ORD001870,CUST02216,REST0021,PART0116,2025-08-20,13:39:38,1224,29,278,975,PAY001870,Delivered,41
ORD001871,CUST02389,REST0034,PART0083,2025-12-07,01:12:00,1203,28,180,1051,PAY001871,Delivered,78
ORD001872,CUST01240,REST0190,PART0131,2025-07-25,01:33:11,268,91,74,285,PAY001872,Delivered,64
ORD001873,CUST02071,REST0135,PART0141,2026-04-30,18:43:52,979,90,107,962,PAY001873,Delivered,80
ORD001874,CUST00094,REST0080,PART0005,2026-03-06,18:42:39,991,46,268,769,PAY001874,Delivered,76
ORD001875,CUST02432,REST0205,PART0028,2026-06-24,08:43:30,312,39,30,321,PAY001875,Delivered,38
ORD001876,CUST01367,REST0046,PART0141,2026-05-19,00:00:21,1443,97,14,1526,PAY001876,Delivered,84
ORD001877,CUST02143,REST0199,PART0026,2026-03-27,06:35:43,466,92,138,420,PAY001877,Cancelled,80
ORD001878,CUST01646,REST0199,PART0010,2025-12-14,10:41:52,1478,82,3,1557,PAY001878,Delivered,30
ORD001879,CUST00899,REST0247,PART0038,2026-02-15,15:20:22,1081,95,67,1109,PAY001879,Delivered,90
ORD001880,CUST00918,REST0141,PART0131,2026-01-30,19:47:01,444,69,59,454,PAY001880,Delivered,70
ORD001881,CUST00994,REST0162,PART0012,2026-06-16,13:37:11,1394,78,23,1449,PAY001881,Delivered,68
ORD001882,CUST01695,REST0266,PART0058,2025-09-29,04:58:35,821,78,130,769,PAY001882,Delivered,39
ORD001883,CUST01995,REST0227,PART0061,2026-06-11,11:14:46,875,77,6,946,PAY001883,Cancelled,27
ORD001884,CUST01394,REST0022,PART0082,2026-07-05,21:29:45,355,61,42,374,PAY001884,Delayed,71
ORD001885,CUST02150,REST0245,PART0057,2025-09-16,21:57:20,882,36,47,871,PAY001885,Delivered,81
ORD001886,CUST00184,REST0160,PART0095,2026-01-10,00:30:26,1605,55,134,1526,PAY001886,Delivered,80
ORD001887,CUST01276,REST0033,PART0079,2025-12-06,13:43:14,578,33,19,592,PAY001887,Delivered,76
ORD001888,CUST00625,REST0117,PART0083,2026-04-23,01:12:02,1484,33,385,1132,PAY001888,Cancelled,21
ORD001889,CUST01329,REST0202,PART0137,2026-06-20,22:07:21,1247,76,58,1265,PAY001889,Delivered,24
ORD001890,CUST01829,REST0276,PART0014,2025-10-17,04:22:20,1343,76,230,1189,PAY001890,Delivered,33
ORD001891,CUST01094,REST0183,PART0110,2025-09-22,06:52:36,1458,58,411,1105,PAY001891,Delivered,80
ORD001892,CUST02354,REST0151,PART0007,2026-01-15,14:43:29,689,72,121,640,PAY001892,Delivered,44
ORD001893,CUST01222,REST0012,PART0017,2026-07-15,04:34:41,1636,74,488,1222,PAY001893,Delayed,70
ORD001894,CUST01966,REST0112,PART0128,2026-04-19,01:29:59,425,98,81,442,PAY001894,Delivered,79
ORD001895,CUST02386,REST0256,PART0094,2026-07-09,01:43:44,1928,35,363,1600,PAY001895,Delivered,72
ORD001896,CUST01799,REST0120,PART0027,2025-10-01,19:55:33,1381,38,339,1080,PAY001896,Delivered,80
ORD001897,CUST00155,REST0070,PART0145,2025-11-18,13:47:58,1295,46,363,978,PAY001897,Delivered,26
ORD001898,CUST01247,REST0084,PART0059,2025-09-05,18:10:48,1295,67,361,1001,PAY001898,Delivered,44
ORD001899,CUST01528,REST0036,PART0141,2025-11-07,00:34:52,764,31,96,699,PAY001899,Delivered,59
ORD001900,CUST01773,REST0200,PART0007,2025-08-10,09:53:28,1250,51,298,1003,PAY001900,Delivered,74
ORD001901,CUST01575,REST0242,PART0066,2026-06-28,14:37:47,764,57,203,618,PAY001901,Cancelled,64
ORD001902,CUST02232,REST0146,PART0022,2025-07-28,05:42:19,857,100,182,775,PAY001902,Delivered,77
ORD001903,CUST01740,REST0033,PART0114,2025-10-04,15:14:22,1667,98,58,1707,PAY001903,Delayed,15
ORD001904,CUST00316,REST0263,PART0025,2026-02-25,13:26:06,176,40,10,206,PAY001904,Delivered,66
ORD001905,CUST01175,REST0051,PART0059,2026-01-11,08:17:50,1280,29,330,979,PAY001905,Delivered,53
ORD001906,CUST00240,REST0131,PART0144,2026-01-10,13:46:48,1517,81,197,1401,PAY001906,Delivered,41
ORD001907,CUST00106,REST0066,PART0033,2025-10-19,09:47:42,1810,77,294,1593,PAY001907,Cancelled,83
ORD001908,CUST00118,REST0078,PART0109,2026-04-07,18:04:06,1510,50,103,1457,PAY001908,Delivered,59
ORD001909,CUST00767,REST0060,PART0143,2026-03-07,12:28:48,1327,94,196,1225,PAY001909,Delivered,39
ORD001910,CUST00505,REST0194,PART0107,2026-01-04,12:56:21,922,77,235,764,PAY001910,Delivered,67
ORD001911,CUST01284,REST0202,PART0062,2025-10-18,04:18:39,309,20,17,312,PAY001911,Delivered,50
ORD001912,CUST00525,REST0069,PART0057,2026-05-21,16:04:24,1811,24,137,1698,PAY001912,Delivered,49
ORD001913,CUST00297,REST0107,PART0113,2025-09-22,22:24:48,1355,89,20,1424,PAY001913,Delivered,69
ORD001914,CUST01467,REST0009,PART0025,2026-01-11,10:24:34,602,73,124,551,PAY001914,Delivered,75
ORD001915,CUST00614,REST0156,PART0071,2026-01-26,12:07:59,1408,29,167,1270,PAY001915,Delivered,66
ORD001916,CUST00673,REST0109,PART0063,2026-03-22,07:52:47,711,57,6,762,PAY001916,Delivered,59
ORD001917,CUST01477,REST0223,PART0079,2025-08-28,09:51:10,1087,58,202,943,PAY001917,Delayed,32
ORD001918,CUST02252,REST0197,PART0064,2026-05-24,08:41:50,1816,26,112,1730,PAY001918,Delivered,77
ORD001919,CUST02325,REST0300,PART0092,2026-03-07,19:32:35,927,47,34,940,PAY001919,Delivered,63
ORD001920,CUST02387,REST0081,PART0047,2026-06-06,15:21:25,1447,62,182,1327,PAY001920,Delivered,77
ORD001921,CUST01224,REST0024,PART0007,2025-11-21,21:21:06,919,53,47,925,PAY001921,Delivered,42
ORD001922,CUST01371,REST0176,PART0017,2026-06-19,22:13:03,812,20,45,787,PAY001922,Delivered,41
ORD001923,CUST02251,REST0205,PART0124,2026-07-08,14:15:56,1746,56,261,1541,PAY001923,Delivered,33
ORD001924,CUST02346,REST0001,PART0077,2026-07-04,05:09:17,1242,88,117,1213,PAY001924,Delivered,75
ORD001925,CUST01480,REST0142,PART0097,2025-09-16,02:15:50,628,28,64,592,PAY001925,Cancelled,25
ORD001926,CUST00811,REST0077,PART0092,2025-10-19,08:05:05,748,94,212,630,PAY001926,Delivered,26
ORD001927,CUST02155,REST0265,PART0120,2026-01-11,17:55:19,683,95,117,661,PAY001927,Delivered,90
ORD001928,CUST00034,REST0149,PART0004,2026-04-22,15:45:03,587,28,34,581,PAY001928,Delivered,89
ORD001929,CUST02030,REST0223,PART0109,2025-08-12,08:46:08,734,51,112,673,PAY001929,Delayed,27
ORD001930,CUST01532,REST0258,PART0014,2025-07-18,21:56:56,547,26,135,438,PAY001930,Delivered,22
ORD001931,CUST00997,REST0044,PART0080,2026-05-02,23:19:46,1630,88,245,1473,PAY001931,Delivered,41
ORD001932,CUST00266,REST0129,PART0059,2025-07-28,19:03:36,322,61,11,372,PAY001932,Delivered,70
ORD001933,CUST00426,REST0008,PART0125,2026-04-07,02:42:45,1245,72,87,1230,PAY001933,Delivered,85
ORD001934,CUST00186,REST0208,PART0135,2026-04-05,02:41:59,1273,78,49,1302,PAY001934,Delivered,55
ORD001935,CUST01861,REST0028,PART0105,2025-12-21,01:13:03,766,36,84,718,PAY001935,Delivered,85
ORD001936,CUST01002,REST0037,PART0096,2026-06-17,23:24:07,442,74,50,466,PAY001936,Delivered,48
ORD001937,CUST01656,REST0018,PART0014,2026-02-03,02:22:34,1597,45,6,1636,PAY001937,Delivered,38
ORD001938,CUST01769,REST0172,PART0086,2026-01-14,20:27:34,261,43,64,240,PAY001938,Delivered,17
ORD001939,CUST01181,REST0049,PART0025,2026-06-16,01:47:21,1851,37,172,1716,PAY001939,Delivered,52
ORD001940,CUST01968,REST0019,PART0027,2025-12-12,21:11:36,205,71,26,250,PAY001940,Delivered,55
ORD001941,CUST02412,REST0290,PART0037,2025-08-12,13:38:49,674,60,189,545,PAY001941,Delivered,17
ORD001942,CUST01024,REST0106,PART0133,2026-05-16,08:16:45,1911,71,434,1548,PAY001942,Delivered,33
ORD001943,CUST00154,REST0017,PART0082,2025-12-25,05:20:55,427,37,71,393,PAY001943,Delivered,44
ORD001944,CUST00722,REST0025,PART0096,2025-10-25,05:26:24,417,43,85,375,PAY001944,Delivered,63
ORD001945,CUST00190,REST0039,PART0030,2026-06-24,07:16:34,1491,23,48,1466,PAY001945,Delivered,41
ORD001946,CUST00916,REST0295,PART0026,2026-04-20,07:10:38,1244,59,107,1196,PAY001946,Delivered,39
ORD001947,CUST00744,REST0265,PART0097,2026-02-09,22:10:38,1464,42,186,1320,PAY001947,Delivered,29
ORD001948,CUST01375,REST0211,PART0073,2025-09-01,05:25:32,474,51,65,460,PAY001948,Delivered,57
ORD001949,CUST02051,REST0205,PART0077,2026-04-20,05:29:00,593,58,47,604,PAY001949,Delivered,53
ORD001950,CUST00710,REST0136,PART0150,2026-05-13,20:11:46,1056,74,2,1128,PAY001950,Delivered,80
ORD001951,CUST00713,REST0028,PART0150,2026-03-08,23:13:36,1029,44,137,936,PAY001951,Cancelled,60
ORD001952,CUST01940,REST0125,PART0071,2026-03-24,13:06:06,1686,78,325,1439,PAY001952,Delayed,88
ORD001953,CUST00727,REST0242,PART0060,2026-02-08,16:37:29,1454,100,184,1370,PAY001953,Delivered,60
ORD001954,CUST00728,REST0197,PART0104,2026-04-19,19:52:38,1859,31,342,1548,PAY001954,Delivered,62
ORD001955,CUST01999,REST0200,PART0041,2025-07-25,10:52:46,1302,28,136,1194,PAY001955,Delivered,62
ORD001956,CUST01707,REST0214,PART0077,2026-01-02,13:06:18,1936,85,62,1959,PAY001956,Delivered,28
ORD001957,CUST01021,REST0208,PART0149,2026-01-18,23:14:35,1118,67,112,1073,PAY001957,Delayed,62
ORD001958,CUST01110,REST0202,PART0112,2026-06-02,17:01:00,740,76,199,617,PAY001958,Delivered,55
ORD001959,CUST02378,REST0209,PART0033,2026-04-24,04:53:54,842,46,143,745,PAY001959,Delivered,88
ORD001960,CUST00632,REST0149,PART0052,2025-08-08,11:02:25,1969,63,255,1777,PAY001960,Delivered,64
ORD001961,CUST00423,REST0174,PART0122,2025-11-07,00:24:20,1363,39,152,1250,PAY001961,Delayed,25
ORD001962,CUST01714,REST0101,PART0141,2026-05-27,11:02:01,1462,78,330,1210,PAY001962,Delivered,43
ORD001963,CUST01174,REST0211,PART0141,2025-12-17,23:07:07,705,47,168,584,PAY001963,Delivered,57
ORD001964,CUST02367,REST0014,PART0106,2026-06-02,22:10:46,1684,74,126,1632,PAY001964,Delivered,27
ORD001965,CUST01213,REST0290,PART0121,2026-05-31,14:19:49,1646,88,75,1659,PAY001965,Delivered,90
ORD001966,CUST02238,REST0040,PART0107,2026-04-23,20:41:05,1411,97,385,1123,PAY001966,Delivered,27
ORD001967,CUST00342,REST0052,PART0101,2026-05-10,19:10:07,1912,48,512,1448,PAY001967,Delivered,80
ORD001968,CUST00120,REST0126,PART0006,2025-07-31,17:44:49,1572,79,45,1606,PAY001968,Delivered,78
ORD001969,CUST00242,REST0242,PART0043,2025-12-04,08:40:34,1120,36,194,962,PAY001969,Delivered,15
ORD001970,CUST01736,REST0247,PART0142,2025-12-18,08:44:38,710,88,157,641,PAY001970,Delayed,17
ORD001971,CUST01127,REST0294,PART0054,2026-04-20,13:13:03,1985,37,395,1627,PAY001971,Delivered,30
ORD001972,CUST00805,REST0153,PART0114,2026-07-11,09:41:32,400,56,50,406,PAY001972,Delivered,65
ORD001973,CUST00591,REST0297,PART0043,2026-01-30,21:52:26,812,55,214,653,PAY001973,Delivered,64
ORD001974,CUST00784,REST0056,PART0118,2026-03-17,14:59:47,855,71,105,821,PAY001974,Delivered,32
ORD001975,CUST00047,REST0111,PART0102,2026-03-25,12:46:50,1912,95,307,1700,PAY001975,Cancelled,88
ORD001976,CUST00744,REST0212,PART0099,2026-01-03,03:18:58,1883,30,112,1801,PAY001976,Delayed,52
ORD001977,CUST01680,REST0232,PART0007,2025-12-29,16:31:35,1092,31,317,806,PAY001977,Delivered,67
ORD001978,CUST00904,REST0057,PART0009,2026-05-18,01:06:40,609,47,84,572,PAY001978,Delivered,28
ORD001979,CUST02340,REST0015,PART0030,2025-09-02,10:05:08,370,41,44,367,PAY001979,Delivered,66
ORD001980,CUST02397,REST0018,PART0021,2025-08-25,11:37:42,1312,97,139,1270,PAY001980,Cancelled,39
ORD001981,CUST01951,REST0215,PART0124,2025-09-10,22:27:32,707,54,55,706,PAY001981,Delivered,41
ORD001982,CUST00187,REST0289,PART0140,2026-06-10,05:03:36,1242,32,144,1130,PAY001982,Delivered,48
ORD001983,CUST00292,REST0223,PART0127,2025-10-26,04:27:39,1641,27,488,1180,PAY001983,Delivered,42
ORD001984,CUST00374,REST0054,PART0103,2026-05-06,14:18:31,301,52,69,284,PAY001984,Delivered,16
ORD001985,CUST00341,REST0013,PART0013,2026-06-01,17:28:47,1334,95,339,1090,PAY001985,Delivered,54
ORD001986,CUST02170,REST0288,PART0107,2026-02-26,10:01:52,1980,24,154,1850,PAY001986,Delivered,68
ORD001987,CUST00297,REST0021,PART0064,2026-05-04,21:38:47,977,89,16,1050,PAY001987,Delivered,52
ORD001988,CUST02056,REST0169,PART0078,2026-05-19,16:12:41,399,45,33,411,PAY001988,Delivered,85
ORD001989,CUST00859,REST0164,PART0051,2025-08-28,15:41:30,1968,39,61,1946,PAY001989,Cancelled,24
ORD001990,CUST00394,REST0249,PART0026,2026-04-22,15:15:56,1574,81,289,1366,PAY001990,Delivered,41
ORD001991,CUST01327,REST0247,PART0026,2025-09-19,20:33:08,932,27,40,919,PAY001991,Cancelled,26
ORD001992,CUST02388,REST0159,PART0005,2025-12-05,13:29:19,566,37,25,578,PAY001992,Delivered,32
ORD001993,CUST02134,REST0285,PART0023,2025-12-23,14:14:02,1100,20,82,1038,PAY001993,Delivered,52
ORD001994,CUST02186,REST0236,PART0077,2026-03-28,05:09:37,394,36,107,323,PAY001994,Cancelled,55
ORD001995,CUST02489,REST0110,PART0112,2025-11-25,05:16:48,1577,29,395,1211,PAY001995,Delivered,75
ORD001996,CUST01207,REST0220,PART0049,2025-09-09,08:51:45,904,82,194,792,PAY001996,Delivered,24
ORD001997,CUST02046,REST0155,PART0029,2026-07-05,19:19:54,1284,30,19,1295,PAY001997,Delayed,63
ORD001998,CUST00694,REST0128,PART0039,2025-10-18,15:21:22,1752,93,293,1552,PAY001998,Delivered,30
ORD001999,CUST00973,REST0043,PART0086,2026-05-21,04:53:03,731,26,19,738,PAY001999,Delivered,42
ORD002000,CUST01775,REST0095,PART0100,2026-01-19,15:51:58,255,72,76,251,PAY002000,Delivered,23
ORD002001,CUST01381,REST0086,PART0083,2025-10-05,19:55:33,1272,52,176,1148,PAY002001,Delivered,37
ORD002002,CUST00308,REST0002,PART0036,2025-10-26,23:10:56,1664,59,457,1266,PAY002002,Delivered,61
ORD002003,CUST02392,REST0278,PART0071,2025-08-22,23:04:08,1146,28,238,936,PAY002003,Delayed,81
ORD002004,CUST02477,REST0145,PART0130,2025-11-21,09:51:15,885,74,199,760,PAY002004,Delayed,87
ORD002005,CUST01513,REST0055,PART0088,2026-03-22,13:59:49,602,27,7,622,PAY002005,Delayed,70
ORD002006,CUST01498,REST0187,PART0130,2026-04-11,15:41:39,862,71,106,827,PAY002006,Delivered,52
ORD002007,CUST00354,REST0234,PART0040,2025-08-14,00:10:12,1894,43,459,1478,PAY002007,Delivered,64
ORD002008,CUST01504,REST0014,PART0067,2026-01-10,04:55:01,422,66,51,437,PAY002008,Delivered,63
ORD002009,CUST00340,REST0151,PART0071,2026-06-30,10:53:58,1125,22,21,1126,PAY002009,Delivered,29
ORD002010,CUST01725,REST0093,PART0067,2026-04-17,14:55:24,160,68,32,196,PAY002010,Delivered,20
ORD002011,CUST00015,REST0211,PART0105,2026-01-23,03:37:15,1061,33,2,1092,PAY002011,Cancelled,84
ORD002012,CUST00556,REST0275,PART0037,2026-05-04,11:37:24,1797,32,497,1332,PAY002012,Cancelled,15
ORD002013,CUST00456,REST0063,PART0090,2025-10-19,06:49:34,495,44,128,411,PAY002013,Delivered,35
ORD002014,CUST00607,REST0093,PART0045,2026-05-06,05:21:44,619,38,141,516,PAY002014,Delivered,86
ORD002015,CUST01138,REST0242,PART0084,2025-10-25,05:09:48,731,21,137,615,PAY002015,Delivered,34
ORD002016,CUST02421,REST0153,PART0009,2025-11-26,05:35:28,544,65,155,454,PAY002016,Delivered,15
ORD002017,CUST02271,REST0138,PART0116,2025-11-07,22:06:48,338,24,92,270,PAY002017,Delivered,29
ORD002018,CUST01009,REST0178,PART0008,2026-04-09,21:32:48,913,33,59,887,PAY002018,Delivered,55
ORD002019,CUST00597,REST0085,PART0136,2026-01-04,22:26:09,802,76,237,641,PAY002019,Cancelled,90
ORD002020,CUST00482,REST0185,PART0126,2025-11-21,15:46:40,1771,75,296,1550,PAY002020,Cancelled,86
ORD002021,CUST00120,REST0066,PART0139,2026-05-18,00:38:56,1704,79,246,1537,PAY002021,Delivered,17
ORD002022,CUST01179,REST0169,PART0063,2026-01-07,03:36:07,198,58,6,250,PAY002022,Delivered,53
ORD002023,CUST00518,REST0262,PART0025,2026-04-13,22:10:45,1405,62,388,1079,PAY002023,Delivered,48
ORD002024,CUST01861,REST0148,PART0033,2025-10-24,09:47:49,1111,91,209,993,PAY002024,Delivered,85
ORD002025,CUST02276,REST0115,PART0006,2026-02-21,22:05:25,508,30,130,408,PAY002025,Delivered,64
ORD002026,CUST02291,REST0013,PART0059,2025-10-31,03:45:51,1698,64,254,1508,PAY002026,Delivered,74
ORD002027,CUST00598,REST0050,PART0057,2026-03-04,02:15:49,1348,34,341,1041,PAY002027,Delivered,71
ORD002028,CUST02359,REST0008,PART0082,2025-07-30,02:57:22,640,71,152,559,PAY002028,Delivered,57
ORD002029,CUST02020,REST0191,PART0147,2026-05-07,21:50:03,811,64,234,641,PAY002029,Delivered,54
ORD002030,CUST02359,REST0001,PART0108,2025-09-08,14:52:55,1265,55,95,1225,PAY002030,Delivered,70
ORD002031,CUST01221,REST0184,PART0040,2025-09-11,17:28:31,1455,26,353,1128,PAY002031,Delayed,81
ORD002032,CUST00061,REST0194,PART0018,2026-02-03,21:07:38,1790,89,439,1440,PAY002032,Delivered,21
ORD002033,CUST00986,REST0120,PART0116,2025-11-05,06:09:30,829,73,117,785,PAY002033,Delivered,49
ORD002034,CUST01635,REST0163,PART0037,2025-07-26,07:34:29,1059,25,42,1042,PAY002034,Cancelled,71
ORD002035,CUST02295,REST0036,PART0077,2025-10-10,01:51:43,606,73,169,510,PAY002035,Cancelled,90
ORD002036,CUST02098,REST0144,PART0050,2026-06-23,01:34:35,882,48,10,920,PAY002036,Delivered,76
ORD002037,CUST01630,REST0152,PART0069,2025-12-07,06:22:29,1411,98,82,1427,PAY002037,Delivered,53
ORD002038,CUST01324,REST0005,PART0137,2026-02-20,02:21:36,1734,83,184,1633,PAY002038,Delivered,51
ORD002039,CUST00714,REST0109,PART0078,2025-12-04,02:37:36,642,38,64,616,PAY002039,Delivered,80
ORD002040,CUST00328,REST0233,PART0033,2026-04-19,10:55:09,1720,24,280,1464,PAY002040,Delivered,54
ORD002041,CUST01011,REST0204,PART0028,2025-11-06,08:08:35,1624,62,175,1511,PAY002041,Delivered,56
ORD002042,CUST01155,REST0300,PART0008,2025-11-12,08:05:44,842,60,117,785,PAY002042,Cancelled,64
ORD002043,CUST00665,REST0143,PART0043,2026-04-20,05:52:24,1303,68,7,1364,PAY002043,Delivered,62
ORD002044,CUST00908,REST0074,PART0087,2025-09-15,17:16:39,275,50,27,298,PAY002044,Delivered,52
ORD002045,CUST01320,REST0276,PART0036,2026-02-21,16:34:46,521,48,21,548,PAY002045,Delivered,82
ORD002046,CUST00083,REST0072,PART0112,2026-03-19,10:07:03,613,25,71,567,PAY002046,Delivered,65
ORD002047,CUST01813,REST0081,PART0026,2025-11-11,14:11:14,1955,99,92,1962,PAY002047,Delayed,77
ORD002048,CUST00537,REST0014,PART0078,2026-01-16,19:46:03,471,96,35,532,PAY002048,Cancelled,26
ORD002049,CUST01472,REST0124,PART0046,2026-04-19,04:10:06,1259,42,61,1240,PAY002049,Delayed,66
ORD002050,CUST00021,REST0203,PART0057,2026-01-03,01:36:22,1387,46,243,1190,PAY002050,Delivered,31
ORD002051,CUST00883,REST0063,PART0060,2026-04-03,17:12:15,1689,24,497,1216,PAY002051,Delivered,90
ORD002052,CUST02178,REST0184,PART0002,2025-11-07,18:16:09,1174,25,154,1045,PAY002052,Delivered,38
ORD002053,CUST02397,REST0025,PART0028,2025-09-14,05:17:20,242,73,12,303,PAY002053,Delivered,88
ORD002054,CUST01531,REST0116,PART0126,2026-05-01,01:53:14,1466,51,108,1409,PAY002054,Cancelled,77
ORD002055,CUST00089,REST0095,PART0149,2026-05-24,22:47:14,276,20,7,289,PAY002055,Delivered,58
ORD002056,CUST00755,REST0175,PART0097,2026-04-12,04:25:50,353,68,18,403,PAY002056,Delivered,50
ORD002057,CUST01450,REST0159,PART0001,2025-09-04,03:59:36,281,85,47,319,PAY002057,Delivered,72
ORD002058,CUST00002,REST0147,PART0089,2025-09-11,03:30:52,1423,38,116,1345,PAY002058,Delayed,42
ORD002059,CUST01578,REST0240,PART0120,2026-03-09,03:37:51,1671,49,42,1678,PAY002059,Cancelled,83
ORD002060,CUST01807,REST0148,PART0063,2025-11-06,18:31:54,828,68,74,822,PAY002060,Delivered,71
ORD002061,CUST01445,REST0101,PART0027,2026-06-14,21:37:41,1752,35,302,1485,PAY002061,Delivered,25
ORD002062,CUST01754,REST0175,PART0015,2025-12-12,11:02:38,1171,74,215,1030,PAY002062,Delivered,59
ORD002063,CUST01713,REST0035,PART0033,2025-10-24,04:03:19,1499,80,331,1248,PAY002063,Delivered,18
ORD002064,CUST01316,REST0245,PART0141,2026-03-20,12:50:49,477,90,22,545,PAY002064,Delayed,22
ORD002065,CUST00246,REST0080,PART0034,2025-10-12,18:08:31,1506,29,408,1127,PAY002065,Delivered,46
ORD002066,CUST01960,REST0281,PART0114,2025-07-27,02:48:52,1532,34,200,1366,PAY002066,Delivered,18
ORD002067,CUST01752,REST0105,PART0086,2026-06-11,16:55:59,1438,81,323,1196,PAY002067,Cancelled,46
ORD002068,CUST02209,REST0183,PART0150,2025-10-06,10:37:30,556,82,31,607,PAY002068,Delayed,34
ORD002069,CUST02117,REST0146,PART0132,2026-02-27,17:53:34,1929,37,387,1579,PAY002069,Delivered,62
ORD002070,CUST00341,REST0147,PART0039,2025-11-10,21:33:06,601,83,21,663,PAY002070,Delayed,54
ORD002071,CUST01003,REST0233,PART0087,2025-09-11,20:38:19,194,25,1,218,PAY002071,Delivered,46
ORD002072,CUST00609,REST0125,PART0019,2026-02-28,03:15:17,1690,88,289,1489,PAY002072,Delivered,41
ORD002073,CUST02456,REST0258,PART0098,2025-07-20,22:15:42,681,75,88,668,PAY002073,Delayed,63
ORD002074,CUST02193,REST0133,PART0027,2025-10-24,23:46:21,577,36,122,491,PAY002074,Delivered,77
ORD002075,CUST01403,REST0292,PART0019,2025-12-04,16:01:33,563,83,105,541,PAY002075,Delivered,58
ORD002076,CUST00387,REST0051,PART0071,2026-04-22,07:17:52,1222,37,21,1238,PAY002076,Delivered,18
ORD002077,CUST01753,REST0202,PART0075,2026-01-29,18:12:31,1796,65,167,1694,PAY002077,Delivered,38
ORD002078,CUST00261,REST0074,PART0125,2026-05-01,17:57:25,1061,48,188,921,PAY002078,Delivered,38
ORD002079,CUST01020,REST0251,PART0094,2026-06-19,04:56:50,797,64,56,805,PAY002079,Delivered,65
ORD002080,CUST01923,REST0211,PART0067,2026-02-01,22:53:04,1688,69,314,1443,PAY002080,Delivered,82
ORD002081,CUST01745,REST0082,PART0043,2025-12-20,20:32:17,1197,57,301,953,PAY002081,Delivered,50
ORD002082,CUST00493,REST0012,PART0079,2026-01-17,11:30:53,739,67,212,594,PAY002082,Delivered,67
ORD002083,CUST02370,REST0067,PART0146,2026-03-13,10:15:24,794,20,105,709,PAY002083,Delivered,68
ORD002084,CUST00450,REST0074,PART0014,2026-06-30,18:26:14,934,88,170,852,PAY002084,Delayed,68
ORD002085,CUST01712,REST0253,PART0046,2025-09-20,10:07:45,1687,77,448,1316,PAY002085,Delivered,44
ORD002086,CUST01806,REST0300,PART0056,2025-11-26,22:05:40,1588,22,314,1296,PAY002086,Delayed,47
ORD002087,CUST00537,REST0295,PART0029,2026-03-23,06:55:23,1924,37,74,1887,PAY002087,Delivered,53
ORD002088,CUST00763,REST0076,PART0051,2025-09-14,18:40:10,1929,67,4,1992,PAY002088,Delivered,52
ORD002089,CUST01176,REST0177,PART0127,2026-03-01,06:17:26,1095,90,3,1182,PAY002089,Delivered,87
ORD002090,CUST00477,REST0267,PART0075,2026-06-12,08:41:51,1907,37,382,1562,PAY002090,Delivered,21
ORD002091,CUST02170,REST0069,PART0024,2026-01-26,20:20:18,199,46,14,231,PAY002091,Delivered,52
ORD002092,CUST00791,REST0228,PART0040,2025-11-15,07:14:42,1287,38,124,1201,PAY002092,Delivered,22
ORD002093,CUST00263,REST0203,PART0125,2026-02-04,11:39:00,1580,54,162,1472,PAY002093,Delayed,66
ORD002094,CUST01668,REST0113,PART0036,2025-12-08,15:06:14,174,70,12,232,PAY002094,Delivered,81
ORD002095,CUST00276,REST0071,PART0039,2025-12-10,00:48:32,560,20,28,552,PAY002095,Delivered,18
ORD002096,CUST02062,REST0138,PART0033,2026-06-17,07:59:07,1975,86,299,1762,PAY002096,Delivered,64
ORD002097,CUST00839,REST0109,PART0109,2026-07-10,21:30:16,1733,89,208,1614,PAY002097,Delivered,72
ORD002098,CUST00682,REST0277,PART0104,2026-01-20,16:36:37,930,22,260,692,PAY002098,Cancelled,78
ORD002099,CUST01038,REST0147,PART0112,2026-03-25,01:05:56,930,21,171,780,PAY002099,Cancelled,32
ORD002100,CUST02328,REST0027,PART0030,2025-09-19,22:06:45,908,73,143,838,PAY002100,Delivered,39
ORD002101,CUST00384,REST0289,PART0056,2026-06-19,10:04:15,685,99,94,690,PAY002101,Cancelled,62
ORD002102,CUST01196,REST0201,PART0029,2026-02-05,05:21:15,308,33,42,299,PAY002102,Delayed,75
ORD002103,CUST02216,REST0025,PART0056,2026-01-19,10:50:48,1761,87,61,1787,PAY002103,Delivered,82
ORD002104,CUST01046,REST0035,PART0016,2025-09-22,08:31:14,1331,24,146,1209,PAY002104,Cancelled,51
ORD002105,CUST01662,REST0198,PART0131,2026-01-20,04:59:03,645,28,89,584,PAY002105,Delivered,58
ORD002106,CUST01353,REST0098,PART0134,2026-06-29,15:40:59,1557,47,426,1178,PAY002106,Delivered,28
ORD002107,CUST01271,REST0235,PART0082,2025-12-10,18:27:32,1204,47,244,1007,PAY002107,Delivered,60
ORD002108,CUST00050,REST0053,PART0104,2025-07-21,18:26:57,252,45,5,292,PAY002108,Delivered,81
ORD002109,CUST00451,REST0250,PART0116,2026-04-01,22:56:43,931,56,229,758,PAY002109,Delivered,85
ORD002110,CUST00634,REST0237,PART0027,2025-08-10,09:19:47,223,31,4,250,PAY002110,Delivered,66
ORD002111,CUST00837,REST0248,PART0027,2025-11-26,04:53:01,1229,91,330,990,PAY002111,Delivered,70
ORD002112,CUST01595,REST0218,PART0133,2025-10-11,13:18:52,368,66,66,368,PAY002112,Delivered,69
ORD002113,CUST01926,REST0198,PART0113,2025-11-13,08:45:14,324,92,73,343,PAY002113,Delivered,60
ORD002114,CUST00816,REST0082,PART0106,2025-10-04,09:51:07,1657,86,103,1640,PAY002114,Delivered,23
ORD002115,CUST00116,REST0171,PART0138,2025-10-11,08:30:45,1931,25,328,1628,PAY002115,Delivered,41
ORD002116,CUST02209,REST0035,PART0090,2025-09-12,12:43:06,538,52,91,499,PAY002116,Delivered,69
ORD002117,CUST01514,REST0127,PART0094,2025-11-01,07:52:51,1050,39,279,810,PAY002117,Delivered,45
ORD002118,CUST02086,REST0084,PART0073,2026-03-09,14:44:21,1334,95,394,1035,PAY002118,Cancelled,35
ORD002119,CUST01918,REST0247,PART0086,2026-05-14,09:24:40,1500,38,48,1490,PAY002119,Cancelled,86
ORD002120,CUST01097,REST0218,PART0110,2026-04-25,06:20:39,1545,62,276,1331,PAY002120,Delivered,85
ORD002121,CUST00830,REST0004,PART0039,2026-05-18,18:21:40,1388,46,2,1432,PAY002121,Delivered,80
ORD002122,CUST00733,REST0246,PART0099,2025-08-31,16:27:53,568,40,118,490,PAY002122,Delivered,70
ORD002123,CUST01298,REST0036,PART0095,2026-03-25,16:11:59,1297,48,130,1215,PAY002123,Delivered,22
ORD002124,CUST02122,REST0190,PART0077,2025-09-30,17:25:34,805,36,223,618,PAY002124,Delivered,69
ORD002125,CUST01914,REST0098,PART0002,2025-12-01,16:37:35,638,20,139,519,PAY002125,Delivered,83
ORD002126,CUST01871,REST0115,PART0143,2026-01-25,22:51:14,1116,36,4,1148,PAY002126,Delivered,36
ORD002127,CUST01868,REST0060,PART0031,2026-01-10,14:58:50,1774,80,480,1374,PAY002127,Delivered,79
ORD002128,CUST01970,REST0259,PART0100,2026-02-22,09:03:32,437,60,32,465,PAY002128,Delivered,40
ORD002129,CUST00036,REST0227,PART0022,2026-07-05,16:47:45,1747,97,62,1782,PAY002129,Delayed,33
ORD002130,CUST00577,REST0100,PART0076,2026-03-21,06:18:58,248,38,35,251,PAY002130,Delivered,52
ORD002131,CUST01981,REST0229,PART0121,2026-07-03,05:08:20,593,26,89,530,PAY002131,Cancelled,27
ORD002132,CUST01945,REST0056,PART0097,2025-07-20,23:30:41,1538,94,298,1334,PAY002132,Delivered,61
ORD002133,CUST01650,REST0234,PART0105,2026-06-07,10:56:46,1039,64,204,899,PAY002133,Delivered,52
ORD002134,CUST01547,REST0269,PART0061,2026-05-02,01:24:26,1393,98,370,1121,PAY002134,Delivered,39
ORD002135,CUST00072,REST0188,PART0039,2026-06-09,16:42:55,1745,54,16,1783,PAY002135,Delivered,35
ORD002136,CUST00804,REST0235,PART0052,2026-05-30,06:27:37,433,68,93,408,PAY002136,Delivered,38
ORD002137,CUST01059,REST0125,PART0004,2026-05-16,08:41:45,1865,31,77,1819,PAY002137,Delivered,73
ORD002138,CUST00997,REST0216,PART0013,2026-05-18,03:33:07,891,56,244,703,PAY002138,Delivered,29
ORD002139,CUST00339,REST0169,PART0010,2026-02-04,18:55:43,1159,95,58,1196,PAY002139,Delivered,27
ORD002140,CUST01717,REST0005,PART0008,2026-06-30,01:00:49,291,70,19,342,PAY002140,Delivered,79
ORD002141,CUST02296,REST0293,PART0054,2025-10-12,22:22:00,425,71,89,407,PAY002141,Delayed,48
ORD002142,CUST02279,REST0105,PART0057,2026-04-30,03:56:04,838,96,116,818,PAY002142,Delivered,55
ORD002143,CUST01468,REST0252,PART0023,2025-10-02,21:30:29,1189,84,105,1168,PAY002143,Delivered,38
ORD002144,CUST01934,REST0292,PART0024,2025-12-04,10:25:11,730,93,103,720,PAY002144,Delivered,47
ORD002145,CUST01587,REST0146,PART0062,2026-03-31,04:59:44,646,84,105,625,PAY002145,Delayed,34
ORD002146,CUST02027,REST0072,PART0105,2025-07-28,23:53:16,1945,46,93,1898,PAY002146,Cancelled,69
ORD002147,CUST01272,REST0202,PART0138,2025-12-17,23:59:57,1744,86,145,1685,PAY002147,Delivered,57
ORD002148,CUST02041,REST0066,PART0075,2026-03-16,12:16:55,1907,95,170,1832,PAY002148,Delivered,15
ORD002149,CUST00086,REST0280,PART0101,2025-08-23,15:02:51,1810,24,144,1690,PAY002149,Delivered,21
ORD002150,CUST00072,REST0164,PART0023,2025-11-21,05:05:42,772,68,202,638,PAY002150,Delivered,90
ORD002151,CUST00854,REST0074,PART0127,2026-01-29,07:15:23,1295,63,143,1215,PAY002151,Delivered,29
ORD002152,CUST00234,REST0102,PART0061,2025-08-11,08:07:12,1484,45,373,1156,PAY002152,Delivered,55
ORD002153,CUST02451,REST0103,PART0004,2025-10-29,16:06:32,1880,47,390,1537,PAY002153,Delivered,26
ORD002154,CUST00215,REST0270,PART0061,2026-02-16,02:46:37,266,24,75,215,PAY002154,Delivered,23
ORD002155,CUST00015,REST0159,PART0137,2026-02-08,22:03:33,1058,86,58,1086,PAY002155,Delivered,20
ORD002156,CUST01142,REST0034,PART0086,2026-06-10,00:43:41,1228,49,171,1106,PAY002156,Cancelled,84
ORD002157,CUST00943,REST0026,PART0068,2026-04-30,02:48:58,1548,26,318,1256,PAY002157,Delivered,43
ORD002158,CUST00994,REST0214,PART0101,2026-02-10,01:47:25,1004,74,45,1033,PAY002158,Delivered,36
ORD002159,CUST00338,REST0072,PART0036,2026-06-20,03:09:32,1466,23,262,1227,PAY002159,Delayed,69
ORD002160,CUST01242,REST0235,PART0066,2025-08-16,02:17:39,286,64,73,277,PAY002160,Delivered,73
ORD002161,CUST00302,REST0046,PART0010,2026-05-22,02:55:29,1935,64,225,1774,PAY002161,Delivered,59
ORD002162,CUST01773,REST0255,PART0052,2025-08-06,23:30:53,584,51,2,633,PAY002162,Delivered,72
ORD002163,CUST00388,REST0286,PART0150,2026-01-05,16:42:42,1181,57,71,1167,PAY002163,Delivered,30
ORD002164,CUST01944,REST0209,PART0092,2026-02-21,07:50:20,436,74,59,451,PAY002164,Delivered,18
ORD002165,CUST01962,REST0051,PART0131,2026-02-04,08:01:40,980,82,218,844,PAY002165,Delivered,78
ORD002166,CUST02223,REST0111,PART0105,2025-10-20,13:03:28,965,36,271,730,PAY002166,Delivered,45
ORD002167,CUST01465,REST0013,PART0023,2025-10-19,06:29:20,1265,87,340,1012,PAY002167,Delivered,65
ORD002168,CUST02426,REST0082,PART0048,2025-10-23,16:33:23,1091,71,88,1074,PAY002168,Delivered,69
ORD002169,CUST02109,REST0006,PART0146,2026-05-21,20:53:08,1040,76,263,853,PAY002169,Delivered,39
ORD002170,CUST01619,REST0167,PART0044,2026-04-29,09:49:58,1468,70,43,1495,PAY002170,Delivered,38
ORD002171,CUST02203,REST0001,PART0119,2025-09-25,04:32:10,1462,97,346,1213,PAY002171,Delivered,52
ORD002172,CUST02317,REST0275,PART0028,2026-04-10,02:15:10,1345,50,162,1233,PAY002172,Delivered,32
ORD002173,CUST01968,REST0239,PART0039,2026-07-14,21:03:07,849,99,122,826,PAY002173,Delivered,70
ORD002174,CUST01214,REST0013,PART0141,2026-03-25,23:45:17,1385,83,194,1274,PAY002174,Delayed,39
ORD002175,CUST01299,REST0016,PART0019,2026-06-14,06:28:55,906,88,12,982,PAY002175,Delivered,52
ORD002176,CUST01588,REST0169,PART0124,2025-10-19,10:10:07,1733,76,111,1698,PAY002176,Delayed,85
ORD002177,CUST00570,REST0181,PART0102,2025-10-12,22:04:27,535,93,17,611,PAY002177,Delivered,59
ORD002178,CUST00329,REST0059,PART0079,2026-04-10,01:40:43,1244,88,225,1107,PAY002178,Delivered,82
ORD002179,CUST00179,REST0003,PART0048,2026-04-20,20:15:40,230,27,46,211,PAY002179,Delivered,48
ORD002180,CUST01832,REST0288,PART0126,2026-01-09,08:38:08,1367,43,267,1143,PAY002180,Delivered,59
ORD002181,CUST00069,REST0073,PART0051,2025-09-23,03:33:56,251,100,29,322,PAY002181,Delivered,17
ORD002182,CUST00055,REST0033,PART0130,2025-07-31,20:47:19,358,39,43,354,PAY002182,Delivered,65
ORD002183,CUST02342,REST0012,PART0103,2026-03-09,19:22:00,1160,55,87,1128,PAY002183,Delivered,59
ORD002184,CUST00775,REST0209,PART0054,2025-10-27,10:53:08,521,40,58,503,PAY002184,Cancelled,30
ORD002185,CUST02042,REST0101,PART0006,2026-02-15,14:34:40,494,25,3,516,PAY002185,Delayed,32
ORD002186,CUST01735,REST0072,PART0067,2025-11-01,00:03:39,1758,42,394,1406,PAY002186,Delivered,88
ORD002187,CUST01181,REST0013,PART0084,2025-08-20,17:19:16,894,50,240,704,PAY002187,Delivered,78
ORD002188,CUST01602,REST0189,PART0105,2026-04-30,20:05:00,1802,55,312,1545,PAY002188,Delivered,78
ORD002189,CUST02020,REST0107,PART0093,2025-09-28,00:51:08,251,68,69,250,PAY002189,Delivered,53
ORD002190,CUST01353,REST0034,PART0072,2026-04-27,00:59:25,913,48,130,831,PAY002190,Delivered,63
ORD002191,CUST01716,REST0182,PART0132,2026-06-03,20:24:21,1985,90,549,1526,PAY002191,Delivered,40
ORD002192,CUST02301,REST0118,PART0091,2026-07-07,13:12:09,1187,45,151,1081,PAY002192,Delayed,85
ORD002193,CUST02026,REST0111,PART0112,2025-08-09,23:13:45,1440,40,213,1267,PAY002193,Delivered,65
ORD002194,CUST00632,REST0016,PART0118,2026-07-03,03:38:16,1210,60,123,1147,PAY002194,Delivered,75
ORD002195,CUST02081,REST0149,PART0063,2026-07-01,23:36:25,1224,80,2,1302,PAY002195,Delivered,35
ORD002196,CUST01032,REST0154,PART0063,2025-09-05,17:14:15,1729,98,223,1604,PAY002196,Delivered,70
ORD002197,CUST02194,REST0017,PART0092,2026-02-04,04:22:57,1564,63,443,1184,PAY002197,Delivered,18
ORD002198,CUST00131,REST0090,PART0137,2025-11-10,19:43:39,803,27,92,738,PAY002198,Delivered,49
ORD002199,CUST00210,REST0235,PART0051,2025-08-08,21:05:45,1099,41,4,1136,PAY002199,Delivered,50
ORD002200,CUST00804,REST0291,PART0012,2025-10-04,21:59:41,1702,97,388,1411,PAY002200,Cancelled,74
ORD002201,CUST00582,REST0162,PART0070,2025-10-12,15:02:58,1662,82,464,1280,PAY002201,Delayed,59
ORD002202,CUST00260,REST0216,PART0036,2025-10-18,23:28:59,644,91,7,728,PAY002202,Cancelled,57
ORD002203,CUST00020,REST0154,PART0088,2026-02-28,16:42:03,875,24,67,832,PAY002203,Delivered,17
ORD002204,CUST00860,REST0176,PART0059,2026-05-08,01:10:07,1301,32,159,1174,PAY002204,Delivered,23
ORD002205,CUST00953,REST0115,PART0126,2026-02-26,23:37:30,1100,96,135,1061,PAY002205,Delivered,57
ORD002206,CUST00583,REST0123,PART0091,2026-01-17,14:23:07,311,32,14,329,PAY002206,Delivered,88
ORD002207,CUST01467,REST0095,PART0118,2026-01-12,13:06:50,712,41,102,651,PAY002207,Delivered,48
ORD002208,CUST01558,REST0094,PART0089,2025-08-23,09:44:12,1279,75,345,1009,PAY002208,Delivered,29
ORD002209,CUST00916,REST0271,PART0050,2026-02-09,18:22:34,1222,66,253,1035,PAY002209,Delivered,85
ORD002210,CUST00329,REST0133,PART0111,2026-06-23,15:16:44,863,57,175,745,PAY002210,Delivered,20
ORD002211,CUST02395,REST0119,PART0083,2026-05-15,17:05:06,1837,100,82,1855,PAY002211,Delivered,27
ORD002212,CUST01465,REST0161,PART0057,2025-08-05,01:55:05,1126,58,176,1008,PAY002212,Delivered,73
ORD002213,CUST01942,REST0096,PART0140,2025-11-17,01:46:01,1716,73,138,1651,PAY002213,Delivered,28
ORD002214,CUST01812,REST0129,PART0099,2026-05-19,01:16:33,1083,45,126,1002,PAY002214,Cancelled,27
ORD002215,CUST01949,REST0192,PART0109,2026-03-19,10:13:16,1517,60,425,1152,PAY002215,Delivered,36
ORD002216,CUST01738,REST0015,PART0132,2025-08-13,14:42:34,677,32,44,665,PAY002216,Delayed,47
ORD002217,CUST01811,REST0201,PART0041,2025-09-30,12:36:48,392,85,100,377,PAY002217,Delivered,16
ORD002218,CUST02339,REST0120,PART0022,2026-01-17,23:51:43,1422,27,217,1232,PAY002218,Delivered,70
ORD002219,CUST02449,REST0173,PART0019,2025-08-30,10:46:41,191,50,39,202,PAY002219,Delivered,70
ORD002220,CUST00134,REST0169,PART0139,2026-01-03,20:34:49,271,59,42,288,PAY002220,Delivered,33
ORD002221,CUST00933,REST0052,PART0045,2025-08-17,15:00:27,1536,73,225,1384,PAY002221,Delivered,42
ORD002222,CUST01264,REST0258,PART0089,2026-01-17,02:46:02,1750,49,39,1760,PAY002222,Cancelled,26
ORD002223,CUST02490,REST0125,PART0103,2025-09-30,21:39:29,267,38,47,258,PAY002223,Delivered,53
ORD002224,CUST00720,REST0122,PART0028,2025-08-24,00:42:10,244,38,70,212,PAY002224,Delivered,46
ORD002225,CUST01520,REST0227,PART0097,2026-02-11,21:02:09,421,80,46,455,PAY002225,Delivered,74
ORD002226,CUST00452,REST0170,PART0075,2026-03-02,03:10:23,1391,98,32,1457,PAY002226,Cancelled,90
ORD002227,CUST00349,REST0267,PART0052,2025-10-07,17:40:50,1437,53,99,1391,PAY002227,Cancelled,53
ORD002228,CUST00922,REST0044,PART0010,2026-03-05,14:17:38,1958,98,381,1675,PAY002228,Delivered,35
ORD002229,CUST00440,REST0165,PART0005,2026-01-21,11:06:39,1140,81,60,1161,PAY002229,Delivered,67
ORD002230,CUST01916,REST0065,PART0100,2025-11-09,17:37:50,1549,94,58,1585,PAY002230,Delivered,58
ORD002231,CUST02086,REST0058,PART0110,2026-02-22,08:19:31,1075,47,82,1040,PAY002231,Delivered,33
ORD002232,CUST02063,REST0251,PART0059,2025-07-19,23:17:36,320,26,93,253,PAY002232,Delivered,34
ORD002233,CUST01009,REST0204,PART0146,2026-02-27,03:45:18,350,95,70,375,PAY002233,Delivered,24
ORD002234,CUST01783,REST0248,PART0030,2025-12-30,03:24:17,1056,47,235,868,PAY002234,Delivered,18
ORD002235,CUST01997,REST0001,PART0114,2026-06-15,16:11:24,430,92,115,407,PAY002235,Delivered,52
ORD002236,CUST01529,REST0101,PART0015,2026-07-02,16:53:57,1891,96,82,1905,PAY002236,Delivered,47
ORD002237,CUST00728,REST0004,PART0034,2025-08-28,13:16:12,800,26,2,824,PAY002237,Delivered,63
ORD002238,CUST02274,REST0018,PART0055,2026-04-21,20:30:19,649,91,126,614,PAY002238,Delivered,54
ORD002239,CUST02435,REST0162,PART0129,2026-06-25,12:44:01,1953,27,174,1806,PAY002239,Delivered,66
ORD002240,CUST00974,REST0025,PART0070,2026-01-04,03:30:45,1709,70,48,1731,PAY002240,Delivered,16
ORD002241,CUST01672,REST0236,PART0090,2026-05-14,03:38:47,1749,46,279,1516,PAY002241,Delivered,53
ORD002242,CUST01737,REST0278,PART0130,2026-03-22,19:30:46,1248,38,122,1164,PAY002242,Delivered,27
ORD002243,CUST00542,REST0229,PART0045,2025-09-29,21:26:52,304,51,70,285,PAY002243,Delivered,24
ORD002244,CUST00999,REST0126,PART0072,2026-03-01,23:05:15,1934,60,102,1892,PAY002244,Delayed,63
ORD002245,CUST00655,REST0077,PART0001,2026-05-25,04:04:26,355,89,39,405,PAY002245,Delivered,27
ORD002246,CUST01482,REST0121,PART0045,2026-03-19,19:47:32,1246,90,86,1250,PAY002246,Delivered,19
ORD002247,CUST00315,REST0199,PART0134,2026-03-11,20:32:19,1665,45,350,1360,PAY002247,Delivered,30
ORD002248,CUST00974,REST0276,PART0145,2026-05-05,15:57:48,605,73,2,676,PAY002248,Delivered,26
ORD002249,CUST00052,REST0239,PART0131,2026-01-09,10:23:29,652,68,153,567,PAY002249,Delivered,90
ORD002250,CUST01975,REST0095,PART0012,2025-07-16,10:24:24,1477,82,219,1340,PAY002250,Cancelled,20
ORD002251,CUST00409,REST0026,PART0122,2025-10-22,00:15:04,415,30,32,413,PAY002251,Delayed,16
ORD002252,CUST01102,REST0288,PART0094,2026-05-05,06:48:11,383,75,30,428,PAY002252,Delayed,18
ORD002253,CUST00427,REST0093,PART0056,2025-12-21,08:52:51,1866,97,328,1635,PAY002253,Delivered,73
ORD002254,CUST00452,REST0300,PART0021,2026-03-06,18:49:07,1233,67,41,1259,PAY002254,Delivered,48
ORD002255,CUST01722,REST0242,PART0037,2025-10-29,09:18:05,890,53,186,757,PAY002255,Delivered,65
ORD002256,CUST00471,REST0096,PART0117,2026-01-23,13:12:16,843,69,210,702,PAY002256,Delivered,69
ORD002257,CUST01828,REST0060,PART0129,2026-03-18,08:19:59,310,50,56,304,PAY002257,Delivered,79
ORD002258,CUST01744,REST0124,PART0150,2025-09-22,19:11:17,1686,38,433,1291,PAY002258,Delivered,60
ORD002259,CUST01646,REST0196,PART0113,2025-11-20,20:55:59,368,37,94,311,PAY002259,Delivered,84
ORD002260,CUST02026,REST0107,PART0118,2026-01-29,06:06:18,201,67,23,245,PAY002260,Delivered,27
ORD002261,CUST01174,REST0024,PART0043,2026-01-19,22:17:05,1265,87,244,1108,PAY002261,Cancelled,32
ORD002262,CUST01237,REST0153,PART0101,2026-01-31,22:29:07,1516,68,35,1549,PAY002262,Delivered,63
ORD002263,CUST00895,REST0001,PART0076,2025-11-03,10:35:12,1162,74,104,1132,PAY002263,Delivered,29
ORD002264,CUST00397,REST0153,PART0045,2026-03-23,20:14:02,1799,78,426,1451,PAY002264,Delivered,28
ORD002265,CUST00929,REST0058,PART0102,2025-11-09,14:36:49,530,57,130,457,PAY002265,Delivered,83
ORD002266,CUST01963,REST0014,PART0065,2025-10-26,20:18:48,574,73,67,580,PAY002266,Delivered,64
ORD002267,CUST02430,REST0262,PART0124,2026-06-18,01:15:00,922,88,198,812,PAY002267,Delivered,17
ORD002268,CUST00013,REST0015,PART0072,2026-02-07,22:09:45,922,90,118,894,PAY002268,Delivered,84
ORD002269,CUST00934,REST0206,PART0059,2025-10-20,22:50:42,1146,97,328,915,PAY002269,Cancelled,25
ORD002270,CUST00466,REST0086,PART0124,2025-11-25,17:28:06,520,38,152,406,PAY002270,Delivered,22
ORD002271,CUST01148,REST0033,PART0012,2025-10-31,03:39:55,825,96,57,864,PAY002271,Delivered,48
ORD002272,CUST00336,REST0279,PART0116,2026-04-05,11:44:32,922,38,48,912,PAY002272,Delivered,36
ORD002273,CUST01966,REST0064,PART0133,2026-02-19,05:09:16,1201,40,143,1098,PAY002273,Delayed,39
ORD002274,CUST01829,REST0299,PART0103,2026-01-27,14:40:20,329,88,14,403,PAY002274,Cancelled,21
ORD002275,CUST02133,REST0130,PART0148,2025-11-13,04:03:14,1536,77,269,1344,PAY002275,Delayed,76
ORD002276,CUST02459,REST0030,PART0081,2026-03-16,07:48:18,1341,98,229,1210,PAY002276,Delivered,35
ORD002277,CUST00453,REST0143,PART0140,2026-01-03,03:17:50,368,82,15,435,PAY002277,Delivered,67
ORD002278,CUST00389,REST0284,PART0137,2025-08-28,12:46:05,1005,65,264,806,PAY002278,Delivered,28
ORD002279,CUST00866,REST0161,PART0105,2026-05-06,01:55:44,1036,29,252,813,PAY002279,Delivered,46
ORD002280,CUST00689,REST0237,PART0094,2025-09-24,23:50:06,985,45,48,982,PAY002280,Cancelled,60
ORD002281,CUST01715,REST0157,PART0106,2026-01-21,14:22:15,1675,73,52,1696,PAY002281,Delayed,42
ORD002282,CUST00364,REST0294,PART0055,2025-07-18,18:32:14,1298,84,36,1346,PAY002282,Delayed,82
ORD002283,CUST00220,REST0201,PART0136,2025-11-17,05:01:18,1477,94,299,1272,PAY002283,Cancelled,36
ORD002284,CUST02047,REST0040,PART0110,2026-06-28,04:34:39,1713,46,13,1746,PAY002284,Delivered,78
ORD002285,CUST01594,REST0114,PART0050,2026-01-30,03:07:22,536,41,29,548,PAY002285,Delivered,68
ORD002286,CUST01926,REST0270,PART0085,2026-01-14,23:13:43,1793,50,78,1765,PAY002286,Delivered,49
ORD002287,CUST02467,REST0029,PART0063,2026-01-24,18:52:13,225,25,39,211,PAY002287,Delivered,75
ORD002288,CUST01212,REST0191,PART0133,2025-09-17,14:16:54,1381,65,383,1063,PAY002288,Delivered,57
ORD002289,CUST01725,REST0121,PART0141,2025-09-23,16:17:01,610,63,177,496,PAY002289,Delivered,30
ORD002290,CUST02473,REST0079,PART0038,2025-08-10,16:51:01,1136,55,111,1080,PAY002290,Cancelled,56
ORD002291,CUST02459,REST0095,PART0083,2026-05-07,13:35:09,1046,54,35,1065,PAY002291,Cancelled,86
ORD002292,CUST00736,REST0055,PART0047,2025-12-31,00:27:46,1854,83,431,1506,PAY002292,Delivered,39
ORD002293,CUST02221,REST0203,PART0060,2026-04-03,14:23:04,1811,24,124,1711,PAY002293,Delivered,88
ORD002294,CUST00401,REST0107,PART0143,2025-11-11,13:15:06,684,65,66,683,PAY002294,Cancelled,47
ORD002295,CUST00892,REST0027,PART0063,2025-08-21,23:13:45,342,60,49,353,PAY002295,Delivered,16
ORD002296,CUST01384,REST0024,PART0110,2026-07-10,14:10:10,1374,71,266,1179,PAY002296,Delivered,54
ORD002297,CUST01904,REST0070,PART0072,2026-06-16,00:29:34,1956,94,551,1499,PAY002297,Delayed,19
ORD002298,CUST00721,REST0056,PART0118,2026-01-04,08:41:59,1684,98,309,1473,PAY002298,Delivered,76
ORD002299,CUST01641,REST0261,PART0017,2025-11-26,05:29:12,823,31,107,747,PAY002299,Delivered,23
ORD002300,CUST00787,REST0220,PART0116,2026-03-20,23:17:31,591,99,120,570,PAY002300,Delivered,18
ORD002301,CUST01962,REST0116,PART0076,2026-04-09,00:42:47,1568,37,61,1544,PAY002301,Delivered,16
ORD002302,CUST00704,REST0088,PART0070,2026-02-10,09:48:55,775,36,166,645,PAY002302,Delivered,27
ORD002303,CUST01687,REST0126,PART0048,2026-05-31,16:35:06,1225,49,31,1243,PAY002303,Delivered,45
ORD002304,CUST00060,REST0049,PART0140,2025-09-25,04:15:58,790,59,230,619,PAY002304,Delivered,27
ORD002305,CUST01215,REST0284,PART0070,2025-09-29,10:13:58,744,54,43,755,PAY002305,Delivered,34
ORD002306,CUST01507,REST0004,PART0079,2026-05-14,16:39:27,472,55,62,465,PAY002306,Delivered,71
ORD002307,CUST02109,REST0219,PART0017,2025-08-27,11:03:30,868,31,60,839,PAY002307,Delivered,58
ORD002308,CUST02360,REST0146,PART0027,2026-05-08,12:05:38,711,21,156,576,PAY002308,Delivered,54
ORD002309,CUST00789,REST0240,PART0010,2025-10-14,06:21:02,869,44,33,880,PAY002309,Cancelled,55
ORD002310,CUST00229,REST0261,PART0046,2025-10-07,01:06:47,764,61,23,802,PAY002310,Delivered,64
ORD002311,CUST00818,REST0163,PART0099,2025-11-12,13:06:23,1516,29,13,1532,PAY002311,Delivered,55
ORD002312,CUST02368,REST0090,PART0010,2026-01-27,02:43:02,697,43,191,549,PAY002312,Delivered,37
ORD002313,CUST01773,REST0299,PART0109,2025-11-11,20:10:31,1133,68,195,1006,PAY002313,Cancelled,37
ORD002314,CUST02201,REST0197,PART0024,2025-11-17,12:33:21,860,49,118,791,PAY002314,Delivered,87
ORD002315,CUST02220,REST0099,PART0005,2026-05-09,21:20:56,340,28,80,288,PAY002315,Delivered,44
ORD002316,CUST00610,REST0151,PART0001,2026-02-07,05:28:25,409,55,83,381,PAY002316,Delivered,63
ORD002317,CUST00770,REST0139,PART0105,2026-01-15,11:59:30,1529,42,262,1309,PAY002317,Delivered,39
ORD002318,CUST02207,REST0118,PART0061,2025-08-25,05:02:56,1800,58,529,1329,PAY002318,Delivered,47
ORD002319,CUST02158,REST0196,PART0112,2026-04-08,04:05:24,1117,67,52,1132,PAY002319,Cancelled,47
ORD002320,CUST00720,REST0146,PART0064,2025-11-09,18:34:01,1040,66,147,959,PAY002320,Delivered,86
ORD002321,CUST02272,REST0169,PART0088,2026-07-11,11:11:54,935,99,68,966,PAY002321,Delivered,17
ORD002322,CUST00089,REST0296,PART0089,2026-03-09,22:59:32,700,46,87,659,PAY002322,Delivered,35
ORD002323,CUST01529,REST0140,PART0123,2025-10-05,21:51:17,1447,86,413,1120,PAY002323,Delivered,16
ORD002324,CUST01729,REST0146,PART0084,2026-02-22,23:58:34,1315,74,309,1080,PAY002324,Delayed,41
ORD002325,CUST01659,REST0169,PART0012,2026-04-03,04:14:05,1380,32,240,1172,PAY002325,Delayed,48
ORD002326,CUST00825,REST0003,PART0010,2025-09-14,06:44:47,405,90,66,429,PAY002326,Delivered,90
ORD002327,CUST02255,REST0261,PART0117,2025-11-18,23:30:16,846,55,34,867,PAY002327,Delivered,42
ORD002328,CUST01647,REST0194,PART0133,2025-09-14,23:25:52,733,98,165,666,PAY002328,Delivered,70
ORD002329,CUST02374,REST0133,PART0117,2025-09-28,18:28:02,1071,95,275,891,PAY002329,Delivered,17
ORD002330,CUST00092,REST0222,PART0150,2026-05-09,21:07:59,1585,33,234,1384,PAY002330,Delivered,21
ORD002331,CUST00337,REST0042,PART0007,2025-12-17,03:00:58,1883,53,450,1486,PAY002331,Delivered,42
ORD002332,CUST01380,REST0201,PART0123,2026-05-17,10:04:57,683,77,26,734,PAY002332,Delivered,60
ORD002333,CUST01388,REST0040,PART0139,2025-09-20,22:52:20,1035,61,0,1096,PAY002333,Delivered,79
ORD002334,CUST02013,REST0150,PART0067,2026-06-12,06:20:15,190,32,24,198,PAY002334,Delivered,87
ORD002335,CUST01508,REST0223,PART0148,2025-09-15,13:55:44,568,56,53,571,PAY002335,Delivered,81
ORD002336,CUST00069,REST0172,PART0105,2026-03-10,04:33:09,188,55,20,223,PAY002336,Delivered,67
ORD002337,CUST01406,REST0160,PART0012,2026-03-30,13:35:07,1769,49,496,1322,PAY002337,Delivered,32
ORD002338,CUST01781,REST0037,PART0121,2025-09-15,06:22:28,1995,42,574,1463,PAY002338,Delivered,83
ORD002339,CUST00510,REST0154,PART0009,2025-11-19,17:21:40,493,62,114,441,PAY002339,Delivered,31
ORD002340,CUST01326,REST0252,PART0110,2026-02-01,19:36:24,264,50,68,246,PAY002340,Delivered,37
ORD002341,CUST00293,REST0211,PART0064,2026-01-16,05:41:48,1941,58,526,1473,PAY002341,Delayed,81
ORD002342,CUST01668,REST0287,PART0014,2026-03-27,00:45:57,1323,51,388,986,PAY002342,Cancelled,64
ORD002343,CUST00078,REST0044,PART0006,2026-03-04,09:44:03,1198,64,113,1149,PAY002343,Cancelled,25
ORD002344,CUST02463,REST0171,PART0022,2026-05-18,13:27:43,1274,93,193,1174,PAY002344,Delivered,41
ORD002345,CUST00604,REST0251,PART0118,2025-12-25,03:40:01,1704,57,377,1384,PAY002345,Delivered,59
ORD002346,CUST00886,REST0199,PART0084,2026-05-15,01:38:04,920,80,24,976,PAY002346,Delivered,68
ORD002347,CUST00884,REST0130,PART0078,2026-04-24,08:58:01,255,44,54,245,PAY002347,Delivered,51
ORD002348,CUST01651,REST0261,PART0097,2025-10-28,20:37:30,1437,96,132,1401,PAY002348,Delivered,46
ORD002349,CUST00617,REST0101,PART0057,2025-10-13,01:39:01,364,88,9,443,PAY002349,Cancelled,62
ORD002350,CUST00196,REST0230,PART0057,2026-07-13,12:31:26,331,81,91,321,PAY002350,Cancelled,30
ORD002351,CUST01891,REST0220,PART0045,2025-10-26,07:46:55,723,65,118,670,PAY002351,Cancelled,67
ORD002352,CUST02205,REST0161,PART0011,2026-01-15,12:58:47,651,70,113,608,PAY002352,Delivered,80
ORD002353,CUST02032,REST0136,PART0127,2026-07-14,02:22:42,1996,90,500,1586,PAY002353,Delivered,62
ORD002354,CUST00981,REST0147,PART0129,2026-06-13,18:30:15,708,56,166,598,PAY002354,Delivered,57
ORD002355,CUST01828,REST0236,PART0065,2026-06-05,07:19:38,1353,65,97,1321,PAY002355,Delivered,18
ORD002356,CUST01720,REST0286,PART0122,2025-11-11,03:43:04,1125,69,238,956,PAY002356,Delivered,51
ORD002357,CUST01967,REST0216,PART0120,2025-12-07,05:48:56,693,39,5,727,PAY002357,Delivered,60
ORD002358,CUST01437,REST0103,PART0077,2025-09-10,13:09:51,781,96,113,764,PAY002358,Delivered,26
ORD002359,CUST00851,REST0107,PART0016,2025-11-12,04:05:04,799,80,196,683,PAY002359,Cancelled,90
ORD002360,CUST01138,REST0018,PART0105,2025-11-22,20:18:28,1467,25,292,1200,PAY002360,Delayed,62
ORD002361,CUST00992,REST0149,PART0068,2026-04-24,11:13:00,881,84,76,889,PAY002361,Delivered,58
ORD002362,CUST01732,REST0188,PART0063,2025-11-30,16:41:30,1225,62,335,952,PAY002362,Delivered,58
ORD002363,CUST01761,REST0017,PART0004,2026-06-03,06:47:15,560,36,105,491,PAY002363,Delivered,19
ORD002364,CUST00323,REST0036,PART0016,2026-05-01,15:41:21,1105,23,292,836,PAY002364,Delivered,46
ORD002365,CUST00319,REST0041,PART0129,2025-11-15,17:02:08,1347,66,215,1198,PAY002365,Delivered,87
ORD002366,CUST01288,REST0042,PART0023,2026-01-06,21:22:23,1656,71,426,1301,PAY002366,Delivered,85
ORD002367,CUST00881,REST0230,PART0071,2025-11-12,20:43:02,1548,60,257,1351,PAY002367,Delivered,66
ORD002368,CUST01927,REST0230,PART0109,2025-12-28,09:51:20,306,59,39,326,PAY002368,Delivered,26
ORD002369,CUST01995,REST0001,PART0072,2026-02-20,00:00:06,1466,72,261,1277,PAY002369,Delivered,74
ORD002370,CUST02243,REST0076,PART0005,2025-12-16,01:52:16,992,71,196,867,PAY002370,Delivered,62
ORD002371,CUST02460,REST0192,PART0005,2026-05-08,10:37:36,905,71,175,801,PAY002371,Delivered,82
ORD002372,CUST00954,REST0119,PART0001,2025-12-25,05:39:57,288,55,21,322,PAY002372,Delivered,38
ORD002373,CUST01732,REST0147,PART0005,2025-07-18,10:39:49,1592,43,254,1381,PAY002373,Delivered,55
ORD002374,CUST02192,REST0217,PART0045,2026-05-08,06:13:22,1866,81,247,1700,PAY002374,Delivered,34
ORD002375,CUST00276,REST0111,PART0023,2026-07-16,07:06:31,668,27,90,605,PAY002375,Delivered,83
ORD002376,CUST01985,REST0158,PART0116,2025-12-20,04:06:03,920,24,157,787,PAY002376,Delivered,46
ORD002377,CUST01038,REST0233,PART0129,2025-08-06,17:17:40,1280,95,46,1329,PAY002377,Delivered,58
ORD002378,CUST01239,REST0066,PART0001,2025-12-21,23:58:12,684,78,76,686,PAY002378,Delivered,39
ORD002379,CUST00423,REST0009,PART0043,2025-11-30,13:41:39,1390,53,144,1299,PAY002379,Delivered,43
ORD002380,CUST00337,REST0276,PART0105,2026-03-24,01:00:58,1134,48,182,1000,PAY002380,Delivered,67
ORD002381,CUST01239,REST0049,PART0053,2026-05-25,00:23:29,1925,83,490,1518,PAY002381,Delivered,26
ORD002382,CUST00770,REST0005,PART0037,2025-09-08,14:02:12,900,29,258,671,PAY002382,Delivered,60
ORD002383,CUST01714,REST0163,PART0137,2026-01-09,16:18:45,915,45,136,824,PAY002383,Delivered,25
ORD002384,CUST02204,REST0187,PART0043,2026-05-10,03:12:11,580,99,134,545,PAY002384,Delivered,30
ORD002385,CUST01408,REST0030,PART0148,2025-10-30,17:35:21,1277,97,167,1207,PAY002385,Cancelled,81
ORD002386,CUST01353,REST0185,PART0133,2025-07-23,19:21:18,499,90,96,493,PAY002386,Delivered,29
ORD002387,CUST00729,REST0111,PART0138,2026-05-30,03:04:23,1093,64,317,840,PAY002387,Delivered,41
ORD002388,CUST02182,REST0293,PART0024,2026-04-15,18:42:23,1353,48,159,1242,PAY002388,Delivered,85
ORD002389,CUST02183,REST0034,PART0067,2025-10-02,18:33:16,1649,27,100,1576,PAY002389,Delayed,64
ORD002390,CUST02486,REST0089,PART0080,2025-10-05,06:10:08,680,36,180,536,PAY002390,Delivered,35
ORD002391,CUST01516,REST0295,PART0119,2026-03-30,08:35:17,1561,97,448,1210,PAY002391,Delivered,45
ORD002392,CUST00711,REST0033,PART0132,2026-04-20,13:39:56,1871,95,104,1862,PAY002392,Delivered,55
ORD002393,CUST00372,REST0045,PART0076,2025-10-23,15:13:34,1117,44,151,1010,PAY002393,Delivered,66
ORD002394,CUST01362,REST0183,PART0093,2025-11-07,17:29:53,552,51,21,582,PAY002394,Delivered,40
ORD002395,CUST00160,REST0098,PART0016,2026-06-04,13:44:11,278,61,28,311,PAY002395,Delivered,54
ORD002396,CUST02183,REST0046,PART0026,2025-12-08,06:49:58,171,77,28,220,PAY002396,Delivered,21
ORD002397,CUST02249,REST0156,PART0081,2025-07-25,10:29:46,1968,72,369,1671,PAY002397,Delivered,55
ORD002398,CUST01252,REST0167,PART0078,2025-11-18,05:36:43,983,75,121,937,PAY002398,Cancelled,30
ORD002399,CUST01666,REST0137,PART0088,2025-12-29,06:21:55,1360,32,72,1320,PAY002399,Delivered,34
ORD002400,CUST00422,REST0012,PART0108,2026-05-19,09:42:01,1003,59,42,1020,PAY002400,Delivered,28
ORD002401,CUST00383,REST0009,PART0016,2025-12-11,18:04:38,1462,68,353,1177,PAY002401,Delayed,82
ORD002402,CUST00506,REST0208,PART0138,2025-11-19,17:23:50,477,52,34,495,PAY002402,Delivered,33
ORD002403,CUST00623,REST0043,PART0128,2026-02-17,23:21:51,1838,84,128,1794,PAY002403,Delivered,60
ORD002404,CUST01563,REST0075,PART0008,2026-02-18,17:06:42,499,68,145,422,PAY002404,Delivered,82
ORD002405,CUST02347,REST0045,PART0001,2026-04-29,05:55:45,1443,54,254,1243,PAY002405,Delayed,16
ORD002406,CUST01441,REST0253,PART0034,2025-10-01,16:49:14,1314,49,71,1292,PAY002406,Delivered,31
ORD002407,CUST00825,REST0081,PART0038,2026-05-21,22:47:38,1434,78,25,1487,PAY002407,Cancelled,18
ORD002408,CUST02021,REST0066,PART0066,2025-10-07,17:32:57,1881,54,347,1588,PAY002408,Delivered,39
ORD002409,CUST02499,REST0180,PART0023,2026-03-13,01:49:46,1098,35,74,1059,PAY002409,Cancelled,52
ORD002410,CUST02097,REST0012,PART0038,2026-01-27,13:33:51,1995,25,339,1681,PAY002410,Delivered,81
ORD002411,CUST01180,REST0283,PART0008,2026-01-03,03:51:02,182,68,2,248,PAY002411,Delivered,37
ORD002412,CUST01469,REST0154,PART0123,2026-06-13,20:03:02,686,21,107,600,PAY002412,Delivered,48
ORD002413,CUST00171,REST0297,PART0006,2025-10-30,15:18:44,1797,71,349,1519,PAY002413,Delivered,47
ORD002414,CUST02394,REST0259,PART0085,2025-08-26,17:33:44,1449,84,373,1160,PAY002414,Delivered,70
ORD002415,CUST00145,REST0049,PART0100,2025-08-14,03:30:03,1558,53,104,1507,PAY002415,Delivered,57
ORD002416,CUST02109,REST0287,PART0126,2025-10-18,16:00:02,1033,37,112,958,PAY002416,Delayed,82
ORD002417,CUST01424,REST0218,PART0061,2025-09-16,12:59:44,1195,76,195,1076,PAY002417,Delayed,24
ORD002418,CUST00525,REST0071,PART0006,2025-11-19,15:30:49,947,26,213,760,PAY002418,Delivered,26
ORD002419,CUST00038,REST0144,PART0124,2026-04-22,23:14:03,1787,44,391,1440,PAY002419,Delivered,90
ORD002420,CUST00327,REST0296,PART0004,2026-01-18,12:45:31,1512,77,451,1138,PAY002420,Delivered,42
ORD002421,CUST00497,REST0132,PART0134,2026-04-22,08:27:34,184,46,21,209,PAY002421,Delivered,90
ORD002422,CUST00691,REST0292,PART0075,2026-03-03,12:23:44,1644,51,286,1409,PAY002422,Delivered,54
ORD002423,CUST01883,REST0289,PART0013,2026-01-14,17:18:50,1356,35,132,1259,PAY002423,Delivered,61
ORD002424,CUST02298,REST0123,PART0092,2025-08-03,02:32:33,780,76,32,824,PAY002424,Delivered,26
ORD002425,CUST00231,REST0289,PART0085,2026-05-15,15:21:50,1121,47,327,841,PAY002425,Delivered,43
ORD002426,CUST00033,REST0285,PART0066,2026-03-29,08:00:55,1496,70,252,1314,PAY002426,Delivered,80
ORD002427,CUST01696,REST0170,PART0098,2025-12-14,17:26:33,977,100,270,807,PAY002427,Delivered,34
ORD002428,CUST02191,REST0096,PART0041,2026-04-09,08:33:41,1974,41,376,1639,PAY002428,Delayed,82
ORD002429,CUST00007,REST0057,PART0135,2026-07-04,05:14:09,1618,88,461,1245,PAY002429,Delivered,42
ORD002430,CUST00171,REST0224,PART0131,2026-04-16,14:44:36,652,67,53,666,PAY002430,Cancelled,80
ORD002431,CUST01731,REST0249,PART0105,2026-01-21,09:20:46,1246,58,348,956,PAY002431,Delivered,78
ORD002432,CUST01141,REST0166,PART0142,2025-10-21,06:31:35,187,98,25,260,PAY002432,Delivered,43
ORD002433,CUST01334,REST0295,PART0122,2025-11-02,00:54:37,700,55,147,608,PAY002433,Delivered,57
ORD002434,CUST00822,REST0042,PART0123,2026-03-08,20:41:27,312,49,45,316,PAY002434,Delivered,56
ORD002435,CUST00650,REST0258,PART0126,2026-02-28,20:46:25,1550,62,307,1305,PAY002435,Delivered,50
ORD002436,CUST00357,REST0033,PART0075,2025-12-08,21:13:19,1601,78,141,1538,PAY002436,Cancelled,82
ORD002437,CUST00493,REST0061,PART0127,2025-08-08,06:39:53,1027,76,165,938,PAY002437,Delivered,69
ORD002438,CUST01665,REST0183,PART0082,2025-08-24,15:16:49,835,48,68,815,PAY002438,Cancelled,24
ORD002439,CUST01652,REST0226,PART0136,2025-08-07,00:49:03,786,34,156,664,PAY002439,Delivered,69
ORD002440,CUST00205,REST0290,PART0053,2026-03-21,15:33:47,1629,21,467,1183,PAY002440,Delivered,59
ORD002441,CUST00452,REST0203,PART0050,2025-11-26,07:54:44,1825,43,62,1806,PAY002441,Delivered,19
ORD002442,CUST01948,REST0080,PART0045,2025-10-31,10:43:45,1703,61,294,1470,PAY002442,Delivered,50
ORD002443,CUST02218,REST0111,PART0079,2026-02-10,03:20:36,408,87,35,460,PAY002443,Delivered,36
ORD002444,CUST02326,REST0267,PART0066,2025-12-06,17:18:16,931,72,24,979,PAY002444,Delivered,70
ORD002445,CUST01125,REST0005,PART0053,2026-01-02,09:24:25,319,84,4,399,PAY002445,Cancelled,40
ORD002446,CUST00898,REST0225,PART0062,2026-07-09,22:25:28,160,29,21,168,PAY002446,Delivered,62
ORD002447,CUST00428,REST0178,PART0084,2025-11-03,15:03:26,967,71,248,790,PAY002447,Delivered,48
ORD002448,CUST01004,REST0300,PART0040,2025-08-28,08:40:26,1003,22,176,849,PAY002448,Delivered,65
ORD002449,CUST01095,REST0207,PART0036,2026-01-15,11:40:03,1409,75,248,1236,PAY002449,Delayed,78
ORD002450,CUST00845,REST0203,PART0077,2025-09-06,09:24:58,248,100,42,306,PAY002450,Cancelled,88
ORD002451,CUST02174,REST0179,PART0105,2026-06-23,07:54:23,1377,39,363,1053,PAY002451,Delivered,71
ORD002452,CUST00175,REST0088,PART0022,2026-05-03,10:40:43,1794,84,373,1505,PAY002452,Delivered,60
ORD002453,CUST01008,REST0011,PART0128,2025-08-13,23:25:01,1629,47,285,1391,PAY002453,Delivered,73
ORD002454,CUST00569,REST0046,PART0041,2025-11-19,06:46:31,1941,60,562,1439,PAY002454,Delivered,64
ORD002455,CUST02488,REST0190,PART0102,2026-05-13,07:34:46,1003,53,111,945,PAY002455,Delivered,76
ORD002456,CUST01620,REST0002,PART0115,2026-04-26,16:42:41,696,56,191,561,PAY002456,Cancelled,86
ORD002457,CUST02305,REST0292,PART0026,2025-12-23,22:28:35,1850,63,84,1829,PAY002457,Delivered,79
ORD002458,CUST01517,REST0036,PART0040,2026-06-01,08:55:28,1084,81,191,974,PAY002458,Cancelled,88
ORD002459,CUST00677,REST0174,PART0053,2025-09-13,04:24:53,346,59,77,328,PAY002459,Delivered,27
ORD002460,CUST00729,REST0267,PART0063,2026-06-20,15:36:07,714,99,138,675,PAY002460,Delivered,81
ORD002461,CUST01115,REST0226,PART0114,2025-09-12,15:48:14,1507,93,243,1357,PAY002461,Delivered,70
ORD002462,CUST01972,REST0010,PART0093,2026-03-02,07:12:14,926,60,18,968,PAY002462,Cancelled,56
ORD002463,CUST01254,REST0114,PART0111,2025-11-09,07:19:41,689,46,163,572,PAY002463,Cancelled,83
ORD002464,CUST02309,REST0090,PART0037,2026-02-24,04:40:51,358,63,52,369,PAY002464,Delivered,15
ORD002465,CUST01995,REST0208,PART0062,2025-10-01,21:52:26,694,98,13,779,PAY002465,Cancelled,53
ORD002466,CUST01900,REST0239,PART0032,2026-02-19,10:29:11,581,66,151,496,PAY002466,Delivered,21
ORD002467,CUST01034,REST0237,PART0117,2025-08-19,10:03:34,374,35,42,367,PAY002467,Delivered,44
ORD002468,CUST00294,REST0135,PART0138,2026-01-02,10:40:56,1408,53,123,1338,PAY002468,Delivered,76
ORD002469,CUST01919,REST0257,PART0087,2025-10-19,11:28:12,504,65,93,476,PAY002469,Delivered,66
ORD002470,CUST01108,REST0250,PART0080,2025-11-20,13:30:06,362,48,43,367,PAY002470,Delivered,27
ORD002471,CUST01533,REST0240,PART0055,2026-02-23,16:03:07,1243,62,332,973,PAY002471,Delivered,55
ORD002472,CUST01503,REST0191,PART0090,2026-02-13,12:20:05,636,38,137,537,PAY002472,Delivered,85
ORD002473,CUST01991,REST0155,PART0125,2026-05-08,11:29:00,1858,94,352,1600,PAY002473,Delayed,61
ORD002474,CUST00182,REST0080,PART0136,2026-03-29,19:52:35,350,72,51,371,PAY002474,Delivered,48
ORD002475,CUST00687,REST0123,PART0055,2025-10-25,11:52:13,1740,44,420,1364,PAY002475,Delivered,53
ORD002476,CUST01905,REST0053,PART0065,2026-02-17,10:22:25,153,58,1,210,PAY002476,Delivered,66
ORD002477,CUST02019,REST0251,PART0063,2026-02-07,11:19:36,1060,32,130,962,PAY002477,Delivered,52
ORD002478,CUST01309,REST0293,PART0088,2026-05-29,15:40:23,1288,64,365,987,PAY002478,Delivered,20
ORD002479,CUST01161,REST0191,PART0104,2025-11-06,10:01:02,1609,47,255,1401,PAY002479,Delivered,19
ORD002480,CUST02493,REST0199,PART0026,2026-04-10,01:03:05,1095,23,97,1021,PAY002480,Delivered,17
ORD002481,CUST00128,REST0021,PART0027,2025-07-24,17:27:56,1092,64,315,841,PAY002481,Delivered,71
ORD002482,CUST02354,REST0018,PART0126,2025-09-08,19:02:40,934,78,138,874,PAY002482,Delivered,84
ORD002483,CUST02167,REST0161,PART0081,2026-05-12,02:17:31,1585,96,91,1590,PAY002483,Delivered,27
ORD002484,CUST01496,REST0297,PART0061,2026-05-11,05:50:05,1591,39,56,1574,PAY002484,Delivered,85
ORD002485,CUST01024,REST0181,PART0051,2025-08-11,15:38:03,1018,76,205,889,PAY002485,Delivered,69
ORD002486,CUST01459,REST0270,PART0105,2026-06-19,09:32:24,641,67,172,536,PAY002486,Cancelled,20
ORD002487,CUST02188,REST0276,PART0055,2026-05-17,10:55:02,1080,36,68,1048,PAY002487,Delivered,49
ORD002488,CUST00437,REST0100,PART0002,2026-04-13,19:17:11,587,49,88,548,PAY002488,Delivered,24
ORD002489,CUST01918,REST0159,PART0043,2026-04-18,12:32:44,538,26,154,410,PAY002489,Delivered,78
ORD002490,CUST01660,REST0116,PART0081,2026-04-29,06:18:50,1408,49,221,1236,PAY002490,Delivered,76
ORD002491,CUST01098,REST0267,PART0006,2025-11-15,04:07:21,997,76,32,1041,PAY002491,Delayed,40
ORD002492,CUST00936,REST0187,PART0112,2026-06-12,16:22:01,1510,26,233,1303,PAY002492,Delayed,61
ORD002493,CUST00104,REST0263,PART0045,2025-12-03,12:41:45,1816,39,399,1456,PAY002493,Delivered,58
ORD002494,CUST01929,REST0136,PART0018,2026-07-02,17:58:04,1520,73,121,1472,PAY002494,Delivered,33
ORD002495,CUST01758,REST0299,PART0027,2026-05-12,07:54:20,1919,86,399,1606,PAY002495,Delivered,26
ORD002496,CUST00681,REST0039,PART0068,2026-01-05,09:19:31,1526,36,100,1462,PAY002496,Cancelled,36
ORD002497,CUST00444,REST0300,PART0126,2026-05-02,10:52:58,1798,68,84,1782,PAY002497,Delivered,84
ORD002498,CUST01254,REST0202,PART0082,2026-06-24,18:43:25,1800,38,341,1497,PAY002498,Delivered,72
ORD002499,CUST01547,REST0191,PART0055,2025-10-07,15:59:33,1438,100,139,1399,PAY002499,Delivered,38
ORD002500,CUST01174,REST0040,PART0029,2025-09-25,18:06:05,1555,60,143,1472,PAY002500,Delivered,81
ORD002501,CUST00350,REST0110,PART0098,2025-11-18,00:13:07,1782,88,350,1520,PAY002501,Delivered,72
ORD002502,CUST01385,REST0074,PART0015,2026-01-14,02:54:37,1196,22,351,867,PAY002502,Delivered,41
ORD002503,CUST02430,REST0111,PART0114,2025-10-12,15:56:40,1840,89,102,1827,PAY002503,Delivered,69
ORD002504,CUST01145,REST0255,PART0021,2026-01-11,04:47:37,766,32,137,661,PAY002504,Delivered,48
ORD002505,CUST00115,REST0039,PART0067,2025-12-03,21:46:33,1523,37,84,1476,PAY002505,Delivered,81
ORD002506,CUST01094,REST0031,PART0025,2025-11-22,13:41:22,556,51,82,525,PAY002506,Delivered,29
ORD002507,CUST00849,REST0200,PART0003,2025-10-01,12:28:05,1057,41,277,821,PAY002507,Delivered,40
ORD002508,CUST01193,REST0240,PART0124,2026-04-05,10:07:22,1190,81,202,1069,PAY002508,Delivered,20
ORD002509,CUST01980,REST0223,PART0028,2026-04-15,16:06:34,171,73,42,202,PAY002509,Delivered,84
ORD002510,CUST00592,REST0192,PART0001,2025-10-24,20:05:15,1738,79,386,1431,PAY002510,Cancelled,76
ORD002511,CUST01705,REST0095,PART0025,2025-10-23,09:53:56,1561,28,325,1264,PAY002511,Cancelled,78
ORD002512,CUST02115,REST0203,PART0144,2026-03-07,15:54:32,727,89,134,682,PAY002512,Delivered,21
ORD002513,CUST02353,REST0114,PART0012,2026-05-02,14:23:51,360,84,49,395,PAY002513,Delivered,43
ORD002514,CUST01641,REST0132,PART0110,2026-07-13,11:00:40,942,58,168,832,PAY002514,Delivered,74
ORD002515,CUST00342,REST0206,PART0010,2025-07-25,05:27:23,373,95,78,390,PAY002515,Delivered,56
ORD002516,CUST01025,REST0292,PART0009,2025-09-08,17:12:09,1397,22,198,1221,PAY002516,Delivered,87
ORD002517,CUST01223,REST0067,PART0087,2025-08-31,12:43:38,1471,21,117,1375,PAY002517,Cancelled,29
ORD002518,CUST01531,REST0287,PART0147,2026-03-22,15:54:17,402,90,8,484,PAY002518,Delivered,27
ORD002519,CUST02374,REST0201,PART0119,2025-12-22,18:31:45,963,89,72,980,PAY002519,Delivered,16
ORD002520,CUST01361,REST0127,PART0018,2025-12-29,04:48:17,717,42,30,729,PAY002520,Delivered,46
ORD002521,CUST01397,REST0088,PART0103,2025-12-17,03:39:00,1642,37,399,1280,PAY002521,Cancelled,15
ORD002522,CUST00103,REST0282,PART0131,2026-05-25,06:51:37,381,74,73,382,PAY002522,Delivered,73
ORD002523,CUST00043,REST0073,PART0060,2026-01-21,02:58:21,1773,55,526,1302,PAY002523,Delivered,40
ORD002524,CUST01221,REST0099,PART0022,2026-05-22,04:35:42,1266,49,257,1058,PAY002524,Delivered,15
ORD002525,CUST01337,REST0044,PART0123,2025-08-03,21:28:26,891,77,122,846,PAY002525,Delivered,54
ORD002526,CUST00892,REST0177,PART0032,2026-06-04,05:33:34,669,68,146,591,PAY002526,Delivered,18
ORD002527,CUST00193,REST0046,PART0039,2026-02-06,10:48:45,1654,30,155,1529,PAY002527,Delivered,84
ORD002528,CUST01354,REST0189,PART0132,2025-08-08,15:42:05,537,31,146,422,PAY002528,Cancelled,89
ORD002529,CUST01389,REST0233,PART0026,2026-07-05,19:24:10,1334,21,112,1243,PAY002529,Delayed,78
ORD002530,CUST00110,REST0099,PART0009,2026-01-31,04:25:00,316,82,89,309,PAY002530,Delivered,59
ORD002531,CUST02348,REST0156,PART0019,2025-12-08,06:49:31,1174,77,29,1222,PAY002531,Delayed,31
ORD002532,CUST01352,REST0048,PART0101,2025-07-22,12:47:55,1580,68,2,1646,PAY002532,Delivered,47
ORD002533,CUST00856,REST0123,PART0115,2026-02-20,22:38:02,1807,49,328,1528,PAY002533,Delivered,64
ORD002534,CUST02283,REST0233,PART0104,2026-01-02,00:51:20,680,34,193,521,PAY002534,Delivered,73
ORD002535,CUST00039,REST0199,PART0072,2025-07-28,16:50:11,1922,75,62,1935,PAY002535,Delivered,43
ORD002536,CUST01864,REST0120,PART0021,2026-01-28,01:23:03,814,95,204,705,PAY002536,Delivered,75
ORD002537,CUST00726,REST0136,PART0149,2026-06-20,07:29:44,241,49,28,262,PAY002537,Delivered,68
ORD002538,CUST01082,REST0175,PART0030,2026-05-22,06:17:04,832,83,229,686,PAY002538,Delivered,15
ORD002539,CUST00177,REST0156,PART0113,2025-11-20,06:18:19,1261,55,273,1043,PAY002539,Delayed,42
ORD002540,CUST01586,REST0011,PART0088,2026-05-19,02:24:26,1258,31,176,1113,PAY002540,Cancelled,52
ORD002541,CUST02391,REST0185,PART0149,2026-02-10,11:51:34,255,78,76,257,PAY002541,Delivered,53
ORD002542,CUST00441,REST0027,PART0124,2026-01-23,07:39:09,996,35,53,978,PAY002542,Delivered,88
ORD002543,CUST01483,REST0149,PART0090,2025-11-03,00:14:51,953,59,230,782,PAY002543,Delivered,68
ORD002544,CUST02316,REST0234,PART0039,2026-02-24,11:27:37,1094,39,262,871,PAY002544,Delayed,36
ORD002545,CUST01213,REST0260,PART0087,2025-11-22,20:35:28,1549,93,107,1535,PAY002545,Cancelled,49
ORD002546,CUST02079,REST0133,PART0098,2026-03-19,14:35:05,1337,21,311,1047,PAY002546,Delivered,82
ORD002547,CUST01778,REST0195,PART0047,2025-08-11,07:17:51,1668,73,5,1736,PAY002547,Delivered,67
ORD002548,CUST01679,REST0281,PART0122,2026-04-27,11:12:40,597,86,33,650,PAY002548,Delivered,19
ORD002549,CUST01869,REST0225,PART0096,2025-08-14,13:59:34,1721,76,451,1346,PAY002549,Delivered,74
ORD002550,CUST02315,REST0209,PART0037,2026-02-20,18:49:59,1700,46,291,1455,PAY002550,Delivered,63
ORD002551,CUST00753,REST0228,PART0018,2025-08-21,00:37:54,1167,79,301,945,PAY002551,Delivered,25
ORD002552,CUST00505,REST0067,PART0142,2026-02-18,01:26:16,1046,50,183,913,PAY002552,Delivered,68
ORD002553,CUST02211,REST0086,PART0074,2026-05-15,09:24:05,533,24,104,453,PAY002553,Delivered,40
ORD002554,CUST00991,REST0027,PART0037,2025-08-28,20:49:45,624,44,175,493,PAY002554,Delivered,42
ORD002555,CUST01147,REST0195,PART0006,2026-02-07,18:10:37,1357,49,129,1277,PAY002555,Delivered,66
ORD002556,CUST00929,REST0002,PART0103,2025-09-15,16:32:44,1859,68,264,1663,PAY002556,Delivered,59
ORD002557,CUST02203,REST0201,PART0083,2026-05-22,09:11:57,540,63,112,491,PAY002557,Delayed,32
ORD002558,CUST02072,REST0176,PART0063,2026-01-31,15:57:43,775,31,34,772,PAY002558,Delivered,76
ORD002559,CUST01040,REST0272,PART0143,2026-06-09,21:52:24,217,68,33,252,PAY002559,Delivered,58
ORD002560,CUST01006,REST0055,PART0030,2026-06-11,22:12:58,1238,81,174,1145,PAY002560,Delivered,89
ORD002561,CUST00683,REST0186,PART0090,2025-08-19,07:29:49,1754,21,262,1513,PAY002561,Delivered,54
ORD002562,CUST01015,REST0228,PART0106,2026-02-24,03:09:46,1234,20,165,1089,PAY002562,Delivered,53
ORD002563,CUST01965,REST0286,PART0109,2026-07-09,12:05:09,897,62,15,944,PAY002563,Delivered,85
ORD002564,CUST01626,REST0015,PART0047,2026-01-14,04:01:57,1455,77,278,1254,PAY002564,Delivered,20
ORD002565,CUST00533,REST0087,PART0032,2026-03-10,03:41:50,1628,95,486,1237,PAY002565,Delayed,46
ORD002566,CUST01336,REST0287,PART0103,2026-03-25,17:51:10,1134,24,47,1111,PAY002566,Cancelled,68
ORD002567,CUST02212,REST0242,PART0145,2025-09-28,08:59:31,1738,93,134,1697,PAY002567,Delivered,82
ORD002568,CUST00832,REST0040,PART0065,2026-05-04,06:04:35,476,86,127,435,PAY002568,Delivered,35
ORD002569,CUST00712,REST0296,PART0029,2025-08-13,14:58:48,1312,66,209,1169,PAY002569,Delivered,75
ORD002570,CUST00471,REST0219,PART0003,2026-05-10,03:49:28,953,59,153,859,PAY002570,Delivered,45
ORD002571,CUST01930,REST0003,PART0005,2026-04-07,20:41:50,1706,43,6,1743,PAY002571,Delivered,56
ORD002572,CUST02159,REST0250,PART0080,2025-12-30,14:30:23,1586,25,91,1520,PAY002572,Delivered,58
ORD002573,CUST00653,REST0002,PART0022,2026-05-29,19:49:41,457,22,37,442,PAY002573,Delivered,77
ORD002574,CUST00274,REST0204,PART0071,2025-10-31,18:21:35,759,66,69,756,PAY002574,Delivered,82
ORD002575,CUST00280,REST0029,PART0069,2026-01-13,02:34:18,1418,37,337,1118,PAY002575,Delivered,66
ORD002576,CUST00074,REST0051,PART0092,2026-01-07,12:06:23,419,79,40,458,PAY002576,Delivered,36
ORD002577,CUST01036,REST0142,PART0044,2026-06-26,15:11:19,1544,93,229,1408,PAY002577,Delivered,21
ORD002578,CUST01972,REST0274,PART0088,2026-06-23,05:01:30,1927,70,56,1941,PAY002578,Cancelled,52
ORD002579,CUST02080,REST0253,PART0037,2026-04-29,05:10:48,177,93,23,247,PAY002579,Delivered,45
ORD002580,CUST00043,REST0219,PART0013,2025-09-13,08:26:53,592,70,136,526,PAY002580,Cancelled,26
ORD002581,CUST00939,REST0069,PART0103,2026-03-25,20:21:59,1062,96,78,1080,PAY002581,Delivered,77
ORD002582,CUST02049,REST0052,PART0118,2025-11-21,13:37:03,698,88,87,699,PAY002582,Delivered,15
ORD002583,CUST02317,REST0222,PART0128,2025-08-13,14:26:29,897,25,54,868,PAY002583,Delivered,76
ORD002584,CUST01436,REST0038,PART0147,2025-09-24,19:06:52,206,99,8,297,PAY002584,Delivered,31
ORD002585,CUST02252,REST0181,PART0033,2026-03-24,20:05:49,394,91,19,466,PAY002585,Delivered,45
ORD002586,CUST01844,REST0002,PART0069,2026-02-24,15:15:57,1593,39,289,1343,PAY002586,Delivered,88
ORD002587,CUST01395,REST0259,PART0042,2025-11-25,05:02:53,1694,81,299,1476,PAY002587,Delivered,90
ORD002588,CUST01322,REST0064,PART0020,2026-01-08,13:49:02,853,88,190,751,PAY002588,Delivered,69
ORD002589,CUST00342,REST0145,PART0043,2026-02-06,04:26:33,1792,97,454,1435,PAY002589,Delivered,17
ORD002590,CUST00454,REST0159,PART0047,2026-05-15,14:17:31,834,78,77,835,PAY002590,Delayed,53
ORD002591,CUST02388,REST0211,PART0041,2026-04-11,05:09:46,1810,79,243,1646,PAY002591,Delayed,64
ORD002592,CUST02119,REST0280,PART0061,2026-04-29,10:02:44,858,96,40,914,PAY002592,Delivered,23
ORD002593,CUST01925,REST0231,PART0061,2026-05-30,18:41:22,765,93,202,656,PAY002593,Cancelled,70
ORD002594,CUST00784,REST0157,PART0051,2025-12-31,04:01:32,501,53,76,478,PAY002594,Delivered,58
ORD002595,CUST02030,REST0085,PART0097,2026-06-26,15:34:21,1425,79,265,1239,PAY002595,Delivered,61
ORD002596,CUST01260,REST0115,PART0133,2025-07-24,14:01:58,375,63,51,387,PAY002596,Delayed,20
ORD002597,CUST00928,REST0139,PART0137,2025-12-19,03:43:36,1406,93,24,1475,PAY002597,Delivered,17
ORD002598,CUST02381,REST0215,PART0013,2026-02-24,10:44:12,406,57,60,403,PAY002598,Delivered,18
ORD002599,CUST02464,REST0034,PART0108,2025-11-07,08:20:05,1312,56,4,1364,PAY002599,Delivered,60
ORD002600,CUST00523,REST0148,PART0043,2025-07-18,17:00:54,617,81,106,592,PAY002600,Cancelled,66
ORD002601,CUST02433,REST0079,PART0009,2026-03-15,11:00:06,407,66,33,440,PAY002601,Delivered,43
ORD002602,CUST00218,REST0044,PART0069,2026-06-02,21:23:11,1751,96,236,1611,PAY002602,Delivered,22
ORD002603,CUST01912,REST0124,PART0028,2025-12-14,16:21:57,1540,62,75,1527,PAY002603,Delivered,29
ORD002604,CUST01273,REST0034,PART0067,2025-07-23,13:41:18,527,43,101,469,PAY002604,Delivered,77
ORD002605,CUST00048,REST0034,PART0134,2025-07-19,13:22:15,1012,93,6,1099,PAY002605,Delayed,49
ORD002606,CUST01352,REST0271,PART0070,2025-10-11,17:05:13,1400,48,111,1337,PAY002606,Delivered,72
ORD002607,CUST00993,REST0166,PART0107,2025-11-18,10:37:53,485,40,137,388,PAY002607,Delayed,68
ORD002608,CUST01446,REST0128,PART0006,2025-12-29,03:06:54,1762,81,84,1759,PAY002608,Delivered,36
ORD002609,CUST01905,REST0121,PART0104,2025-09-12,16:30:22,1033,40,154,919,PAY002609,Delivered,56
ORD002610,CUST02479,REST0289,PART0005,2025-10-24,18:28:34,237,45,18,264,PAY002610,Cancelled,88
ORD002611,CUST01666,REST0035,PART0080,2026-06-13,12:19:31,1035,58,232,861,PAY002611,Delivered,53
ORD002612,CUST01022,REST0167,PART0082,2025-10-10,19:16:37,1074,84,250,908,PAY002612,Delayed,48
ORD002613,CUST01019,REST0064,PART0103,2026-02-28,04:34:31,1613,56,90,1579,PAY002613,Delivered,78
ORD002614,CUST01815,REST0187,PART0069,2026-04-04,04:56:40,444,27,110,361,PAY002614,Cancelled,88
ORD002615,CUST02354,REST0205,PART0005,2026-05-10,10:00:33,552,59,59,552,PAY002615,Delivered,50
ORD002616,CUST01421,REST0090,PART0132,2025-11-20,02:06:15,1898,47,187,1758,PAY002616,Delivered,75
ORD002617,CUST01871,REST0102,PART0064,2026-02-07,23:47:11,1571,48,171,1448,PAY002617,Delivered,80
ORD002618,CUST00081,REST0247,PART0060,2026-01-10,00:21:43,1976,48,252,1772,PAY002618,Delivered,50
ORD002619,CUST00853,REST0026,PART0047,2026-03-27,01:54:13,659,100,173,586,PAY002619,Delivered,44
ORD002620,CUST00733,REST0079,PART0076,2026-03-31,15:47:12,785,32,216,601,PAY002620,Delivered,75
ORD002621,CUST01534,REST0098,PART0118,2025-10-02,01:01:02,194,92,34,252,PAY002621,Delivered,35
ORD002622,CUST00184,REST0166,PART0019,2026-05-11,06:02:21,645,49,88,606,PAY002622,Delivered,66
ORD002623,CUST00541,REST0168,PART0025,2026-05-31,06:57:27,407,51,105,353,PAY002623,Delayed,18
ORD002624,CUST01461,REST0167,PART0137,2026-02-24,07:56:45,1601,31,187,1445,PAY002624,Delayed,78
ORD002625,CUST00215,REST0140,PART0039,2026-07-10,14:44:24,1796,95,273,1618,PAY002625,Delivered,34
ORD002626,CUST00292,REST0041,PART0041,2025-11-30,23:19:32,848,70,78,840,PAY002626,Delivered,62
ORD002627,CUST01314,REST0120,PART0131,2026-06-28,03:25:30,1902,31,134,1799,PAY002627,Delivered,19
ORD002628,CUST02402,REST0047,PART0064,2026-06-23,02:53:31,1728,86,77,1737,PAY002628,Delivered,59
ORD002629,CUST01041,REST0036,PART0121,2026-04-19,21:11:04,865,48,158,755,PAY002629,Delivered,29
ORD002630,CUST01287,REST0184,PART0128,2026-06-18,01:05:01,1567,83,439,1211,PAY002630,Delayed,30
ORD002631,CUST02110,REST0068,PART0072,2026-02-25,06:28:49,1035,49,88,996,PAY002631,Delivered,67
ORD002632,CUST01682,REST0069,PART0020,2025-09-13,12:10:17,185,75,7,253,PAY002632,Delivered,83
ORD002633,CUST01295,REST0068,PART0003,2025-09-27,13:58:37,1976,75,243,1808,PAY002633,Delivered,15
ORD002634,CUST00171,REST0149,PART0040,2026-05-12,10:35:58,1042,29,160,911,PAY002634,Delivered,22
ORD002635,CUST01579,REST0257,PART0092,2025-09-11,19:53:49,1393,91,337,1147,PAY002635,Delayed,68
ORD002636,CUST01254,REST0098,PART0056,2025-10-04,07:11:41,1062,78,39,1101,PAY002636,Delivered,69
ORD002637,CUST00156,REST0056,PART0012,2025-11-13,01:02:58,1184,25,303,906,PAY002637,Delivered,25
ORD002638,CUST00206,REST0111,PART0039,2025-09-24,18:18:10,1717,73,98,1692,PAY002638,Delivered,77
ORD002639,CUST00403,REST0276,PART0054,2025-08-24,10:12:55,1224,84,285,1023,PAY002639,Cancelled,19
ORD002640,CUST00996,REST0285,PART0134,2025-07-26,10:13:18,1494,34,197,1331,PAY002640,Delivered,29
ORD002641,CUST01444,REST0046,PART0136,2026-02-08,09:38:44,1190,80,274,996,PAY002641,Delivered,60
ORD002642,CUST00145,REST0196,PART0086,2026-03-07,00:06:23,1370,25,179,1216,PAY002642,Delivered,66
ORD002643,CUST01961,REST0091,PART0135,2026-06-09,06:57:03,1248,40,194,1094,PAY002643,Delivered,19
ORD002644,CUST00642,REST0001,PART0142,2025-07-31,13:31:00,1131,39,249,921,PAY002644,Cancelled,29
ORD002645,CUST01877,REST0108,PART0091,2026-05-14,22:54:56,466,100,49,517,PAY002645,Delivered,68
ORD002646,CUST00915,REST0015,PART0137,2025-09-03,16:32:00,186,79,33,232,PAY002646,Delivered,43
ORD002647,CUST02132,REST0300,PART0146,2026-02-10,23:40:02,1724,71,454,1341,PAY002647,Delivered,62
ORD002648,CUST01164,REST0281,PART0053,2025-11-28,14:13:48,1463,52,177,1338,PAY002648,Delivered,67
ORD002649,CUST01588,REST0247,PART0068,2025-08-12,03:24:21,1976,30,266,1740,PAY002649,Delivered,87
ORD002650,CUST02110,REST0214,PART0116,2025-11-20,09:57:00,1040,68,269,839,PAY002650,Delivered,62
ORD002651,CUST02013,REST0052,PART0022,2026-06-19,07:57:44,1928,91,345,1674,PAY002651,Delivered,69
ORD002652,CUST01439,REST0188,PART0103,2025-11-15,16:56:19,875,75,23,927,PAY002652,Delayed,41
ORD002653,CUST00200,REST0225,PART0054,2026-07-11,19:43:03,659,31,128,562,PAY002653,Delayed,90
ORD002654,CUST01432,REST0271,PART0089,2025-10-13,14:30:55,183,24,8,199,PAY002654,Delivered,69
ORD002655,CUST01924,REST0245,PART0124,2026-03-28,20:21:12,1703,47,122,1628,PAY002655,Delivered,45
ORD002656,CUST01551,REST0254,PART0143,2025-10-05,08:00:59,1536,45,50,1531,PAY002656,Delivered,76
ORD002657,CUST00442,REST0191,PART0073,2025-10-02,13:47:07,1362,40,212,1190,PAY002657,Delivered,85
ORD002658,CUST00424,REST0074,PART0068,2025-11-10,21:17:58,1528,39,6,1561,PAY002658,Delivered,22
ORD002659,CUST01316,REST0013,PART0015,2025-09-17,15:45:17,917,57,172,802,PAY002659,Delivered,58
ORD002660,CUST00150,REST0289,PART0141,2025-12-28,00:24:07,1358,24,259,1123,PAY002660,Delivered,41
ORD002661,CUST01877,REST0122,PART0134,2025-10-29,12:25:17,1883,83,411,1555,PAY002661,Delivered,80
ORD002662,CUST00399,REST0201,PART0055,2025-10-14,17:18:43,426,59,96,389,PAY002662,Delivered,16
ORD002663,CUST02156,REST0113,PART0016,2026-07-14,20:45:41,1784,56,254,1586,PAY002663,Delivered,18
ORD002664,CUST00916,REST0161,PART0041,2026-07-08,11:40:43,1338,30,149,1219,PAY002664,Delivered,54
ORD002665,CUST01139,REST0055,PART0113,2025-10-08,14:34:35,612,22,125,509,PAY002665,Delivered,87
ORD002666,CUST01112,REST0212,PART0100,2026-05-12,04:34:20,1468,72,160,1380,PAY002666,Delivered,34
ORD002667,CUST00798,REST0184,PART0026,2025-12-01,05:50:42,1418,83,354,1147,PAY002667,Delivered,81
ORD002668,CUST00596,REST0173,PART0040,2025-07-26,20:12:47,1785,68,160,1693,PAY002668,Delivered,72
ORD002669,CUST00018,REST0085,PART0033,2025-09-07,13:38:02,1444,71,28,1487,PAY002669,Delivered,46
ORD002670,CUST01176,REST0020,PART0096,2026-06-22,01:58:01,415,48,114,349,PAY002670,Delivered,63
ORD002671,CUST01473,REST0041,PART0095,2026-06-30,07:57:26,1074,33,94,1013,PAY002671,Delayed,81
ORD002672,CUST01075,REST0053,PART0133,2026-01-02,23:32:33,1658,25,422,1261,PAY002672,Delivered,36
ORD002673,CUST00285,REST0212,PART0104,2025-09-02,01:15:40,1957,21,344,1634,PAY002673,Delivered,70
ORD002674,CUST00471,REST0093,PART0056,2026-06-05,04:42:03,1603,89,410,1282,PAY002674,Delivered,89
ORD002675,CUST01204,REST0142,PART0125,2025-12-08,22:06:26,1149,87,283,953,PAY002675,Delayed,19
ORD002676,CUST01706,REST0043,PART0084,2025-07-26,02:45:35,1290,68,99,1259,PAY002676,Delivered,32
ORD002677,CUST02260,REST0145,PART0078,2026-01-04,15:43:43,950,98,165,883,PAY002677,Delivered,53
ORD002678,CUST01064,REST0285,PART0039,2026-06-18,03:47:00,180,38,10,208,PAY002678,Delayed,47
ORD002679,CUST00289,REST0126,PART0119,2026-05-01,03:50:14,1264,70,97,1237,PAY002679,Delivered,45
ORD002680,CUST00171,REST0116,PART0019,2026-06-12,23:24:07,307,58,46,319,PAY002680,Delivered,29
ORD002681,CUST01560,REST0063,PART0068,2026-04-29,14:16:43,214,39,48,205,PAY002681,Delivered,30
ORD002682,CUST00027,REST0197,PART0022,2025-10-05,05:56:20,1711,51,418,1344,PAY002682,Cancelled,18
ORD002683,CUST02326,REST0064,PART0027,2025-12-10,23:31:52,1752,31,513,1270,PAY002683,Delivered,89
ORD002684,CUST01550,REST0074,PART0078,2025-08-04,08:30:08,406,60,108,358,PAY002684,Delivered,77
ORD002685,CUST00866,REST0149,PART0017,2026-01-05,18:23:06,1297,90,342,1045,PAY002685,Delivered,20
ORD002686,CUST00382,REST0102,PART0018,2026-01-02,13:20:41,686,30,71,645,PAY002686,Delivered,81
ORD002687,CUST00425,REST0160,PART0003,2025-12-18,06:24:08,377,91,81,387,PAY002687,Delivered,58
ORD002688,CUST01290,REST0060,PART0114,2025-10-01,09:13:47,1578,49,80,1547,PAY002688,Delivered,90
ORD002689,CUST00158,REST0258,PART0093,2025-10-04,02:25:24,784,59,115,728,PAY002689,Delivered,68
ORD002690,CUST01583,REST0233,PART0026,2026-05-11,15:52:52,1322,55,24,1353,PAY002690,Delivered,52
ORD002691,CUST00284,REST0012,PART0051,2025-12-11,00:21:16,1089,87,108,1068,PAY002691,Delivered,28
ORD002692,CUST01114,REST0162,PART0122,2026-03-02,11:00:53,1807,65,399,1473,PAY002692,Delivered,31
ORD002693,CUST02457,REST0138,PART0014,2026-05-28,13:28:36,1087,61,241,907,PAY002693,Delivered,73
ORD002694,CUST01843,REST0136,PART0067,2025-09-02,15:36:28,205,48,13,240,PAY002694,Delivered,89
ORD002695,CUST02476,REST0118,PART0064,2025-08-21,07:14:00,1225,77,1,1301,PAY002695,Delivered,28
ORD002696,CUST00365,REST0096,PART0104,2025-09-22,05:48:44,955,98,147,906,PAY002696,Delayed,53
ORD002697,CUST00919,REST0086,PART0110,2026-01-29,00:36:33,158,69,1,226,PAY002697,Cancelled,72
ORD002698,CUST01425,REST0251,PART0102,2026-07-05,22:12:30,283,91,5,369,PAY002698,Delivered,45
ORD002699,CUST00110,REST0274,PART0104,2026-02-25,19:58:17,1553,24,41,1536,PAY002699,Delivered,57
ORD002700,CUST01320,REST0116,PART0102,2026-04-23,14:47:32,983,32,84,931,PAY002700,Delivered,19
ORD002701,CUST01151,REST0226,PART0075,2026-02-01,19:53:07,741,22,15,748,PAY002701,Delivered,81
ORD002702,CUST02300,REST0194,PART0150,2025-09-01,12:09:11,1100,96,153,1043,PAY002702,Delivered,81
ORD002703,CUST02117,REST0036,PART0120,2025-09-17,11:58:17,706,85,64,727,PAY002703,Delivered,16
ORD002704,CUST00220,REST0234,PART0120,2026-05-06,01:52:27,980,33,12,1001,PAY002704,Delayed,15
ORD002705,CUST01969,REST0161,PART0147,2025-10-05,15:45:34,1060,82,113,1029,PAY002705,Delivered,54
ORD002706,CUST01820,REST0271,PART0027,2025-08-31,23:36:46,554,45,9,590,PAY002706,Delivered,29
ORD002707,CUST01734,REST0027,PART0010,2026-01-22,04:36:46,1055,33,293,795,PAY002707,Delivered,50
ORD002708,CUST00381,REST0138,PART0074,2026-04-29,21:04:32,198,41,59,180,PAY002708,Delivered,52
ORD002709,CUST02425,REST0217,PART0115,2026-03-08,03:23:15,1809,65,342,1532,PAY002709,Delayed,50
ORD002710,CUST02126,REST0156,PART0145,2025-12-02,10:13:55,625,49,170,504,PAY002710,Delivered,67
ORD002711,CUST02325,REST0056,PART0123,2026-05-03,09:20:24,916,40,117,839,PAY002711,Delivered,18
ORD002712,CUST00999,REST0001,PART0015,2025-11-16,07:19:25,1638,49,184,1503,PAY002712,Delivered,54
ORD002713,CUST00738,REST0197,PART0104,2025-12-24,11:03:50,1572,94,298,1368,PAY002713,Delivered,59
ORD002714,CUST00458,REST0245,PART0117,2025-09-28,09:51:54,1623,69,367,1325,PAY002714,Delivered,45
ORD002715,CUST01243,REST0219,PART0040,2025-10-05,22:11:09,1080,47,290,837,PAY002715,Delivered,49
ORD002716,CUST02295,REST0179,PART0135,2025-08-20,12:01:30,1164,39,100,1103,PAY002716,Delivered,63
ORD002717,CUST00629,REST0246,PART0100,2026-05-22,20:23:10,1504,51,427,1128,PAY002717,Delivered,85
ORD002718,CUST00321,REST0124,PART0071,2026-01-29,02:32:14,1509,31,133,1407,PAY002718,Delayed,88
ORD002719,CUST02495,REST0200,PART0113,2025-12-02,23:54:57,1770,35,493,1312,PAY002719,Delivered,19
ORD002720,CUST02291,REST0052,PART0123,2026-01-17,20:52:43,162,66,23,205,PAY002720,Delivered,44
ORD002721,CUST00486,REST0063,PART0100,2025-10-23,09:12:58,1097,97,64,1130,PAY002721,Delivered,32
ORD002722,CUST02407,REST0286,PART0049,2026-01-29,19:32:53,200,70,44,226,PAY002722,Delivered,62
ORD002723,CUST00855,REST0274,PART0115,2025-08-28,17:38:10,955,58,205,808,PAY002723,Delivered,16
ORD002724,CUST01343,REST0185,PART0125,2026-01-09,16:54:34,756,100,165,691,PAY002724,Delivered,15
ORD002725,CUST00542,REST0244,PART0026,2025-07-22,12:16:42,1377,50,128,1299,PAY002725,Delivered,84
ORD002726,CUST01484,REST0165,PART0033,2025-07-19,01:25:08,964,94,77,981,PAY002726,Delivered,22
ORD002727,CUST00712,REST0200,PART0014,2025-12-10,19:55:12,198,99,59,238,PAY002727,Delivered,15
ORD002728,CUST00456,REST0029,PART0022,2026-05-24,06:07:53,1515,30,401,1144,PAY002728,Delivered,56
ORD002729,CUST02398,REST0236,PART0050,2025-12-26,08:36:20,301,73,9,365,PAY002729,Delivered,86
ORD002730,CUST00336,REST0072,PART0023,2025-12-18,16:56:10,1763,52,526,1289,PAY002730,Cancelled,44
ORD002731,CUST00574,REST0099,PART0136,2026-06-14,06:12:24,1527,91,262,1356,PAY002731,Delivered,53
ORD002732,CUST02297,REST0208,PART0123,2025-08-24,02:28:29,1854,93,52,1895,PAY002732,Delayed,31
ORD002733,CUST00252,REST0136,PART0068,2025-11-30,23:39:33,1530,47,37,1540,PAY002733,Cancelled,82
ORD002734,CUST01004,REST0212,PART0093,2025-12-03,04:53:34,1534,79,321,1292,PAY002734,Delivered,55
ORD002735,CUST00518,REST0037,PART0136,2025-11-13,15:01:51,293,97,17,373,PAY002735,Delivered,85
ORD002736,CUST01683,REST0110,PART0021,2026-06-06,02:51:35,1949,37,21,1965,PAY002736,Delivered,82
ORD002737,CUST01969,REST0197,PART0017,2025-08-10,14:29:03,1833,56,124,1765,PAY002737,Delayed,43
ORD002738,CUST01073,REST0060,PART0112,2025-12-31,20:21:10,468,44,105,407,PAY002738,Delivered,45
ORD002739,CUST02497,REST0034,PART0106,2026-06-10,11:56:12,1187,44,162,1069,PAY002739,Delivered,74
ORD002740,CUST00604,REST0116,PART0148,2026-03-26,10:53:22,710,21,62,669,PAY002740,Delivered,23
ORD002741,CUST00736,REST0176,PART0036,2025-11-10,00:28:02,1653,49,337,1365,PAY002741,Delivered,83
ORD002742,CUST00417,REST0090,PART0098,2025-10-13,07:34:16,1963,71,465,1569,PAY002742,Delivered,45
ORD002743,CUST02326,REST0165,PART0043,2026-04-14,13:34:46,1344,53,309,1088,PAY002743,Delivered,38
ORD002744,CUST01054,REST0133,PART0078,2025-08-18,00:56:12,528,98,106,520,PAY002744,Delivered,81
ORD002745,CUST02221,REST0223,PART0130,2026-03-25,20:15:48,1706,51,439,1318,PAY002745,Delayed,29
ORD002746,CUST00905,REST0024,PART0110,2026-03-23,04:24:37,302,59,28,333,PAY002746,Cancelled,47
ORD002747,CUST01313,REST0288,PART0128,2026-05-26,21:07:05,1599,86,12,1673,PAY002747,Delivered,76
ORD002748,CUST01425,REST0029,PART0100,2025-12-14,13:55:50,1872,62,324,1610,PAY002748,Delivered,36
ORD002749,CUST00214,REST0088,PART0092,2026-06-21,10:09:41,1236,81,312,1005,PAY002749,Delivered,88
ORD002750,CUST01092,REST0200,PART0061,2026-01-15,07:11:57,1559,39,8,1590,PAY002750,Delivered,74
ORD002751,CUST01626,REST0203,PART0006,2025-07-22,09:31:29,388,72,22,438,PAY002751,Delivered,42
ORD002752,CUST01217,REST0038,PART0138,2025-10-30,22:19:54,539,61,130,470,PAY002752,Delivered,15
ORD002753,CUST02415,REST0291,PART0126,2026-04-25,14:25:41,1424,60,176,1308,PAY002753,Delivered,74
ORD002754,CUST02340,REST0101,PART0092,2026-03-24,15:37:15,1627,78,469,1236,PAY002754,Delivered,77
ORD002755,CUST02312,REST0075,PART0066,2026-06-29,17:31:29,796,64,17,843,PAY002755,Delivered,72
ORD002756,CUST00264,REST0246,PART0056,2025-11-18,18:53:43,1547,30,37,1540,PAY002756,Delivered,65
ORD002757,CUST02162,REST0218,PART0038,2025-08-02,20:39:58,174,47,45,176,PAY002757,Cancelled,60
ORD002758,CUST00424,REST0083,PART0094,2025-09-08,21:32:41,1917,75,106,1886,PAY002758,Delivered,86
ORD002759,CUST00852,REST0016,PART0004,2026-06-10,08:16:13,1645,40,105,1580,PAY002759,Delivered,84
ORD002760,CUST00132,REST0261,PART0038,2025-10-20,22:37:21,890,70,127,833,PAY002760,Delivered,88
ORD002761,CUST02289,REST0072,PART0131,2025-09-23,02:53:30,1436,52,326,1162,PAY002761,Delivered,74
ORD002762,CUST00162,REST0242,PART0134,2026-02-20,12:03:07,1867,41,113,1795,PAY002762,Delivered,82
ORD002763,CUST01808,REST0118,PART0110,2025-07-19,20:13:53,320,41,81,280,PAY002763,Delivered,60
ORD002764,CUST00754,REST0002,PART0121,2025-09-03,22:21:23,1265,64,76,1253,PAY002764,Delayed,32
ORD002765,CUST00093,REST0282,PART0076,2026-02-02,15:41:58,281,98,57,322,PAY002765,Delivered,32
ORD002766,CUST01790,REST0083,PART0126,2025-09-14,17:33:52,1112,52,35,1129,PAY002766,Delivered,70
ORD002767,CUST00272,REST0081,PART0084,2025-09-08,16:44:25,1438,70,167,1341,PAY002767,Delivered,60
ORD002768,CUST01489,REST0042,PART0009,2026-04-12,04:18:57,337,22,2,357,PAY002768,Delivered,80
ORD002769,CUST02203,REST0132,PART0033,2026-01-14,16:45:49,1416,58,352,1122,PAY002769,Delivered,31
ORD002770,CUST00196,REST0007,PART0054,2026-05-08,06:49:46,1946,42,212,1776,PAY002770,Delivered,68
ORD002771,CUST00986,REST0165,PART0010,2025-07-31,09:12:45,1075,37,66,1046,PAY002771,Cancelled,34
ORD002772,CUST01113,REST0073,PART0071,2025-08-09,00:02:40,1594,44,342,1296,PAY002772,Delivered,40
ORD002773,CUST00470,REST0223,PART0147,2026-03-04,18:49:13,827,46,147,726,PAY002773,Delivered,33
ORD002774,CUST01703,REST0203,PART0057,2026-05-23,20:31:05,211,97,14,294,PAY002774,Cancelled,30
ORD002775,CUST01931,REST0157,PART0003,2025-10-05,17:30:29,1403,69,285,1187,PAY002775,Delivered,46
ORD002776,CUST01532,REST0143,PART0065,2026-06-17,16:42:47,1907,20,260,1667,PAY002776,Delivered,23
ORD002777,CUST01602,REST0136,PART0149,2026-04-29,13:41:11,947,32,223,756,PAY002777,Delayed,74
ORD002778,CUST01189,REST0170,PART0142,2026-03-29,22:18:46,212,89,36,265,PAY002778,Delivered,18
ORD002779,CUST01668,REST0154,PART0037,2025-11-07,01:32:17,824,32,125,731,PAY002779,Cancelled,89
ORD002780,CUST00531,REST0152,PART0025,2025-12-07,14:19:28,1206,20,300,926,PAY002780,Delivered,30
ORD002781,CUST02498,REST0209,PART0147,2026-03-13,01:49:19,162,60,1,221,PAY002781,Delivered,68
ORD002782,CUST01352,REST0084,PART0085,2025-12-24,08:43:11,1646,44,62,1628,PAY002782,Delivered,62
ORD002783,CUST00667,REST0069,PART0142,2026-05-31,23:02:40,1579,51,356,1274,PAY002783,Delivered,21
ORD002784,CUST01868,REST0228,PART0078,2025-09-15,09:38:13,1180,90,98,1172,PAY002784,Delivered,45
ORD002785,CUST01254,REST0255,PART0104,2025-12-26,01:23:02,705,27,179,553,PAY002785,Delivered,37
ORD002786,CUST01492,REST0024,PART0028,2025-09-21,04:51:45,1678,45,305,1418,PAY002786,Delivered,26
ORD002787,CUST01330,REST0164,PART0130,2025-09-22,01:31:52,825,40,209,656,PAY002787,Cancelled,70
ORD002788,CUST02205,REST0091,PART0103,2026-07-14,20:39:43,1062,89,282,869,PAY002788,Delivered,20
ORD002789,CUST02178,REST0010,PART0061,2026-02-02,15:29:28,318,76,35,359,PAY002789,Delayed,17
ORD002790,CUST00029,REST0242,PART0031,2025-09-13,00:45:37,884,88,259,713,PAY002790,Delivered,84
ORD002791,CUST00730,REST0113,PART0095,2026-04-30,09:25:21,288,59,16,331,PAY002791,Delivered,57
ORD002792,CUST00742,REST0024,PART0084,2026-05-26,14:06:38,1503,66,305,1264,PAY002792,Delivered,60
ORD002793,CUST01823,REST0254,PART0023,2026-05-26,22:31:07,983,76,164,895,PAY002793,Delivered,28
ORD002794,CUST00076,REST0157,PART0085,2026-04-01,22:13:39,1758,77,228,1607,PAY002794,Delivered,74
ORD002795,CUST01332,REST0054,PART0023,2025-09-24,18:33:48,442,76,64,454,PAY002795,Delivered,64
ORD002796,CUST02174,REST0293,PART0119,2025-12-05,00:28:20,1275,92,182,1185,PAY002796,Delivered,19
ORD002797,CUST00744,REST0060,PART0053,2026-06-22,15:23:14,1948,64,171,1841,PAY002797,Delivered,40
ORD002798,CUST01540,REST0032,PART0002,2026-07-10,10:59:33,1602,86,304,1384,PAY002798,Delivered,80
ORD002799,CUST00289,REST0067,PART0130,2025-08-27,17:23:43,707,78,110,675,PAY002799,Delivered,88
ORD002800,CUST00931,REST0004,PART0127,2026-05-17,17:01:57,1351,99,369,1081,PAY002800,Cancelled,50
ORD002801,CUST01010,REST0293,PART0123,2025-09-17,07:13:28,1666,34,382,1318,PAY002801,Cancelled,88
ORD002802,CUST01614,REST0025,PART0057,2025-07-27,21:13:37,365,62,89,338,PAY002802,Delivered,42
ORD002803,CUST02216,REST0266,PART0091,2026-01-25,11:20:39,1536,82,383,1235,PAY002803,Delayed,33
ORD002804,CUST01625,REST0263,PART0027,2025-10-03,11:55:35,898,91,262,727,PAY002804,Delivered,84
ORD002805,CUST01622,REST0125,PART0014,2025-11-12,02:31:22,1739,50,478,1311,PAY002805,Delivered,87
ORD002806,CUST00972,REST0255,PART0073,2025-12-20,00:07:21,1471,20,240,1251,PAY002806,Delivered,89
ORD002807,CUST01281,REST0237,PART0065,2026-03-16,02:07:36,1890,58,283,1665,PAY002807,Delivered,54
ORD002808,CUST01651,REST0298,PART0044,2025-12-08,04:07:12,375,25,57,343,PAY002808,Delivered,69
ORD002809,CUST00952,REST0153,PART0116,2026-07-04,06:06:27,939,63,145,857,PAY002809,Delivered,60
ORD002810,CUST01062,REST0128,PART0088,2026-06-08,00:26:28,373,70,3,440,PAY002810,Delivered,89
ORD002811,CUST01350,REST0291,PART0014,2025-10-27,05:27:40,578,98,132,544,PAY002811,Delivered,74
ORD002812,CUST01491,REST0260,PART0081,2026-03-14,18:26:47,1591,93,219,1465,PAY002812,Delivered,72
ORD002813,CUST02036,REST0169,PART0107,2025-11-17,22:24:24,1698,48,472,1274,PAY002813,Delivered,85
ORD002814,CUST01268,REST0112,PART0079,2025-07-27,07:13:40,924,81,269,736,PAY002814,Delayed,19
ORD002815,CUST01814,REST0051,PART0120,2026-05-16,10:23:14,1872,46,58,1860,PAY002815,Delivered,74
ORD002816,CUST00105,REST0002,PART0126,2025-07-26,06:32:43,342,44,40,346,PAY002816,Delayed,80
ORD002817,CUST00642,REST0077,PART0049,2025-11-22,00:21:38,596,69,149,516,PAY002817,Cancelled,40
ORD002818,CUST01675,REST0298,PART0088,2025-07-27,07:24:07,177,50,12,215,PAY002818,Delayed,31
ORD002819,CUST00768,REST0115,PART0023,2026-06-26,10:11:56,832,25,186,671,PAY002819,Delivered,32
ORD002820,CUST01879,REST0122,PART0081,2026-01-14,23:11:29,795,45,40,800,PAY002820,Delivered,57
ORD002821,CUST00639,REST0135,PART0014,2025-07-29,12:46:16,733,99,115,717,PAY002821,Delivered,39
ORD002822,CUST01975,REST0250,PART0020,2026-04-27,16:01:48,412,51,34,429,PAY002822,Delivered,52
ORD002823,CUST00137,REST0300,PART0063,2026-06-19,21:41:01,1772,98,337,1533,PAY002823,Delayed,60
ORD002824,CUST00172,REST0077,PART0010,2025-09-10,07:08:44,903,64,231,736,PAY002824,Delivered,20
ORD002825,CUST00302,REST0100,PART0108,2026-07-06,00:56:46,382,80,32,430,PAY002825,Delivered,54
ORD002826,CUST01926,REST0201,PART0029,2025-12-21,13:24:19,1773,66,280,1559,PAY002826,Delayed,35
ORD002827,CUST02446,REST0048,PART0038,2025-08-03,07:11:53,1278,92,127,1243,PAY002827,Delivered,76
ORD002828,CUST00122,REST0225,PART0104,2026-02-10,18:03:45,1875,73,332,1616,PAY002828,Delivered,28
ORD002829,CUST00971,REST0014,PART0094,2025-12-09,16:01:45,495,39,138,396,PAY002829,Delivered,64
ORD002830,CUST01445,REST0128,PART0002,2026-05-08,08:49:42,730,73,142,661,PAY002830,Delayed,47
ORD002831,CUST02379,REST0171,PART0014,2026-03-05,16:17:09,907,61,174,794,PAY002831,Delivered,31
ORD002832,CUST00028,REST0256,PART0128,2026-04-22,20:11:30,584,62,109,537,PAY002832,Delivered,77
ORD002833,CUST00887,REST0119,PART0036,2026-02-05,05:03:13,1390,59,406,1043,PAY002833,Delivered,77
ORD002834,CUST01077,REST0211,PART0010,2025-09-20,03:53:08,1906,44,63,1887,PAY002834,Delivered,18
ORD002835,CUST02317,REST0194,PART0037,2025-09-15,16:04:02,514,51,102,463,PAY002835,Delivered,69
ORD002836,CUST00753,REST0077,PART0016,2025-08-24,02:56:01,185,43,43,185,PAY002836,Delivered,87
ORD002837,CUST01641,REST0054,PART0118,2025-07-22,01:01:42,917,63,11,969,PAY002837,Delivered,19
ORD002838,CUST00275,REST0175,PART0028,2025-11-28,15:35:54,1467,79,12,1534,PAY002838,Delivered,37
ORD002839,CUST00856,REST0130,PART0080,2026-06-29,16:11:48,264,46,74,236,PAY002839,Delivered,19
ORD002840,CUST00671,REST0059,PART0098,2025-10-10,17:30:12,1043,96,243,896,PAY002840,Delivered,38
ORD002841,CUST00974,REST0119,PART0019,2025-08-21,00:26:56,1278,44,351,971,PAY002841,Delayed,35
ORD002842,CUST00461,REST0002,PART0087,2025-12-26,07:23:02,923,98,75,946,PAY002842,Cancelled,43
ORD002843,CUST01712,REST0022,PART0015,2025-08-10,23:59:33,324,40,22,342,PAY002843,Delivered,86
ORD002844,CUST00956,REST0238,PART0114,2025-08-28,21:32:04,1961,38,523,1476,PAY002844,Cancelled,50
ORD002845,CUST01172,REST0287,PART0083,2026-01-16,23:32:17,1746,26,323,1449,PAY002845,Delivered,77
ORD002846,CUST02243,REST0075,PART0016,2026-01-12,14:37:27,1246,76,85,1237,PAY002846,Delivered,66
ORD002847,CUST00106,REST0041,PART0043,2025-12-24,10:35:18,458,40,132,366,PAY002847,Delivered,68
ORD002848,CUST01060,REST0213,PART0108,2026-06-13,17:35:56,1283,26,149,1160,PAY002848,Cancelled,61
ORD002849,CUST01673,REST0007,PART0146,2026-06-30,01:05:42,1666,54,251,1469,PAY002849,Delivered,68
ORD002850,CUST01087,REST0226,PART0040,2026-02-09,16:27:07,1474,74,425,1123,PAY002850,Delayed,47
ORD002851,CUST00891,REST0232,PART0141,2026-01-03,06:45:54,512,66,118,460,PAY002851,Delivered,74
ORD002852,CUST02197,REST0134,PART0004,2025-09-06,10:32:27,1111,83,280,914,PAY002852,Delayed,71
ORD002853,CUST01707,REST0163,PART0123,2026-06-14,00:49:29,1809,97,279,1627,PAY002853,Delivered,74
ORD002854,CUST00354,REST0073,PART0132,2026-03-07,12:41:09,1738,26,444,1320,PAY002854,Delivered,79
ORD002855,CUST01255,REST0080,PART0103,2026-05-26,14:10:51,1079,39,279,839,PAY002855,Delivered,81
ORD002856,CUST02100,REST0076,PART0103,2026-03-20,13:42:46,1779,96,139,1736,PAY002856,Delivered,24
ORD002857,CUST00110,REST0001,PART0088,2025-07-16,12:31:04,676,35,112,599,PAY002857,Delivered,40
ORD002858,CUST00137,REST0172,PART0100,2025-11-14,04:32:17,302,86,54,334,PAY002858,Delivered,65
ORD002859,CUST00305,REST0206,PART0097,2026-01-17,04:42:10,1205,21,103,1123,PAY002859,Delivered,54
ORD002860,CUST00263,REST0074,PART0120,2026-01-14,13:43:39,1931,93,376,1648,PAY002860,Delayed,89
ORD002861,CUST01076,REST0069,PART0143,2026-06-30,14:11:46,540,35,44,531,PAY002861,Delivered,61
ORD002862,CUST01634,REST0010,PART0022,2026-07-01,21:16:15,914,54,42,926,PAY002862,Delayed,88
ORD002863,CUST01072,REST0285,PART0006,2025-10-23,23:54:56,325,98,71,352,PAY002863,Delivered,81
ORD002864,CUST00005,REST0264,PART0103,2025-09-04,00:41:22,155,35,30,160,PAY002864,Delivered,77
ORD002865,CUST01965,REST0240,PART0027,2025-11-18,15:13:07,901,41,20,922,PAY002865,Delivered,22
ORD002866,CUST01168,REST0116,PART0058,2026-03-28,03:38:36,1843,56,59,1840,PAY002866,Delivered,69
ORD002867,CUST01814,REST0195,PART0116,2026-02-10,22:49:37,1335,67,374,1028,PAY002867,Delivered,34
ORD002868,CUST01342,REST0035,PART0024,2025-12-05,05:16:11,994,30,27,997,PAY002868,Delivered,19
ORD002869,CUST01921,REST0027,PART0028,2026-03-11,13:02:51,151,26,43,134,PAY002869,Delivered,78
ORD002870,CUST00724,REST0007,PART0096,2026-04-01,20:01:45,1659,66,14,1711,PAY002870,Delivered,21
ORD002871,CUST00670,REST0118,PART0045,2026-04-20,10:20:03,862,56,242,676,PAY002871,Delivered,19
ORD002872,CUST01928,REST0187,PART0122,2025-08-22,16:17:20,174,42,39,177,PAY002872,Delivered,49
ORD002873,CUST00943,REST0217,PART0083,2026-01-17,19:06:57,1531,62,327,1266,PAY002873,Delivered,72
ORD002874,CUST00620,REST0197,PART0067,2026-01-23,15:02:12,671,41,88,624,PAY002874,Delivered,36
ORD002875,CUST01165,REST0058,PART0090,2026-05-03,00:21:28,726,30,103,653,PAY002875,Delivered,42
ORD002876,CUST01501,REST0048,PART0049,2026-06-04,00:06:22,747,25,203,569,PAY002876,Delivered,45
ORD002877,CUST01820,REST0217,PART0102,2026-06-12,02:42:49,1749,98,235,1612,PAY002877,Delivered,88
ORD002878,CUST00472,REST0193,PART0002,2026-02-23,02:07:49,1066,68,273,861,PAY002878,Delayed,82
ORD002879,CUST01876,REST0155,PART0012,2025-09-30,11:19:13,853,83,45,891,PAY002879,Cancelled,61
ORD002880,CUST02086,REST0041,PART0071,2025-09-03,02:38:25,1631,70,264,1437,PAY002880,Delivered,49
ORD002881,CUST00239,REST0109,PART0087,2025-10-09,09:55:11,1403,24,263,1164,PAY002881,Delivered,79
ORD002882,CUST01457,REST0228,PART0066,2026-02-01,03:27:39,500,56,11,545,PAY002882,Delivered,48
ORD002883,CUST02366,REST0286,PART0112,2025-09-04,15:41:11,204,92,39,257,PAY002883,Cancelled,41
ORD002884,CUST00596,REST0226,PART0028,2026-05-25,01:06:23,915,51,162,804,PAY002884,Cancelled,27
ORD002885,CUST02123,REST0191,PART0019,2025-09-09,14:52:43,1566,27,466,1127,PAY002885,Delivered,83
ORD002886,CUST02498,REST0284,PART0083,2025-10-11,20:05:14,990,74,261,803,PAY002886,Delivered,43
ORD002887,CUST02363,REST0211,PART0031,2026-03-29,06:04:25,306,51,45,312,PAY002887,Delivered,79
ORD002888,CUST01127,REST0273,PART0003,2025-08-17,03:50:55,257,78,25,310,PAY002888,Delivered,20
ORD002889,CUST00635,REST0178,PART0127,2026-04-30,20:46:49,452,73,67,458,PAY002889,Delivered,32
ORD002890,CUST02240,REST0084,PART0148,2025-08-22,01:17:28,835,62,75,822,PAY002890,Delivered,81
ORD002891,CUST02498,REST0073,PART0017,2026-04-20,19:12:53,1771,90,104,1757,PAY002891,Delivered,51
ORD002892,CUST02212,REST0144,PART0115,2025-12-20,01:50:23,1548,52,311,1289,PAY002892,Delivered,54
ORD002893,CUST02392,REST0127,PART0117,2025-11-02,21:00:59,160,57,11,206,PAY002893,Delayed,28
ORD002894,CUST01033,REST0243,PART0047,2026-06-25,16:27:58,1626,90,470,1246,PAY002894,Delivered,25
ORD002895,CUST00751,REST0256,PART0087,2026-03-12,02:08:35,1030,30,234,826,PAY002895,Delayed,83
ORD002896,CUST00591,REST0093,PART0109,2025-08-26,02:35:23,1806,54,352,1508,PAY002896,Delivered,72
ORD002897,CUST01864,REST0278,PART0135,2025-10-21,05:53:56,1419,84,265,1238,PAY002897,Delivered,74
ORD002898,CUST01350,REST0263,PART0067,2025-10-12,02:20:48,827,57,71,813,PAY002898,Delivered,72
ORD002899,CUST00018,REST0060,PART0035,2025-10-21,14:12:44,291,50,35,306,PAY002899,Cancelled,89
ORD002900,CUST02467,REST0223,PART0047,2025-09-25,22:38:16,1973,20,336,1657,PAY002900,Delivered,73
ORD002901,CUST02382,REST0107,PART0065,2026-04-25,18:10:02,1508,28,357,1179,PAY002901,Delivered,63
ORD002902,CUST00455,REST0079,PART0072,2026-03-29,07:33:35,1206,97,13,1290,PAY002902,Delivered,82
ORD002903,CUST02475,REST0125,PART0109,2025-11-10,04:19:23,1763,57,490,1330,PAY002903,Delivered,59
ORD002904,CUST01678,REST0284,PART0103,2025-11-20,20:48:21,393,28,46,375,PAY002904,Delivered,32
ORD002905,CUST00255,REST0239,PART0008,2026-04-18,03:45:48,1586,50,444,1192,PAY002905,Delivered,68
ORD002906,CUST00124,REST0162,PART0060,2026-01-11,17:20:03,1406,52,265,1193,PAY002906,Delivered,28
ORD002907,CUST01842,REST0154,PART0062,2026-04-01,19:19:29,221,36,16,241,PAY002907,Cancelled,46
ORD002908,CUST02016,REST0035,PART0138,2026-03-02,16:18:14,1864,76,180,1760,PAY002908,Delivered,67
ORD002909,CUST01443,REST0215,PART0049,2026-02-03,03:46:08,732,58,116,674,PAY002909,Delivered,23
ORD002910,CUST00859,REST0279,PART0004,2026-02-01,23:41:23,416,100,9,507,PAY002910,Delivered,77
ORD002911,CUST02211,REST0025,PART0102,2026-02-25,09:22:45,1885,43,499,1429,PAY002911,Delivered,68
ORD002912,CUST02092,REST0170,PART0132,2026-06-24,09:22:51,803,58,88,773,PAY002912,Delivered,66
ORD002913,CUST01336,REST0152,PART0021,2025-10-27,19:51:26,624,65,110,579,PAY002913,Delivered,81
ORD002914,CUST02140,REST0091,PART0087,2026-05-07,08:30:49,488,100,141,447,PAY002914,Delivered,32
ORD002915,CUST01562,REST0222,PART0150,2026-06-30,14:02:20,500,86,138,448,PAY002915,Delivered,20
ORD002916,CUST01598,REST0270,PART0080,2025-09-05,09:23:27,1858,98,279,1677,PAY002916,Delivered,37
ORD002917,CUST01174,REST0230,PART0010,2025-11-20,14:27:06,1177,40,272,945,PAY002917,Delivered,57
ORD002918,CUST00903,REST0086,PART0139,2025-12-27,03:18:44,241,51,10,282,PAY002918,Delivered,86
ORD002919,CUST00653,REST0009,PART0054,2025-12-08,18:54:28,336,41,26,351,PAY002919,Delivered,70
ORD002920,CUST00520,REST0227,PART0124,2026-03-30,00:38:22,1221,75,150,1146,PAY002920,Cancelled,84
ORD002921,CUST00763,REST0242,PART0037,2025-09-10,15:20:59,1025,89,173,941,PAY002921,Delivered,82
ORD002922,CUST00997,REST0077,PART0002,2026-02-26,05:53:53,1663,68,14,1717,PAY002922,Delivered,79
ORD002923,CUST01101,REST0225,PART0021,2026-04-28,05:38:01,1069,91,115,1045,PAY002923,Cancelled,15
ORD002924,CUST00909,REST0137,PART0089,2026-07-14,05:07:22,1513,88,116,1485,PAY002924,Cancelled,62
ORD002925,CUST00791,REST0067,PART0116,2026-06-11,15:20:31,850,74,88,836,PAY002925,Delivered,78
ORD002926,CUST00873,REST0174,PART0136,2025-07-29,12:47:41,264,52,42,274,PAY002926,Delivered,60
ORD002927,CUST00516,REST0237,PART0057,2026-05-02,17:03:36,1112,47,31,1128,PAY002927,Delivered,31
ORD002928,CUST00093,REST0160,PART0042,2026-07-03,02:27:33,1277,64,229,1112,PAY002928,Delivered,47
ORD002929,CUST01402,REST0173,PART0075,2026-05-22,20:12:05,1713,39,339,1413,PAY002929,Delayed,67
ORD002930,CUST01843,REST0235,PART0010,2025-12-12,18:31:54,1386,48,296,1138,PAY002930,Cancelled,52
ORD002931,CUST02202,REST0036,PART0093,2026-03-18,15:20:33,1001,81,285,797,PAY002931,Delivered,89
ORD002932,CUST01886,REST0120,PART0136,2025-08-03,21:21:22,1455,56,204,1307,PAY002932,Delivered,65
ORD002933,CUST01217,REST0143,PART0132,2026-05-20,16:13:28,928,97,5,1020,PAY002933,Delivered,48
ORD002934,CUST00768,REST0092,PART0019,2025-10-01,02:19:03,1172,49,106,1115,PAY002934,Delayed,35
ORD002935,CUST01443,REST0274,PART0120,2025-09-24,23:45:44,1264,97,169,1192,PAY002935,Delivered,71
ORD002936,CUST00980,REST0135,PART0081,2025-07-21,19:16:48,171,74,10,235,PAY002936,Delivered,89
ORD002937,CUST01728,REST0141,PART0009,2025-09-09,18:13:26,1537,55,81,1511,PAY002937,Delivered,77
ORD002938,CUST01324,REST0106,PART0016,2026-03-19,16:58:42,199,91,38,252,PAY002938,Delayed,25
ORD002939,CUST01004,REST0295,PART0131,2025-07-29,11:45:28,1621,26,115,1532,PAY002939,Delivered,18
ORD002940,CUST00374,REST0193,PART0037,2026-06-05,16:05:21,644,84,127,601,PAY002940,Delivered,84
ORD002941,CUST02252,REST0028,PART0083,2026-05-20,21:36:21,657,65,108,614,PAY002941,Delivered,85
ORD002942,CUST00480,REST0188,PART0056,2025-10-16,14:31:19,228,89,2,315,PAY002942,Delayed,41
ORD002943,CUST01654,REST0235,PART0006,2025-09-17,02:40:17,723,45,83,685,PAY002943,Delivered,31
ORD002944,CUST01888,REST0037,PART0082,2025-12-17,07:53:48,1155,41,261,935,PAY002944,Delivered,63
ORD002945,CUST01508,REST0237,PART0149,2025-11-18,12:00:41,1395,75,337,1133,PAY002945,Delivered,52
ORD002946,CUST01406,REST0292,PART0095,2025-07-20,18:57:37,1163,63,290,936,PAY002946,Delivered,62
ORD002947,CUST00984,REST0199,PART0035,2026-02-23,10:01:36,1974,63,331,1706,PAY002947,Delivered,87
ORD002948,CUST02106,REST0187,PART0074,2026-01-18,22:57:09,1057,34,153,938,PAY002948,Delivered,24
ORD002949,CUST00658,REST0161,PART0034,2026-01-20,03:33:10,609,99,88,620,PAY002949,Delivered,61
ORD002950,CUST02170,REST0257,PART0042,2026-06-14,07:57:11,1806,27,464,1369,PAY002950,Delayed,24
ORD002951,CUST00275,REST0095,PART0024,2025-11-26,19:11:19,1481,60,49,1492,PAY002951,Delivered,53
ORD002952,CUST01310,REST0077,PART0016,2025-09-27,03:43:57,1156,57,151,1062,PAY002952,Delivered,41
ORD002953,CUST01580,REST0135,PART0119,2026-03-17,09:49:15,1766,37,484,1319,PAY002953,Delivered,40
ORD002954,CUST01230,REST0030,PART0049,2026-06-18,22:21:36,1200,90,72,1218,PAY002954,Delivered,61
ORD002955,CUST01166,REST0147,PART0003,2026-05-29,12:41:09,502,31,43,490,PAY002955,Delivered,37
ORD002956,CUST01187,REST0012,PART0148,2026-02-25,09:41:58,560,75,59,576,PAY002956,Delivered,47
ORD002957,CUST00159,REST0186,PART0043,2025-12-20,18:47:16,510,31,141,400,PAY002957,Cancelled,60
ORD002958,CUST00251,REST0014,PART0073,2026-01-07,19:42:27,799,94,145,748,PAY002958,Delivered,76
ORD002959,CUST00970,REST0079,PART0084,2025-10-07,16:12:37,667,31,34,664,PAY002959,Delivered,53
ORD002960,CUST02435,REST0045,PART0030,2026-01-08,05:51:44,166,31,35,162,PAY002960,Cancelled,41
ORD002961,CUST01503,REST0243,PART0018,2026-03-14,12:50:41,686,84,181,589,PAY002961,Delivered,40
ORD002962,CUST00721,REST0237,PART0110,2025-10-26,07:18:31,1380,99,221,1258,PAY002962,Cancelled,84
ORD002963,CUST01190,REST0066,PART0030,2026-02-13,05:45:25,530,83,61,552,PAY002963,Cancelled,29
ORD002964,CUST00835,REST0258,PART0022,2026-01-03,01:36:44,1733,41,88,1686,PAY002964,Delivered,43
ORD002965,CUST01251,REST0287,PART0009,2025-08-30,23:56:44,338,57,75,320,PAY002965,Delivered,35
ORD002966,CUST02278,REST0280,PART0136,2026-05-01,13:19:35,1226,97,25,1298,PAY002966,Delayed,23
ORD002967,CUST01477,REST0081,PART0049,2025-11-01,17:06:18,927,72,154,845,PAY002967,Delivered,29
ORD002968,CUST02418,REST0019,PART0132,2026-03-27,19:07:35,370,93,111,352,PAY002968,Cancelled,34
ORD002969,CUST02301,REST0106,PART0025,2026-05-10,16:50:02,543,61,100,504,PAY002969,Delivered,71
ORD002970,CUST01634,REST0251,PART0014,2026-02-01,01:11:41,628,75,160,543,PAY002970,Delivered,53
ORD002971,CUST00892,REST0281,PART0145,2026-07-10,01:01:48,1141,30,5,1166,PAY002971,Delivered,26
ORD002972,CUST01963,REST0149,PART0010,2025-11-24,06:07:30,385,84,101,368,PAY002972,Delivered,56
ORD002973,CUST00844,REST0082,PART0006,2025-11-24,05:13:57,379,50,92,337,PAY002973,Delivered,46
ORD002974,CUST01761,REST0015,PART0127,2026-06-27,20:44:42,1786,53,376,1463,PAY002974,Delivered,24
ORD002975,CUST01601,REST0177,PART0015,2025-09-26,14:24:52,1981,86,486,1581,PAY002975,Delivered,78
ORD002976,CUST01882,REST0078,PART0058,2025-10-23,09:12:54,860,39,183,716,PAY002976,Delivered,24
ORD002977,CUST01616,REST0014,PART0051,2025-11-25,15:59:01,1698,46,60,1684,PAY002977,Delivered,78
ORD002978,CUST00225,REST0162,PART0113,2026-05-25,15:28:11,1641,29,47,1623,PAY002978,Delivered,18
ORD002979,CUST00843,REST0031,PART0109,2026-06-19,21:09:06,1705,93,388,1410,PAY002979,Delivered,66
ORD002980,CUST02433,REST0144,PART0104,2026-01-21,12:16:16,196,21,22,195,PAY002980,Delivered,65
ORD002981,CUST00561,REST0127,PART0056,2026-05-12,01:25:33,1555,97,125,1527,PAY002981,Delivered,74
ORD002982,CUST01304,REST0268,PART0003,2026-02-14,09:55:05,209,83,6,286,PAY002982,Delivered,18
ORD002983,CUST00199,REST0287,PART0108,2026-01-09,10:57:55,1164,28,140,1052,PAY002983,Delivered,40
ORD002984,CUST00883,REST0016,PART0104,2026-03-30,19:42:43,523,47,76,494,PAY002984,Delivered,58
ORD002985,CUST01169,REST0278,PART0135,2025-08-22,17:16:08,1743,82,300,1525,PAY002985,Delayed,85
ORD002986,CUST01918,REST0172,PART0002,2026-04-01,16:07:17,1426,41,124,1343,PAY002986,Delivered,88
ORD002987,CUST01332,REST0278,PART0037,2026-06-13,18:17:18,531,38,134,435,PAY002987,Cancelled,62
ORD002988,CUST00867,REST0059,PART0148,2025-11-26,04:57:30,879,60,57,882,PAY002988,Delivered,68
ORD002989,CUST00677,REST0121,PART0110,2026-05-08,15:58:39,589,59,132,516,PAY002989,Delivered,78
ORD002990,CUST02004,REST0101,PART0102,2026-02-02,19:54:08,1298,46,280,1064,PAY002990,Cancelled,87
ORD002991,CUST00134,REST0133,PART0061,2025-10-26,07:51:21,642,88,4,726,PAY002991,Delivered,67
ORD002992,CUST01275,REST0212,PART0108,2025-08-09,18:05:31,1049,66,265,850,PAY002992,Cancelled,50
ORD002993,CUST01610,REST0119,PART0126,2026-05-15,22:08:02,1607,54,50,1611,PAY002993,Delivered,26
ORD002994,CUST00433,REST0235,PART0086,2025-12-05,03:46:26,229,71,29,271,PAY002994,Delivered,59
ORD002995,CUST01637,REST0020,PART0032,2025-12-28,21:11:43,1327,76,246,1157,PAY002995,Delivered,48
ORD002996,CUST02101,REST0053,PART0029,2026-03-22,16:23:37,1201,58,2,1257,PAY002996,Delivered,49
ORD002997,CUST01800,REST0092,PART0140,2025-07-26,02:40:02,1786,30,378,1438,PAY002997,Delivered,29
ORD002998,CUST01554,REST0036,PART0019,2026-02-12,05:53:24,1606,47,359,1294,PAY002998,Delivered,68
ORD002999,CUST01258,REST0198,PART0008,2025-09-03,06:19:25,930,35,52,913,PAY002999,Delivered,40
ORD003000,CUST02489,REST0086,PART0103,2025-08-21,23:22:27,305,31,66,270,PAY003000,Delivered,17
ORD003001,CUST01105,REST0195,PART0090,2025-10-12,10:45:03,849,63,181,731,PAY003001,Delayed,48
ORD003002,CUST01011,REST0195,PART0130,2026-01-09,21:22:50,1668,70,256,1482,PAY003002,Delivered,47
ORD003003,CUST01094,REST0014,PART0051,2026-06-03,14:40:45,1173,77,45,1205,PAY003003,Delivered,52
ORD003004,CUST01385,REST0291,PART0091,2025-08-28,09:39:48,1444,60,143,1361,PAY003004,Delivered,67
ORD003005,CUST00029,REST0045,PART0024,2025-08-31,22:51:42,208,21,14,215,PAY003005,Delivered,67
ORD003006,CUST00904,REST0268,PART0097,2026-02-15,00:29:43,461,83,38,506,PAY003006,Delivered,90
ORD003007,CUST00406,REST0228,PART0054,2026-04-19,00:35:38,696,36,176,556,PAY003007,Delivered,64
ORD003008,CUST00227,REST0298,PART0084,2025-11-08,02:02:27,624,88,94,618,PAY003008,Delivered,72
ORD003009,CUST01060,REST0016,PART0147,2025-09-03,06:59:10,1767,94,198,1663,PAY003009,Delivered,25
ORD003010,CUST02227,REST0059,PART0018,2026-06-20,09:36:02,1548,66,16,1598,PAY003010,Delivered,39
ORD003011,CUST00986,REST0141,PART0136,2025-11-28,05:53:05,1795,53,19,1829,PAY003011,Delivered,47
ORD003012,CUST01941,REST0238,PART0009,2025-11-12,11:31:21,707,44,190,561,PAY003012,Delayed,16
ORD003013,CUST01355,REST0296,PART0086,2026-01-08,00:00:06,503,82,146,439,PAY003013,Delayed,30
ORD003014,CUST01045,REST0146,PART0100,2026-01-01,15:08:09,1811,43,363,1491,PAY003014,Delayed,69
ORD003015,CUST00347,REST0244,PART0091,2026-02-16,02:54:29,824,57,35,846,PAY003015,Delivered,70
ORD003016,CUST02051,REST0004,PART0004,2026-07-16,03:01:11,1122,63,86,1099,PAY003016,Delivered,29
ORD003017,CUST01831,REST0105,PART0070,2025-08-17,11:06:09,1670,28,331,1367,PAY003017,Delivered,54
ORD003018,CUST01307,REST0300,PART0048,2026-06-17,22:30:52,1337,56,356,1037,PAY003018,Delivered,44
ORD003019,CUST01677,REST0109,PART0142,2026-01-28,06:09:28,1530,35,417,1148,PAY003019,Delivered,44
ORD003020,CUST02483,REST0250,PART0024,2025-09-25,03:51:45,1015,55,263,807,PAY003020,Delivered,20
ORD003021,CUST01906,REST0285,PART0027,2025-12-17,15:18:07,335,76,1,410,PAY003021,Delivered,31
ORD003022,CUST01660,REST0039,PART0062,2026-05-30,16:59:38,731,63,114,680,PAY003022,Delayed,20
ORD003023,CUST02292,REST0145,PART0024,2026-06-25,04:24:30,1939,92,308,1723,PAY003023,Delivered,51
ORD003024,CUST01437,REST0077,PART0139,2026-01-30,15:46:05,1431,51,160,1322,PAY003024,Delivered,40
ORD003025,CUST01933,REST0184,PART0104,2025-09-29,22:11:11,1139,41,273,907,PAY003025,Delivered,77
ORD003026,CUST00853,REST0025,PART0036,2025-09-09,06:36:36,1286,35,337,984,PAY003026,Delivered,68
ORD003027,CUST01935,REST0050,PART0022,2026-06-07,11:16:43,924,55,233,746,PAY003027,Delivered,58
ORD003028,CUST00266,REST0269,PART0120,2026-04-06,13:12:17,1297,36,373,960,PAY003028,Delivered,19
ORD003029,CUST00299,REST0002,PART0125,2025-10-10,09:38:59,1768,96,284,1580,PAY003029,Delayed,88
ORD003030,CUST00312,REST0154,PART0103,2026-05-13,13:48:36,387,73,15,445,PAY003030,Delivered,47
ORD003031,CUST02387,REST0259,PART0062,2025-07-22,17:37:35,931,30,52,909,PAY003031,Delayed,22
ORD003032,CUST00707,REST0155,PART0126,2025-10-01,09:35:48,1086,66,155,997,PAY003032,Delivered,42
ORD003033,CUST00757,REST0124,PART0128,2026-04-27,01:41:24,1269,63,363,969,PAY003033,Delivered,76
ORD003034,CUST00020,REST0029,PART0121,2026-05-01,09:55:40,1295,83,234,1144,PAY003034,Delivered,86
ORD003035,CUST01396,REST0125,PART0045,2025-11-30,16:43:09,1967,35,150,1852,PAY003035,Delivered,57
ORD003036,CUST02256,REST0084,PART0043,2026-02-05,08:30:11,471,31,7,495,PAY003036,Delivered,66
ORD003037,CUST01676,REST0208,PART0106,2026-03-06,14:55:27,1320,94,30,1384,PAY003037,Delivered,17
ORD003038,CUST00833,REST0282,PART0056,2026-05-15,03:20:17,1258,75,184,1149,PAY003038,Delayed,88
ORD003039,CUST01260,REST0207,PART0136,2025-09-13,04:24:07,1090,28,209,909,PAY003039,Delivered,32
ORD003040,CUST00774,REST0242,PART0003,2026-02-19,20:14:30,1723,20,14,1729,PAY003040,Delivered,90
ORD003041,CUST01997,REST0267,PART0016,2026-06-15,04:53:06,1065,25,125,965,PAY003041,Delivered,82
ORD003042,CUST01781,REST0297,PART0058,2026-02-07,06:59:02,1689,73,470,1292,PAY003042,Delayed,36
ORD003043,CUST02109,REST0121,PART0070,2026-02-05,03:34:05,1171,24,292,903,PAY003043,Delivered,79
ORD003044,CUST01783,REST0252,PART0078,2025-08-03,11:49:08,1366,39,344,1061,PAY003044,Delivered,84
ORD003045,CUST01679,REST0178,PART0016,2026-05-23,00:45:20,1921,72,180,1813,PAY003045,Delivered,75
ORD003046,CUST01394,REST0203,PART0082,2026-02-08,07:10:06,1528,54,415,1167,PAY003046,Delivered,71
ORD003047,CUST01477,REST0142,PART0023,2025-12-04,01:59:32,1024,80,202,902,PAY003047,Delivered,80
ORD003048,CUST02401,REST0139,PART0128,2026-02-10,17:53:51,1178,33,228,983,PAY003048,Delivered,76
ORD003049,CUST00794,REST0158,PART0086,2025-10-13,17:29:42,866,20,20,866,PAY003049,Delivered,31
ORD003050,CUST00736,REST0204,PART0058,2026-04-11,15:29:44,274,43,55,262,PAY003050,Delayed,22
ORD003051,CUST01048,REST0177,PART0044,2026-02-07,09:51:34,406,69,84,391,PAY003051,Cancelled,62
ORD003052,CUST00136,REST0237,PART0067,2025-09-19,00:02:48,644,21,156,509,PAY003052,Delayed,20
ORD003053,CUST01773,REST0264,PART0088,2025-12-08,16:07:30,615,62,22,655,PAY003053,Delivered,33
ORD003054,CUST01961,REST0189,PART0032,2025-09-15,21:26:50,706,79,102,683,PAY003054,Delayed,31
ORD003055,CUST01976,REST0295,PART0007,2025-08-24,03:08:47,1600,91,102,1589,PAY003055,Delivered,22
ORD003056,CUST01672,REST0107,PART0050,2026-04-06,11:33:02,1871,46,409,1508,PAY003056,Delivered,32
ORD003057,CUST01057,REST0067,PART0039,2025-09-18,13:37:36,1039,49,111,977,PAY003057,Delayed,83
ORD003058,CUST02129,REST0119,PART0120,2026-03-19,19:33:26,1577,71,81,1567,PAY003058,Delivered,32
ORD003059,CUST01381,REST0297,PART0054,2026-03-19,14:00:50,1168,42,95,1115,PAY003059,Delivered,28
ORD003060,CUST01932,REST0028,PART0002,2026-06-14,19:42:02,627,49,183,493,PAY003060,Delivered,84
ORD003061,CUST00851,REST0129,PART0009,2026-03-13,07:41:12,789,38,167,660,PAY003061,Delivered,41
ORD003062,CUST00783,REST0120,PART0051,2025-10-12,02:39:52,172,54,12,214,PAY003062,Delivered,30
ORD003063,CUST02185,REST0144,PART0094,2026-06-08,17:20:49,1967,85,215,1837,PAY003063,Delivered,66
ORD003064,CUST01995,REST0281,PART0004,2026-07-12,16:04:05,411,66,82,395,PAY003064,Cancelled,49
ORD003065,CUST02146,REST0191,PART0030,2026-05-03,22:35:25,1050,32,303,779,PAY003065,Delivered,76
ORD003066,CUST00068,REST0198,PART0076,2026-04-20,08:11:48,1320,69,276,1113,PAY003066,Delivered,62
ORD003067,CUST00591,REST0050,PART0095,2025-09-13,07:00:38,779,58,186,651,PAY003067,Delivered,77
ORD003068,CUST00645,REST0223,PART0075,2026-02-11,06:36:51,1771,48,474,1345,PAY003068,Delivered,18
ORD003069,CUST01845,REST0102,PART0110,2026-03-10,00:17:12,572,38,161,449,PAY003069,Delivered,81
ORD003070,CUST01078,REST0068,PART0135,2025-12-27,21:54:18,892,98,104,886,PAY003070,Delivered,86
ORD003071,CUST00906,REST0234,PART0120,2026-06-14,13:40:58,1451,93,19,1525,PAY003071,Delivered,81
ORD003072,CUST01525,REST0012,PART0061,2025-10-02,18:23:47,1537,47,41,1543,PAY003072,Delivered,36
ORD003073,CUST02383,REST0216,PART0089,2025-11-01,08:52:02,1366,85,191,1260,PAY003073,Delivered,61
ORD003074,CUST01359,REST0006,PART0102,2025-08-04,05:41:11,1544,23,65,1502,PAY003074,Delivered,70
ORD003075,CUST00151,REST0207,PART0118,2025-12-18,22:11:51,1945,87,414,1618,PAY003075,Delivered,43
ORD003076,CUST00384,REST0153,PART0146,2025-11-08,09:20:20,1162,73,241,994,PAY003076,Delivered,88
ORD003077,CUST02292,REST0299,PART0092,2025-12-14,14:44:02,1027,51,72,1006,PAY003077,Delivered,26
ORD003078,CUST00759,REST0159,PART0038,2026-07-01,03:18:58,623,87,85,625,PAY003078,Delivered,75
ORD003079,CUST01333,REST0181,PART0145,2026-02-03,20:50:27,495,39,26,508,PAY003079,Delivered,66
ORD003080,CUST00844,REST0294,PART0107,2025-12-26,20:15:29,1536,76,151,1461,PAY003080,Delivered,44
ORD003081,CUST01380,REST0148,PART0002,2026-06-28,08:05:39,1386,52,314,1124,PAY003081,Delivered,40
ORD003082,CUST01172,REST0213,PART0093,2026-01-17,07:31:15,1302,64,164,1202,PAY003082,Delivered,70
ORD003083,CUST00239,REST0263,PART0126,2026-01-13,23:54:24,556,29,120,465,PAY003083,Delivered,42
ORD003084,CUST00065,REST0075,PART0120,2025-11-18,06:18:56,259,39,11,287,PAY003084,Delayed,41
ORD003085,CUST00688,REST0180,PART0100,2025-09-07,02:31:16,1525,68,113,1480,PAY003085,Cancelled,74
ORD003086,CUST02069,REST0232,PART0069,2026-04-22,11:06:12,498,46,72,472,PAY003086,Delivered,87
ORD003087,CUST01604,REST0003,PART0025,2026-07-15,13:55:17,1375,28,218,1185,PAY003087,Delivered,89
ORD003088,CUST01239,REST0281,PART0133,2025-11-09,17:55:52,218,97,1,314,PAY003088,Delivered,70
ORD003089,CUST01812,REST0107,PART0040,2025-07-16,09:05:16,1624,22,382,1264,PAY003089,Delivered,67
ORD003090,CUST02285,REST0293,PART0051,2025-08-14,07:38:07,773,77,198,652,PAY003090,Delivered,75
ORD003091,CUST01145,REST0047,PART0124,2025-10-21,20:21:00,881,98,185,794,PAY003091,Delivered,70
ORD003092,CUST02456,REST0102,PART0127,2026-04-17,08:00:32,1761,98,23,1836,PAY003092,Delivered,27
ORD003093,CUST02291,REST0056,PART0004,2026-02-17,01:49:34,749,66,163,652,PAY003093,Cancelled,51
ORD003094,CUST01715,REST0223,PART0148,2026-04-01,17:07:23,1818,51,278,1591,PAY003094,Delivered,53
ORD003095,CUST02211,REST0226,PART0141,2025-11-14,06:09:51,1161,47,119,1089,PAY003095,Delivered,22
ORD003096,CUST02346,REST0016,PART0085,2025-10-05,07:31:39,417,84,120,381,PAY003096,Cancelled,64
ORD003097,CUST01813,REST0278,PART0078,2026-07-09,17:15:41,329,90,24,395,PAY003097,Delivered,72
ORD003098,CUST02211,REST0258,PART0061,2026-04-27,02:08:21,335,95,67,363,PAY003098,Cancelled,71
ORD003099,CUST00178,REST0207,PART0131,2026-03-11,08:27:32,1819,53,363,1509,PAY003099,Delivered,55
ORD003100,CUST01619,REST0081,PART0083,2026-03-03,22:07:57,588,84,10,662,PAY003100,Delivered,22
ORD003101,CUST02338,REST0200,PART0072,2025-08-11,04:33:03,640,25,130,535,PAY003101,Delivered,65
ORD003102,CUST00911,REST0153,PART0060,2025-08-08,05:46:59,1460,41,135,1366,PAY003102,Delayed,60
ORD003103,CUST01352,REST0091,PART0029,2026-05-05,12:28:56,1232,71,304,999,PAY003103,Delivered,38
ORD003104,CUST00132,REST0121,PART0130,2025-12-22,14:46:08,1554,65,199,1420,PAY003104,Delayed,72
ORD003105,CUST00185,REST0108,PART0085,2025-09-08,17:30:47,160,86,34,212,PAY003105,Delivered,54
ORD003106,CUST01750,REST0001,PART0077,2025-09-10,02:01:35,1423,57,195,1285,PAY003106,Delivered,90
ORD003107,CUST01064,REST0226,PART0071,2026-01-19,00:24:15,584,81,103,562,PAY003107,Delivered,73
ORD003108,CUST00336,REST0219,PART0021,2026-05-31,15:30:00,1654,94,62,1686,PAY003108,Delivered,38
ORD003109,CUST00974,REST0295,PART0104,2025-09-16,11:27:27,387,63,5,445,PAY003109,Delivered,55
ORD003110,CUST02060,REST0036,PART0145,2026-05-09,04:18:52,1278,72,363,987,PAY003110,Delivered,20
ORD003111,CUST01286,REST0267,PART0057,2026-05-25,15:28:04,1763,58,125,1696,PAY003111,Delivered,42
ORD003112,CUST01643,REST0001,PART0026,2025-10-18,09:42:41,913,36,212,737,PAY003112,Delivered,43
ORD003113,CUST00002,REST0014,PART0043,2025-12-15,04:23:48,792,60,191,661,PAY003113,Delivered,90
ORD003114,CUST02125,REST0006,PART0028,2026-05-17,14:45:32,1758,81,197,1642,PAY003114,Delivered,18
ORD003115,CUST01908,REST0049,PART0139,2025-09-16,03:54:30,527,57,90,494,PAY003115,Delivered,26
ORD003116,CUST00372,REST0152,PART0146,2026-03-24,03:44:13,1294,27,197,1124,PAY003116,Delayed,89
ORD003117,CUST01531,REST0019,PART0092,2025-12-25,23:14:29,538,71,160,449,PAY003117,Delivered,58
ORD003118,CUST02430,REST0114,PART0148,2025-12-15,02:10:22,1328,32,343,1017,PAY003118,Delivered,67
ORD003119,CUST01774,REST0253,PART0020,2026-03-02,22:11:32,1047,30,256,821,PAY003119,Delivered,76
ORD003120,CUST01275,REST0076,PART0053,2025-09-29,08:08:35,1248,21,328,941,PAY003120,Delivered,35
ORD003121,CUST02009,REST0052,PART0109,2025-10-20,18:39:46,1615,66,8,1673,PAY003121,Delayed,25
ORD003122,CUST00576,REST0039,PART0050,2026-06-05,06:18:07,1360,48,106,1302,PAY003122,Delivered,50
ORD003123,CUST00173,REST0289,PART0068,2025-11-29,07:49:30,872,40,69,843,PAY003123,Delivered,20
ORD003124,CUST00300,REST0242,PART0127,2025-08-12,15:11:40,1843,47,489,1401,PAY003124,Delivered,61
ORD003125,CUST00633,REST0230,PART0066,2025-10-12,03:06:28,1288,64,197,1155,PAY003125,Cancelled,84
ORD003126,CUST00743,REST0213,PART0034,2025-10-31,12:19:44,968,33,34,967,PAY003126,Delivered,19
ORD003127,CUST01518,REST0038,PART0110,2025-09-08,18:47:26,271,69,75,265,PAY003127,Delivered,55
ORD003128,CUST00452,REST0061,PART0142,2026-06-27,21:47:08,1529,31,86,1474,PAY003128,Delivered,70
ORD003129,CUST00336,REST0063,PART0034,2025-12-19,03:29:20,1852,28,555,1325,PAY003129,Delivered,44
ORD003130,CUST00802,REST0031,PART0047,2025-09-02,04:37:44,1878,97,226,1749,PAY003130,Delivered,56
ORD003131,CUST02029,REST0298,PART0035,2026-04-24,04:24:22,1345,85,393,1037,PAY003131,Delivered,22
ORD003132,CUST00472,REST0146,PART0088,2026-04-29,11:52:33,1763,39,226,1576,PAY003132,Delivered,70
ORD003133,CUST02480,REST0054,PART0006,2026-02-28,19:03:10,1497,84,358,1223,PAY003133,Delayed,89
ORD003134,CUST01658,REST0281,PART0013,2026-04-03,08:14:36,1446,33,292,1187,PAY003134,Delivered,51
ORD003135,CUST00365,REST0034,PART0037,2025-09-13,05:06:04,213,64,20,257,PAY003135,Delivered,21
ORD003136,CUST02126,REST0063,PART0104,2025-10-04,04:16:36,1773,74,6,1841,PAY003136,Delivered,50
ORD003137,CUST00055,REST0130,PART0066,2026-01-04,10:24:20,1561,91,393,1259,PAY003137,Delivered,67
ORD003138,CUST02047,REST0053,PART0066,2025-09-09,13:08:05,1944,89,77,1956,PAY003138,Delivered,19
ORD003139,CUST01741,REST0289,PART0084,2026-04-03,07:30:17,1871,50,279,1642,PAY003139,Delivered,48
ORD003140,CUST01655,REST0006,PART0086,2025-10-31,05:21:40,1309,65,15,1359,PAY003140,Delivered,79
ORD003141,CUST01075,REST0175,PART0102,2026-05-07,14:57:15,997,36,233,800,PAY003141,Delivered,70
ORD003142,CUST02238,REST0179,PART0147,2025-11-20,10:01:42,1291,48,350,989,PAY003142,Delivered,20
ORD003143,CUST01124,REST0041,PART0079,2025-07-20,10:09:59,678,38,155,561,PAY003143,Delivered,33
ORD003144,CUST01471,REST0233,PART0114,2026-03-20,12:47:37,1497,22,148,1371,PAY003144,Delayed,70
ORD003145,CUST02186,REST0148,PART0117,2025-08-30,19:01:57,797,44,172,669,PAY003145,Delayed,66
ORD003146,CUST01415,REST0100,PART0012,2026-02-03,10:19:28,1388,30,307,1111,PAY003146,Delivered,27
ORD003147,CUST00570,REST0269,PART0103,2025-11-14,02:01:07,1904,56,507,1453,PAY003147,Cancelled,30
ORD003148,CUST02125,REST0164,PART0150,2026-02-04,20:04:18,1526,68,455,1139,PAY003148,Cancelled,16
ORD003149,CUST01827,REST0199,PART0022,2025-08-25,02:12:25,415,97,103,409,PAY003149,Delivered,30
ORD003150,CUST01635,REST0223,PART0003,2026-05-11,22:09:57,942,37,276,703,PAY003150,Delivered,39
ORD003151,CUST01107,REST0205,PART0141,2026-03-17,08:15:46,1372,86,65,1393,PAY003151,Delivered,67
ORD003152,CUST01622,REST0190,PART0097,2026-03-05,15:43:03,1482,25,63,1444,PAY003152,Delivered,35
ORD003153,CUST01210,REST0023,PART0041,2026-01-15,04:50:57,1677,82,420,1339,PAY003153,Delayed,23
ORD003154,CUST00845,REST0045,PART0038,2025-10-14,09:52:38,1833,83,135,1781,PAY003154,Delivered,56
ORD003155,CUST01394,REST0078,PART0088,2026-03-29,17:21:57,710,42,51,701,PAY003155,Delivered,64
ORD003156,CUST02141,REST0159,PART0100,2026-01-02,10:46:58,151,86,20,217,PAY003156,Delivered,23
ORD003157,CUST00232,REST0174,PART0039,2025-11-09,07:01:00,518,33,92,459,PAY003157,Delivered,16
ORD003158,CUST00816,REST0045,PART0049,2026-05-31,13:37:39,1649,49,169,1529,PAY003158,Delivered,30
ORD003159,CUST00069,REST0169,PART0059,2025-09-02,17:36:48,707,67,105,669,PAY003159,Delivered,51
ORD003160,CUST00507,REST0004,PART0022,2026-02-11,10:41:45,646,39,32,653,PAY003160,Delivered,33
ORD003161,CUST00927,REST0056,PART0071,2026-04-30,18:13:52,704,53,190,567,PAY003161,Delivered,24
ORD003162,CUST01989,REST0263,PART0057,2026-03-10,03:44:12,1915,23,551,1387,PAY003162,Delivered,48
ORD003163,CUST01974,REST0279,PART0039,2026-01-08,16:48:12,1544,79,448,1175,PAY003163,Cancelled,53
ORD003164,CUST02175,REST0076,PART0059,2025-09-13,22:09:42,347,34,54,327,PAY003164,Delivered,26
ORD003165,CUST02118,REST0042,PART0129,2025-08-12,13:59:34,1157,99,289,967,PAY003165,Delayed,28
ORD003166,CUST00617,REST0160,PART0042,2026-06-23,02:06:03,237,92,49,280,PAY003166,Delivered,67
ORD003167,CUST01783,REST0112,PART0086,2026-05-05,03:54:49,1098,86,315,869,PAY003167,Delivered,61
ORD003168,CUST01421,REST0066,PART0107,2026-07-04,20:19:28,1119,77,144,1052,PAY003168,Cancelled,42
ORD003169,CUST00801,REST0253,PART0039,2026-04-21,20:44:30,1220,88,73,1235,PAY003169,Delayed,55
ORD003170,CUST01319,REST0104,PART0084,2025-11-25,19:39:28,755,43,32,766,PAY003170,Delivered,29
ORD003171,CUST02282,REST0096,PART0142,2026-06-21,03:34:40,1991,79,539,1531,PAY003171,Delivered,18
ORD003172,CUST01378,REST0188,PART0059,2025-10-29,21:58:25,244,51,32,263,PAY003172,Delivered,85
ORD003173,CUST00651,REST0004,PART0068,2025-08-01,03:40:30,532,85,120,497,PAY003173,Delivered,71
ORD003174,CUST01552,REST0023,PART0137,2025-12-11,09:38:44,1118,75,194,999,PAY003174,Cancelled,31
ORD003175,CUST00324,REST0067,PART0015,2026-06-06,16:18:28,807,84,114,777,PAY003175,Delivered,75
ORD003176,CUST01598,REST0285,PART0093,2026-06-27,07:36:07,575,29,55,549,PAY003176,Delivered,39
ORD003177,CUST00526,REST0049,PART0009,2025-10-23,10:46:50,910,37,202,745,PAY003177,Delivered,76
ORD003178,CUST01079,REST0113,PART0001,2025-08-29,01:30:51,1607,30,131,1506,PAY003178,Delivered,30
ORD003179,CUST01137,REST0147,PART0092,2026-03-16,16:54:28,1799,69,83,1785,PAY003179,Delivered,33
ORD003180,CUST01253,REST0181,PART0119,2026-01-13,10:07:35,1764,96,391,1469,PAY003180,Delivered,54
ORD003181,CUST02438,REST0246,PART0025,2025-12-28,15:33:58,569,47,17,599,PAY003181,Delivered,30
ORD003182,CUST01134,REST0298,PART0116,2026-02-28,10:11:14,614,49,62,601,PAY003182,Cancelled,36
ORD003183,CUST00104,REST0024,PART0053,2025-09-19,15:54:56,1107,23,47,1083,PAY003183,Delivered,53
ORD003184,CUST02457,REST0255,PART0094,2026-06-21,12:57:44,753,58,153,658,PAY003184,Delivered,84
ORD003185,CUST00282,REST0272,PART0135,2026-04-17,21:14:27,1816,90,423,1483,PAY003185,Delivered,79
ORD003186,CUST01653,REST0028,PART0034,2026-04-10,18:27:04,1865,80,524,1421,PAY003186,Delivered,29
ORD003187,CUST02045,REST0131,PART0056,2026-06-17,08:53:37,1322,95,78,1339,PAY003187,Delivered,73
ORD003188,CUST02012,REST0148,PART0150,2026-05-20,18:39:17,599,85,32,652,PAY003188,Cancelled,20
ORD003189,CUST00763,REST0118,PART0083,2026-01-21,11:47:43,390,40,21,409,PAY003189,Delayed,48
ORD003190,CUST01188,REST0231,PART0053,2026-05-06,19:08:49,233,76,1,308,PAY003190,Delayed,30
ORD003191,CUST01624,REST0285,PART0119,2025-11-06,07:06:18,1648,87,111,1624,PAY003191,Delivered,54
ORD003192,CUST00027,REST0236,PART0005,2025-10-11,11:31:37,1115,83,130,1068,PAY003192,Delivered,43
ORD003193,CUST01648,REST0007,PART0001,2026-02-04,07:00:27,938,72,180,830,PAY003193,Delivered,72
ORD003194,CUST02252,REST0080,PART0031,2025-08-25,06:17:20,1618,37,82,1573,PAY003194,Cancelled,38
ORD003195,CUST01702,REST0276,PART0043,2025-08-19,15:21:06,1339,47,257,1129,PAY003195,Delivered,76
ORD003196,CUST00548,REST0219,PART0067,2026-04-26,10:16:58,1768,53,450,1371,PAY003196,Delivered,42
ORD003197,CUST01227,REST0185,PART0111,2026-03-07,13:06:18,571,45,2,614,PAY003197,Delivered,87
ORD003198,CUST01643,REST0204,PART0009,2026-03-05,21:18:52,1506,24,205,1325,PAY003198,Delivered,49
ORD003199,CUST00745,REST0104,PART0065,2026-06-17,04:58:09,871,49,48,872,PAY003199,Delivered,48
ORD003200,CUST01136,REST0297,PART0144,2025-12-04,00:59:49,846,86,207,725,PAY003200,Delayed,26
ORD003201,CUST01440,REST0051,PART0040,2025-10-17,22:48:06,1216,59,221,1054,PAY003201,Delivered,48
ORD003202,CUST01593,REST0121,PART0120,2026-06-18,20:49:35,392,23,111,304,PAY003202,Delivered,86
ORD003203,CUST02291,REST0116,PART0097,2026-06-11,08:02:37,1120,22,157,985,PAY003203,Delivered,47
ORD003204,CUST01683,REST0174,PART0149,2026-03-31,11:12:28,344,30,88,286,PAY003204,Delivered,59
ORD003205,CUST01525,REST0294,PART0067,2026-01-24,07:09:44,1661,90,412,1339,PAY003205,Delivered,36
ORD003206,CUST02351,REST0102,PART0027,2026-06-06,04:29:10,1425,51,255,1221,PAY003206,Delivered,41
ORD003207,CUST02361,REST0255,PART0046,2026-04-14,17:10:08,546,70,86,530,PAY003207,Delivered,77
ORD003208,CUST02017,REST0244,PART0125,2025-12-31,04:46:21,1094,74,266,902,PAY003208,Delivered,61
ORD003209,CUST01742,REST0037,PART0054,2025-12-27,00:04:46,579,66,143,502,PAY003209,Delivered,54
ORD003210,CUST00299,REST0300,PART0089,2025-08-07,05:49:54,1144,52,304,892,PAY003210,Delivered,43
ORD003211,CUST02230,REST0153,PART0046,2026-03-21,00:56:28,198,90,41,247,PAY003211,Delivered,70
ORD003212,CUST00822,REST0007,PART0126,2025-08-26,02:14:04,1900,36,196,1740,PAY003212,Delivered,66
ORD003213,CUST00385,REST0039,PART0021,2026-06-17,05:44:06,894,23,16,901,PAY003213,Delivered,43
ORD003214,CUST02154,REST0001,PART0079,2026-05-11,06:12:17,367,62,39,390,PAY003214,Delivered,51
ORD003215,CUST01029,REST0256,PART0041,2025-11-02,01:28:42,1684,45,211,1518,PAY003215,Delivered,24
ORD003216,CUST00357,REST0002,PART0135,2026-06-08,08:49:47,1348,97,6,1439,PAY003216,Delivered,65
ORD003217,CUST01886,REST0010,PART0080,2026-04-23,10:26:56,1788,69,256,1601,PAY003217,Delivered,88
ORD003218,CUST02173,REST0014,PART0098,2026-04-26,16:39:07,851,81,114,818,PAY003218,Delivered,73
ORD003219,CUST00947,REST0199,PART0116,2025-10-31,09:02:45,1322,68,236,1154,PAY003219,Delivered,38
ORD003220,CUST00185,REST0093,PART0050,2026-07-02,14:29:57,1346,70,60,1356,PAY003220,Delayed,73
ORD003221,CUST00711,REST0030,PART0094,2025-10-21,23:32:01,1035,59,114,980,PAY003221,Delayed,80
ORD003222,CUST00649,REST0137,PART0093,2026-03-21,21:29:53,1312,92,224,1180,PAY003222,Delivered,75
ORD003223,CUST01819,REST0101,PART0041,2026-01-29,11:03:01,1511,66,185,1392,PAY003223,Delivered,77
ORD003224,CUST01375,REST0158,PART0025,2025-11-20,22:42:23,164,35,7,192,PAY003224,Delivered,74
ORD003225,CUST01695,REST0003,PART0109,2025-12-26,05:10:12,571,100,46,625,PAY003225,Delivered,80
ORD003226,CUST02196,REST0282,PART0108,2026-04-01,06:28:55,982,85,282,785,PAY003226,Delivered,23
ORD003227,CUST02478,REST0243,PART0052,2026-06-06,00:38:16,1698,87,175,1610,PAY003227,Cancelled,59
ORD003228,CUST00871,REST0100,PART0106,2025-10-21,19:36:10,1915,95,300,1710,PAY003228,Delivered,50
ORD003229,CUST00690,REST0196,PART0052,2025-12-01,18:06:58,1959,83,52,1990,PAY003229,Delivered,34
ORD003230,CUST01437,REST0202,PART0068,2025-08-17,12:16:41,960,83,217,826,PAY003230,Delivered,57
ORD003231,CUST01063,REST0299,PART0068,2025-07-21,06:16:19,1060,69,197,932,PAY003231,Delivered,71
ORD003232,CUST01127,REST0227,PART0065,2025-08-24,12:24:03,864,65,122,807,PAY003232,Delivered,55
ORD003233,CUST00097,REST0187,PART0062,2026-04-19,04:19:29,1618,36,129,1525,PAY003233,Delivered,71
ORD003234,CUST02291,REST0140,PART0135,2026-05-25,06:10:37,497,96,1,592,PAY003234,Delayed,65
ORD003235,CUST01364,REST0014,PART0061,2026-01-20,19:26:03,1949,49,264,1734,PAY003235,Cancelled,71
ORD003236,CUST02151,REST0004,PART0096,2025-10-18,12:19:55,1284,24,246,1062,PAY003236,Delivered,44
ORD003237,CUST01524,REST0207,PART0149,2026-02-28,17:41:44,592,45,136,501,PAY003237,Delivered,39
ORD003238,CUST01015,REST0209,PART0098,2026-01-24,11:18:12,1627,97,61,1663,PAY003238,Delivered,53
ORD003239,CUST01945,REST0114,PART0118,2025-10-10,05:16:44,237,55,3,289,PAY003239,Delivered,41
ORD003240,CUST01441,REST0001,PART0099,2026-03-02,19:05:53,1794,55,89,1760,PAY003240,Delivered,42
ORD003241,CUST01288,REST0053,PART0012,2025-12-31,16:47:37,1810,52,30,1832,PAY003241,Delivered,33
ORD003242,CUST02184,REST0232,PART0149,2026-03-31,17:53:56,889,86,117,858,PAY003242,Delivered,70
ORD003243,CUST01914,REST0144,PART0110,2025-10-27,10:48:01,563,57,101,519,PAY003243,Delivered,49
ORD003244,CUST01015,REST0112,PART0035,2025-08-25,14:49:12,1918,75,38,1955,PAY003244,Delivered,77
ORD003245,CUST01084,REST0058,PART0086,2026-05-15,12:30:42,1833,93,485,1441,PAY003245,Delivered,33
ORD003246,CUST00286,REST0028,PART0023,2026-06-02,03:06:03,1601,93,145,1549,PAY003246,Delivered,17
ORD003247,CUST00184,REST0248,PART0137,2026-04-17,09:45:42,1436,82,223,1295,PAY003247,Delivered,29
ORD003248,CUST01225,REST0266,PART0068,2026-01-21,16:59:42,821,34,100,755,PAY003248,Delivered,90
ORD003249,CUST01923,REST0104,PART0133,2026-02-18,23:37:19,1124,92,324,892,PAY003249,Delivered,40
ORD003250,CUST00358,REST0135,PART0065,2026-03-08,20:05:32,1917,22,437,1502,PAY003250,Delivered,42
ORD003251,CUST01938,REST0271,PART0054,2026-06-06,11:02:15,1065,67,138,994,PAY003251,Delivered,58
ORD003252,CUST01679,REST0017,PART0048,2026-02-20,21:45:11,1805,64,187,1682,PAY003252,Delivered,74
ORD003253,CUST02163,REST0241,PART0086,2025-12-09,04:42:36,1637,71,440,1268,PAY003253,Delivered,70
ORD003254,CUST02220,REST0062,PART0041,2026-03-08,19:58:23,273,81,10,344,PAY003254,Delivered,38
ORD003255,CUST00895,REST0292,PART0029,2026-02-02,18:54:46,1958,71,97,1932,PAY003255,Delivered,31
ORD003256,CUST01491,REST0267,PART0077,2026-06-19,06:26:49,1157,79,129,1107,PAY003256,Delivered,28
ORD003257,CUST02051,REST0229,PART0003,2026-07-10,13:40:57,658,83,105,636,PAY003257,Delivered,57
ORD003258,CUST02371,REST0034,PART0012,2026-04-01,11:52:28,1744,21,501,1264,PAY003258,Delivered,66
ORD003259,CUST01751,REST0137,PART0011,2025-12-11,19:45:48,393,23,104,312,PAY003259,Delivered,78
ORD003260,CUST02204,REST0155,PART0113,2025-08-01,14:12:13,1081,87,104,1064,PAY003260,Delivered,82
ORD003261,CUST00934,REST0131,PART0133,2026-03-06,21:41:28,1199,45,5,1239,PAY003261,Delivered,59
ORD003262,CUST01167,REST0004,PART0075,2025-08-27,02:32:20,586,75,84,577,PAY003262,Delivered,48
ORD003263,CUST02106,REST0030,PART0003,2026-03-02,12:11:16,414,81,23,472,PAY003263,Delivered,39
ORD003264,CUST02073,REST0126,PART0100,2026-06-06,18:26:05,1925,77,567,1435,PAY003264,Delivered,47
ORD003265,CUST02018,REST0266,PART0084,2026-05-20,10:40:47,1664,30,219,1475,PAY003265,Delivered,79
ORD003266,CUST02257,REST0288,PART0147,2026-03-22,19:58:58,684,54,10,728,PAY003266,Delivered,55
ORD003267,CUST00763,REST0018,PART0119,2025-08-23,12:35:37,591,23,51,563,PAY003267,Delayed,62
ORD003268,CUST01734,REST0028,PART0032,2026-02-24,19:00:38,160,63,9,214,PAY003268,Delivered,61
ORD003269,CUST02487,REST0206,PART0098,2025-08-22,02:27:01,573,24,33,564,PAY003269,Delivered,40
ORD003270,CUST00677,REST0126,PART0092,2025-08-30,20:43:22,193,96,52,237,PAY003270,Delivered,66
ORD003271,CUST00121,REST0226,PART0031,2026-05-08,23:04:26,692,20,62,650,PAY003271,Delivered,60
ORD003272,CUST01897,REST0107,PART0042,2025-10-16,21:50:18,1798,27,184,1641,PAY003272,Delivered,18
ORD003273,CUST00881,REST0048,PART0143,2025-12-03,07:46:02,448,100,91,457,PAY003273,Delivered,56
ORD003274,CUST00822,REST0041,PART0137,2026-02-26,12:55:17,195,57,8,244,PAY003274,Delivered,32
ORD003275,CUST02119,REST0065,PART0015,2026-04-03,10:57:57,1702,69,477,1294,PAY003275,Delivered,53
ORD003276,CUST02321,REST0122,PART0015,2026-04-17,16:59:47,1940,35,33,1942,PAY003276,Delivered,59
ORD003277,CUST01837,REST0112,PART0133,2026-07-02,05:43:17,1236,56,362,930,PAY003277,Delivered,60
ORD003278,CUST01832,REST0105,PART0135,2026-03-07,17:40:10,1699,82,307,1474,PAY003278,Delivered,34
ORD003279,CUST00970,REST0270,PART0027,2025-12-27,01:31:34,1851,62,335,1578,PAY003279,Delivered,62
ORD003280,CUST00596,REST0097,PART0132,2026-05-28,20:47:07,1247,40,248,1039,PAY003280,Delivered,32
ORD003281,CUST01455,REST0051,PART0130,2025-12-16,03:45:44,712,36,150,598,PAY003281,Delivered,58
ORD003282,CUST01913,REST0215,PART0136,2026-04-21,04:43:50,1933,66,373,1626,PAY003282,Delivered,82
ORD003283,CUST00169,REST0125,PART0014,2026-05-01,07:15:42,839,63,151,751,PAY003283,Delivered,80
ORD003284,CUST01345,REST0156,PART0068,2025-07-31,17:21:35,1327,74,372,1029,PAY003284,Delivered,79
ORD003285,CUST00062,REST0151,PART0132,2025-11-28,02:54:14,943,33,173,803,PAY003285,Cancelled,85
ORD003286,CUST01333,REST0016,PART0131,2026-03-24,13:05:37,1664,34,453,1245,PAY003286,Cancelled,88
ORD003287,CUST01190,REST0022,PART0061,2026-05-18,07:45:18,740,72,182,630,PAY003287,Delayed,57
ORD003288,CUST01480,REST0178,PART0091,2026-01-03,05:10:24,1058,72,304,826,PAY003288,Delivered,41
ORD003289,CUST02093,REST0040,PART0016,2026-06-12,05:10:46,1913,62,520,1455,PAY003289,Delivered,79
ORD003290,CUST01797,REST0169,PART0077,2026-01-11,04:13:39,1509,39,228,1320,PAY003290,Delivered,72
ORD003291,CUST01113,REST0191,PART0148,2026-02-23,21:45:14,1435,83,252,1266,PAY003291,Delivered,38
ORD003292,CUST00889,REST0264,PART0115,2026-06-16,13:22:05,731,35,32,734,PAY003292,Delivered,33
ORD003293,CUST01018,REST0248,PART0121,2026-02-04,06:19:06,1658,95,415,1338,PAY003293,Delivered,19
ORD003294,CUST01356,REST0187,PART0073,2025-07-30,17:13:53,1160,27,145,1042,PAY003294,Delivered,85
ORD003295,CUST01087,REST0055,PART0112,2026-07-16,09:03:47,1315,73,236,1152,PAY003295,Delivered,69
ORD003296,CUST01728,REST0251,PART0031,2025-12-18,01:52:39,554,92,87,559,PAY003296,Cancelled,34
ORD003297,CUST00123,REST0087,PART0116,2026-05-28,00:59:55,1350,48,175,1223,PAY003297,Delivered,70
ORD003298,CUST00086,REST0193,PART0078,2026-05-24,22:59:30,689,99,187,601,PAY003298,Cancelled,30
ORD003299,CUST01628,REST0185,PART0051,2026-03-17,04:16:45,1155,38,247,946,PAY003299,Delivered,23
ORD003300,CUST00828,REST0142,PART0027,2026-05-01,07:58:31,1823,67,115,1775,PAY003300,Cancelled,78
ORD003301,CUST01494,REST0173,PART0143,2026-05-14,05:50:09,844,56,245,655,PAY003301,Delivered,45
ORD003302,CUST01490,REST0223,PART0048,2025-12-30,22:26:05,873,65,172,766,PAY003302,Delivered,30
ORD003303,CUST01528,REST0248,PART0107,2026-04-02,01:57:39,1293,47,104,1236,PAY003303,Delivered,68
ORD003304,CUST01459,REST0004,PART0078,2026-07-03,21:43:23,260,91,78,273,PAY003304,Delayed,89
ORD003305,CUST00209,REST0151,PART0052,2025-07-26,04:46:45,211,84,53,242,PAY003305,Delivered,25
ORD003306,CUST01932,REST0287,PART0083,2025-10-08,03:25:34,331,67,42,356,PAY003306,Delivered,35
ORD003307,CUST02389,REST0119,PART0058,2026-02-21,09:57:45,1431,94,233,1292,PAY003307,Delivered,65
ORD003308,CUST00281,REST0216,PART0010,2025-09-24,10:23:21,935,25,124,836,PAY003308,Delivered,82
ORD003309,CUST02238,REST0180,PART0007,2025-07-25,14:50:03,1959,86,518,1527,PAY003309,Delivered,26
ORD003310,CUST02447,REST0041,PART0024,2026-03-18,02:40:34,904,67,100,871,PAY003310,Delivered,28
ORD003311,CUST00180,REST0083,PART0104,2025-11-20,23:56:32,1872,46,177,1741,PAY003311,Delivered,51
ORD003312,CUST00973,REST0112,PART0147,2025-08-23,14:42:49,217,98,24,291,PAY003312,Delivered,70
ORD003313,CUST00758,REST0002,PART0061,2025-11-06,18:00:34,1173,95,21,1247,PAY003313,Delivered,84
ORD003314,CUST00695,REST0033,PART0144,2026-07-08,19:03:19,1453,77,265,1265,PAY003314,Delivered,83
ORD003315,CUST01161,REST0231,PART0134,2025-12-23,07:15:05,582,87,76,593,PAY003315,Delivered,27
ORD003316,CUST01656,REST0128,PART0070,2026-05-23,15:59:50,1732,77,442,1367,PAY003316,Cancelled,32
ORD003317,CUST00380,REST0096,PART0076,2025-07-27,06:15:43,626,58,131,553,PAY003317,Delivered,38
ORD003318,CUST01140,REST0077,PART0106,2026-04-25,09:05:56,1040,57,246,851,PAY003318,Delivered,54
ORD003319,CUST01897,REST0287,PART0050,2026-01-09,13:49:42,1887,23,263,1647,PAY003319,Delivered,36
ORD003320,CUST00982,REST0227,PART0084,2026-06-11,03:03:14,1377,75,208,1244,PAY003320,Delivered,81
ORD003321,CUST01818,REST0155,PART0070,2026-06-27,05:59:52,1548,90,242,1396,PAY003321,Delivered,87
ORD003322,CUST01827,REST0046,PART0079,2025-10-22,16:42:56,787,69,134,722,PAY003322,Delivered,47
ORD003323,CUST02331,REST0172,PART0064,2025-12-02,12:04:58,1820,98,222,1696,PAY003323,Delivered,26
ORD003324,CUST01274,REST0074,PART0051,2026-05-30,01:32:18,826,75,103,798,PAY003324,Delivered,50
ORD003325,CUST02390,REST0006,PART0143,2026-04-07,11:55:20,462,100,96,466,PAY003325,Delivered,87
ORD003326,CUST01600,REST0215,PART0133,2025-11-26,20:34:04,699,95,99,695,PAY003326,Delivered,23
ORD003327,CUST00570,REST0296,PART0038,2025-11-30,02:11:49,1504,88,93,1499,PAY003327,Delivered,46
ORD003328,CUST02010,REST0071,PART0048,2025-10-20,19:51:14,695,69,143,621,PAY003328,Delivered,21
ORD003329,CUST01991,REST0286,PART0070,2025-10-31,16:11:36,1107,46,117,1036,PAY003329,Delivered,21
ORD003330,CUST02109,REST0212,PART0126,2026-01-05,10:52:42,1533,28,104,1457,PAY003330,Delivered,53
ORD003331,CUST01002,REST0027,PART0068,2026-05-16,14:29:48,819,83,128,774,PAY003331,Delivered,57
ORD003332,CUST01334,REST0231,PART0103,2025-08-03,19:18:43,1346,69,351,1064,PAY003332,Delayed,62
ORD003333,CUST00009,REST0028,PART0091,2025-11-19,06:28:00,1178,69,287,960,PAY003333,Delivered,58
ORD003334,CUST01962,REST0218,PART0067,2026-01-10,04:34:05,1890,36,405,1521,PAY003334,Delivered,47
ORD003335,CUST00919,REST0085,PART0120,2026-04-13,17:55:02,690,47,106,631,PAY003335,Delivered,19
ORD003336,CUST01780,REST0182,PART0050,2026-03-19,18:37:30,991,33,130,894,PAY003336,Delivered,47
ORD003337,CUST01196,REST0078,PART0023,2025-10-26,10:44:54,513,25,15,523,PAY003337,Delivered,80
ORD003338,CUST00409,REST0189,PART0036,2026-05-10,17:46:01,1057,52,233,876,PAY003338,Delivered,21
ORD003339,CUST02353,REST0048,PART0147,2026-05-20,11:03:44,817,30,161,686,PAY003339,Delivered,82
ORD003340,CUST01394,REST0210,PART0096,2025-09-16,14:37:08,1523,22,411,1134,PAY003340,Delivered,27
ORD003341,CUST01309,REST0026,PART0140,2025-10-05,13:21:52,608,60,140,528,PAY003341,Delivered,26
ORD003342,CUST02305,REST0257,PART0122,2026-02-18,03:10:55,534,43,47,530,PAY003342,Delivered,69
ORD003343,CUST02007,REST0025,PART0072,2026-05-11,14:15:05,1604,46,95,1555,PAY003343,Delivered,31
ORD003344,CUST00007,REST0206,PART0011,2026-06-16,14:02:09,568,90,24,634,PAY003344,Delivered,79
ORD003345,CUST00157,REST0187,PART0039,2026-02-13,18:47:23,308,82,5,385,PAY003345,Delivered,31
ORD003346,CUST01432,REST0236,PART0076,2026-03-25,00:15:50,316,87,34,369,PAY003346,Delayed,89
ORD003347,CUST01368,REST0068,PART0122,2025-11-18,05:56:30,891,99,10,980,PAY003347,Delivered,17
ORD003348,CUST00392,REST0058,PART0075,2026-04-29,21:39:38,869,98,219,748,PAY003348,Delayed,42
ORD003349,CUST00184,REST0160,PART0002,2025-12-19,02:22:24,2000,84,198,1886,PAY003349,Delivered,76
ORD003350,CUST00905,REST0021,PART0110,2026-05-04,19:14:07,1648,66,63,1651,PAY003350,Delivered,24
ORD003351,CUST00446,REST0206,PART0141,2025-11-28,14:24:43,1369,39,71,1337,PAY003351,Delivered,90
ORD003352,CUST00824,REST0236,PART0029,2026-05-15,12:56:36,738,63,205,596,PAY003352,Delivered,51
ORD003353,CUST01161,REST0126,PART0022,2026-05-28,22:31:05,639,39,11,667,PAY003353,Delivered,31
ORD003354,CUST00357,REST0092,PART0106,2025-09-21,01:29:19,727,51,204,574,PAY003354,Delivered,69
ORD003355,CUST00719,REST0114,PART0052,2026-06-09,07:09:05,869,70,22,917,PAY003355,Delayed,66
ORD003356,CUST02090,REST0012,PART0108,2026-01-26,08:36:17,997,65,173,889,PAY003356,Delivered,33
ORD003357,CUST01386,REST0077,PART0108,2026-06-13,22:18:53,1079,61,169,971,PAY003357,Delivered,73
ORD003358,CUST01660,REST0243,PART0015,2025-08-19,18:06:55,1981,26,247,1760,PAY003358,Delayed,33
ORD003359,CUST00032,REST0004,PART0092,2025-11-22,20:41:27,1632,60,57,1635,PAY003359,Delivered,70
ORD003360,CUST02372,REST0002,PART0082,2025-11-29,20:50:57,1148,25,218,955,PAY003360,Delivered,74
ORD003361,CUST00341,REST0268,PART0024,2026-03-12,15:04:54,1732,29,182,1579,PAY003361,Delivered,64
ORD003362,CUST00739,REST0124,PART0094,2026-02-10,06:30:12,1930,96,207,1819,PAY003362,Delivered,39
ORD003363,CUST00069,REST0190,PART0070,2026-04-29,13:46:50,1795,49,236,1608,PAY003363,Delivered,82
ORD003364,CUST01310,REST0042,PART0108,2026-05-24,22:23:12,1653,94,358,1389,PAY003364,Delivered,57
ORD003365,CUST02383,REST0152,PART0049,2026-06-06,00:04:23,1824,27,452,1399,PAY003365,Delivered,33
ORD003366,CUST00132,REST0076,PART0070,2025-10-12,14:54:24,1596,87,116,1567,PAY003366,Delayed,37
ORD003367,CUST02165,REST0172,PART0085,2025-11-16,04:06:14,1549,53,211,1391,PAY003367,Delivered,29
ORD003368,CUST00142,REST0156,PART0018,2026-06-03,01:40:42,200,38,46,192,PAY003368,Delivered,23
ORD003369,CUST02067,REST0017,PART0081,2025-11-12,00:22:56,1604,59,278,1385,PAY003369,Delivered,27
ORD003370,CUST01166,REST0201,PART0094,2025-08-24,13:57:33,1392,48,97,1343,PAY003370,Delivered,46
ORD003371,CUST00027,REST0162,PART0124,2026-07-06,06:29:10,1003,45,121,927,PAY003371,Delivered,62
ORD003372,CUST00012,REST0296,PART0139,2026-04-22,14:46:00,546,79,13,612,PAY003372,Delivered,51
ORD003373,CUST01847,REST0230,PART0009,2025-08-20,08:41:01,980,53,119,914,PAY003373,Delivered,33
ORD003374,CUST01105,REST0226,PART0016,2026-03-21,13:54:50,1760,79,10,1829,PAY003374,Delivered,29
ORD003375,CUST02261,REST0115,PART0055,2025-12-20,22:35:40,848,99,43,904,PAY003375,Cancelled,87
ORD003376,CUST01560,REST0271,PART0028,2025-11-14,18:27:29,1069,89,191,967,PAY003376,Delivered,73
ORD003377,CUST00151,REST0182,PART0025,2026-03-14,17:23:07,1389,76,191,1274,PAY003377,Delivered,78
ORD003378,CUST00126,REST0036,PART0015,2026-01-25,07:57:49,1561,92,122,1531,PAY003378,Delayed,59
ORD003379,CUST01551,REST0281,PART0049,2026-03-21,14:07:51,1977,95,85,1987,PAY003379,Delivered,46
ORD003380,CUST01540,REST0148,PART0128,2025-09-26,13:13:42,1149,95,108,1136,PAY003380,Delivered,18
ORD003381,CUST01229,REST0023,PART0099,2026-05-06,01:29:02,1383,52,370,1065,PAY003381,Delivered,59
ORD003382,CUST01369,REST0293,PART0052,2025-12-11,20:46:50,1931,65,152,1844,PAY003382,Delivered,62
ORD003383,CUST01566,REST0189,PART0002,2025-10-02,17:57:29,193,83,54,222,PAY003383,Delivered,88
ORD003384,CUST01921,REST0276,PART0083,2025-10-27,00:47:31,952,43,6,989,PAY003384,Delivered,69
ORD003385,CUST00454,REST0298,PART0041,2026-06-13,16:03:59,1486,43,230,1299,PAY003385,Delayed,67
ORD003386,CUST00266,REST0063,PART0144,2026-04-16,23:12:04,1706,36,392,1350,PAY003386,Delivered,70
ORD003387,CUST00109,REST0113,PART0112,2026-01-20,18:25:35,1912,22,120,1814,PAY003387,Delivered,15
ORD003388,CUST01141,REST0293,PART0001,2025-11-29,09:33:50,1479,28,301,1206,PAY003388,Delivered,86
ORD003389,CUST00201,REST0101,PART0035,2025-11-24,02:52:16,1488,79,25,1542,PAY003389,Delivered,78
ORD003390,CUST00099,REST0177,PART0135,2026-05-25,05:18:03,1515,41,270,1286,PAY003390,Delivered,74
ORD003391,CUST00204,REST0044,PART0072,2026-01-02,06:05:44,1836,82,507,1411,PAY003391,Delivered,90
ORD003392,CUST00412,REST0054,PART0145,2026-06-29,03:04:07,424,69,33,460,PAY003392,Delivered,57
ORD003393,CUST01254,REST0223,PART0008,2025-12-03,14:52:23,1476,96,205,1367,PAY003393,Delivered,77
ORD003394,CUST01483,REST0200,PART0145,2026-05-05,08:45:58,564,60,152,472,PAY003394,Delivered,29
ORD003395,CUST00152,REST0182,PART0031,2025-09-16,01:48:19,1824,41,152,1713,PAY003395,Delayed,41
ORD003396,CUST01883,REST0145,PART0136,2025-09-19,16:43:42,971,50,291,730,PAY003396,Delivered,37
ORD003397,CUST01462,REST0055,PART0109,2025-11-18,14:07:52,241,26,63,204,PAY003397,Delivered,74
ORD003398,CUST01937,REST0097,PART0093,2025-07-22,10:14:43,1950,87,426,1611,PAY003398,Delivered,84
ORD003399,CUST00463,REST0251,PART0128,2025-08-28,12:51:59,1278,36,374,940,PAY003399,Delivered,48
ORD003400,CUST01848,REST0123,PART0096,2025-09-27,22:45:38,1070,56,255,871,PAY003400,Delivered,57
ORD003401,CUST00964,REST0191,PART0099,2026-02-27,04:59:51,778,47,137,688,PAY003401,Delivered,89
ORD003402,CUST01437,REST0075,PART0010,2025-11-13,20:07:07,1111,35,90,1056,PAY003402,Delivered,25
ORD003403,CUST01042,REST0219,PART0148,2026-07-04,04:42:16,559,27,97,489,PAY003403,Delivered,30
ORD003404,CUST02365,REST0046,PART0146,2026-01-28,19:09:55,931,82,57,956,PAY003404,Delivered,68
ORD003405,CUST01514,REST0123,PART0010,2026-04-14,04:23:33,1328,44,107,1265,PAY003405,Cancelled,42
ORD003406,CUST02281,REST0111,PART0011,2026-03-22,16:32:02,1716,91,489,1318,PAY003406,Delivered,56
ORD003407,CUST01956,REST0192,PART0060,2026-02-18,21:53:36,1236,36,263,1009,PAY003407,Delivered,45
ORD003408,CUST01735,REST0088,PART0014,2025-11-08,06:36:37,1876,62,182,1756,PAY003408,Delivered,32
ORD003409,CUST02249,REST0252,PART0065,2026-05-06,03:24:17,1533,55,397,1191,PAY003409,Delivered,76
ORD003410,CUST02288,REST0081,PART0104,2026-02-18,16:38:10,403,34,23,414,PAY003410,Delivered,90
ORD003411,CUST00501,REST0232,PART0060,2026-02-10,06:41:10,553,57,94,516,PAY003411,Delivered,88
ORD003412,CUST02372,REST0114,PART0022,2025-09-23,08:00:56,1789,36,140,1685,PAY003412,Delivered,71
ORD003413,CUST00034,REST0126,PART0146,2025-12-17,19:09:09,1195,75,171,1099,PAY003413,Delayed,50
ORD003414,CUST01334,REST0247,PART0127,2026-03-13,10:21:33,914,27,161,780,PAY003414,Delivered,76
ORD003415,CUST00835,REST0038,PART0033,2026-04-12,09:35:24,311,78,38,351,PAY003415,Delivered,53
ORD003416,CUST01433,REST0127,PART0129,2025-08-14,17:33:38,768,60,52,776,PAY003416,Delivered,24
ORD003417,CUST01441,REST0017,PART0037,2025-10-01,09:03:39,1562,62,253,1371,PAY003417,Delayed,73
ORD003418,CUST02112,REST0018,PART0049,2025-08-21,12:00:16,252,99,34,317,PAY003418,Delivered,63
ORD003419,CUST01444,REST0214,PART0048,2025-08-20,09:42:23,1587,67,230,1424,PAY003419,Delivered,47
ORD003420,CUST01667,REST0275,PART0097,2026-04-18,14:59:44,558,93,25,626,PAY003420,Delivered,73
ORD003421,CUST01330,REST0009,PART0103,2026-03-05,11:16:13,1801,86,322,1565,PAY003421,Delivered,88
ORD003422,CUST01117,REST0137,PART0028,2026-07-06,11:23:19,616,94,164,546,PAY003422,Delivered,22
ORD003423,CUST01994,REST0243,PART0067,2026-06-21,19:24:01,182,58,9,231,PAY003423,Delivered,39
ORD003424,CUST00470,REST0001,PART0028,2026-03-30,19:10:20,720,94,38,776,PAY003424,Cancelled,82
ORD003425,CUST00466,REST0110,PART0040,2025-12-20,09:16:58,1267,98,212,1153,PAY003425,Delivered,90
ORD003426,CUST00861,REST0271,PART0079,2026-06-12,04:57:13,907,77,164,820,PAY003426,Delivered,79
ORD003427,CUST02046,REST0020,PART0049,2025-10-26,12:34:43,356,31,41,346,PAY003427,Delivered,53
ORD003428,CUST00379,REST0211,PART0074,2025-09-10,20:25:27,906,70,27,949,PAY003428,Delivered,35
ORD003429,CUST01325,REST0146,PART0107,2026-04-20,06:21:09,533,58,85,506,PAY003429,Delivered,35
ORD003430,CUST01400,REST0129,PART0100,2025-11-25,08:20:59,514,35,59,490,PAY003430,Delivered,36
ORD003431,CUST01166,REST0003,PART0126,2026-02-08,04:06:23,1509,51,291,1269,PAY003431,Delivered,25
ORD003432,CUST01132,REST0198,PART0099,2025-11-30,15:26:37,654,57,58,653,PAY003432,Delivered,22
ORD003433,CUST00204,REST0026,PART0107,2025-12-17,07:49:58,847,53,120,780,PAY003433,Delayed,21
ORD003434,CUST00211,REST0227,PART0148,2025-09-05,21:44:33,1318,87,39,1366,PAY003434,Cancelled,60
ORD003435,CUST00306,REST0133,PART0022,2026-07-09,00:32:30,538,63,34,567,PAY003435,Delivered,37
ORD003436,CUST00438,REST0250,PART0087,2025-12-12,20:29:25,499,41,74,466,PAY003436,Delivered,66
ORD003437,CUST02488,REST0173,PART0112,2025-08-25,11:39:23,934,85,21,998,PAY003437,Delayed,47
ORD003438,CUST00500,REST0099,PART0056,2026-06-09,09:51:04,1232,62,138,1156,PAY003438,Delivered,40
ORD003439,CUST00576,REST0266,PART0088,2026-04-28,04:26:27,952,66,6,1012,PAY003439,Delivered,23
ORD003440,CUST00478,REST0225,PART0026,2026-05-28,14:09:48,1032,60,282,810,PAY003440,Delivered,62
ORD003441,CUST00244,REST0169,PART0046,2026-06-21,15:01:57,1273,41,289,1025,PAY003441,Delivered,53
ORD003442,CUST02396,REST0060,PART0027,2026-06-25,21:26:08,515,41,21,535,PAY003442,Delayed,51
ORD003443,CUST01108,REST0258,PART0029,2026-05-22,08:13:56,1318,94,311,1101,PAY003443,Delivered,52
ORD003444,CUST00345,REST0111,PART0132,2025-11-07,09:15:09,732,20,192,560,PAY003444,Delivered,61
ORD003445,CUST00777,REST0298,PART0031,2026-03-11,11:16:51,1995,93,595,1493,PAY003445,Delivered,51
ORD003446,CUST00024,REST0062,PART0042,2026-02-22,15:34:20,994,61,78,977,PAY003446,Delivered,18
ORD003447,CUST00624,REST0027,PART0130,2025-08-17,04:03:34,1072,58,21,1109,PAY003447,Delivered,53
ORD003448,CUST02104,REST0267,PART0101,2025-11-19,00:09:53,1042,99,257,884,PAY003448,Delivered,66
ORD003449,CUST00304,REST0278,PART0038,2025-10-11,13:18:41,1428,58,278,1208,PAY003449,Delivered,74
ORD003450,CUST01013,REST0198,PART0118,2026-01-04,02:31:36,1786,96,127,1755,PAY003450,Delivered,56
ORD003451,CUST01119,REST0296,PART0032,2026-06-02,01:55:09,358,73,39,392,PAY003451,Delivered,55
ORD003452,CUST02293,REST0014,PART0025,2025-08-01,01:49:20,1779,39,116,1702,PAY003452,Delivered,27
ORD003453,CUST00563,REST0112,PART0027,2025-10-19,17:46:46,276,86,40,322,PAY003453,Delivered,60
ORD003454,CUST00966,REST0149,PART0047,2026-02-14,01:24:10,1847,88,174,1761,PAY003454,Delivered,84
ORD003455,CUST00514,REST0076,PART0065,2025-09-14,10:36:24,1614,21,372,1263,PAY003455,Delivered,65
ORD003456,CUST00995,REST0081,PART0003,2026-04-01,11:32:29,954,81,41,994,PAY003456,Delivered,32
ORD003457,CUST00991,REST0275,PART0109,2025-10-30,13:41:01,655,52,40,667,PAY003457,Delivered,71
ORD003458,CUST01577,REST0016,PART0080,2025-07-26,11:28:38,1816,77,485,1408,PAY003458,Delivered,32
ORD003459,CUST02417,REST0275,PART0127,2026-01-24,06:48:00,1648,45,333,1360,PAY003459,Delayed,69
ORD003460,CUST02209,REST0256,PART0125,2025-10-11,09:59:27,1112,58,26,1144,PAY003460,Delivered,32
ORD003461,CUST00732,REST0150,PART0014,2026-06-04,20:13:33,231,77,43,265,PAY003461,Cancelled,17
ORD003462,CUST01518,REST0038,PART0005,2026-04-12,04:23:55,1581,24,451,1154,PAY003462,Delayed,78
ORD003463,CUST00564,REST0177,PART0071,2025-10-09,06:47:18,730,79,205,604,PAY003463,Delivered,38
ORD003464,CUST01790,REST0273,PART0054,2025-10-19,12:38:09,859,57,33,883,PAY003464,Delivered,90
ORD003465,CUST02380,REST0283,PART0082,2026-06-21,02:39:00,1144,75,119,1100,PAY003465,Delivered,38
ORD003466,CUST00694,REST0262,PART0148,2025-10-11,22:42:17,1287,33,282,1038,PAY003466,Delivered,39
ORD003467,CUST00682,REST0236,PART0141,2026-01-03,06:12:23,1477,44,343,1178,PAY003467,Delivered,69
ORD003468,CUST00163,REST0141,PART0047,2026-03-24,20:36:41,193,81,56,218,PAY003468,Cancelled,44
ORD003469,CUST02135,REST0189,PART0149,2026-05-27,09:45:22,1733,49,80,1702,PAY003469,Delivered,45
ORD003470,CUST02370,REST0096,PART0021,2025-10-08,02:45:37,1830,30,436,1424,PAY003470,Delivered,39
ORD003471,CUST01916,REST0030,PART0089,2025-09-10,16:48:03,660,59,181,538,PAY003471,Delayed,15
ORD003472,CUST01964,REST0192,PART0002,2025-07-21,01:32:21,1900,20,507,1413,PAY003472,Delivered,86
ORD003473,CUST02367,REST0205,PART0051,2025-11-08,12:06:16,1735,58,289,1504,PAY003473,Delivered,59
ORD003474,CUST01699,REST0065,PART0019,2025-10-18,21:03:21,923,84,213,794,PAY003474,Delivered,45
ORD003475,CUST01469,REST0038,PART0066,2025-07-24,07:25:09,173,61,37,197,PAY003475,Delivered,85
ORD003476,CUST00702,REST0084,PART0095,2026-06-14,06:33:48,1665,65,142,1588,PAY003476,Delayed,89
ORD003477,CUST00774,REST0018,PART0084,2026-03-11,00:06:02,839,32,50,821,PAY003477,Cancelled,23
ORD003478,CUST00853,REST0182,PART0029,2026-01-19,22:13:31,347,94,52,389,PAY003478,Delivered,27
ORD003479,CUST01265,REST0176,PART0028,2026-06-06,15:52:20,1371,72,254,1189,PAY003479,Delivered,44
ORD003480,CUST02480,REST0006,PART0086,2026-01-02,17:06:05,619,71,91,599,PAY003480,Delivered,18
ORD003481,CUST02035,REST0073,PART0037,2025-12-24,05:27:10,282,82,30,334,PAY003481,Delivered,45
ORD003482,CUST02058,REST0239,PART0011,2026-02-17,07:05:31,425,73,124,374,PAY003482,Delivered,40
ORD003483,CUST00574,REST0265,PART0021,2026-02-15,07:35:31,593,89,28,654,PAY003483,Delivered,71
ORD003484,CUST00943,REST0181,PART0079,2026-02-21,20:44:04,1966,87,583,1470,PAY003484,Delivered,71
ORD003485,CUST00290,REST0083,PART0113,2025-09-28,21:35:25,1946,37,122,1861,PAY003485,Delivered,55
ORD003486,CUST00891,REST0037,PART0023,2025-12-23,08:55:34,1016,51,254,813,PAY003486,Delivered,54
ORD003487,CUST00431,REST0009,PART0137,2025-09-26,11:58:42,1872,46,244,1674,PAY003487,Delivered,79
ORD003488,CUST01770,REST0172,PART0149,2026-06-10,12:50:14,481,50,13,518,PAY003488,Delivered,48
ORD003489,CUST02182,REST0049,PART0131,2026-02-02,15:13:39,204,50,52,202,PAY003489,Delivered,17
ORD003490,CUST02242,REST0191,PART0024,2026-02-26,20:07:53,1593,73,152,1514,PAY003490,Delivered,19
ORD003491,CUST00627,REST0156,PART0020,2025-12-18,10:29:26,414,28,64,378,PAY003491,Delivered,47
ORD003492,CUST00187,REST0069,PART0133,2026-03-16,20:13:59,1264,31,229,1066,PAY003492,Delivered,48
ORD003493,CUST02254,REST0241,PART0137,2026-02-24,17:26:19,278,74,81,271,PAY003493,Delivered,72
ORD003494,CUST02327,REST0294,PART0123,2026-06-26,08:10:58,526,28,72,482,PAY003494,Cancelled,16
ORD003495,CUST01276,REST0254,PART0066,2026-07-01,16:14:07,192,55,12,235,PAY003495,Delivered,42
ORD003496,CUST00428,REST0023,PART0106,2025-12-13,13:51:38,778,59,33,804,PAY003496,Cancelled,61
ORD003497,CUST01619,REST0001,PART0017,2026-05-02,06:24:18,1798,22,301,1519,PAY003497,Cancelled,16
ORD003498,CUST01378,REST0188,PART0086,2025-10-25,19:04:35,558,35,60,533,PAY003498,Delivered,73
ORD003499,CUST01935,REST0076,PART0033,2026-04-16,17:08:29,771,37,12,796,PAY003499,Delivered,44
ORD003500,CUST00535,REST0044,PART0126,2026-05-21,16:28:52,881,74,237,718,PAY003500,Delivered,63
ORD003501,CUST02458,REST0287,PART0150,2025-12-04,14:13:41,1605,86,409,1282,PAY003501,Delivered,85
ORD003502,CUST01860,REST0252,PART0109,2026-05-24,06:15:56,1614,90,463,1241,PAY003502,Delivered,75
ORD003503,CUST02049,REST0246,PART0119,2026-05-23,14:24:48,909,28,111,826,PAY003503,Delivered,24
ORD003504,CUST02184,REST0294,PART0058,2025-10-26,14:19:27,1767,47,86,1728,PAY003504,Delivered,73
ORD003505,CUST01952,REST0116,PART0010,2025-12-30,17:56:10,235,55,64,226,PAY003505,Delivered,50
ORD003506,CUST01307,REST0175,PART0129,2025-12-07,00:34:18,389,95,32,452,PAY003506,Cancelled,67
ORD003507,CUST00465,REST0276,PART0143,2025-12-04,19:18:48,1846,48,287,1607,PAY003507,Delivered,18
ORD003508,CUST01277,REST0021,PART0064,2026-06-30,18:53:33,1335,71,398,1008,PAY003508,Delivered,28
ORD003509,CUST02089,REST0170,PART0050,2026-07-10,16:07:53,1944,82,326,1700,PAY003509,Delivered,87
ORD003510,CUST00977,REST0201,PART0036,2026-07-15,02:32:22,1721,89,333,1477,PAY003510,Cancelled,19
ORD003511,CUST00965,REST0299,PART0047,2025-10-15,09:24:31,1844,59,195,1708,PAY003511,Delivered,72
ORD003512,CUST01031,REST0016,PART0106,2025-11-17,13:51:00,1530,92,161,1461,PAY003512,Delivered,44
ORD003513,CUST01869,REST0005,PART0036,2026-02-11,02:23:49,793,73,229,637,PAY003513,Delivered,21
ORD003514,CUST01455,REST0101,PART0118,2025-12-01,21:57:52,1450,29,393,1086,PAY003514,Delivered,86
ORD003515,CUST01471,REST0179,PART0087,2025-08-15,03:51:39,530,27,88,469,PAY003515,Delivered,43
ORD003516,CUST00148,REST0231,PART0133,2026-04-11,10:52:31,696,56,194,558,PAY003516,Cancelled,90
ORD003517,CUST02204,REST0085,PART0035,2025-09-06,11:21:20,1108,84,269,923,PAY003517,Delivered,28
ORD003518,CUST00573,REST0005,PART0071,2025-11-18,03:54:15,1666,24,233,1457,PAY003518,Delivered,17
ORD003519,CUST00279,REST0064,PART0045,2026-06-15,05:03:26,785,83,194,674,PAY003519,Delivered,52
ORD003520,CUST02015,REST0276,PART0004,2026-06-02,14:09:54,366,76,46,396,PAY003520,Delivered,50
ORD003521,CUST02261,REST0219,PART0105,2026-04-15,00:57:32,1968,22,318,1672,PAY003521,Delivered,76
ORD003522,CUST01120,REST0077,PART0111,2025-10-20,03:01:24,1218,73,131,1160,PAY003522,Cancelled,31
ORD003523,CUST01060,REST0289,PART0141,2026-05-21,04:55:16,1836,83,60,1859,PAY003523,Delivered,68
ORD003524,CUST00482,REST0258,PART0119,2026-02-10,06:52:57,318,34,2,350,PAY003524,Delivered,74
ORD003525,CUST01337,REST0238,PART0013,2026-02-26,02:04:33,622,51,40,633,PAY003525,Cancelled,51
ORD003526,CUST01001,REST0069,PART0079,2025-09-04,05:57:56,1759,23,474,1308,PAY003526,Delivered,63
ORD003527,CUST01051,REST0031,PART0055,2025-08-22,18:22:07,1732,87,494,1325,PAY003527,Delivered,22
ORD003528,CUST00415,REST0238,PART0114,2026-07-07,13:19:12,1784,49,525,1308,PAY003528,Delivered,79
ORD003529,CUST01655,REST0294,PART0042,2026-05-16,19:14:20,1324,38,133,1229,PAY003529,Cancelled,51
ORD003530,CUST00432,REST0099,PART0016,2026-01-29,07:36:16,728,87,31,784,PAY003530,Delayed,26
ORD003531,CUST00557,REST0127,PART0022,2026-04-17,08:07:44,1022,56,125,953,PAY003531,Delivered,48
ORD003532,CUST01523,REST0050,PART0131,2026-01-16,23:59:19,1561,68,417,1212,PAY003532,Delivered,30
ORD003533,CUST00331,REST0244,PART0015,2026-02-09,03:42:28,1099,67,304,862,PAY003533,Delivered,17
ORD003534,CUST01886,REST0139,PART0051,2025-11-14,23:40:54,705,50,194,561,PAY003534,Cancelled,34
ORD003535,CUST00117,REST0170,PART0054,2025-08-25,22:40:11,1800,80,303,1577,PAY003535,Delivered,63
ORD003536,CUST00635,REST0106,PART0032,2026-05-25,17:56:25,795,31,224,602,PAY003536,Delivered,24
ORD003537,CUST00273,REST0059,PART0007,2026-06-02,03:24:28,678,33,163,548,PAY003537,Delivered,32
ORD003538,CUST00420,REST0127,PART0103,2026-03-07,20:20:01,926,21,250,697,PAY003538,Delivered,89
ORD003539,CUST00527,REST0091,PART0020,2025-10-12,17:16:10,258,24,46,236,PAY003539,Delivered,54
ORD003540,CUST01001,REST0188,PART0052,2026-04-21,21:40:07,485,74,112,447,PAY003540,Delivered,86
ORD003541,CUST01739,REST0062,PART0032,2025-11-28,12:34:55,1521,37,161,1397,PAY003541,Delivered,67
ORD003542,CUST02339,REST0160,PART0070,2026-04-20,21:58:41,1553,60,342,1271,PAY003542,Cancelled,33
ORD003543,CUST01289,REST0108,PART0113,2026-04-14,22:15:10,1243,55,168,1130,PAY003543,Delivered,55
ORD003544,CUST00522,REST0189,PART0016,2026-03-23,17:18:37,465,71,135,401,PAY003544,Delayed,83
ORD003545,CUST01274,REST0017,PART0047,2026-02-16,10:07:29,702,98,148,652,PAY003545,Delivered,39
ORD003546,CUST01518,REST0118,PART0090,2026-05-31,02:47:21,549,64,142,471,PAY003546,Delayed,80
ORD003547,CUST01366,REST0088,PART0131,2025-10-11,05:17:09,1570,46,342,1274,PAY003547,Delivered,81
ORD003548,CUST02031,REST0162,PART0012,2026-01-12,22:34:33,838,23,237,624,PAY003548,Delivered,78
ORD003549,CUST01848,REST0109,PART0093,2025-10-28,18:17:50,330,94,87,337,PAY003549,Delivered,48
ORD003550,CUST01149,REST0243,PART0127,2026-02-24,06:16:30,419,65,23,461,PAY003550,Delivered,77
ORD003551,CUST01121,REST0290,PART0100,2026-06-06,03:35:38,668,56,199,525,PAY003551,Delivered,48
ORD003552,CUST01750,REST0145,PART0014,2025-08-05,21:39:55,652,24,78,598,PAY003552,Delayed,21
ORD003553,CUST02180,REST0262,PART0035,2026-01-10,23:31:44,167,69,36,200,PAY003553,Delivered,64
ORD003554,CUST01874,REST0187,PART0094,2026-03-13,13:28:52,1268,75,64,1279,PAY003554,Delivered,41
ORD003555,CUST02304,REST0181,PART0075,2026-01-02,07:02:42,1097,95,116,1076,PAY003555,Delivered,63
ORD003556,CUST00497,REST0012,PART0066,2026-01-25,07:24:24,1343,32,71,1304,PAY003556,Cancelled,18
ORD003557,CUST01451,REST0102,PART0112,2026-03-02,18:53:51,1910,66,259,1717,PAY003557,Delivered,20
ORD003558,CUST02350,REST0114,PART0037,2026-01-01,15:19:25,1697,75,30,1742,PAY003558,Delivered,47
ORD003559,CUST01627,REST0070,PART0093,2025-08-10,08:26:45,213,76,18,271,PAY003559,Delivered,28
ORD003560,CUST01615,REST0030,PART0056,2025-09-20,18:48:27,757,45,31,771,PAY003560,Delivered,31
ORD003561,CUST01218,REST0127,PART0131,2025-07-24,19:55:13,270,49,74,245,PAY003561,Delayed,82
ORD003562,CUST02281,REST0294,PART0092,2026-02-18,16:59:08,697,39,117,619,PAY003562,Delivered,34
ORD003563,CUST02423,REST0136,PART0146,2026-01-06,09:49:09,1025,31,255,801,PAY003563,Delivered,68
ORD003564,CUST01452,REST0182,PART0117,2026-02-18,08:00:45,838,59,154,743,PAY003564,Cancelled,79
ORD003565,CUST02020,REST0148,PART0037,2026-03-25,18:49:05,1068,44,55,1057,PAY003565,Delivered,71
ORD003566,CUST00595,REST0144,PART0007,2025-08-07,14:09:26,1233,49,67,1215,PAY003566,Delivered,35
ORD003567,CUST00530,REST0244,PART0100,2026-06-29,03:38:28,1378,46,201,1223,PAY003567,Delivered,28
ORD003568,CUST01134,REST0021,PART0072,2025-11-28,05:41:15,986,54,15,1025,PAY003568,Delayed,64
ORD003569,CUST00331,REST0084,PART0142,2026-01-17,08:16:20,1509,66,50,1525,PAY003569,Delivered,63
ORD003570,CUST00066,REST0180,PART0002,2026-06-18,04:11:49,1183,30,62,1151,PAY003570,Delivered,32
ORD003571,CUST00156,REST0245,PART0075,2026-04-16,13:04:08,1239,97,82,1254,PAY003571,Delivered,58
ORD003572,CUST01812,REST0216,PART0126,2025-09-11,16:08:04,880,41,69,852,PAY003572,Delayed,76
ORD003573,CUST01304,REST0136,PART0056,2025-08-10,00:14:06,523,46,53,516,PAY003573,Cancelled,44
ORD003574,CUST01805,REST0267,PART0056,2026-04-07,02:33:28,1647,37,366,1318,PAY003574,Delivered,68
ORD003575,CUST00491,REST0022,PART0004,2025-11-30,21:09:13,533,30,88,475,PAY003575,Delivered,32
ORD003576,CUST00677,REST0035,PART0066,2025-08-10,15:28:58,152,82,28,206,PAY003576,Delivered,39
ORD003577,CUST02332,REST0196,PART0088,2026-04-21,10:08:05,1577,86,197,1466,PAY003577,Delivered,42
ORD003578,CUST01952,REST0128,PART0029,2025-10-31,11:08:26,289,66,45,310,PAY003578,Delivered,18
ORD003579,CUST02326,REST0287,PART0050,2026-02-22,12:16:50,521,20,143,398,PAY003579,Delivered,23
ORD003580,CUST02328,REST0186,PART0014,2025-10-22,02:42:52,1078,48,15,1111,PAY003580,Delivered,75
ORD003581,CUST01841,REST0117,PART0027,2026-06-29,10:02:50,579,49,119,509,PAY003581,Delivered,31
ORD003582,CUST00351,REST0160,PART0133,2026-04-24,21:00:41,1125,44,140,1029,PAY003582,Delivered,58
ORD003583,CUST01529,REST0014,PART0135,2025-07-26,22:49:40,1980,40,464,1556,PAY003583,Delivered,34
ORD003584,CUST02489,REST0031,PART0121,2026-04-19,09:08:22,1264,22,0,1286,PAY003584,Delivered,34
ORD003585,CUST01957,REST0044,PART0041,2026-03-05,09:07:07,206,91,41,256,PAY003585,Delivered,30
ORD003586,CUST00738,REST0126,PART0083,2026-01-22,20:28:15,1346,55,177,1224,PAY003586,Delivered,87
ORD003587,CUST00961,REST0108,PART0020,2025-12-30,13:25:07,1731,24,134,1621,PAY003587,Delivered,56
ORD003588,CUST01437,REST0059,PART0118,2026-04-15,17:34:39,1746,99,475,1370,PAY003588,Delayed,61
ORD003589,CUST00810,REST0086,PART0051,2026-05-09,02:11:30,1767,99,30,1836,PAY003589,Delivered,16
ORD003590,CUST01778,REST0002,PART0073,2025-09-06,00:46:02,1226,88,29,1285,PAY003590,Delivered,23
ORD003591,CUST01146,REST0063,PART0057,2025-12-17,03:04:21,838,21,43,816,PAY003591,Delayed,18
ORD003592,CUST01734,REST0253,PART0090,2025-10-07,19:38:23,1058,85,279,864,PAY003592,Cancelled,81
ORD003593,CUST00021,REST0174,PART0148,2026-03-30,06:13:21,847,89,86,850,PAY003593,Delivered,27
ORD003594,CUST01793,REST0091,PART0064,2026-01-07,19:46:43,836,25,75,786,PAY003594,Delivered,65
ORD003595,CUST01612,REST0066,PART0115,2025-11-13,13:34:22,1423,57,346,1134,PAY003595,Delayed,37
ORD003596,CUST02213,REST0064,PART0074,2026-02-10,08:00:12,1029,63,53,1039,PAY003596,Delivered,32
ORD003597,CUST02267,REST0139,PART0083,2026-04-13,00:13:21,781,48,166,663,PAY003597,Delayed,20
ORD003598,CUST01995,REST0198,PART0067,2026-04-04,06:08:59,971,38,54,955,PAY003598,Delivered,39
ORD003599,CUST01174,REST0055,PART0109,2025-11-11,13:26:20,1388,45,293,1140,PAY003599,Delivered,63
ORD003600,CUST02278,REST0287,PART0108,2025-11-21,14:35:06,675,24,113,586,PAY003600,Delayed,87
ORD003601,CUST01289,REST0229,PART0070,2025-10-14,13:26:55,1656,66,272,1450,PAY003601,Delivered,24
ORD003602,CUST01875,REST0078,PART0110,2026-02-22,13:14:51,261,70,55,276,PAY003602,Delayed,52
ORD003603,CUST00968,REST0297,PART0116,2026-05-22,07:34:17,1182,77,319,940,PAY003603,Delivered,83
ORD003604,CUST01862,REST0243,PART0014,2026-06-21,10:24:43,1978,60,221,1817,PAY003604,Delivered,24
ORD003605,CUST00449,REST0221,PART0069,2026-01-29,12:16:30,720,93,54,759,PAY003605,Delivered,60
ORD003606,CUST01012,REST0225,PART0140,2025-12-21,08:37:49,1218,38,132,1124,PAY003606,Delayed,16
ORD003607,CUST00161,REST0248,PART0052,2025-09-10,06:08:29,1051,20,149,922,PAY003607,Delivered,64
ORD003608,CUST01529,REST0202,PART0149,2026-05-09,20:13:40,289,85,57,317,PAY003608,Delivered,37
ORD003609,CUST00206,REST0113,PART0041,2026-02-10,19:20:45,1993,95,142,1946,PAY003609,Delayed,75
ORD003610,CUST00578,REST0187,PART0100,2026-04-06,20:10:14,851,83,60,874,PAY003610,Delivered,76
ORD003611,CUST00020,REST0014,PART0142,2026-03-01,03:50:23,298,39,31,306,PAY003611,Delayed,58
ORD003612,CUST02360,REST0179,PART0030,2025-11-15,08:45:30,1501,84,441,1144,PAY003612,Delivered,62
ORD003613,CUST01395,REST0199,PART0098,2026-06-16,07:03:22,440,59,46,453,PAY003613,Delivered,17
ORD003614,CUST00004,REST0171,PART0126,2025-07-18,20:56:33,1338,89,401,1026,PAY003614,Delivered,83
ORD003615,CUST00842,REST0016,PART0052,2026-03-09,23:37:26,984,97,23,1058,PAY003615,Delivered,49
ORD003616,CUST01386,REST0097,PART0033,2025-08-05,19:31:00,1831,51,415,1467,PAY003616,Delivered,90
ORD003617,CUST02196,REST0137,PART0114,2026-04-18,19:10:22,811,75,187,699,PAY003617,Cancelled,71
ORD003618,CUST00181,REST0013,PART0128,2026-05-05,05:55:39,1790,25,436,1379,PAY003618,Delivered,49
ORD003619,CUST00982,REST0127,PART0114,2025-12-02,09:51:05,353,55,100,308,PAY003619,Delivered,19
ORD003620,CUST02000,REST0159,PART0073,2026-03-01,09:12:04,1755,55,81,1729,PAY003620,Delivered,40
ORD003621,CUST01563,REST0123,PART0129,2025-08-31,17:19:18,1296,76,42,1330,PAY003621,Delivered,73
ORD003622,CUST01958,REST0251,PART0078,2026-05-13,01:46:55,531,30,91,470,PAY003622,Delivered,15
ORD003623,CUST01791,REST0220,PART0032,2025-08-12,19:41:05,672,67,128,611,PAY003623,Delayed,82
ORD003624,CUST02046,REST0158,PART0018,2026-03-11,15:17:34,744,89,185,648,PAY003624,Delivered,50
ORD003625,CUST00958,REST0033,PART0065,2025-08-09,22:51:17,1151,84,185,1050,PAY003625,Delivered,28
ORD003626,CUST00710,REST0215,PART0054,2026-02-06,23:37:28,1180,84,240,1024,PAY003626,Delayed,48
ORD003627,CUST00559,REST0105,PART0057,2025-12-23,21:51:43,502,30,41,491,PAY003627,Delivered,88
ORD003628,CUST00503,REST0161,PART0145,2026-04-25,21:25:48,1859,87,163,1783,PAY003628,Cancelled,18
ORD003629,CUST00568,REST0004,PART0075,2025-09-16,20:21:07,1580,35,108,1507,PAY003629,Cancelled,49
ORD003630,CUST00292,REST0187,PART0069,2026-04-26,17:42:42,1009,78,247,840,PAY003630,Delivered,29
ORD003631,CUST00029,REST0152,PART0081,2025-09-29,19:46:19,1481,68,199,1350,PAY003631,Delivered,68
ORD003632,CUST00347,REST0051,PART0103,2025-10-20,20:46:17,1356,49,295,1110,PAY003632,Delivered,54
ORD003633,CUST01844,REST0205,PART0096,2026-03-06,20:24:56,1051,71,251,871,PAY003633,Delivered,75
ORD003634,CUST01969,REST0202,PART0012,2026-05-12,17:31:02,938,71,128,881,PAY003634,Delivered,86
ORD003635,CUST01401,REST0072,PART0112,2026-05-06,22:30:58,407,21,64,364,PAY003635,Cancelled,54
ORD003636,CUST01490,REST0032,PART0074,2025-09-23,21:22:10,528,29,125,432,PAY003636,Cancelled,88
ORD003637,CUST00589,REST0240,PART0093,2026-06-05,19:26:52,425,95,124,396,PAY003637,Delivered,53
ORD003638,CUST01766,REST0040,PART0142,2025-09-24,15:03:12,440,41,1,480,PAY003638,Delayed,61
ORD003639,CUST02437,REST0275,PART0120,2025-07-27,16:38:09,998,97,87,1008,PAY003639,Delivered,44
ORD003640,CUST00253,REST0195,PART0123,2026-03-25,10:42:14,1034,55,17,1072,PAY003640,Delivered,32
ORD003641,CUST02393,REST0020,PART0063,2026-07-11,23:04:45,999,75,103,971,PAY003641,Delayed,35
ORD003642,CUST00795,REST0046,PART0140,2026-01-24,11:17:37,676,51,14,713,PAY003642,Delivered,39
ORD003643,CUST00082,REST0041,PART0028,2026-04-25,05:27:42,1830,50,247,1633,PAY003643,Delivered,29
ORD003644,CUST01449,REST0129,PART0129,2025-08-31,15:36:48,688,22,102,608,PAY003644,Delivered,83
ORD003645,CUST01310,REST0191,PART0035,2025-11-22,02:17:59,852,86,255,683,PAY003645,Delivered,52
ORD003646,CUST00428,REST0176,PART0020,2025-08-19,20:19:03,464,92,100,456,PAY003646,Delivered,50
ORD003647,CUST01037,REST0178,PART0117,2025-08-21,19:26:24,993,97,234,856,PAY003647,Delivered,81
ORD003648,CUST01856,REST0293,PART0140,2025-12-19,23:11:59,799,29,239,589,PAY003648,Delivered,40
ORD003649,CUST01345,REST0179,PART0102,2026-02-24,03:53:11,1084,31,123,992,PAY003649,Delivered,69
ORD003650,CUST02223,REST0295,PART0091,2026-04-14,10:55:12,1034,51,104,981,PAY003650,Delivered,83
ORD003651,CUST01901,REST0274,PART0037,2026-04-08,09:44:43,1510,52,34,1528,PAY003651,Delivered,56
ORD003652,CUST01771,REST0067,PART0068,2025-12-13,17:05:53,244,35,14,265,PAY003652,Delivered,69
ORD003653,CUST00689,REST0101,PART0101,2026-05-24,20:08:01,777,80,107,750,PAY003653,Cancelled,83
ORD003654,CUST00479,REST0249,PART0118,2025-12-21,12:39:31,1033,87,185,935,PAY003654,Delivered,39
ORD003655,CUST00200,REST0047,PART0002,2025-12-11,07:40:44,1135,92,310,917,PAY003655,Delivered,31
ORD003656,CUST01282,REST0066,PART0003,2026-04-12,16:51:02,1815,29,59,1785,PAY003656,Delivered,39
ORD003657,CUST00414,REST0066,PART0032,2026-01-16,11:35:27,1502,78,81,1499,PAY003657,Cancelled,61
ORD003658,CUST01568,REST0088,PART0079,2025-09-08,00:47:38,234,55,45,244,PAY003658,Delivered,49
ORD003659,CUST00147,REST0049,PART0101,2026-06-10,06:52:45,1560,43,77,1526,PAY003659,Delivered,58
ORD003660,CUST02465,REST0109,PART0091,2025-11-26,13:32:11,985,47,120,912,PAY003660,Delivered,19
ORD003661,CUST00539,REST0197,PART0033,2025-09-25,07:22:43,468,56,48,476,PAY003661,Delivered,56
ORD003662,CUST01133,REST0008,PART0061,2025-08-22,11:18:09,1529,88,46,1571,PAY003662,Delivered,21
ORD003663,CUST02439,REST0270,PART0073,2025-11-14,02:20:35,792,60,218,634,PAY003663,Delayed,23
ORD003664,CUST00579,REST0145,PART0136,2025-12-01,04:05:40,1980,40,62,1958,PAY003664,Delivered,53
ORD003665,CUST01999,REST0144,PART0095,2025-09-23,03:22:54,1692,64,25,1731,PAY003665,Delivered,16
ORD003666,CUST02112,REST0028,PART0150,2026-04-16,21:57:37,584,51,47,588,PAY003666,Delivered,87
ORD003667,CUST00573,REST0136,PART0070,2025-12-30,09:02:46,1770,79,25,1824,PAY003667,Delivered,15
ORD003668,CUST00099,REST0007,PART0120,2026-06-22,15:16:02,1763,45,88,1720,PAY003668,Delivered,76
ORD003669,CUST00966,REST0169,PART0062,2025-10-22,02:44:02,1520,91,89,1522,PAY003669,Delivered,31
ORD003670,CUST00904,REST0251,PART0112,2026-01-26,07:09:50,1122,100,329,893,PAY003670,Delivered,60
ORD003671,CUST00266,REST0225,PART0033,2025-08-20,11:29:55,676,76,101,651,PAY003671,Delivered,71
ORD003672,CUST01313,REST0159,PART0143,2025-09-25,22:04:31,1124,48,172,1000,PAY003672,Cancelled,28
ORD003673,CUST01665,REST0220,PART0028,2025-10-25,09:52:47,349,43,49,343,PAY003673,Delivered,58
ORD003674,CUST02364,REST0066,PART0069,2025-12-19,03:22:11,1338,47,395,990,PAY003674,Delivered,37
ORD003675,CUST00569,REST0036,PART0089,2025-10-02,03:35:14,1599,26,426,1199,PAY003675,Delayed,22
ORD003676,CUST01023,REST0292,PART0013,2025-10-12,06:13:54,575,52,56,571,PAY003676,Cancelled,70
ORD003677,CUST01354,REST0259,PART0047,2025-11-29,15:13:10,1417,89,313,1193,PAY003677,Delivered,51
ORD003678,CUST02315,REST0036,PART0034,2026-03-24,14:22:07,1119,44,110,1053,PAY003678,Delivered,20
ORD003679,CUST00450,REST0076,PART0114,2026-03-19,01:50:52,1071,34,307,798,PAY003679,Delivered,59
ORD003680,CUST01486,REST0162,PART0119,2025-08-16,22:03:52,646,92,178,560,PAY003680,Delivered,26
ORD003681,CUST00367,REST0216,PART0048,2025-11-25,04:12:48,1792,43,86,1749,PAY003681,Delivered,37
ORD003682,CUST02450,REST0046,PART0012,2026-01-07,16:11:50,1856,70,333,1593,PAY003682,Delivered,15
ORD003683,CUST01614,REST0129,PART0056,2026-05-04,05:13:09,1858,52,194,1716,PAY003683,Delayed,65
ORD003684,CUST00657,REST0289,PART0108,2025-08-21,18:11:43,744,52,53,743,PAY003684,Delivered,90
ORD003685,CUST00031,REST0029,PART0119,2026-02-04,16:35:19,667,38,40,665,PAY003685,Delivered,34
ORD003686,CUST02049,REST0123,PART0082,2025-10-24,08:21:44,1971,76,407,1640,PAY003686,Delivered,35
ORD003687,CUST02078,REST0229,PART0140,2025-07-24,03:56:26,1191,26,321,896,PAY003687,Delivered,55
ORD003688,CUST00895,REST0097,PART0139,2026-06-22,17:28:25,367,27,77,317,PAY003688,Delivered,62
ORD003689,CUST02409,REST0023,PART0016,2026-03-08,15:36:26,230,21,5,246,PAY003689,Delivered,69
ORD003690,CUST02108,REST0218,PART0122,2025-08-08,21:25:45,1448,37,175,1310,PAY003690,Cancelled,72
ORD003691,CUST01693,REST0062,PART0123,2026-02-17,14:36:17,974,67,282,759,PAY003691,Delivered,36
ORD003692,CUST00114,REST0124,PART0075,2025-08-08,05:04:28,1497,59,236,1320,PAY003692,Delivered,50
ORD003693,CUST00753,REST0147,PART0097,2026-04-07,09:06:40,1456,47,112,1391,PAY003693,Delivered,60
ORD003694,CUST00267,REST0172,PART0076,2025-12-08,03:46:26,1902,87,291,1698,PAY003694,Delivered,67
ORD003695,CUST01281,REST0254,PART0053,2025-08-22,07:49:34,831,35,119,747,PAY003695,Delivered,55
ORD003696,CUST00444,REST0256,PART0102,2025-09-19,16:26:52,1824,85,375,1534,PAY003696,Delayed,87
ORD003697,CUST02376,REST0210,PART0084,2025-07-16,21:54:23,885,92,184,793,PAY003697,Delivered,67
ORD003698,CUST01834,REST0162,PART0040,2026-02-06,17:33:24,235,49,28,256,PAY003698,Delivered,38
ORD003699,CUST02113,REST0132,PART0036,2025-07-21,03:01:54,1876,70,278,1668,PAY003699,Delivered,26
ORD003700,CUST00524,REST0167,PART0024,2025-07-18,01:14:09,1304,40,94,1250,PAY003700,Delivered,48
ORD003701,CUST00811,REST0233,PART0034,2025-11-20,04:20:41,873,81,188,766,PAY003701,Delivered,44
ORD003702,CUST01119,REST0036,PART0073,2025-12-12,15:57:16,962,72,23,1011,PAY003702,Delivered,33
ORD003703,CUST00758,REST0242,PART0012,2025-11-12,04:22:41,778,47,14,811,PAY003703,Delivered,84
ORD003704,CUST00733,REST0287,PART0037,2025-07-26,23:32:30,601,82,39,644,PAY003704,Delivered,30
ORD003705,CUST00609,REST0160,PART0049,2026-05-22,22:41:17,1419,45,185,1279,PAY003705,Delivered,34
ORD003706,CUST00357,REST0157,PART0146,2026-07-02,18:21:18,1393,67,16,1444,PAY003706,Delivered,65
ORD003707,CUST01888,REST0222,PART0085,2026-02-21,20:40:07,1290,53,13,1330,PAY003707,Delayed,40
ORD003708,CUST02206,REST0109,PART0076,2026-02-20,00:43:53,261,89,59,291,PAY003708,Delivered,78
ORD003709,CUST00207,REST0225,PART0130,2025-12-08,19:31:00,1087,99,12,1174,PAY003709,Delivered,34
ORD003710,CUST01607,REST0194,PART0080,2026-06-14,23:35:41,771,71,110,732,PAY003710,Cancelled,86
ORD003711,CUST02315,REST0159,PART0054,2025-08-12,04:32:47,1551,20,348,1223,PAY003711,Delivered,81
ORD003712,CUST01459,REST0009,PART0136,2025-09-21,04:36:38,1185,40,349,876,PAY003712,Delivered,56
ORD003713,CUST01750,REST0085,PART0147,2025-09-27,10:34:20,1336,43,171,1208,PAY003713,Delivered,76
ORD003714,CUST00864,REST0074,PART0084,2026-03-20,10:13:54,922,68,74,916,PAY003714,Delivered,72
ORD003715,CUST01246,REST0212,PART0139,2026-03-14,08:44:31,1149,51,323,877,PAY003715,Delayed,36
ORD003716,CUST00725,REST0099,PART0062,2026-01-25,17:21:54,262,54,59,257,PAY003716,Delivered,47
ORD003717,CUST01630,REST0054,PART0012,2025-09-24,20:10:00,1942,75,426,1591,PAY003717,Delivered,60
ORD003718,CUST01583,REST0045,PART0140,2026-02-09,02:20:52,760,96,186,670,PAY003718,Delivered,21
ORD003719,CUST00692,REST0258,PART0141,2025-10-09,01:11:01,1931,85,405,1611,PAY003719,Delivered,64
ORD003720,CUST00694,REST0140,PART0065,2025-11-27,07:44:10,1574,86,241,1419,PAY003720,Delivered,47
ORD003721,CUST01476,REST0043,PART0134,2025-08-22,21:34:42,1694,51,348,1397,PAY003721,Delivered,69
ORD003722,CUST00356,REST0118,PART0077,2026-06-19,22:19:33,1598,61,213,1446,PAY003722,Delivered,49
ORD003723,CUST00934,REST0121,PART0026,2026-04-07,13:30:04,1890,91,553,1428,PAY003723,Delivered,84
ORD003724,CUST01619,REST0297,PART0049,2026-07-05,15:58:36,1265,23,62,1226,PAY003724,Delivered,49
ORD003725,CUST00554,REST0105,PART0127,2025-09-14,07:25:54,1011,94,34,1071,PAY003725,Delivered,78
ORD003726,CUST00373,REST0081,PART0041,2026-03-06,03:34:18,1757,51,2,1806,PAY003726,Delivered,18
ORD003727,CUST02053,REST0188,PART0047,2025-12-08,13:17:35,939,47,49,937,PAY003727,Delivered,18
ORD003728,CUST02376,REST0051,PART0094,2026-02-24,03:43:12,1434,39,123,1350,PAY003728,Delivered,34
ORD003729,CUST01618,REST0112,PART0018,2025-09-22,22:52:59,299,44,31,312,PAY003729,Delivered,52
ORD003730,CUST00326,REST0086,PART0125,2026-06-27,10:35:05,1365,90,90,1365,PAY003730,Delivered,20
ORD003731,CUST02437,REST0219,PART0124,2026-01-03,09:23:28,650,35,140,545,PAY003731,Delayed,38
ORD003732,CUST01425,REST0010,PART0063,2026-04-16,13:36:53,1857,34,187,1704,PAY003732,Delivered,27
ORD003733,CUST02357,REST0008,PART0002,2026-06-09,18:49:56,1145,60,204,1001,PAY003733,Delivered,15
ORD003734,CUST00325,REST0238,PART0097,2026-06-22,20:55:43,1493,94,327,1260,PAY003734,Delivered,58
ORD003735,CUST01266,REST0272,PART0062,2026-05-12,01:12:02,1831,42,301,1572,PAY003735,Cancelled,47
ORD003736,CUST01527,REST0038,PART0081,2025-09-23,04:08:14,1743,81,116,1708,PAY003736,Delivered,51
ORD003737,CUST00473,REST0059,PART0120,2026-01-29,06:26:18,773,75,158,690,PAY003737,Delayed,22
ORD003738,CUST01977,REST0073,PART0137,2025-09-12,01:10:19,1076,21,68,1029,PAY003738,Delivered,38
ORD003739,CUST00191,REST0122,PART0134,2026-05-28,12:11:27,1878,52,54,1876,PAY003739,Delivered,16
ORD003740,CUST02327,REST0059,PART0046,2026-05-30,07:22:58,1639,45,144,1540,PAY003740,Cancelled,41
ORD003741,CUST01535,REST0110,PART0046,2026-01-05,02:29:05,929,21,12,938,PAY003741,Delivered,48
ORD003742,CUST01435,REST0096,PART0116,2025-07-28,00:35:48,1268,49,71,1246,PAY003742,Delayed,64
ORD003743,CUST00672,REST0046,PART0057,2026-03-14,20:01:19,889,38,21,906,PAY003743,Delivered,29
ORD003744,CUST01419,REST0149,PART0043,2025-07-31,07:11:39,1044,79,288,835,PAY003744,Delayed,82
ORD003745,CUST00109,REST0052,PART0022,2026-07-14,11:21:17,492,69,126,435,PAY003745,Delivered,66
ORD003746,CUST01774,REST0240,PART0138,2026-02-10,00:29:32,1185,34,57,1162,PAY003746,Delivered,67
ORD003747,CUST01311,REST0050,PART0086,2026-06-26,04:43:42,1374,20,91,1303,PAY003747,Delivered,39
ORD003748,CUST01771,REST0227,PART0060,2026-05-20,11:07:21,963,52,86,929,PAY003748,Cancelled,17
ORD003749,CUST00343,REST0248,PART0087,2025-08-31,22:54:41,233,98,38,293,PAY003749,Delivered,41
ORD003750,CUST00809,REST0040,PART0134,2026-05-25,17:29:10,729,21,92,658,PAY003750,Delivered,50
ORD003751,CUST01833,REST0166,PART0082,2026-07-14,01:36:50,274,63,3,334,PAY003751,Delivered,15
ORD003752,CUST00671,REST0281,PART0075,2025-11-14,06:43:24,681,84,81,684,PAY003752,Delivered,67
ORD003753,CUST02034,REST0259,PART0065,2026-07-14,08:55:35,1064,27,119,972,PAY003753,Delivered,70
ORD003754,CUST00029,REST0287,PART0059,2025-11-06,10:07:30,1399,82,25,1456,PAY003754,Delivered,18
ORD003755,CUST00166,REST0174,PART0131,2025-08-27,02:19:37,954,54,150,858,PAY003755,Cancelled,44
ORD003756,CUST02038,REST0084,PART0114,2025-11-28,19:12:40,1620,20,43,1597,PAY003756,Delivered,36
ORD003757,CUST00993,REST0071,PART0141,2026-04-07,12:06:43,1463,96,226,1333,PAY003757,Delivered,38
ORD003758,CUST02242,REST0121,PART0034,2025-09-24,07:23:52,202,35,54,183,PAY003758,Delivered,16
ORD003759,CUST00646,REST0033,PART0050,2026-03-02,09:58:53,371,31,96,306,PAY003759,Delivered,47
ORD003760,CUST02188,REST0016,PART0019,2026-02-02,14:27:29,1024,45,196,873,PAY003760,Delivered,20
ORD003761,CUST00170,REST0206,PART0081,2025-09-19,05:56:09,210,42,38,214,PAY003761,Delivered,23
ORD003762,CUST01119,REST0244,PART0020,2026-06-30,20:32:57,1531,80,326,1285,PAY003762,Delivered,26
ORD003763,CUST02215,REST0181,PART0113,2025-08-23,23:15:51,250,70,34,286,PAY003763,Delivered,87
ORD003764,CUST00800,REST0046,PART0042,2026-01-25,12:14:09,1194,91,207,1078,PAY003764,Cancelled,47
ORD003765,CUST01262,REST0153,PART0140,2025-09-29,06:10:14,1661,97,12,1746,PAY003765,Delivered,25
ORD003766,CUST02366,REST0032,PART0032,2026-03-07,14:51:03,1260,86,61,1285,PAY003766,Delivered,27
ORD003767,CUST02048,REST0206,PART0119,2025-09-14,12:51:04,1831,62,416,1477,PAY003767,Delivered,71
ORD003768,CUST01386,REST0067,PART0069,2026-03-11,09:09:07,1997,29,598,1428,PAY003768,Delivered,87
ORD003769,CUST01983,REST0020,PART0146,2026-07-08,12:48:19,1661,23,49,1635,PAY003769,Delivered,34
ORD003770,CUST01357,REST0039,PART0124,2025-11-24,06:33:25,1071,74,156,989,PAY003770,Delivered,74
ORD003771,CUST00843,REST0285,PART0002,2026-07-15,10:53:30,414,39,85,368,PAY003771,Cancelled,47
ORD003772,CUST00665,REST0226,PART0118,2026-01-08,19:35:46,775,77,129,723,PAY003772,Delivered,32
ORD003773,CUST00243,REST0181,PART0047,2026-07-11,21:01:53,1915,44,152,1807,PAY003773,Delivered,83
ORD003774,CUST01943,REST0121,PART0093,2026-03-28,23:20:41,1223,92,284,1031,PAY003774,Cancelled,79
ORD003775,CUST02490,REST0098,PART0056,2026-02-14,01:20:23,1089,41,317,813,PAY003775,Delivered,58
ORD003776,CUST00670,REST0131,PART0008,2026-06-04,06:27:05,1976,100,16,2060,PAY003776,Delivered,46
ORD003777,CUST01736,REST0101,PART0136,2025-12-14,06:05:52,1180,71,340,911,PAY003777,Delayed,54
ORD003778,CUST01092,REST0070,PART0117,2026-05-16,17:47:07,736,88,73,751,PAY003778,Delivered,46
ORD003779,CUST01610,REST0178,PART0034,2026-01-06,04:51:14,1291,49,163,1177,PAY003779,Delivered,45
ORD003780,CUST01706,REST0233,PART0104,2025-08-30,10:32:50,308,90,70,328,PAY003780,Delivered,36
ORD003781,CUST00925,REST0121,PART0080,2026-04-01,22:34:30,1119,51,170,1000,PAY003781,Delivered,15
ORD003782,CUST00428,REST0211,PART0109,2026-02-16,13:45:03,1441,40,28,1453,PAY003782,Delivered,39
ORD003783,CUST01073,REST0069,PART0024,2025-08-10,15:57:24,703,27,29,701,PAY003783,Delivered,62
ORD003784,CUST01407,REST0091,PART0107,2025-11-24,15:23:09,1562,45,130,1477,PAY003784,Delivered,42
ORD003785,CUST01719,REST0094,PART0056,2025-10-19,20:44:56,500,87,142,445,PAY003785,Delivered,39
ORD003786,CUST01131,REST0137,PART0094,2025-12-05,06:18:09,1090,24,145,969,PAY003786,Cancelled,61
ORD003787,CUST00604,REST0044,PART0020,2025-09-09,03:33:42,566,54,74,546,PAY003787,Delivered,28
ORD003788,CUST02359,REST0136,PART0076,2025-10-17,05:38:25,845,53,227,671,PAY003788,Delivered,87
ORD003789,CUST00332,REST0284,PART0137,2026-05-29,18:14:28,1129,56,85,1100,PAY003789,Delayed,53
ORD003790,CUST01551,REST0122,PART0130,2026-01-22,20:04:57,1903,100,307,1696,PAY003790,Delivered,29
ORD003791,CUST00456,REST0063,PART0105,2025-09-27,09:14:58,302,40,79,263,PAY003791,Delivered,49
ORD003792,CUST01031,REST0199,PART0074,2026-05-20,14:54:40,1464,98,88,1474,PAY003792,Delivered,37
ORD003793,CUST00711,REST0130,PART0113,2025-12-20,05:59:54,1371,84,226,1229,PAY003793,Delivered,41
ORD003794,CUST02164,REST0254,PART0096,2025-08-01,09:26:32,589,99,158,530,PAY003794,Delivered,87
ORD003795,CUST00251,REST0238,PART0081,2025-12-02,09:35:22,887,50,1,936,PAY003795,Delivered,30
ORD003796,CUST00903,REST0143,PART0123,2025-08-08,00:12:32,904,29,270,663,PAY003796,Delivered,87
ORD003797,CUST01392,REST0239,PART0143,2026-07-07,05:13:15,1557,50,24,1583,PAY003797,Delivered,36
ORD003798,CUST00106,REST0258,PART0024,2026-07-08,23:17:45,814,45,19,840,PAY003798,Delivered,32
ORD003799,CUST01960,REST0274,PART0099,2026-01-18,19:39:45,978,58,122,914,PAY003799,Delayed,36
ORD003800,CUST00291,REST0138,PART0107,2026-05-27,03:59:46,571,26,162,435,PAY003800,Delivered,16
ORD003801,CUST00468,REST0014,PART0097,2026-06-08,20:43:35,1011,95,199,907,PAY003801,Delivered,67
ORD003802,CUST01268,REST0053,PART0038,2026-07-04,12:30:46,1685,77,467,1295,PAY003802,Delayed,23
ORD003803,CUST00152,REST0198,PART0087,2026-03-29,10:16:08,1155,96,321,930,PAY003803,Delivered,16
ORD003804,CUST00343,REST0180,PART0149,2026-04-17,01:27:03,308,54,56,306,PAY003804,Delivered,16
ORD003805,CUST00010,REST0072,PART0049,2026-05-05,07:16:52,370,41,40,371,PAY003805,Delivered,25
ORD003806,CUST00216,REST0096,PART0124,2026-06-07,02:25:06,240,20,32,228,PAY003806,Delivered,36
ORD003807,CUST02095,REST0117,PART0035,2026-03-02,19:33:10,1811,99,425,1485,PAY003807,Delivered,29
ORD003808,CUST00328,REST0136,PART0141,2025-08-23,14:29:30,273,90,50,313,PAY003808,Cancelled,52
ORD003809,CUST01560,REST0232,PART0130,2026-06-10,11:37:11,225,79,50,254,PAY003809,Delivered,48
ORD003810,CUST01172,REST0044,PART0072,2026-02-03,03:05:14,216,27,8,235,PAY003810,Cancelled,49
ORD003811,CUST00913,REST0251,PART0044,2025-08-20,13:32:23,953,21,243,731,PAY003811,Delayed,46
ORD003812,CUST02371,REST0189,PART0044,2026-03-30,22:10:39,1016,28,181,863,PAY003812,Delivered,81
ORD003813,CUST02457,REST0140,PART0117,2026-03-27,13:00:31,1665,96,362,1399,PAY003813,Delivered,56
ORD003814,CUST02007,REST0258,PART0044,2025-11-17,17:33:46,1578,75,109,1544,PAY003814,Cancelled,90
ORD003815,CUST01958,REST0295,PART0121,2026-07-05,09:00:31,846,60,127,779,PAY003815,Delivered,83
ORD003816,CUST00065,REST0241,PART0080,2026-02-06,00:56:00,948,76,222,802,PAY003816,Cancelled,27
ORD003817,CUST01117,REST0275,PART0027,2026-02-19,21:18:05,1351,47,309,1089,PAY003817,Delayed,55
ORD003818,CUST02334,REST0029,PART0061,2026-02-24,13:59:21,1730,55,235,1550,PAY003818,Delayed,58
ORD003819,CUST00547,REST0272,PART0092,2026-04-14,22:49:31,1669,23,447,1245,PAY003819,Delivered,85
ORD003820,CUST01743,REST0008,PART0108,2026-02-07,19:41:55,1417,100,196,1321,PAY003820,Delivered,42
ORD003821,CUST01609,REST0009,PART0125,2026-02-03,20:08:06,779,79,232,626,PAY003821,Delivered,56
ORD003822,CUST00234,REST0046,PART0129,2025-12-16,07:51:41,1782,41,89,1734,PAY003822,Delivered,52
ORD003823,CUST01556,REST0160,PART0074,2026-05-06,04:49:48,947,41,70,918,PAY003823,Delivered,28
ORD003824,CUST01137,REST0177,PART0150,2026-02-13,10:25:59,197,36,54,179,PAY003824,Delivered,52
ORD003825,CUST00960,REST0165,PART0104,2026-03-23,00:50:11,1177,64,310,931,PAY003825,Delivered,62
ORD003826,CUST01133,REST0126,PART0121,2025-10-02,06:36:53,838,40,205,673,PAY003826,Delivered,73
ORD003827,CUST01832,REST0214,PART0093,2025-11-02,23:27:23,827,24,210,641,PAY003827,Delayed,56
ORD003828,CUST01033,REST0287,PART0091,2025-11-17,15:21:26,1985,48,497,1536,PAY003828,Delivered,34
ORD003829,CUST01356,REST0283,PART0075,2025-09-06,20:31:00,305,41,21,325,PAY003829,Cancelled,68
ORD003830,CUST02015,REST0167,PART0044,2026-01-06,04:33:54,1881,26,84,1823,PAY003830,Delivered,35
ORD003831,CUST01122,REST0289,PART0110,2026-05-08,18:20:18,1356,42,318,1080,PAY003831,Delivered,56
ORD003832,CUST02034,REST0131,PART0150,2025-10-01,03:40:21,578,99,101,576,PAY003832,Delivered,87
ORD003833,CUST00918,REST0265,PART0087,2025-11-07,00:22:08,258,38,7,289,PAY003833,Delivered,49
ORD003834,CUST02295,REST0135,PART0023,2026-03-16,11:41:49,1046,20,30,1036,PAY003834,Delivered,58
ORD003835,CUST00528,REST0145,PART0037,2025-12-28,19:22:29,1613,30,481,1162,PAY003835,Delivered,68
ORD003836,CUST01312,REST0114,PART0140,2025-12-20,05:33:50,1665,60,240,1485,PAY003836,Delayed,58
ORD003837,CUST02492,REST0247,PART0097,2026-01-01,05:34:47,1598,45,345,1298,PAY003837,Delivered,46
ORD003838,CUST01709,REST0037,PART0080,2025-12-09,16:18:38,479,98,72,505,PAY003838,Delivered,31
ORD003839,CUST01111,REST0031,PART0131,2025-08-17,05:42:43,1681,41,11,1711,PAY003839,Delivered,60
ORD003840,CUST01008,REST0105,PART0068,2026-01-22,17:15:37,195,70,50,215,PAY003840,Delivered,67
ORD003841,CUST02041,REST0270,PART0127,2025-07-25,11:56:32,291,87,76,302,PAY003841,Delivered,39
ORD003842,CUST01567,REST0179,PART0049,2026-01-23,00:28:30,444,86,45,485,PAY003842,Delivered,42
ORD003843,CUST00271,REST0247,PART0022,2025-08-25,18:06:39,234,56,13,277,PAY003843,Delivered,64
ORD003844,CUST00948,REST0032,PART0130,2025-11-18,02:31:27,652,45,188,509,PAY003844,Delivered,62
ORD003845,CUST01235,REST0128,PART0108,2026-02-19,05:02:56,726,31,135,622,PAY003845,Cancelled,70
ORD003846,CUST02478,REST0102,PART0023,2026-01-20,05:58:22,1536,22,322,1236,PAY003846,Delivered,43
ORD003847,CUST00649,REST0035,PART0009,2026-03-10,00:15:54,1283,89,24,1348,PAY003847,Delivered,89
ORD003848,CUST02043,REST0235,PART0119,2025-12-14,05:45:04,1000,82,211,871,PAY003848,Delivered,73
ORD003849,CUST01869,REST0194,PART0080,2025-11-12,00:57:50,1897,73,350,1620,PAY003849,Delivered,60
ORD003850,CUST00239,REST0107,PART0065,2026-01-25,11:53:46,761,62,158,665,PAY003850,Delayed,79
ORD003851,CUST01025,REST0104,PART0092,2026-05-17,15:11:52,1406,62,412,1056,PAY003851,Delivered,29
ORD003852,CUST01564,REST0105,PART0147,2026-05-11,13:36:59,1996,26,143,1879,PAY003852,Delayed,55
ORD003853,CUST02202,REST0070,PART0050,2025-11-04,18:38:00,570,50,12,608,PAY003853,Delivered,46
ORD003854,CUST01496,REST0036,PART0080,2026-05-11,14:34:01,1486,30,105,1411,PAY003854,Delivered,81
ORD003855,CUST00094,REST0074,PART0097,2026-04-07,21:37:20,838,23,118,743,PAY003855,Delivered,47
ORD003856,CUST00059,REST0198,PART0113,2026-04-13,16:01:39,1035,37,216,856,PAY003856,Delivered,51
ORD003857,CUST01217,REST0157,PART0130,2025-08-06,15:30:21,805,100,31,874,PAY003857,Delivered,76
ORD003858,CUST01171,REST0288,PART0063,2026-02-06,02:54:55,471,33,107,397,PAY003858,Cancelled,47
ORD003859,CUST01021,REST0028,PART0045,2026-06-04,01:40:14,1577,94,232,1439,PAY003859,Delayed,89
ORD003860,CUST01341,REST0245,PART0044,2025-08-01,09:50:07,259,75,72,262,PAY003860,Delivered,59
ORD003861,CUST00938,REST0185,PART0130,2025-09-27,06:48:51,1515,24,80,1459,PAY003861,Delivered,41
ORD003862,CUST01533,REST0280,PART0047,2025-08-19,21:04:46,1096,34,82,1048,PAY003862,Delivered,83
ORD003863,CUST00347,REST0154,PART0092,2025-11-12,12:21:22,1236,91,308,1019,PAY003863,Delayed,25
ORD003864,CUST02386,REST0035,PART0150,2026-06-27,16:41:49,1539,62,319,1282,PAY003864,Delivered,50
ORD003865,CUST01223,REST0222,PART0065,2026-03-01,09:24:28,1862,70,300,1632,PAY003865,Delivered,56
ORD003866,CUST00124,REST0133,PART0019,2026-05-02,16:16:19,637,94,1,730,PAY003866,Delivered,62
ORD003867,CUST02156,REST0193,PART0127,2026-06-30,20:58:32,770,39,224,585,PAY003867,Delivered,83
ORD003868,CUST00039,REST0036,PART0129,2026-02-23,02:27:36,826,52,126,752,PAY003868,Delivered,90
ORD003869,CUST00185,REST0064,PART0078,2026-02-12,00:56:01,1710,82,354,1438,PAY003869,Delivered,63
ORD003870,CUST01735,REST0251,PART0037,2025-09-21,13:36:45,239,98,29,308,PAY003870,Delivered,58
ORD003871,CUST02063,REST0015,PART0015,2026-03-22,03:42:54,1671,36,464,1243,PAY003871,Delayed,54
ORD003872,CUST02029,REST0124,PART0070,2025-11-15,01:15:20,1095,81,16,1160,PAY003872,Delivered,69
ORD003873,CUST01695,REST0051,PART0057,2026-04-29,08:10:01,1528,51,54,1525,PAY003873,Delivered,53
ORD003874,CUST00523,REST0045,PART0099,2025-08-03,20:46:28,1678,82,300,1460,PAY003874,Delivered,49
ORD003875,CUST01999,REST0177,PART0074,2026-02-08,17:45:20,1135,61,90,1106,PAY003875,Delivered,37
ORD003876,CUST00515,REST0288,PART0103,2025-07-27,02:25:37,1607,45,445,1207,PAY003876,Delivered,77
ORD003877,CUST01455,REST0027,PART0109,2025-08-03,13:47:53,843,31,245,629,PAY003877,Delivered,65
ORD003878,CUST01469,REST0240,PART0029,2025-11-10,21:27:09,1190,28,177,1041,PAY003878,Delivered,56
ORD003879,CUST00332,REST0216,PART0107,2025-12-12,17:19:58,1861,73,426,1508,PAY003879,Delivered,86
ORD003880,CUST02317,REST0123,PART0108,2025-09-27,08:18:24,1975,58,44,1989,PAY003880,Delivered,45
ORD003881,CUST00058,REST0175,PART0146,2025-11-29,20:29:06,663,72,163,572,PAY003881,Delivered,62
ORD003882,CUST00294,REST0113,PART0054,2026-02-10,02:06:45,394,72,14,452,PAY003882,Delivered,90
ORD003883,CUST00540,REST0134,PART0096,2025-08-05,14:31:26,1000,44,95,949,PAY003883,Delivered,24
ORD003884,CUST02487,REST0207,PART0018,2026-06-01,03:39:44,454,67,101,420,PAY003884,Delayed,90
ORD003885,CUST01760,REST0291,PART0116,2026-06-01,19:01:26,316,38,82,272,PAY003885,Delivered,54
ORD003886,CUST02267,REST0156,PART0135,2026-04-07,22:40:31,1869,69,497,1441,PAY003886,Delivered,76
ORD003887,CUST02485,REST0210,PART0051,2026-06-20,13:18:52,1693,84,321,1456,PAY003887,Delivered,25
ORD003888,CUST01424,REST0083,PART0127,2025-12-31,17:08:19,1020,48,29,1039,PAY003888,Delivered,21
ORD003889,CUST02338,REST0094,PART0047,2026-04-29,01:29:04,1601,46,199,1448,PAY003889,Cancelled,59
ORD003890,CUST00018,REST0062,PART0035,2026-01-29,16:11:19,662,37,60,639,PAY003890,Delivered,76
ORD003891,CUST00454,REST0250,PART0100,2026-02-04,17:40:51,980,95,5,1070,PAY003891,Delivered,41
ORD003892,CUST02338,REST0258,PART0109,2026-06-11,01:06:12,1692,97,46,1743,PAY003892,Cancelled,46
ORD003893,CUST01417,REST0116,PART0100,2025-09-23,11:34:34,1863,87,371,1579,PAY003893,Delivered,15
ORD003894,CUST00790,REST0007,PART0106,2026-01-29,19:38:40,1764,39,177,1626,PAY003894,Delivered,39
ORD003895,CUST01446,REST0252,PART0117,2025-12-07,06:07:17,1004,80,105,979,PAY003895,Delivered,62
ORD003896,CUST02491,REST0267,PART0080,2026-04-06,18:24:54,1420,57,85,1392,PAY003896,Delivered,23
ORD003897,CUST00145,REST0112,PART0041,2026-04-13,18:39:03,1786,58,8,1836,PAY003897,Delivered,75
ORD003898,CUST00523,REST0158,PART0135,2025-08-02,14:37:08,187,47,48,186,PAY003898,Delivered,37
ORD003899,CUST01331,REST0066,PART0059,2026-07-04,21:46:40,773,68,52,789,PAY003899,Delivered,58
ORD003900,CUST02109,REST0078,PART0004,2025-10-07,13:00:47,315,34,71,278,PAY003900,Delivered,46
ORD003901,CUST02387,REST0169,PART0130,2025-08-23,13:17:00,156,74,43,187,PAY003901,Delivered,67
ORD003902,CUST01372,REST0103,PART0017,2026-01-09,19:31:09,1504,28,287,1245,PAY003902,Delivered,28
ORD003903,CUST00322,REST0239,PART0125,2025-09-26,08:41:29,1493,40,257,1276,PAY003903,Delivered,18
ORD003904,CUST01577,REST0202,PART0059,2026-06-27,19:09:12,1455,70,217,1308,PAY003904,Delivered,65
ORD003905,CUST02078,REST0038,PART0064,2025-10-10,06:56:50,772,81,44,809,PAY003905,Delivered,35
ORD003906,CUST01147,REST0173,PART0003,2026-04-18,21:56:23,1888,61,527,1422,PAY003906,Delivered,39
ORD003907,CUST00202,REST0089,PART0072,2025-11-17,15:18:08,1550,82,312,1320,PAY003907,Delivered,18
ORD003908,CUST01414,REST0102,PART0028,2025-08-13,13:51:39,1154,66,111,1109,PAY003908,Delivered,40
ORD003909,CUST01405,REST0065,PART0115,2026-04-19,13:04:35,1605,52,378,1279,PAY003909,Delivered,57
ORD003910,CUST01403,REST0025,PART0064,2025-10-03,07:33:29,1074,32,298,808,PAY003910,Delivered,21
ORD003911,CUST02276,REST0032,PART0117,2026-01-24,14:05:29,974,84,232,826,PAY003911,Delivered,23
ORD003912,CUST00622,REST0146,PART0075,2025-10-04,12:43:11,1585,70,168,1487,PAY003912,Delivered,84
ORD003913,CUST00656,REST0259,PART0061,2026-02-23,01:15:08,297,84,45,336,PAY003913,Delivered,79
ORD003914,CUST00303,REST0168,PART0031,2026-03-21,22:56:58,1992,41,4,2029,PAY003914,Delivered,50
ORD003915,CUST01695,REST0138,PART0148,2026-03-11,07:31:29,1106,76,254,928,PAY003915,Delivered,26
ORD003916,CUST01442,REST0226,PART0106,2025-07-22,07:07:35,969,30,209,790,PAY003916,Delivered,59
ORD003917,CUST01585,REST0056,PART0146,2025-08-02,19:24:08,1190,41,68,1163,PAY003917,Delivered,56
ORD003918,CUST00098,REST0068,PART0145,2026-07-09,08:15:34,1600,92,341,1351,PAY003918,Delivered,54
ORD003919,CUST00778,REST0132,PART0082,2025-12-11,09:31:28,1902,53,303,1652,PAY003919,Delivered,73
ORD003920,CUST00315,REST0122,PART0139,2025-10-04,06:07:45,1857,72,404,1525,PAY003920,Delivered,83
ORD003921,CUST00068,REST0018,PART0150,2026-06-30,21:23:20,852,100,174,778,PAY003921,Cancelled,26
ORD003922,CUST02112,REST0097,PART0037,2026-04-09,23:22:04,859,71,227,703,PAY003922,Delayed,41
ORD003923,CUST02422,REST0097,PART0099,2025-08-30,10:04:32,1577,66,387,1256,PAY003923,Delivered,16
ORD003924,CUST00632,REST0236,PART0008,2026-07-10,05:00:23,1336,56,44,1348,PAY003924,Delivered,68
ORD003925,CUST01341,REST0118,PART0105,2025-11-06,00:54:16,367,91,99,359,PAY003925,Delivered,19
ORD003926,CUST01796,REST0070,PART0001,2025-07-18,01:57:38,1159,88,21,1226,PAY003926,Delivered,32
ORD003927,CUST02256,REST0282,PART0026,2026-07-02,11:22:18,1998,48,219,1827,PAY003927,Delivered,23
ORD003928,CUST01749,REST0203,PART0123,2025-10-17,14:21:53,173,93,39,227,PAY003928,Delivered,69
ORD003929,CUST00817,REST0228,PART0058,2026-03-29,09:39:19,1057,40,8,1089,PAY003929,Delivered,52
ORD003930,CUST01482,REST0216,PART0124,2026-05-28,05:26:43,1180,48,192,1036,PAY003930,Delivered,15
ORD003931,CUST00011,REST0178,PART0104,2026-07-06,16:29:36,1461,32,296,1197,PAY003931,Delivered,56
ORD003932,CUST02413,REST0209,PART0126,2026-06-04,02:06:25,1799,56,198,1657,PAY003932,Delivered,76
ORD003933,CUST01846,REST0104,PART0063,2025-11-21,16:36:42,800,53,100,753,PAY003933,Delivered,24
ORD003934,CUST02419,REST0175,PART0070,2025-09-23,00:05:23,664,96,1,759,PAY003934,Delivered,69
ORD003935,CUST00988,REST0026,PART0091,2025-12-14,16:04:13,1488,88,253,1323,PAY003935,Delivered,81
ORD003936,CUST00239,REST0083,PART0085,2026-06-02,06:00:12,1028,88,63,1053,PAY003936,Delivered,42
ORD003937,CUST01731,REST0215,PART0033,2025-10-12,22:22:17,429,95,45,479,PAY003937,Delivered,55
ORD003938,CUST00134,REST0289,PART0084,2025-12-07,15:04:04,1164,85,24,1225,PAY003938,Delayed,81
ORD003939,CUST00372,REST0151,PART0099,2026-07-07,14:17:30,776,21,217,580,PAY003939,Cancelled,30
ORD003940,CUST00168,REST0014,PART0019,2026-06-06,14:32:08,1762,79,13,1828,PAY003940,Delivered,89
ORD003941,CUST00859,REST0266,PART0130,2025-12-19,08:19:08,1970,24,461,1533,PAY003941,Delivered,55
ORD003942,CUST01266,REST0255,PART0073,2025-08-02,14:57:19,953,76,118,911,PAY003942,Cancelled,46
ORD003943,CUST00133,REST0284,PART0071,2025-09-14,19:09:19,625,93,162,556,PAY003943,Delivered,28
ORD003944,CUST01303,REST0295,PART0097,2025-09-09,06:14:47,369,93,67,395,PAY003944,Cancelled,78
ORD003945,CUST00824,REST0007,PART0090,2026-03-05,18:33:42,598,38,27,609,PAY003945,Delivered,52
ORD003946,CUST01037,REST0090,PART0092,2025-10-19,20:17:31,1502,89,326,1265,PAY003946,Delivered,23
ORD003947,CUST00172,REST0101,PART0091,2026-03-14,17:03:00,327,94,83,338,PAY003947,Delivered,53
ORD003948,CUST02366,REST0145,PART0017,2026-04-01,20:58:09,1333,57,85,1305,PAY003948,Delivered,38
ORD003949,CUST02416,REST0019,PART0059,2025-10-24,12:15:11,1306,77,318,1065,PAY003949,Delivered,32
ORD003950,CUST01834,REST0215,PART0120,2026-06-23,18:06:47,1292,89,363,1018,PAY003950,Delivered,64
ORD003951,CUST00678,REST0269,PART0148,2026-07-09,09:06:42,224,100,49,275,PAY003951,Cancelled,55
ORD003952,CUST00871,REST0289,PART0121,2025-12-27,10:57:07,1749,59,17,1791,PAY003952,Delayed,85
ORD003953,CUST01189,REST0100,PART0006,2026-04-06,11:32:22,1243,79,146,1176,PAY003953,Delivered,82
ORD003954,CUST00979,REST0083,PART0146,2026-02-22,19:36:27,1195,45,208,1032,PAY003954,Cancelled,41
ORD003955,CUST00993,REST0262,PART0043,2026-04-18,01:04:43,519,69,97,491,PAY003955,Delivered,15
ORD003956,CUST01266,REST0287,PART0021,2026-06-16,16:27:49,400,64,119,345,PAY003956,Delivered,85
ORD003957,CUST00432,REST0040,PART0121,2026-07-01,13:51:35,390,48,28,410,PAY003957,Delivered,80
ORD003958,CUST01840,REST0208,PART0116,2026-03-16,10:18:34,265,63,56,272,PAY003958,Delivered,78
ORD003959,CUST02289,REST0283,PART0035,2025-11-13,12:46:15,1364,37,360,1041,PAY003959,Delivered,19
ORD003960,CUST01819,REST0164,PART0113,2025-10-03,19:22:38,270,39,67,242,PAY003960,Delivered,49
ORD003961,CUST00976,REST0007,PART0054,2026-07-16,09:46:10,882,84,95,871,PAY003961,Delivered,68
ORD003962,CUST02171,REST0247,PART0029,2026-06-22,11:41:34,924,76,250,750,PAY003962,Delivered,36
ORD003963,CUST00717,REST0194,PART0083,2026-03-26,23:19:41,1705,96,483,1318,PAY003963,Delivered,58
ORD003964,CUST01155,REST0296,PART0107,2026-04-28,07:42:51,281,44,51,274,PAY003964,Cancelled,76
ORD003965,CUST00938,REST0232,PART0092,2026-07-06,02:25:49,344,59,40,363,PAY003965,Delivered,37
ORD003966,CUST02123,REST0273,PART0038,2025-10-30,02:44:50,1058,58,152,964,PAY003966,Delivered,56
ORD003967,CUST02473,REST0294,PART0013,2025-12-22,03:50:38,1625,73,335,1363,PAY003967,Delivered,29
ORD003968,CUST00460,REST0162,PART0111,2026-04-10,07:40:46,898,33,52,879,PAY003968,Delivered,75
ORD003969,CUST00306,REST0164,PART0118,2025-07-20,05:07:05,1762,49,352,1459,PAY003969,Delayed,69
ORD003970,CUST00152,REST0189,PART0016,2025-12-24,18:08:35,1657,73,253,1477,PAY003970,Delivered,67
ORD003971,CUST00829,REST0259,PART0054,2026-06-01,01:52:48,168,97,34,231,PAY003971,Delivered,23
ORD003972,CUST01326,REST0031,PART0046,2025-12-23,21:11:41,607,53,111,549,PAY003972,Delivered,77
ORD003973,CUST01019,REST0154,PART0089,2025-12-09,16:54:53,1192,74,26,1240,PAY003973,Delivered,63
ORD003974,CUST00847,REST0277,PART0148,2025-11-01,05:44:51,1559,50,437,1172,PAY003974,Delivered,34
ORD003975,CUST01473,REST0071,PART0072,2026-06-08,11:42:44,765,99,226,638,PAY003975,Delivered,56
ORD003976,CUST01298,REST0173,PART0121,2026-07-01,04:25:37,259,63,9,313,PAY003976,Delivered,82
ORD003977,CUST02228,REST0004,PART0052,2025-09-27,20:01:38,974,44,274,744,PAY003977,Cancelled,36
ORD003978,CUST00451,REST0269,PART0100,2026-05-29,10:13:02,1100,31,193,938,PAY003978,Delivered,35
ORD003979,CUST01896,REST0129,PART0124,2026-05-14,20:41:54,1444,68,296,1216,PAY003979,Delivered,68
ORD003980,CUST00101,REST0108,PART0143,2026-01-21,20:17:58,1977,47,480,1544,PAY003980,Delivered,59
ORD003981,CUST00760,REST0212,PART0135,2025-10-22,15:53:19,1111,91,227,975,PAY003981,Delayed,27
ORD003982,CUST00635,REST0092,PART0147,2026-03-06,07:24:19,1927,44,125,1846,PAY003982,Cancelled,50
ORD003983,CUST02091,REST0001,PART0101,2025-07-20,07:00:13,1587,48,71,1564,PAY003983,Delivered,38
ORD003984,CUST00389,REST0257,PART0093,2026-03-16,13:32:27,642,94,64,672,PAY003984,Delivered,50
ORD003985,CUST02209,REST0085,PART0082,2026-04-11,04:34:31,903,55,32,926,PAY003985,Delivered,83
ORD003986,CUST01071,REST0002,PART0014,2025-12-16,19:49:31,1968,50,87,1931,PAY003986,Delivered,44
ORD003987,CUST00832,REST0082,PART0130,2025-08-01,11:23:24,973,48,14,1007,PAY003987,Delivered,34
ORD003988,CUST01241,REST0005,PART0079,2026-04-12,12:59:54,1122,44,167,999,PAY003988,Delivered,72
ORD003989,CUST01476,REST0227,PART0026,2026-05-10,03:55:48,1815,89,389,1515,PAY003989,Delivered,69
ORD003990,CUST00571,REST0048,PART0050,2026-01-06,15:58:12,1346,75,334,1087,PAY003990,Delivered,33
ORD003991,CUST00708,REST0277,PART0105,2025-09-04,07:07:02,272,87,53,306,PAY003991,Delivered,83
ORD003992,CUST01221,REST0225,PART0099,2026-03-30,17:03:18,940,57,107,890,PAY003992,Delivered,21
ORD003993,CUST00864,REST0011,PART0148,2026-04-10,00:23:30,1837,88,179,1746,PAY003993,Delivered,36
ORD003994,CUST02133,REST0149,PART0102,2025-10-10,20:03:56,1264,76,90,1250,PAY003994,Cancelled,74
ORD003995,CUST00829,REST0125,PART0005,2025-08-12,15:07:35,578,29,101,506,PAY003995,Delivered,85
ORD003996,CUST01922,REST0081,PART0101,2026-03-20,20:37:38,943,25,52,916,PAY003996,Delivered,34
ORD003997,CUST00850,REST0208,PART0080,2025-08-29,15:53:39,1725,21,241,1505,PAY003997,Delivered,21
ORD003998,CUST01153,REST0293,PART0021,2025-08-30,00:15:52,1840,56,511,1385,PAY003998,Delayed,26
ORD003999,CUST00912,REST0018,PART0059,2025-09-15,23:04:09,1802,50,260,1592,PAY003999,Delivered,27
ORD004000,CUST01688,REST0121,PART0097,2026-07-01,15:03:54,1610,32,198,1444,PAY004000,Delivered,70
ORD004001,CUST01123,REST0186,PART0082,2026-05-19,12:13:03,1689,38,268,1459,PAY004001,Delivered,54
ORD004002,CUST01357,REST0233,PART0097,2026-01-21,23:17:06,744,20,136,628,PAY004002,Delivered,34
ORD004003,CUST00312,REST0054,PART0001,2025-08-11,01:37:11,1983,93,360,1716,PAY004003,Delivered,80
ORD004004,CUST00150,REST0196,PART0107,2025-09-25,10:49:03,1229,74,40,1263,PAY004004,Delivered,20
ORD004005,CUST01214,REST0215,PART0005,2026-02-09,18:25:57,524,69,1,592,PAY004005,Delayed,28
ORD004006,CUST01375,REST0103,PART0131,2025-11-20,09:10:52,686,98,168,616,PAY004006,Delivered,28
ORD004007,CUST01137,REST0038,PART0007,2025-09-19,05:45:46,1975,37,319,1693,PAY004007,Delivered,68
ORD004008,CUST02230,REST0148,PART0082,2026-04-29,15:57:29,1433,82,279,1236,PAY004008,Delayed,75
ORD004009,CUST01764,REST0179,PART0015,2025-10-23,20:32:14,1887,38,77,1848,PAY004009,Cancelled,37
ORD004010,CUST02344,REST0100,PART0089,2026-04-06,16:17:31,1986,47,537,1496,PAY004010,Delivered,49
ORD004011,CUST00313,REST0035,PART0004,2026-04-19,22:17:34,1884,21,471,1434,PAY004011,Delivered,74
ORD004012,CUST00099,REST0087,PART0063,2026-07-12,15:47:33,1412,86,191,1307,PAY004012,Delivered,18
ORD004013,CUST01744,REST0223,PART0114,2026-04-12,03:50:26,1458,23,430,1051,PAY004013,Delivered,27
ORD004014,CUST00911,REST0102,PART0032,2025-12-17,21:19:38,1257,63,119,1201,PAY004014,Delivered,78
ORD004015,CUST01298,REST0183,PART0066,2025-11-03,20:23:00,671,78,147,602,PAY004015,Delivered,23
ORD004016,CUST00680,REST0150,PART0149,2026-02-09,12:05:53,1302,90,355,1037,PAY004016,Delayed,37
ORD004017,CUST02249,REST0037,PART0092,2025-11-04,11:35:47,161,43,32,172,PAY004017,Delivered,38
ORD004018,CUST01451,REST0072,PART0029,2025-11-03,19:25:59,1192,95,348,939,PAY004018,Delivered,71
ORD004019,CUST00647,REST0214,PART0111,2026-06-13,11:42:19,1271,20,61,1230,PAY004019,Delivered,36
ORD004020,CUST01955,REST0117,PART0035,2026-02-22,15:35:12,243,61,7,297,PAY004020,Delivered,50
ORD004021,CUST01210,REST0123,PART0014,2025-10-25,19:08:27,279,49,76,252,PAY004021,Delivered,46
ORD004022,CUST01993,REST0129,PART0102,2025-08-27,09:00:40,898,25,86,837,PAY004022,Delivered,34
ORD004023,CUST01154,REST0152,PART0013,2026-05-07,18:43:34,1299,49,258,1090,PAY004023,Delivered,44
ORD004024,CUST01053,REST0108,PART0150,2025-08-31,14:41:13,1465,70,181,1354,PAY004024,Delivered,90
ORD004025,CUST02149,REST0010,PART0049,2025-12-16,14:35:05,466,91,91,466,PAY004025,Delivered,43
ORD004026,CUST01044,REST0050,PART0074,2026-05-31,19:33:57,1220,72,327,965,PAY004026,Cancelled,86
ORD004027,CUST02111,REST0164,PART0006,2026-06-25,04:10:43,1848,36,47,1837,PAY004027,Delivered,57
ORD004028,CUST02094,REST0254,PART0028,2026-06-24,13:31:00,1694,54,479,1269,PAY004028,Delivered,57
ORD004029,CUST02282,REST0065,PART0055,2025-10-02,17:44:37,206,60,7,259,PAY004029,Delivered,74
ORD004030,CUST00213,REST0248,PART0065,2025-08-18,20:03:32,498,33,15,516,PAY004030,Delivered,51
ORD004031,CUST02327,REST0055,PART0019,2026-02-16,16:26:11,1113,93,118,1088,PAY004031,Delivered,75
ORD004032,CUST00122,REST0103,PART0066,2026-06-09,23:19:04,1142,52,5,1189,PAY004032,Delivered,60
ORD004033,CUST01135,REST0272,PART0102,2026-01-25,15:10:58,1231,84,352,963,PAY004033,Delivered,57
ORD004034,CUST01204,REST0143,PART0097,2025-10-02,05:16:24,1694,46,245,1495,PAY004034,Cancelled,66
ORD004035,CUST01613,REST0194,PART0015,2025-09-03,14:35:23,1056,37,112,981,PAY004035,Delivered,52
ORD004036,CUST00028,REST0286,PART0028,2026-02-02,12:00:15,689,33,37,685,PAY004036,Delivered,84
ORD004037,CUST02434,REST0108,PART0129,2025-07-30,02:29:42,545,75,132,488,PAY004037,Delivered,34
ORD004038,CUST02399,REST0145,PART0002,2026-01-14,08:47:16,1870,36,546,1360,PAY004038,Delivered,54
ORD004039,CUST01496,REST0060,PART0103,2026-01-18,04:42:57,1339,51,396,994,PAY004039,Delayed,17
ORD004040,CUST01979,REST0226,PART0096,2025-08-27,16:57:03,960,97,168,889,PAY004040,Delivered,31
ORD004041,CUST02290,REST0027,PART0056,2025-08-28,12:10:37,1007,91,148,950,PAY004041,Delivered,27
ORD004042,CUST02144,REST0036,PART0118,2025-10-13,00:55:06,552,71,120,503,PAY004042,Delivered,55
ORD004043,CUST01018,REST0174,PART0063,2025-07-31,00:16:08,685,90,17,758,PAY004043,Delivered,77
ORD004044,CUST02498,REST0264,PART0059,2026-06-04,18:47:51,1965,54,160,1859,PAY004044,Delivered,43
ORD004045,CUST00985,REST0188,PART0035,2025-12-13,22:48:33,578,99,91,586,PAY004045,Cancelled,65
ORD004046,CUST00771,REST0093,PART0144,2025-09-25,21:15:16,1488,88,177,1399,PAY004046,Delivered,74
ORD004047,CUST00345,REST0131,PART0126,2025-08-17,17:04:30,744,23,23,744,PAY004047,Delivered,53
ORD004048,CUST02005,REST0104,PART0116,2026-05-08,09:11:34,823,54,186,691,PAY004048,Delayed,74
ORD004049,CUST00164,REST0295,PART0107,2026-04-11,14:46:08,714,95,157,652,PAY004049,Delivered,73
ORD004050,CUST01494,REST0200,PART0087,2026-05-25,10:04:10,288,97,39,346,PAY004050,Delivered,88
ORD004051,CUST01577,REST0049,PART0009,2025-08-11,10:00:32,1073,49,312,810,PAY004051,Delayed,40
ORD004052,CUST00843,REST0206,PART0139,2025-10-18,03:04:56,193,63,30,226,PAY004052,Delivered,89
ORD004053,CUST01202,REST0057,PART0128,2026-01-01,13:07:39,254,86,2,338,PAY004053,Delivered,55
ORD004054,CUST00130,REST0243,PART0042,2026-03-12,04:59:51,1429,55,109,1375,PAY004054,Delivered,28
ORD004055,CUST01860,REST0035,PART0109,2025-12-07,06:50:53,1502,84,233,1353,PAY004055,Delivered,88
ORD004056,CUST02074,REST0237,PART0047,2026-01-02,09:15:34,356,69,40,385,PAY004056,Delivered,44
ORD004057,CUST00288,REST0061,PART0009,2026-04-28,23:40:42,656,59,195,520,PAY004057,Delivered,48
ORD004058,CUST02278,REST0215,PART0116,2025-09-09,16:23:58,1909,62,450,1521,PAY004058,Delivered,29
ORD004059,CUST00655,REST0282,PART0018,2026-01-03,21:45:09,938,61,244,755,PAY004059,Delivered,85
ORD004060,CUST00681,REST0252,PART0144,2026-03-05,02:14:56,1872,95,120,1847,PAY004060,Delivered,83
ORD004061,CUST02366,REST0299,PART0017,2026-05-10,22:34:16,901,41,132,810,PAY004061,Delivered,66
ORD004062,CUST00410,REST0179,PART0144,2025-08-01,04:25:24,1456,87,149,1394,PAY004062,Delivered,57
ORD004063,CUST00253,REST0143,PART0055,2026-03-30,16:15:04,545,79,58,566,PAY004063,Delayed,73
ORD004064,CUST01315,REST0189,PART0145,2026-07-13,19:43:11,566,35,135,466,PAY004064,Delivered,66
ORD004065,CUST00505,REST0223,PART0066,2026-01-27,19:51:50,194,83,52,225,PAY004065,Delayed,47
ORD004066,CUST01252,REST0002,PART0002,2026-05-10,00:47:39,1604,32,138,1498,PAY004066,Delivered,22
ORD004067,CUST01681,REST0024,PART0039,2025-09-27,15:06:52,224,76,47,253,PAY004067,Delivered,45
ORD004068,CUST00166,REST0228,PART0125,2026-05-10,17:11:23,254,74,39,289,PAY004068,Delivered,35
ORD004069,CUST00723,REST0288,PART0129,2025-10-05,23:09:15,991,87,82,996,PAY004069,Delayed,57
ORD004070,CUST01096,REST0133,PART0125,2026-04-23,18:26:39,465,78,52,491,PAY004070,Delivered,88
ORD004071,CUST02444,REST0246,PART0050,2025-11-16,17:02:00,455,67,29,493,PAY004071,Delivered,67
ORD004072,CUST01825,REST0188,PART0131,2025-08-02,05:38:42,1442,61,141,1362,PAY004072,Delivered,74
ORD004073,CUST01984,REST0035,PART0016,2026-02-22,03:24:17,1588,51,341,1298,PAY004073,Delivered,56
ORD004074,CUST02418,REST0029,PART0111,2025-07-21,18:14:57,1352,38,181,1209,PAY004074,Delivered,78
ORD004075,CUST00799,REST0206,PART0001,2025-09-13,13:09:26,396,91,41,446,PAY004075,Delivered,28
ORD004076,CUST00083,REST0132,PART0016,2025-11-25,19:22:52,742,48,179,611,PAY004076,Delivered,35
ORD004077,CUST01203,REST0062,PART0052,2026-06-15,00:47:47,922,27,23,926,PAY004077,Delivered,27
ORD004078,CUST02025,REST0239,PART0091,2025-10-21,15:26:15,1546,70,433,1183,PAY004078,Delivered,33
ORD004079,CUST00453,REST0080,PART0115,2026-07-09,05:57:41,1740,20,448,1312,PAY004079,Delivered,88
ORD004080,CUST00873,REST0167,PART0003,2025-09-22,09:50:27,360,76,55,381,PAY004080,Cancelled,67
ORD004081,CUST02333,REST0013,PART0076,2025-11-29,05:07:15,1576,78,80,1574,PAY004081,Delivered,41
ORD004082,CUST01996,REST0209,PART0119,2026-01-11,16:16:27,1271,100,51,1320,PAY004082,Delivered,65
ORD004083,CUST00142,REST0074,PART0090,2025-10-02,03:58:44,1920,41,448,1513,PAY004083,Delivered,54
ORD004084,CUST00951,REST0295,PART0018,2026-07-01,08:57:59,297,70,81,286,PAY004084,Delivered,55
ORD004085,CUST01977,REST0065,PART0086,2026-03-23,09:34:00,782,73,69,786,PAY004085,Delivered,68
ORD004086,CUST01915,REST0263,PART0041,2025-08-07,03:44:25,1841,56,393,1504,PAY004086,Delivered,20
ORD004087,CUST01601,REST0056,PART0082,2025-12-15,05:04:58,1042,99,10,1131,PAY004087,Delivered,59
ORD004088,CUST00265,REST0122,PART0066,2025-12-10,19:58:07,1508,43,201,1350,PAY004088,Delivered,18
ORD004089,CUST00384,REST0070,PART0040,2025-09-13,16:45:51,1933,80,231,1782,PAY004089,Delivered,22
ORD004090,CUST01663,REST0166,PART0074,2025-11-06,13:37:02,936,76,222,790,PAY004090,Cancelled,15
ORD004091,CUST00643,REST0059,PART0106,2026-01-28,14:16:30,1657,42,142,1557,PAY004091,Cancelled,87
ORD004092,CUST00683,REST0257,PART0112,2025-08-09,23:02:49,835,48,179,704,PAY004092,Delivered,24
ORD004093,CUST02270,REST0035,PART0062,2025-10-11,17:08:23,1276,21,187,1110,PAY004093,Delivered,81
ORD004094,CUST00766,REST0060,PART0058,2025-09-25,16:27:10,831,77,57,851,PAY004094,Delivered,63
ORD004095,CUST01215,REST0183,PART0086,2026-03-16,19:50:48,1905,91,394,1602,PAY004095,Delivered,62
ORD004096,CUST00489,REST0016,PART0113,2025-09-29,17:09:48,987,34,161,860,PAY004096,Delayed,16
ORD004097,CUST00035,REST0187,PART0041,2025-11-23,16:30:03,1513,66,254,1325,PAY004097,Delivered,62
ORD004098,CUST02019,REST0137,PART0075,2026-03-28,18:54:37,1301,71,272,1100,PAY004098,Delivered,26
ORD004099,CUST02404,REST0299,PART0140,2026-04-22,07:41:12,1731,44,351,1424,PAY004099,Delivered,90
ORD004100,CUST02300,REST0204,PART0039,2026-01-02,16:22:18,1493,42,162,1373,PAY004100,Delivered,66
ORD004101,CUST00144,REST0197,PART0048,2025-07-26,01:41:42,792,75,6,861,PAY004101,Delivered,57
ORD004102,CUST01977,REST0229,PART0093,2026-06-19,15:14:39,278,66,11,333,PAY004102,Delivered,24
ORD004103,CUST01026,REST0172,PART0056,2026-01-03,07:50:01,561,80,133,508,PAY004103,Delivered,23
ORD004104,CUST01029,REST0172,PART0136,2025-08-12,04:29:14,1080,45,136,989,PAY004104,Delivered,17
ORD004105,CUST00654,REST0058,PART0051,2026-06-08,19:03:27,1428,83,216,1295,PAY004105,Delivered,49
ORD004106,CUST01136,REST0193,PART0020,2025-10-19,16:35:29,1713,31,406,1338,PAY004106,Cancelled,55
ORD004107,CUST00620,REST0073,PART0033,2026-03-06,21:40:12,1727,62,254,1535,PAY004107,Delivered,48
ORD004108,CUST00010,REST0055,PART0070,2026-02-06,12:17:47,230,85,12,303,PAY004108,Delivered,82
ORD004109,CUST00297,REST0286,PART0138,2025-11-05,00:20:35,493,94,113,474,PAY004109,Delivered,49
ORD004110,CUST01009,REST0230,PART0078,2026-02-17,12:02:21,1735,91,257,1569,PAY004110,Delivered,85
ORD004111,CUST02111,REST0057,PART0125,2025-09-16,19:20:02,1807,37,411,1433,PAY004111,Delivered,46
ORD004112,CUST00075,REST0166,PART0132,2025-09-09,22:02:10,1640,21,266,1395,PAY004112,Delayed,84
ORD004113,CUST02081,REST0022,PART0140,2026-02-13,17:21:04,1395,21,168,1248,PAY004113,Delivered,30
ORD004114,CUST01158,REST0013,PART0088,2025-11-16,13:36:20,182,44,13,213,PAY004114,Delivered,19
ORD004115,CUST01389,REST0193,PART0057,2025-08-07,06:23:47,1867,34,49,1852,PAY004115,Delivered,58
ORD004116,CUST02423,REST0020,PART0048,2025-08-28,11:47:47,1625,75,414,1286,PAY004116,Delayed,28
ORD004117,CUST01700,REST0292,PART0078,2026-04-08,04:14:38,290,32,52,270,PAY004117,Delivered,68
ORD004118,CUST00659,REST0149,PART0111,2025-08-10,12:51:36,1972,37,76,1933,PAY004118,Delivered,72
ORD004119,CUST02072,REST0059,PART0039,2025-12-22,10:33:43,1738,53,147,1644,PAY004119,Delivered,59
ORD004120,CUST00651,REST0027,PART0118,2026-02-02,10:20:34,1222,44,203,1063,PAY004120,Delivered,49
ORD004121,CUST02396,REST0165,PART0020,2026-02-08,17:35:03,1192,91,134,1149,PAY004121,Delivered,37
ORD004122,CUST00002,REST0126,PART0058,2025-07-23,00:32:52,159,94,9,244,PAY004122,Delivered,25
ORD004123,CUST01710,REST0182,PART0127,2026-03-13,11:26:00,1675,75,189,1561,PAY004123,Delivered,30
ORD004124,CUST02099,REST0050,PART0055,2026-04-22,01:10:30,950,65,251,764,PAY004124,Delivered,17
ORD004125,CUST00235,REST0156,PART0061,2025-09-20,05:31:00,1326,99,176,1249,PAY004125,Cancelled,79
ORD004126,CUST01109,REST0181,PART0011,2026-04-23,10:42:02,1479,32,203,1308,PAY004126,Delivered,82
ORD004127,CUST00779,REST0067,PART0033,2026-07-13,12:07:24,445,92,82,455,PAY004127,Delivered,43
ORD004128,CUST02264,REST0251,PART0099,2025-11-18,03:50:44,1116,38,138,1016,PAY004128,Delivered,47
ORD004129,CUST00892,REST0292,PART0094,2025-12-07,01:54:38,531,72,25,578,PAY004129,Delivered,61
ORD004130,CUST01626,REST0061,PART0130,2025-07-31,03:59:08,664,61,139,586,PAY004130,Delivered,16
ORD004131,CUST02362,REST0126,PART0080,2025-09-09,23:10:58,1901,84,204,1781,PAY004131,Delivered,19
ORD004132,CUST01144,REST0073,PART0122,2026-07-01,08:33:49,599,67,69,597,PAY004132,Delivered,80
ORD004133,CUST00512,REST0089,PART0004,2025-08-25,13:12:32,872,92,261,703,PAY004133,Delivered,70
ORD004134,CUST00804,REST0092,PART0095,2026-04-08,00:05:06,934,67,195,806,PAY004134,Delivered,68
ORD004135,CUST00569,REST0123,PART0107,2025-10-14,23:40:45,1088,75,83,1080,PAY004135,Delivered,83
ORD004136,CUST01395,REST0119,PART0066,2025-07-18,12:47:56,319,42,60,301,PAY004136,Delayed,30
ORD004137,CUST01411,REST0174,PART0121,2025-12-11,06:57:29,571,98,155,514,PAY004137,Delivered,86
ORD004138,CUST00073,REST0046,PART0117,2025-07-17,13:40:39,479,37,131,385,PAY004138,Delivered,78
ORD004139,CUST00533,REST0289,PART0076,2026-02-19,18:38:41,1538,23,215,1346,PAY004139,Delivered,61
ORD004140,CUST02341,REST0147,PART0069,2025-08-07,22:16:58,423,69,84,408,PAY004140,Cancelled,73
ORD004141,CUST00392,REST0145,PART0064,2026-05-28,06:04:55,1515,47,142,1420,PAY004141,Delivered,24
ORD004142,CUST00977,REST0064,PART0136,2025-12-13,17:48:28,1671,47,95,1623,PAY004142,Delivered,70
ORD004143,CUST00205,REST0218,PART0109,2026-05-10,18:33:09,1109,93,326,876,PAY004143,Delivered,77
ORD004144,CUST00557,REST0027,PART0025,2026-02-21,10:11:36,1113,81,330,864,PAY004144,Delivered,25
ORD004145,CUST00944,REST0261,PART0065,2025-08-31,16:56:13,754,20,141,633,PAY004145,Delivered,46
ORD004146,CUST01615,REST0010,PART0022,2026-06-14,01:38:20,1882,91,177,1796,PAY004146,Delivered,84
ORD004147,CUST01417,REST0114,PART0049,2025-10-11,10:27:07,1110,80,317,873,PAY004147,Delivered,51
ORD004148,CUST02423,REST0116,PART0034,2026-05-08,05:47:22,422,61,27,456,PAY004148,Delivered,32
ORD004149,CUST02018,REST0245,PART0116,2026-03-17,05:50:50,412,66,113,365,PAY004149,Delivered,38
ORD004150,CUST01827,REST0174,PART0013,2025-07-29,21:50:06,1084,52,185,951,PAY004150,Cancelled,36
ORD004151,CUST00382,REST0052,PART0073,2026-02-20,03:17:09,1226,64,95,1195,PAY004151,Delivered,82
ORD004152,CUST01551,REST0098,PART0136,2026-02-13,02:59:23,1034,24,116,942,PAY004152,Cancelled,44
ORD004153,CUST01220,REST0091,PART0005,2025-08-13,22:48:49,1151,89,258,982,PAY004153,Delivered,51
ORD004154,CUST02408,REST0287,PART0064,2025-07-23,22:16:45,828,100,177,751,PAY004154,Delivered,62
ORD004155,CUST01832,REST0244,PART0015,2026-03-25,05:37:47,1771,96,318,1549,PAY004155,Delivered,64
ORD004156,CUST02416,REST0091,PART0135,2026-06-01,06:00:49,1586,51,349,1288,PAY004156,Delivered,58
ORD004157,CUST01300,REST0159,PART0105,2026-07-04,23:10:12,417,26,19,424,PAY004157,Delivered,25
ORD004158,CUST01188,REST0211,PART0114,2026-01-17,06:25:29,1609,80,303,1386,PAY004158,Delivered,72
ORD004159,CUST02333,REST0265,PART0112,2026-07-15,05:13:51,1510,28,266,1272,PAY004159,Delivered,42
ORD004160,CUST00921,REST0294,PART0084,2026-02-23,04:28:56,1678,30,447,1261,PAY004160,Cancelled,52
ORD004161,CUST02295,REST0172,PART0113,2026-03-23,15:40:18,426,28,29,425,PAY004161,Delivered,37
ORD004162,CUST00212,REST0045,PART0072,2025-12-13,04:04:58,1445,62,322,1185,PAY004162,Delivered,73
ORD004163,CUST01731,REST0071,PART0103,2025-11-02,22:35:19,1162,82,292,952,PAY004163,Delivered,40
ORD004164,CUST01447,REST0150,PART0145,2026-04-08,12:08:24,1751,94,388,1457,PAY004164,Delivered,78
ORD004165,CUST01961,REST0284,PART0040,2026-03-12,11:47:08,1317,30,362,985,PAY004165,Delivered,32
ORD004166,CUST00096,REST0016,PART0025,2025-12-13,10:43:22,240,90,15,315,PAY004166,Delivered,47
ORD004167,CUST01705,REST0030,PART0102,2026-01-06,21:01:52,1183,72,341,914,PAY004167,Delivered,38
ORD004168,CUST01325,REST0175,PART0028,2026-07-04,17:51:13,325,61,62,324,PAY004168,Delivered,47
ORD004169,CUST01824,REST0051,PART0004,2026-05-02,18:18:15,1721,25,407,1339,PAY004169,Cancelled,80
ORD004170,CUST01447,REST0264,PART0124,2025-10-16,13:01:40,1610,53,323,1340,PAY004170,Delivered,38
ORD004171,CUST01201,REST0202,PART0109,2026-04-07,10:42:20,470,42,123,389,PAY004171,Cancelled,59
ORD004172,CUST00184,REST0177,PART0030,2026-01-22,18:09:51,759,86,50,795,PAY004172,Delivered,73
ORD004173,CUST01360,REST0033,PART0047,2026-03-11,03:43:01,1350,79,79,1350,PAY004173,Delivered,42
ORD004174,CUST00951,REST0222,PART0119,2025-10-21,08:21:18,571,50,83,538,PAY004174,Delivered,62
ORD004175,CUST01820,REST0109,PART0065,2025-11-27,06:47:17,1542,81,254,1369,PAY004175,Delivered,31
ORD004176,CUST01322,REST0025,PART0053,2026-03-20,12:14:36,1786,62,493,1355,PAY004176,Delivered,23
ORD004177,CUST02455,REST0048,PART0066,2026-01-08,22:33:10,763,95,112,746,PAY004177,Delivered,15
ORD004178,CUST00747,REST0262,PART0008,2026-01-18,07:35:55,1127,29,322,834,PAY004178,Delivered,67
ORD004179,CUST00145,REST0247,PART0068,2026-07-08,07:28:05,1502,93,305,1290,PAY004179,Delivered,65
ORD004180,CUST01119,REST0243,PART0039,2026-06-30,05:08:03,1967,72,509,1530,PAY004180,Delivered,26
ORD004181,CUST00944,REST0189,PART0100,2025-09-13,17:08:26,395,41,37,399,PAY004181,Delivered,69
ORD004182,CUST00207,REST0112,PART0040,2026-01-08,15:27:32,1494,51,400,1145,PAY004182,Delivered,59
ORD004183,CUST00592,REST0186,PART0084,2026-02-09,13:54:42,942,93,190,845,PAY004183,Delivered,83
ORD004184,CUST00848,REST0164,PART0003,2026-06-22,18:48:25,1640,68,250,1458,PAY004184,Delivered,75
ORD004185,CUST02045,REST0091,PART0134,2025-12-03,02:29:41,1704,31,56,1679,PAY004185,Cancelled,43
ORD004186,CUST01701,REST0037,PART0047,2025-10-11,04:07:49,1872,69,274,1667,PAY004186,Delivered,63
ORD004187,CUST02489,REST0105,PART0104,2025-09-10,07:45:59,683,98,178,603,PAY004187,Cancelled,45
ORD004188,CUST01368,REST0202,PART0077,2025-11-04,15:33:13,958,42,225,775,PAY004188,Delivered,47
ORD004189,CUST01305,REST0033,PART0087,2026-03-20,15:55:51,1338,24,298,1064,PAY004189,Delivered,65
ORD004190,CUST01614,REST0103,PART0100,2026-04-26,03:00:20,595,22,15,602,PAY004190,Delivered,33
ORD004191,CUST00317,REST0200,PART0067,2025-09-21,22:52:52,1773,26,367,1432,PAY004191,Delivered,22
ORD004192,CUST00228,REST0154,PART0129,2025-12-14,02:25:29,1195,79,331,943,PAY004192,Cancelled,28
ORD004193,CUST00801,REST0244,PART0064,2025-10-24,03:10:18,1667,66,391,1342,PAY004193,Delayed,68
ORD004194,CUST02440,REST0163,PART0149,2026-06-23,18:02:42,477,81,41,517,PAY004194,Delivered,84
ORD004195,CUST00251,REST0172,PART0093,2025-09-16,12:03:05,1052,78,240,890,PAY004195,Delivered,53
ORD004196,CUST00152,REST0243,PART0023,2025-12-06,04:31:42,1363,94,365,1092,PAY004196,Delayed,38
ORD004197,CUST02464,REST0050,PART0084,2026-04-29,15:08:37,1389,69,311,1147,PAY004197,Delivered,52
ORD004198,CUST00204,REST0066,PART0147,2025-07-24,08:56:24,524,81,2,603,PAY004198,Delivered,46
ORD004199,CUST00528,REST0201,PART0131,2025-12-30,21:52:06,1739,33,217,1555,PAY004199,Delivered,88
ORD004200,CUST00081,REST0081,PART0017,2026-05-25,01:08:04,1114,53,215,952,PAY004200,Delivered,46
ORD004201,CUST02195,REST0148,PART0020,2025-11-09,16:40:04,1702,89,432,1359,PAY004201,Delivered,61
ORD004202,CUST02489,REST0035,PART0135,2025-09-10,03:49:04,1137,30,69,1098,PAY004202,Delivered,49
ORD004203,CUST01534,REST0033,PART0091,2025-08-01,18:25:56,1584,100,330,1354,PAY004203,Delivered,67
ORD004204,CUST01377,REST0286,PART0041,2026-01-10,20:40:10,1118,75,186,1007,PAY004204,Delivered,34
ORD004205,CUST00532,REST0280,PART0083,2025-12-22,14:43:51,1568,67,185,1450,PAY004205,Delivered,86
ORD004206,CUST01791,REST0100,PART0002,2026-04-18,05:51:50,1518,23,445,1096,PAY004206,Delivered,34
ORD004207,CUST00913,REST0121,PART0092,2026-06-22,22:10:08,1270,42,311,1001,PAY004207,Delayed,33
ORD004208,CUST02040,REST0054,PART0096,2026-02-11,12:55:26,1898,76,539,1435,PAY004208,Delivered,39
ORD004209,CUST01231,REST0249,PART0041,2026-06-12,00:03:32,1794,96,419,1471,PAY004209,Delivered,67
ORD004210,CUST02044,REST0137,PART0106,2025-10-12,09:27:04,1510,59,435,1134,PAY004210,Delivered,50
ORD004211,CUST00619,REST0267,PART0063,2025-12-19,10:51:22,807,24,116,715,PAY004211,Delivered,28
ORD004212,CUST00202,REST0270,PART0140,2025-09-02,19:06:07,401,90,45,446,PAY004212,Delivered,21
ORD004213,CUST01272,REST0180,PART0007,2026-06-07,12:25:15,1133,60,206,987,PAY004213,Cancelled,58
ORD004214,CUST00446,REST0001,PART0144,2026-03-16,13:11:39,805,87,2,890,PAY004214,Delivered,86
ORD004215,CUST01065,REST0130,PART0128,2025-11-30,07:26:38,1146,96,251,991,PAY004215,Delivered,70
ORD004216,CUST02177,REST0281,PART0110,2025-10-05,01:25:59,1354,47,228,1173,PAY004216,Delivered,63
ORD004217,CUST01592,REST0170,PART0063,2025-12-20,20:03:03,1849,69,302,1616,PAY004217,Delivered,43
ORD004218,CUST01133,REST0294,PART0105,2025-12-26,19:06:26,765,76,113,728,PAY004218,Cancelled,44
ORD004219,CUST01763,REST0088,PART0129,2026-06-24,09:44:38,1332,38,79,1291,PAY004219,Delivered,29
ORD004220,CUST00743,REST0112,PART0125,2025-12-25,11:16:37,302,64,0,366,PAY004220,Cancelled,52
ORD004221,CUST01181,REST0161,PART0013,2026-01-11,02:43:22,1964,83,250,1797,PAY004221,Delivered,56
ORD004222,CUST00036,REST0164,PART0001,2026-04-27,02:02:05,386,96,37,445,PAY004222,Delivered,47
ORD004223,CUST01959,REST0289,PART0110,2026-01-07,21:38:36,417,73,3,487,PAY004223,Delivered,35
ORD004224,CUST02407,REST0250,PART0116,2026-01-04,15:10:24,305,54,45,314,PAY004224,Cancelled,45
ORD004225,CUST01299,REST0298,PART0030,2025-12-14,02:20:30,182,93,34,241,PAY004225,Delivered,86
ORD004226,CUST00950,REST0200,PART0112,2026-01-12,06:05:05,1049,58,248,859,PAY004226,Delivered,61
ORD004227,CUST02166,REST0270,PART0090,2025-12-04,10:25:09,1407,76,330,1153,PAY004227,Delivered,82
ORD004228,CUST02440,REST0178,PART0093,2025-11-24,10:19:42,1801,58,518,1341,PAY004228,Delivered,72
ORD004229,CUST02193,REST0130,PART0068,2025-11-19,20:26:04,651,34,161,524,PAY004229,Delivered,48
ORD004230,CUST00996,REST0290,PART0082,2026-03-31,15:31:18,949,28,222,755,PAY004230,Delayed,38
ORD004231,CUST01953,REST0248,PART0072,2025-12-18,03:39:05,1130,52,244,938,PAY004231,Delivered,45
ORD004232,CUST00581,REST0114,PART0130,2025-09-05,22:30:38,1461,40,40,1461,PAY004232,Delivered,50
ORD004233,CUST01571,REST0038,PART0021,2026-04-23,03:30:30,1082,76,189,969,PAY004233,Delivered,85
ORD004234,CUST01361,REST0192,PART0127,2026-02-07,01:09:38,1855,86,480,1461,PAY004234,Cancelled,90
ORD004235,CUST02436,REST0021,PART0008,2025-10-04,05:03:34,1646,43,416,1273,PAY004235,Delivered,22
ORD004236,CUST01175,REST0180,PART0030,2025-10-19,18:44:40,1356,21,163,1214,PAY004236,Delivered,71
ORD004237,CUST01165,REST0017,PART0083,2025-10-08,11:59:57,927,61,186,802,PAY004237,Delivered,87
ORD004238,CUST01241,REST0095,PART0075,2026-04-18,23:36:39,1320,48,141,1227,PAY004238,Delivered,67
ORD004239,CUST00552,REST0097,PART0060,2025-09-28,09:42:55,1910,80,105,1885,PAY004239,Delivered,46
ORD004240,CUST00970,REST0104,PART0096,2026-02-21,23:32:20,1736,72,344,1464,PAY004240,Delivered,39
ORD004241,CUST02398,REST0278,PART0006,2025-09-29,19:36:48,1404,80,160,1324,PAY004241,Delivered,88
ORD004242,CUST00762,REST0062,PART0104,2026-06-20,12:23:28,1810,40,515,1335,PAY004242,Delivered,15
ORD004243,CUST01333,REST0241,PART0130,2026-04-25,11:25:26,1153,91,250,994,PAY004243,Delivered,85
ORD004244,CUST01905,REST0218,PART0064,2026-03-29,07:09:19,1743,80,194,1629,PAY004244,Delivered,21
ORD004245,CUST02380,REST0264,PART0064,2026-05-16,18:22:26,1110,78,112,1076,PAY004245,Delivered,70
ORD004246,CUST02047,REST0292,PART0128,2026-03-13,14:08:12,993,23,291,725,PAY004246,Delivered,79
ORD004247,CUST00227,REST0150,PART0072,2025-12-04,09:03:51,836,21,202,655,PAY004247,Delivered,61
ORD004248,CUST01638,REST0081,PART0007,2026-06-30,21:42:09,1058,37,307,788,PAY004248,Delivered,25
ORD004249,CUST00746,REST0076,PART0104,2026-01-12,04:46:07,1054,98,118,1034,PAY004249,Delivered,60
ORD004250,CUST01416,REST0149,PART0099,2026-02-14,03:26:15,1068,86,81,1073,PAY004250,Delivered,45
ORD004251,CUST00322,REST0180,PART0109,2026-06-16,04:18:11,831,99,77,853,PAY004251,Delivered,78
ORD004252,CUST01309,REST0105,PART0150,2026-05-08,22:34:11,288,78,56,310,PAY004252,Delivered,85
ORD004253,CUST02268,REST0047,PART0142,2026-05-19,20:29:48,487,55,80,462,PAY004253,Delivered,73
ORD004254,CUST00030,REST0254,PART0085,2025-12-21,18:34:01,1186,84,155,1115,PAY004254,Delivered,55
ORD004255,CUST00010,REST0187,PART0051,2025-12-08,19:20:10,1564,90,412,1242,PAY004255,Cancelled,65
ORD004256,CUST01792,REST0268,PART0056,2026-03-23,08:18:26,1433,81,72,1442,PAY004256,Cancelled,62
ORD004257,CUST00337,REST0098,PART0012,2025-11-12,10:17:52,1667,23,178,1512,PAY004257,Delivered,67
ORD004258,CUST00266,REST0066,PART0137,2025-10-07,03:53:01,1000,77,93,984,PAY004258,Delayed,28
ORD004259,CUST02265,REST0231,PART0008,2025-12-15,19:13:43,944,90,124,910,PAY004259,Delayed,38
ORD004260,CUST00920,REST0231,PART0146,2025-09-09,03:05:48,1921,86,341,1666,PAY004260,Delivered,86
ORD004261,CUST02350,REST0088,PART0080,2026-01-14,20:40:33,378,56,92,342,PAY004261,Delivered,25
ORD004262,CUST00989,REST0002,PART0110,2025-08-27,10:29:06,1118,33,245,906,PAY004262,Delayed,39
ORD004263,CUST02174,REST0111,PART0009,2026-02-12,01:19:19,222,87,47,262,PAY004263,Delivered,67
ORD004264,CUST01742,REST0265,PART0032,2026-03-26,13:05:07,684,84,52,716,PAY004264,Delivered,69
ORD004265,CUST01617,REST0218,PART0087,2026-01-07,21:43:05,481,45,137,389,PAY004265,Delivered,67
ORD004266,CUST01522,REST0180,PART0145,2025-11-09,20:58:47,967,80,246,801,PAY004266,Delivered,60
ORD004267,CUST01191,REST0052,PART0001,2026-07-02,13:59:02,1756,51,334,1473,PAY004267,Delivered,55
ORD004268,CUST00049,REST0151,PART0011,2026-06-04,16:52:11,1135,36,181,990,PAY004268,Delivered,37
ORD004269,CUST02057,REST0281,PART0017,2026-05-13,01:22:44,1559,88,333,1314,PAY004269,Delivered,18
ORD004270,CUST01834,REST0078,PART0055,2026-06-19,03:48:48,805,61,135,731,PAY004270,Delivered,58
ORD004271,CUST01936,REST0077,PART0012,2026-03-15,10:07:43,1181,57,184,1054,PAY004271,Delivered,82
ORD004272,CUST00068,REST0147,PART0022,2025-12-23,07:00:31,463,56,29,490,PAY004272,Delivered,62
ORD004273,CUST02376,REST0126,PART0030,2025-08-05,00:04:52,1766,79,310,1535,PAY004273,Delivered,66
ORD004274,CUST00487,REST0220,PART0030,2025-10-01,16:25:31,178,86,42,222,PAY004274,Delivered,26
ORD004275,CUST01567,REST0224,PART0023,2025-10-08,14:02:20,1450,66,322,1194,PAY004275,Delayed,44
ORD004276,CUST01460,REST0024,PART0011,2025-11-24,09:13:37,184,55,28,211,PAY004276,Delivered,20
ORD004277,CUST00139,REST0284,PART0036,2026-02-15,11:56:38,837,90,77,850,PAY004277,Delivered,31
ORD004278,CUST02338,REST0020,PART0099,2026-06-26,20:29:27,197,71,55,213,PAY004278,Delivered,54
ORD004279,CUST01361,REST0224,PART0090,2025-09-15,02:31:19,1767,59,247,1579,PAY004279,Delivered,79
ORD004280,CUST01613,REST0109,PART0144,2026-03-29,10:11:21,1538,48,403,1183,PAY004280,Delayed,42
ORD004281,CUST00675,REST0156,PART0093,2025-12-12,11:38:20,749,82,35,796,PAY004281,Delivered,56
ORD004282,CUST00158,REST0269,PART0057,2026-07-15,04:24:06,1673,32,248,1457,PAY004282,Delivered,45
ORD004283,CUST00754,REST0134,PART0070,2026-02-02,05:14:58,282,57,82,257,PAY004283,Delivered,67
ORD004284,CUST02489,REST0019,PART0011,2025-12-30,22:18:31,1588,51,343,1296,PAY004284,Delivered,19
ORD004285,CUST01120,REST0282,PART0140,2025-09-24,06:27:06,881,47,9,919,PAY004285,Delayed,68
ORD004286,CUST01296,REST0054,PART0078,2026-01-04,06:40:04,1444,41,431,1054,PAY004286,Delivered,16
ORD004287,CUST00209,REST0290,PART0149,2025-07-25,11:57:14,921,34,224,731,PAY004287,Cancelled,79
ORD004288,CUST02417,REST0257,PART0030,2026-04-11,18:03:27,300,83,1,382,PAY004288,Delivered,65
ORD004289,CUST00913,REST0010,PART0059,2025-10-04,10:04:33,1242,91,52,1281,PAY004289,Delivered,84
ORD004290,CUST00740,REST0282,PART0025,2025-12-13,03:17:57,927,97,55,969,PAY004290,Delivered,61
ORD004291,CUST01334,REST0134,PART0105,2026-02-21,14:16:37,357,68,32,393,PAY004291,Delivered,64
ORD004292,CUST00458,REST0080,PART0090,2026-04-01,06:37:20,907,76,118,865,PAY004292,Delayed,43
ORD004293,CUST01649,REST0257,PART0116,2025-09-21,04:07:28,371,36,56,351,PAY004293,Delivered,65
ORD004294,CUST02041,REST0300,PART0080,2025-10-30,09:19:07,1727,40,363,1404,PAY004294,Delivered,77
ORD004295,CUST02311,REST0259,PART0116,2026-05-01,22:45:07,895,24,30,889,PAY004295,Delivered,30
ORD004296,CUST00367,REST0173,PART0127,2026-04-06,13:43:29,2000,49,225,1824,PAY004296,Delivered,27
ORD004297,CUST01568,REST0043,PART0068,2026-02-20,00:43:30,225,55,22,258,PAY004297,Cancelled,47
ORD004298,CUST00152,REST0136,PART0068,2026-05-10,23:37:43,1986,73,340,1719,PAY004298,Cancelled,28
ORD004299,CUST01414,REST0257,PART0037,2025-09-14,18:28:19,1030,53,145,938,PAY004299,Delivered,68
ORD004300,CUST00354,REST0294,PART0030,2026-03-22,06:33:52,735,67,65,737,PAY004300,Delivered,43
ORD004301,CUST02437,REST0260,PART0125,2025-12-19,07:33:08,1292,25,130,1187,PAY004301,Delivered,69
ORD004302,CUST02243,REST0099,PART0114,2026-02-24,13:49:29,192,97,12,277,PAY004302,Delivered,46
ORD004303,CUST01280,REST0089,PART0122,2026-05-15,21:14:42,953,61,84,930,PAY004303,Delivered,68
ORD004304,CUST00496,REST0160,PART0112,2026-05-23,06:07:55,1593,82,144,1531,PAY004304,Delivered,48
ORD004305,CUST00508,REST0098,PART0091,2025-10-01,01:30:44,156,41,27,170,PAY004305,Delivered,39
ORD004306,CUST01399,REST0198,PART0023,2025-09-12,18:15:42,467,61,90,438,PAY004306,Delivered,86
ORD004307,CUST00362,REST0107,PART0137,2025-12-22,23:17:24,443,75,39,479,PAY004307,Delivered,47
ORD004308,CUST00297,REST0005,PART0148,2025-11-16,03:41:56,1917,66,352,1631,PAY004308,Cancelled,60
ORD004309,CUST00580,REST0247,PART0087,2026-01-14,05:16:18,1933,100,370,1663,PAY004309,Delivered,15
ORD004310,CUST00253,REST0262,PART0071,2025-10-19,15:52:03,973,89,257,805,PAY004310,Delivered,82
ORD004311,CUST00641,REST0242,PART0019,2026-06-18,08:25:07,1577,21,224,1374,PAY004311,Delivered,34
ORD004312,CUST00134,REST0095,PART0055,2026-04-29,00:47:27,535,46,78,503,PAY004312,Delivered,77
ORD004313,CUST01666,REST0241,PART0041,2025-09-04,22:39:12,365,51,19,397,PAY004313,Delivered,72
ORD004314,CUST00514,REST0230,PART0115,2026-05-08,09:55:40,649,39,104,584,PAY004314,Delivered,69
ORD004315,CUST01376,REST0260,PART0131,2026-07-12,21:41:38,746,75,157,664,PAY004315,Delivered,30
ORD004316,CUST01577,REST0276,PART0115,2026-01-21,06:01:29,1449,57,390,1116,PAY004316,Delivered,73
ORD004317,CUST01186,REST0138,PART0050,2025-11-16,01:07:32,1345,39,294,1090,PAY004317,Delivered,24
ORD004318,CUST02028,REST0081,PART0104,2026-03-10,06:44:28,1004,82,177,909,PAY004318,Delivered,67
ORD004319,CUST01354,REST0118,PART0104,2026-07-13,14:10:14,683,97,1,779,PAY004319,Delivered,69
ORD004320,CUST00765,REST0017,PART0049,2026-05-08,17:07:36,1473,84,107,1450,PAY004320,Delivered,24
ORD004321,CUST00440,REST0248,PART0116,2026-03-11,01:04:25,402,46,111,337,PAY004321,Delivered,16
ORD004322,CUST00850,REST0284,PART0137,2026-02-07,07:13:53,648,58,10,696,PAY004322,Delivered,43
ORD004323,CUST01307,REST0050,PART0132,2026-04-27,19:26:56,558,33,167,424,PAY004323,Delivered,17
ORD004324,CUST02215,REST0006,PART0041,2026-03-17,03:58:27,965,71,143,893,PAY004324,Delivered,46
ORD004325,CUST00489,REST0114,PART0129,2026-06-21,09:55:34,426,88,14,500,PAY004325,Cancelled,82
ORD004326,CUST01131,REST0124,PART0145,2025-07-29,22:49:37,297,34,45,286,PAY004326,Delivered,76
ORD004327,CUST01008,REST0134,PART0023,2026-04-04,20:20:02,343,66,62,347,PAY004327,Delivered,55
ORD004328,CUST01547,REST0219,PART0004,2025-08-22,22:29:58,1795,30,22,1803,PAY004328,Delivered,79
ORD004329,CUST01557,REST0181,PART0016,2026-05-17,20:48:42,1882,43,241,1684,PAY004329,Delivered,52
ORD004330,CUST00716,REST0074,PART0080,2025-08-10,14:58:56,227,38,52,213,PAY004330,Delivered,78
ORD004331,CUST00593,REST0173,PART0027,2025-08-18,13:02:25,1458,97,67,1488,PAY004331,Delivered,85
ORD004332,CUST01003,REST0173,PART0012,2025-07-24,13:52:12,1929,74,101,1902,PAY004332,Delivered,68
ORD004333,CUST01185,REST0017,PART0020,2025-07-19,14:35:23,283,27,67,243,PAY004333,Delivered,56
ORD004334,CUST00073,REST0203,PART0035,2026-07-08,14:24:52,1879,98,508,1469,PAY004334,Delivered,82
ORD004335,CUST01450,REST0095,PART0109,2026-06-16,02:32:15,226,92,61,257,PAY004335,Delivered,82
ORD004336,CUST02185,REST0110,PART0108,2026-06-18,21:46:53,1006,67,25,1048,PAY004336,Delivered,85
ORD004337,CUST00466,REST0149,PART0011,2025-08-05,17:28:58,1712,70,167,1615,PAY004337,Delivered,71
ORD004338,CUST02153,REST0233,PART0022,2025-11-21,23:40:34,1114,45,27,1132,PAY004338,Delayed,50
ORD004339,CUST00042,REST0080,PART0007,2026-06-12,08:36:30,1334,22,99,1257,PAY004339,Delayed,21
ORD004340,CUST01630,REST0021,PART0124,2025-08-20,04:09:30,1881,70,181,1770,PAY004340,Delivered,15
ORD004341,CUST01170,REST0263,PART0084,2025-11-14,21:54:09,1485,56,252,1289,PAY004341,Delivered,72
ORD004342,CUST00704,REST0033,PART0060,2026-07-13,00:35:06,1221,88,271,1038,PAY004342,Delivered,36
ORD004343,CUST01353,REST0090,PART0040,2026-07-01,11:12:43,617,88,30,675,PAY004343,Delivered,41
ORD004344,CUST00716,REST0168,PART0066,2025-12-01,18:26:34,426,93,116,403,PAY004344,Delivered,19
ORD004345,CUST01020,REST0282,PART0076,2025-10-03,01:57:17,757,95,171,681,PAY004345,Delivered,77
ORD004346,CUST00350,REST0260,PART0138,2026-05-01,00:30:00,747,50,164,633,PAY004346,Cancelled,66
ORD004347,CUST02237,REST0027,PART0015,2025-09-12,17:30:46,1379,54,232,1201,PAY004347,Delivered,75
ORD004348,CUST00888,REST0205,PART0106,2025-10-06,23:12:22,505,54,109,450,PAY004348,Delivered,81
ORD004349,CUST01498,REST0009,PART0072,2025-11-12,16:28:33,1129,64,184,1009,PAY004349,Delivered,58
ORD004350,CUST01479,REST0020,PART0004,2026-06-07,17:29:01,649,89,126,612,PAY004350,Delivered,78
ORD004351,CUST00772,REST0060,PART0114,2025-08-10,21:10:18,214,98,6,306,PAY004351,Delivered,33
ORD004352,CUST00930,REST0186,PART0129,2025-12-04,04:38:18,1440,29,406,1063,PAY004352,Delivered,15
ORD004353,CUST00451,REST0192,PART0108,2026-03-15,06:43:56,545,46,60,531,PAY004353,Delivered,89
ORD004354,CUST00200,REST0043,PART0080,2026-07-04,08:34:30,691,22,29,684,PAY004354,Delivered,66
ORD004355,CUST00819,REST0107,PART0084,2025-11-15,18:27:55,335,99,86,348,PAY004355,Delayed,38
ORD004356,CUST00714,REST0197,PART0014,2026-02-27,19:55:34,1889,75,170,1794,PAY004356,Delivered,87
ORD004357,CUST00535,REST0198,PART0103,2026-07-02,12:29:02,308,69,35,342,PAY004357,Cancelled,44
ORD004358,CUST00215,REST0282,PART0040,2026-06-02,21:41:00,926,32,149,809,PAY004358,Delivered,39
ORD004359,CUST00352,REST0230,PART0031,2026-01-05,16:33:51,165,28,30,163,PAY004359,Delivered,89
ORD004360,CUST01025,REST0024,PART0086,2026-01-16,17:55:36,798,79,235,642,PAY004360,Delayed,29
ORD004361,CUST00119,REST0284,PART0019,2025-11-24,17:57:58,1513,93,185,1421,PAY004361,Delivered,16
ORD004362,CUST01807,REST0120,PART0092,2026-04-15,11:50:57,1873,62,422,1513,PAY004362,Delivered,35
ORD004363,CUST01512,REST0045,PART0121,2025-09-22,06:56:31,612,66,153,525,PAY004363,Delivered,70
ORD004364,CUST00449,REST0123,PART0008,2025-11-05,18:22:27,890,43,135,798,PAY004364,Delivered,34
ORD004365,CUST01962,REST0051,PART0014,2025-11-11,00:11:53,1801,87,385,1503,PAY004365,Delivered,65
ORD004366,CUST00691,REST0151,PART0149,2025-08-24,15:50:08,818,74,5,887,PAY004366,Delivered,36
ORD004367,CUST01818,REST0148,PART0021,2026-05-23,20:06:17,900,77,225,752,PAY004367,Delivered,53
ORD004368,CUST00351,REST0256,PART0087,2026-02-19,10:57:48,239,67,60,246,PAY004368,Delivered,39
ORD004369,CUST02021,REST0179,PART0042,2025-09-16,07:21:05,413,83,110,386,PAY004369,Delivered,65
ORD004370,CUST02141,REST0269,PART0030,2026-07-01,02:00:55,796,87,118,765,PAY004370,Delivered,66
ORD004371,CUST01956,REST0055,PART0082,2026-06-23,05:13:06,1915,51,101,1865,PAY004371,Delivered,29
ORD004372,CUST01078,REST0060,PART0041,2025-09-13,06:41:31,286,53,20,319,PAY004372,Delivered,52
ORD004373,CUST01251,REST0214,PART0113,2025-09-17,15:27:18,788,66,227,627,PAY004373,Cancelled,42
ORD004374,CUST01081,REST0048,PART0147,2025-12-24,11:36:17,1058,29,240,847,PAY004374,Delivered,15
ORD004375,CUST01271,REST0163,PART0014,2025-08-31,05:44:13,973,96,164,905,PAY004375,Delivered,84
ORD004376,CUST01042,REST0004,PART0032,2026-02-07,23:14:08,1124,20,98,1046,PAY004376,Delivered,26
ORD004377,CUST00119,REST0199,PART0027,2026-07-04,17:45:51,975,31,236,770,PAY004377,Delivered,41
ORD004378,CUST00515,REST0232,PART0055,2026-03-13,08:39:43,382,33,86,329,PAY004378,Cancelled,83
ORD004379,CUST00360,REST0233,PART0042,2025-12-22,08:17:07,1511,86,323,1274,PAY004379,Delivered,18
ORD004380,CUST01560,REST0184,PART0109,2025-09-15,17:04:20,801,80,150,731,PAY004380,Cancelled,48
ORD004381,CUST01300,REST0149,PART0034,2026-02-19,08:52:49,280,92,8,364,PAY004381,Delivered,66
ORD004382,CUST00609,REST0149,PART0020,2026-02-15,17:47:55,1603,76,283,1396,PAY004382,Delivered,30
ORD004383,CUST01111,REST0089,PART0078,2026-03-17,09:32:14,1931,55,210,1776,PAY004383,Delivered,23
ORD004384,CUST01195,REST0203,PART0112,2026-01-14,14:28:47,669,80,81,668,PAY004384,Delivered,33
ORD004385,CUST00520,REST0118,PART0016,2026-04-14,00:59:03,1691,87,74,1704,PAY004385,Delivered,69
ORD004386,CUST00325,REST0217,PART0131,2025-11-02,11:05:18,408,29,101,336,PAY004386,Delivered,48
ORD004387,CUST02448,REST0179,PART0026,2026-04-10,04:43:11,262,48,66,244,PAY004387,Delivered,58
ORD004388,CUST01731,REST0201,PART0082,2026-06-10,13:40:31,454,50,71,433,PAY004388,Delivered,33
ORD004389,CUST01740,REST0132,PART0084,2026-07-02,04:26:07,1881,83,293,1671,PAY004389,Delivered,39
ORD004390,CUST01108,REST0298,PART0081,2025-10-21,02:16:23,351,75,96,330,PAY004390,Delivered,16
ORD004391,CUST00424,REST0050,PART0055,2025-08-29,06:23:16,219,61,36,244,PAY004391,Delivered,75
ORD004392,CUST01742,REST0124,PART0027,2026-03-31,01:30:01,608,57,164,501,PAY004392,Delivered,16
ORD004393,CUST00187,REST0248,PART0138,2025-09-11,04:38:03,1262,96,350,1008,PAY004393,Delivered,69
ORD004394,CUST01540,REST0028,PART0029,2026-07-04,08:00:31,1861,61,463,1459,PAY004394,Delivered,86
ORD004395,CUST00437,REST0166,PART0072,2026-01-05,00:35:48,615,21,70,566,PAY004395,Delivered,51
ORD004396,CUST00976,REST0137,PART0058,2025-08-22,22:32:23,777,83,61,799,PAY004396,Delivered,62
ORD004397,CUST02470,REST0245,PART0009,2026-05-05,17:10:46,1110,51,221,940,PAY004397,Delivered,27
ORD004398,CUST01487,REST0124,PART0020,2025-07-31,12:49:29,1178,66,79,1165,PAY004398,Delivered,76
ORD004399,CUST02309,REST0110,PART0122,2025-09-06,21:39:49,249,52,0,301,PAY004399,Delivered,17
ORD004400,CUST01342,REST0204,PART0143,2026-06-23,02:08:49,1681,34,265,1450,PAY004400,Delivered,88
ORD004401,CUST01469,REST0087,PART0145,2025-12-11,04:29:43,700,22,188,534,PAY004401,Delivered,17
ORD004402,CUST02454,REST0180,PART0124,2026-01-15,20:43:45,1633,65,16,1682,PAY004402,Delivered,88
ORD004403,CUST01094,REST0229,PART0040,2025-12-10,13:46:27,1178,28,271,935,PAY004403,Delivered,64
ORD004404,CUST00842,REST0089,PART0074,2026-01-17,10:38:10,1184,26,203,1007,PAY004404,Delivered,24
ORD004405,CUST02445,REST0178,PART0069,2025-09-20,10:34:30,1451,32,46,1437,PAY004405,Delivered,19
ORD004406,CUST00107,REST0262,PART0137,2026-05-10,04:02:14,513,82,131,464,PAY004406,Delivered,21
ORD004407,CUST00503,REST0077,PART0031,2025-07-23,23:46:40,1178,45,45,1178,PAY004407,Delivered,73
ORD004408,CUST02271,REST0077,PART0042,2026-02-28,21:20:32,830,97,35,892,PAY004408,Cancelled,41
ORD004409,CUST01991,REST0256,PART0036,2026-04-09,11:32:56,529,62,99,492,PAY004409,Delivered,59
ORD004410,CUST01410,REST0220,PART0032,2026-05-29,21:39:15,1838,47,531,1354,PAY004410,Delayed,69
ORD004411,CUST00476,REST0134,PART0024,2025-12-03,23:27:27,1561,78,358,1281,PAY004411,Delivered,39
ORD004412,CUST02026,REST0097,PART0037,2026-07-12,18:48:07,1770,42,508,1304,PAY004412,Delivered,40
ORD004413,CUST02008,REST0131,PART0047,2026-01-03,11:37:05,1482,82,119,1445,PAY004413,Delayed,27
ORD004414,CUST02496,REST0130,PART0048,2026-02-28,09:22:23,1629,39,6,1662,PAY004414,Delivered,19
ORD004415,CUST01069,REST0058,PART0095,2026-02-23,08:22:54,1366,50,246,1170,PAY004415,Delivered,80
ORD004416,CUST01178,REST0074,PART0088,2025-09-24,20:36:16,284,99,78,305,PAY004416,Cancelled,21
ORD004417,CUST00009,REST0295,PART0094,2026-01-05,23:14:29,428,62,57,433,PAY004417,Delayed,60
ORD004418,CUST02486,REST0115,PART0102,2026-06-28,10:21:52,1156,83,311,928,PAY004418,Delayed,52
ORD004419,CUST02397,REST0179,PART0117,2025-07-23,22:52:10,1150,46,235,961,PAY004419,Delivered,34
ORD004420,CUST01730,REST0037,PART0033,2026-01-23,05:23:34,1216,100,50,1266,PAY004420,Delivered,89
ORD004421,CUST00425,REST0053,PART0019,2026-04-03,03:03:54,324,50,41,333,PAY004421,Delivered,45
ORD004422,CUST01948,REST0169,PART0049,2026-02-21,08:35:32,253,33,3,283,PAY004422,Delivered,62
ORD004423,CUST02363,REST0143,PART0135,2025-11-26,18:30:31,514,53,103,464,PAY004423,Delayed,51
ORD004424,CUST00517,REST0093,PART0059,2026-06-25,04:13:05,499,47,35,511,PAY004424,Delivered,36
ORD004425,CUST02146,REST0165,PART0122,2025-11-25,04:44:23,1292,81,127,1246,PAY004425,Delivered,22
ORD004426,CUST00430,REST0128,PART0123,2025-08-18,06:08:50,773,46,149,670,PAY004426,Delivered,16
ORD004427,CUST02127,REST0106,PART0123,2026-06-25,12:29:03,873,91,225,739,PAY004427,Delivered,36
ORD004428,CUST02269,REST0096,PART0036,2025-12-06,22:08:42,611,34,108,537,PAY004428,Delivered,63
ORD004429,CUST02442,REST0108,PART0115,2025-08-11,23:53:35,1206,20,316,910,PAY004429,Delivered,23
ORD004430,CUST00306,REST0230,PART0140,2025-09-23,01:44:46,368,99,29,438,PAY004430,Delivered,53
ORD004431,CUST02291,REST0127,PART0139,2025-09-06,15:33:20,1613,96,278,1431,PAY004431,Delayed,15
ORD004432,CUST00948,REST0279,PART0032,2026-03-15,14:11:00,1059,55,224,890,PAY004432,Delivered,27
ORD004433,CUST00251,REST0129,PART0148,2025-11-09,18:58:08,1774,46,456,1364,PAY004433,Delivered,49
ORD004434,CUST01283,REST0158,PART0008,2026-04-05,07:22:02,496,59,93,462,PAY004434,Cancelled,71
ORD004435,CUST01459,REST0165,PART0130,2025-12-16,02:33:23,181,61,14,228,PAY004435,Delayed,81
ORD004436,CUST02261,REST0052,PART0032,2026-07-07,06:39:06,1899,46,270,1675,PAY004436,Delivered,80
ORD004437,CUST00734,REST0290,PART0060,2025-09-12,07:06:08,1517,91,415,1193,PAY004437,Delivered,81
ORD004438,CUST01149,REST0252,PART0124,2025-08-28,08:07:27,268,37,68,237,PAY004438,Delivered,90
ORD004439,CUST02112,REST0249,PART0091,2026-07-14,08:53:33,1714,41,348,1407,PAY004439,Delivered,43
ORD004440,CUST01208,REST0052,PART0083,2026-05-19,10:08:37,293,67,54,306,PAY004440,Delivered,45
ORD004441,CUST00067,REST0196,PART0106,2026-04-02,00:25:40,1672,24,228,1468,PAY004441,Delivered,68
ORD004442,CUST00955,REST0047,PART0026,2025-09-30,19:11:37,274,71,27,318,PAY004442,Delivered,88
ORD004443,CUST00383,REST0054,PART0086,2026-03-19,13:10:35,1621,75,356,1340,PAY004443,Delivered,58
ORD004444,CUST02008,REST0106,PART0030,2025-11-17,18:55:09,202,96,15,283,PAY004444,Delivered,39
ORD004445,CUST01998,REST0253,PART0020,2025-11-06,18:41:11,1553,27,117,1463,PAY004445,Delayed,74
ORD004446,CUST02344,REST0109,PART0008,2026-04-18,12:35:48,1735,47,497,1285,PAY004446,Delivered,68
ORD004447,CUST00209,REST0008,PART0074,2026-05-20,03:03:16,1810,88,140,1758,PAY004447,Delayed,62
ORD004448,CUST00590,REST0050,PART0101,2026-05-17,17:13:24,415,25,61,379,PAY004448,Delayed,38
ORD004449,CUST01223,REST0221,PART0144,2025-08-17,12:05:08,1069,58,65,1062,PAY004449,Delivered,49
ORD004450,CUST01316,REST0032,PART0109,2025-11-30,23:56:45,649,38,92,595,PAY004450,Delayed,57
ORD004451,CUST01374,REST0113,PART0099,2026-03-07,08:24:43,1328,97,12,1413,PAY004451,Delivered,71
ORD004452,CUST00100,REST0231,PART0041,2026-05-22,15:58:21,1451,35,66,1420,PAY004452,Delivered,19
ORD004453,CUST00960,REST0161,PART0083,2026-01-24,09:11:42,857,81,11,927,PAY004453,Delivered,16
ORD004454,CUST01698,REST0277,PART0068,2025-07-22,10:30:29,352,92,77,367,PAY004454,Delivered,50
ORD004455,CUST02207,REST0041,PART0115,2026-03-14,17:58:03,1041,61,228,874,PAY004455,Cancelled,48
ORD004456,CUST00228,REST0186,PART0022,2026-06-27,06:57:30,218,60,33,245,PAY004456,Delivered,62
ORD004457,CUST00040,REST0289,PART0045,2026-03-02,11:59:55,1009,81,143,947,PAY004457,Delivered,21
ORD004458,CUST02042,REST0162,PART0063,2025-12-25,11:23:54,1643,70,330,1383,PAY004458,Delayed,19
ORD004459,CUST00322,REST0156,PART0009,2025-09-19,21:32:48,296,48,32,312,PAY004459,Delivered,59
ORD004460,CUST00079,REST0293,PART0019,2025-12-05,01:51:05,256,69,61,264,PAY004460,Delayed,47
ORD004461,CUST02127,REST0132,PART0002,2026-06-11,20:02:36,1037,65,158,944,PAY004461,Delivered,21
ORD004462,CUST00093,REST0150,PART0106,2025-10-22,09:16:25,232,57,4,285,PAY004462,Delivered,47
ORD004463,CUST01578,REST0271,PART0055,2025-09-28,19:34:38,665,99,118,646,PAY004463,Delivered,52
ORD004464,CUST00698,REST0185,PART0105,2026-01-31,15:14:21,1808,76,359,1525,PAY004464,Delivered,17
ORD004465,CUST02479,REST0073,PART0073,2025-11-02,01:52:20,1983,90,594,1479,PAY004465,Delayed,65
ORD004466,CUST01729,REST0031,PART0022,2026-02-03,08:33:57,425,60,113,372,PAY004466,Delayed,39
ORD004467,CUST00325,REST0046,PART0130,2026-07-02,10:17:28,230,80,42,268,PAY004467,Delivered,29
ORD004468,CUST01574,REST0181,PART0046,2026-07-06,22:49:56,1517,33,405,1145,PAY004468,Delivered,62
ORD004469,CUST02319,REST0169,PART0006,2025-07-25,08:18:32,1290,35,188,1137,PAY004469,Delivered,54
ORD004470,CUST01799,REST0037,PART0128,2026-01-22,09:16:44,372,63,2,433,PAY004470,Delayed,47
ORD004471,CUST01125,REST0247,PART0124,2025-11-16,23:03:24,1444,75,350,1169,PAY004471,Delivered,64
ORD004472,CUST00937,REST0081,PART0064,2026-07-03,00:36:54,1826,32,40,1818,PAY004472,Delivered,30
ORD004473,CUST00238,REST0084,PART0093,2025-09-19,01:14:39,1089,71,241,919,PAY004473,Delivered,54
ORD004474,CUST01041,REST0150,PART0072,2025-08-05,10:34:12,354,72,65,361,PAY004474,Delivered,63
ORD004475,CUST02069,REST0093,PART0065,2026-03-25,10:41:10,1008,56,187,877,PAY004475,Delivered,54
ORD004476,CUST00759,REST0261,PART0018,2025-10-16,23:36:21,1510,89,116,1483,PAY004476,Delivered,26
ORD004477,CUST01114,REST0143,PART0127,2026-04-14,07:03:50,1919,76,130,1865,PAY004477,Delayed,35
ORD004478,CUST00379,REST0137,PART0077,2025-11-12,07:50:51,1087,61,294,854,PAY004478,Cancelled,82
ORD004479,CUST01268,REST0197,PART0087,2025-10-26,10:11:11,1970,20,588,1402,PAY004479,Delivered,84
ORD004480,CUST02376,REST0080,PART0075,2026-01-06,14:07:57,1987,71,240,1818,PAY004480,Delivered,86
ORD004481,CUST01953,REST0125,PART0123,2025-12-31,09:10:31,1162,91,9,1244,PAY004481,Delivered,65
ORD004482,CUST01926,REST0106,PART0116,2025-11-24,07:41:10,1006,52,292,766,PAY004482,Delivered,82
ORD004483,CUST00607,REST0180,PART0029,2025-07-31,22:52:00,808,51,70,789,PAY004483,Delivered,87
ORD004484,CUST00503,REST0217,PART0033,2025-10-30,04:48:46,1901,88,465,1524,PAY004484,Delayed,83
ORD004485,CUST01783,REST0235,PART0111,2026-05-03,12:16:35,1064,59,226,897,PAY004485,Delivered,69
ORD004486,CUST00335,REST0062,PART0049,2026-05-07,07:18:56,1693,27,354,1366,PAY004486,Delivered,61
ORD004487,CUST01403,REST0296,PART0054,2026-03-28,06:37:04,929,52,64,917,PAY004487,Delivered,29
ORD004488,CUST00064,REST0272,PART0091,2026-01-10,03:28:37,1041,94,254,881,PAY004488,Delivered,68
ORD004489,CUST00108,REST0192,PART0112,2026-03-29,07:56:36,802,93,29,866,PAY004489,Delivered,42
ORD004490,CUST00191,REST0156,PART0072,2025-08-16,09:43:19,1485,73,248,1310,PAY004490,Cancelled,72
ORD004491,CUST00140,REST0182,PART0116,2025-11-22,12:49:14,1839,34,278,1595,PAY004491,Delivered,74
ORD004492,CUST00351,REST0185,PART0095,2026-02-15,08:02:20,426,66,4,488,PAY004492,Delivered,51
ORD004493,CUST02205,REST0165,PART0118,2025-07-28,10:13:01,1415,56,18,1453,PAY004493,Delivered,56
ORD004494,CUST02010,REST0133,PART0069,2025-09-04,23:32:12,908,69,110,867,PAY004494,Delivered,85
ORD004495,CUST01940,REST0200,PART0105,2026-06-19,21:47:38,881,63,172,772,PAY004495,Delivered,41
ORD004496,CUST00753,REST0002,PART0086,2026-07-11,01:49:07,1845,63,278,1630,PAY004496,Delivered,18
ORD004497,CUST00041,REST0231,PART0042,2026-03-15,15:28:29,1990,63,220,1833,PAY004497,Delivered,75
ORD004498,CUST00586,REST0244,PART0100,2025-07-20,09:19:01,417,87,80,424,PAY004498,Delivered,88
ORD004499,CUST02279,REST0255,PART0016,2026-04-27,13:08:41,1526,84,450,1160,PAY004499,Cancelled,86
ORD004500,CUST01652,REST0012,PART0061,2026-02-24,00:37:18,1656,74,418,1312,PAY004500,Delivered,67
ORD004501,CUST00768,REST0238,PART0112,2025-07-23,16:51:44,1810,98,31,1877,PAY004501,Delivered,54
ORD004502,CUST02458,REST0147,PART0051,2025-11-10,19:15:28,1257,42,328,971,PAY004502,Delivered,61
ORD004503,CUST01631,REST0053,PART0111,2025-12-11,01:54:14,265,81,77,269,PAY004503,Delayed,60
ORD004504,CUST02153,REST0132,PART0036,2025-10-01,18:35:38,1129,83,239,973,PAY004504,Delivered,50
ORD004505,CUST02312,REST0034,PART0029,2026-07-02,12:40:03,367,73,36,404,PAY004505,Delivered,64
ORD004506,CUST01367,REST0012,PART0121,2026-01-14,19:38:13,1543,74,297,1320,PAY004506,Delivered,37
ORD004507,CUST00148,REST0051,PART0100,2025-12-10,19:48:23,1393,42,176,1259,PAY004507,Cancelled,24
ORD004508,CUST00254,REST0246,PART0131,2025-12-14,01:54:56,1405,80,271,1214,PAY004508,Delivered,33
ORD004509,CUST00087,REST0269,PART0017,2025-07-30,05:10:45,259,81,5,335,PAY004509,Delivered,40
ORD004510,CUST02374,REST0010,PART0037,2026-04-12,06:20:54,1694,59,422,1331,PAY004510,Delivered,41
ORD004511,CUST01771,REST0294,PART0045,2026-04-03,04:23:25,763,49,45,767,PAY004511,Delivered,50
ORD004512,CUST00016,REST0047,PART0098,2025-10-29,05:01:06,726,32,141,617,PAY004512,Delivered,88
ORD004513,CUST00484,REST0090,PART0147,2026-04-12,20:57:41,1400,98,60,1438,PAY004513,Delivered,53
ORD004514,CUST01013,REST0035,PART0028,2025-12-08,22:22:06,1995,53,40,2008,PAY004514,Delivered,84
ORD004515,CUST00387,REST0135,PART0112,2025-11-23,14:08:09,1283,79,306,1056,PAY004515,Delivered,60
ORD004516,CUST00595,REST0015,PART0049,2025-12-05,16:33:31,864,32,42,854,PAY004516,Delivered,44
ORD004517,CUST02469,REST0198,PART0111,2026-05-24,03:39:19,1816,27,376,1467,PAY004517,Delayed,70
ORD004518,CUST02351,REST0149,PART0049,2026-01-31,07:25:23,669,39,55,653,PAY004518,Delivered,86
ORD004519,CUST01176,REST0082,PART0136,2026-06-12,18:10:08,1626,81,182,1525,PAY004519,Delivered,79
ORD004520,CUST01964,REST0124,PART0079,2026-05-16,18:19:24,938,51,242,747,PAY004520,Delivered,85
ORD004521,CUST00735,REST0230,PART0122,2025-12-28,02:33:04,259,51,1,309,PAY004521,Delivered,32
ORD004522,CUST00306,REST0206,PART0041,2025-12-21,09:07:29,1079,93,104,1068,PAY004522,Delivered,60
ORD004523,CUST00811,REST0081,PART0109,2026-04-16,22:07:27,1873,62,360,1575,PAY004523,Delivered,71
ORD004524,CUST01251,REST0262,PART0063,2025-11-26,02:39:44,1391,38,142,1287,PAY004524,Delivered,74
ORD004525,CUST01997,REST0124,PART0131,2025-09-05,15:17:28,958,91,236,813,PAY004525,Cancelled,82
ORD004526,CUST01787,REST0227,PART0043,2025-11-27,16:58:27,312,41,67,286,PAY004526,Delivered,79
ORD004527,CUST02206,REST0197,PART0022,2026-04-21,12:26:57,1133,52,254,931,PAY004527,Delayed,21
ORD004528,CUST00678,REST0194,PART0098,2025-10-25,19:58:05,186,76,24,238,PAY004528,Delivered,55
ORD004529,CUST01298,REST0249,PART0057,2026-02-15,18:22:17,1859,56,102,1813,PAY004529,Delayed,24
ORD004530,CUST01171,REST0011,PART0068,2025-09-29,03:46:56,252,38,2,288,PAY004530,Delivered,24
ORD004531,CUST00283,REST0069,PART0072,2026-01-22,02:01:18,1092,33,290,835,PAY004531,Delayed,46
ORD004532,CUST01730,REST0187,PART0113,2025-11-02,14:52:39,1084,27,92,1019,PAY004532,Delivered,82
ORD004533,CUST00910,REST0184,PART0082,2025-10-27,19:21:36,746,99,101,744,PAY004533,Delivered,18
ORD004534,CUST00857,REST0033,PART0021,2025-08-17,14:15:40,1342,46,189,1199,PAY004534,Delivered,18
ORD004535,CUST01238,REST0190,PART0102,2026-07-05,22:53:58,1623,61,261,1423,PAY004535,Delivered,71
ORD004536,CUST01955,REST0030,PART0012,2026-01-06,22:55:24,1942,31,224,1749,PAY004536,Delivered,23
ORD004537,CUST00378,REST0231,PART0093,2026-07-08,01:24:21,713,92,48,757,PAY004537,Delivered,68
ORD004538,CUST00028,REST0095,PART0027,2026-04-03,03:29:44,1792,83,238,1637,PAY004538,Delivered,71
ORD004539,CUST02440,REST0247,PART0012,2025-08-18,04:08:29,1078,47,120,1005,PAY004539,Cancelled,25
ORD004540,CUST00704,REST0212,PART0041,2026-05-25,01:21:52,1502,57,289,1270,PAY004540,Delivered,24
ORD004541,CUST01070,REST0008,PART0001,2026-03-31,23:26:11,1412,40,81,1371,PAY004541,Delivered,68
ORD004542,CUST01371,REST0139,PART0110,2026-07-05,22:45:12,577,87,97,567,PAY004542,Delivered,66
ORD004543,CUST01110,REST0128,PART0088,2025-11-16,23:29:20,500,60,21,539,PAY004543,Delivered,84
ORD004544,CUST00342,REST0033,PART0143,2026-06-15,19:21:34,1859,55,482,1432,PAY004544,Delivered,18
ORD004545,CUST00340,REST0162,PART0063,2026-01-29,20:04:13,770,63,13,820,PAY004545,Delivered,23
ORD004546,CUST01665,REST0030,PART0039,2026-06-29,03:25:53,1321,61,312,1070,PAY004546,Delivered,76
ORD004547,CUST01123,REST0254,PART0125,2025-08-29,07:55:27,1379,44,409,1014,PAY004547,Delivered,70
ORD004548,CUST02058,REST0171,PART0097,2025-07-25,04:14:13,251,61,32,280,PAY004548,Delivered,34
ORD004549,CUST01120,REST0087,PART0046,2026-05-27,02:34:37,1117,64,4,1177,PAY004549,Delivered,54
ORD004550,CUST01585,REST0135,PART0129,2025-09-04,03:44:22,1921,53,58,1916,PAY004550,Delivered,68
ORD004551,CUST01057,REST0055,PART0133,2026-05-25,08:22:08,1748,82,345,1485,PAY004551,Cancelled,35
ORD004552,CUST02301,REST0286,PART0025,2026-05-08,04:44:14,373,34,38,369,PAY004552,Delivered,63
ORD004553,CUST00310,REST0291,PART0128,2025-08-26,19:33:59,905,91,10,986,PAY004553,Delivered,57
ORD004554,CUST00698,REST0206,PART0126,2025-10-18,14:21:10,1153,25,285,893,PAY004554,Delivered,85
ORD004555,CUST01076,REST0139,PART0075,2025-08-14,03:23:11,1891,61,47,1905,PAY004555,Delivered,26
ORD004556,CUST01068,REST0075,PART0104,2025-09-23,00:33:03,721,37,159,599,PAY004556,Delivered,78
ORD004557,CUST01420,REST0023,PART0017,2025-12-08,06:01:23,1235,88,31,1292,PAY004557,Delayed,57
ORD004558,CUST02097,REST0213,PART0046,2025-08-10,11:15:19,615,76,171,520,PAY004558,Delivered,67
ORD004559,CUST00177,REST0151,PART0037,2025-09-14,01:13:59,666,99,113,652,PAY004559,Delivered,47
ORD004560,CUST00477,REST0151,PART0039,2026-02-23,08:22:06,991,92,258,825,PAY004560,Delivered,15
ORD004561,CUST01799,REST0006,PART0012,2026-05-23,11:54:47,932,88,40,980,PAY004561,Delivered,69
ORD004562,CUST01745,REST0185,PART0148,2025-10-16,06:16:56,309,53,28,334,PAY004562,Delivered,75
ORD004563,CUST01915,REST0201,PART0106,2026-05-14,17:26:55,1525,48,305,1268,PAY004563,Delivered,28
ORD004564,CUST01881,REST0043,PART0083,2025-08-19,04:17:54,790,52,31,811,PAY004564,Delivered,19
ORD004565,CUST00057,REST0042,PART0118,2026-06-16,15:58:11,1781,83,442,1422,PAY004565,Delivered,59
ORD004566,CUST00025,REST0003,PART0115,2025-08-14,12:40:42,1604,88,450,1242,PAY004566,Delivered,75
ORD004567,CUST01164,REST0189,PART0093,2025-07-19,23:41:31,662,42,129,575,PAY004567,Delivered,73
ORD004568,CUST01753,REST0248,PART0124,2026-04-23,01:38:19,360,87,80,367,PAY004568,Delivered,20
ORD004569,CUST00379,REST0082,PART0046,2025-07-21,11:07:44,1026,82,67,1041,PAY004569,Delivered,85
ORD004570,CUST00481,REST0133,PART0053,2026-04-28,06:30:08,763,95,221,637,PAY004570,Delayed,16
ORD004571,CUST01485,REST0082,PART0116,2026-05-25,15:26:56,1779,39,113,1705,PAY004571,Delivered,37
ORD004572,CUST00910,REST0101,PART0109,2025-11-25,17:23:55,1424,82,273,1233,PAY004572,Delayed,74
ORD004573,CUST00699,REST0024,PART0089,2026-06-19,04:16:01,1757,26,104,1679,PAY004573,Delivered,90
ORD004574,CUST01906,REST0201,PART0137,2026-07-04,05:27:37,1805,54,293,1566,PAY004574,Delivered,84
ORD004575,CUST00677,REST0176,PART0104,2026-03-13,00:56:33,335,42,85,292,PAY004575,Delivered,31
ORD004576,CUST00394,REST0008,PART0144,2025-08-12,13:48:25,1239,47,212,1074,PAY004576,Delivered,84
ORD004577,CUST00158,REST0036,PART0104,2025-09-14,22:05:22,454,65,125,394,PAY004577,Cancelled,36
ORD004578,CUST00256,REST0116,PART0096,2026-02-27,13:27:41,1621,50,234,1437,PAY004578,Delivered,58
ORD004579,CUST01303,REST0064,PART0101,2026-03-16,09:42:45,870,99,54,915,PAY004579,Delivered,71
ORD004580,CUST01694,REST0078,PART0147,2026-06-19,15:21:24,1692,29,223,1498,PAY004580,Cancelled,66
ORD004581,CUST01581,REST0028,PART0034,2026-01-11,04:24:51,1910,70,197,1783,PAY004581,Delivered,61
ORD004582,CUST02000,REST0097,PART0037,2026-03-18,07:09:55,1914,68,525,1457,PAY004582,Cancelled,22
ORD004583,CUST00189,REST0282,PART0006,2026-06-20,10:29:00,818,55,92,781,PAY004583,Delivered,64
ORD004584,CUST01799,REST0287,PART0119,2025-11-21,18:00:33,699,22,156,565,PAY004584,Delivered,41
ORD004585,CUST00820,REST0148,PART0031,2026-05-17,13:04:11,1169,32,274,927,PAY004585,Delivered,22
ORD004586,CUST01596,REST0166,PART0139,2026-03-31,11:27:50,1460,20,223,1257,PAY004586,Delivered,52
ORD004587,CUST02309,REST0119,PART0007,2025-08-26,08:13:28,738,50,218,570,PAY004587,Delivered,15
ORD004588,CUST01283,REST0213,PART0001,2026-03-11,03:18:47,1031,27,115,943,PAY004588,Delivered,83
ORD004589,CUST00157,REST0197,PART0071,2025-09-01,14:42:46,1576,100,254,1422,PAY004589,Delivered,87
ORD004590,CUST00022,REST0146,PART0073,2025-08-07,01:18:03,1113,67,319,861,PAY004590,Delivered,74
ORD004591,CUST00994,REST0030,PART0068,2026-04-15,16:55:24,254,60,70,244,PAY004591,Delayed,75
ORD004592,CUST02170,REST0296,PART0007,2025-09-08,02:42:32,409,82,83,408,PAY004592,Delivered,35
ORD004593,CUST00466,REST0097,PART0002,2025-10-01,17:27:55,1021,53,188,886,PAY004593,Delivered,21
ORD004594,CUST02235,REST0168,PART0126,2026-07-07,18:11:32,1441,26,60,1407,PAY004594,Delivered,57
ORD004595,CUST02081,REST0001,PART0139,2026-05-01,23:36:47,1137,46,277,906,PAY004595,Delivered,51
ORD004596,CUST01568,REST0082,PART0131,2026-07-11,01:58:30,1142,59,12,1189,PAY004596,Delivered,36
ORD004597,CUST00671,REST0177,PART0081,2025-08-16,18:13:01,816,20,113,723,PAY004597,Delivered,43
ORD004598,CUST00574,REST0275,PART0093,2025-09-26,07:28:28,176,67,44,199,PAY004598,Delivered,24
ORD004599,CUST00480,REST0097,PART0085,2025-08-20,20:32:02,1874,67,57,1884,PAY004599,Delivered,35
ORD004600,CUST01793,REST0284,PART0131,2026-04-21,04:24:29,1108,30,47,1091,PAY004600,Delivered,75
ORD004601,CUST00854,REST0062,PART0136,2025-08-20,19:26:04,177,66,7,236,PAY004601,Cancelled,49
ORD004602,CUST00380,REST0149,PART0027,2025-07-17,17:35:38,200,65,47,218,PAY004602,Delivered,31
ORD004603,CUST01058,REST0022,PART0071,2025-12-31,09:21:32,1610,20,252,1378,PAY004603,Delivered,62
ORD004604,CUST02473,REST0109,PART0056,2026-05-19,15:58:15,828,74,148,754,PAY004604,Delivered,34
ORD004605,CUST01568,REST0288,PART0147,2026-04-08,12:03:23,983,99,74,1008,PAY004605,Delivered,89
ORD004606,CUST01907,REST0104,PART0011,2025-10-14,18:12:55,1067,48,261,854,PAY004606,Delivered,87
ORD004607,CUST00835,REST0025,PART0097,2025-10-05,21:10:31,1531,67,91,1507,PAY004607,Delivered,21
ORD004608,CUST00186,REST0225,PART0021,2025-08-04,15:48:46,995,45,210,830,PAY004608,Delivered,34
ORD004609,CUST01955,REST0106,PART0077,2026-04-20,16:31:20,1848,35,208,1675,PAY004609,Delivered,26
ORD004610,CUST00285,REST0291,PART0057,2025-08-16,01:57:54,1471,60,274,1257,PAY004610,Delivered,70
ORD004611,CUST01765,REST0153,PART0054,2025-12-13,11:58:12,1334,56,97,1293,PAY004611,Delayed,69
ORD004612,CUST01255,REST0162,PART0072,2025-11-17,16:10:57,1538,44,43,1539,PAY004612,Delayed,62
ORD004613,CUST00130,REST0279,PART0150,2026-03-16,03:25:28,1280,35,188,1127,PAY004613,Delivered,55
ORD004614,CUST00954,REST0056,PART0137,2026-02-06,19:32:15,751,68,179,640,PAY004614,Delivered,72
ORD004615,CUST01683,REST0117,PART0062,2025-09-29,01:18:49,1277,94,245,1126,PAY004615,Delivered,20
ORD004616,CUST00638,REST0108,PART0062,2026-01-17,02:50:40,556,21,71,506,PAY004616,Delivered,43
ORD004617,CUST00425,REST0292,PART0099,2026-05-29,17:55:08,1225,100,122,1203,PAY004617,Delivered,15
ORD004618,CUST00629,REST0254,PART0005,2025-09-30,20:45:32,814,23,156,681,PAY004618,Delivered,48
ORD004619,CUST02238,REST0223,PART0098,2026-04-17,07:02:42,199,59,15,243,PAY004619,Cancelled,69
ORD004620,CUST01593,REST0022,PART0042,2026-01-24,14:19:33,232,83,19,296,PAY004620,Delivered,74
ORD004621,CUST01715,REST0219,PART0052,2026-03-08,09:04:04,1126,84,310,900,PAY004621,Delivered,67
ORD004622,CUST01989,REST0100,PART0136,2026-04-16,12:44:33,209,65,13,261,PAY004622,Delivered,22
ORD004623,CUST00825,REST0098,PART0012,2025-09-26,12:02:32,1736,87,150,1673,PAY004623,Delivered,87
ORD004624,CUST01207,REST0238,PART0128,2026-01-14,11:09:01,210,31,21,220,PAY004624,Delivered,21
ORD004625,CUST00568,REST0054,PART0001,2025-11-05,02:44:17,891,32,202,721,PAY004625,Delivered,87
ORD004626,CUST01696,REST0097,PART0104,2026-04-26,08:28:10,1502,100,448,1154,PAY004626,Delayed,73
ORD004627,CUST00279,REST0217,PART0140,2026-04-04,20:03:13,1554,42,258,1338,PAY004627,Cancelled,88
ORD004628,CUST01635,REST0259,PART0135,2026-03-03,01:52:48,178,68,49,197,PAY004628,Delivered,23
ORD004629,CUST01277,REST0084,PART0095,2026-06-17,04:15:10,1146,95,24,1217,PAY004629,Delivered,36
ORD004630,CUST01322,REST0258,PART0006,2026-06-15,13:57:05,1526,54,193,1387,PAY004630,Delivered,69
ORD004631,CUST02445,REST0069,PART0041,2025-08-09,00:50:08,1739,29,460,1308,PAY004631,Cancelled,51
ORD004632,CUST01814,REST0005,PART0056,2026-01-04,02:20:35,1398,78,309,1167,PAY004632,Delivered,30
ORD004633,CUST00869,REST0136,PART0144,2025-09-26,01:26:39,1291,27,271,1047,PAY004633,Delivered,15
ORD004634,CUST01059,REST0132,PART0136,2026-01-29,08:49:17,1268,64,371,961,PAY004634,Delivered,73
ORD004635,CUST02188,REST0127,PART0050,2025-07-18,16:38:13,1324,25,139,1210,PAY004635,Delivered,47
ORD004636,CUST01545,REST0235,PART0035,2025-08-16,03:19:44,1993,60,552,1501,PAY004636,Delayed,64
ORD004637,CUST00288,REST0259,PART0008,2025-09-22,12:50:28,524,32,55,501,PAY004637,Delivered,69
ORD004638,CUST00230,REST0164,PART0148,2025-10-01,00:40:50,1681,73,152,1602,PAY004638,Delivered,75
ORD004639,CUST02043,REST0285,PART0003,2025-10-26,11:34:04,605,23,135,493,PAY004639,Delivered,42
ORD004640,CUST01370,REST0124,PART0113,2025-09-10,02:58:11,1223,42,328,937,PAY004640,Delivered,28
ORD004641,CUST02034,REST0012,PART0074,2026-06-22,06:59:29,1006,87,270,823,PAY004641,Delivered,25
ORD004642,CUST02214,REST0051,PART0061,2026-02-11,17:35:00,1760,60,498,1322,PAY004642,Delivered,71
ORD004643,CUST00685,REST0062,PART0123,2026-02-24,17:13:34,1613,29,145,1497,PAY004643,Delivered,58
ORD004644,CUST02434,REST0142,PART0065,2025-09-27,18:37:14,431,54,123,362,PAY004644,Delivered,46
ORD004645,CUST02231,REST0082,PART0116,2026-04-14,01:57:26,1860,34,508,1386,PAY004645,Delivered,43
ORD004646,CUST01674,REST0223,PART0035,2025-09-02,09:39:06,870,98,244,724,PAY004646,Cancelled,19
ORD004647,CUST01643,REST0130,PART0004,2026-04-15,04:59:50,1052,86,140,998,PAY004647,Delivered,29
ORD004648,CUST01665,REST0198,PART0036,2026-05-08,01:02:18,1055,77,150,982,PAY004648,Delivered,29
ORD004649,CUST01297,REST0219,PART0088,2025-08-14,16:06:37,1408,82,261,1229,PAY004649,Delayed,31
ORD004650,CUST00614,REST0135,PART0086,2025-09-27,07:55:45,1999,63,307,1755,PAY004650,Delivered,86
ORD004651,CUST02500,REST0092,PART0147,2025-09-26,21:12:22,973,78,89,962,PAY004651,Delayed,22
ORD004652,CUST01935,REST0139,PART0012,2026-06-10,19:28:09,481,37,107,411,PAY004652,Delivered,70
ORD004653,CUST01065,REST0054,PART0059,2025-11-18,01:30:28,352,60,99,313,PAY004653,Delivered,81
ORD004654,CUST01668,REST0276,PART0135,2026-05-05,22:53:26,1047,49,285,811,PAY004654,Delivered,42
ORD004655,CUST00832,REST0275,PART0135,2025-10-12,16:15:16,1411,37,411,1037,PAY004655,Delivered,64
ORD004656,CUST01734,REST0257,PART0108,2025-09-17,07:41:21,467,65,64,468,PAY004656,Delivered,38
ORD004657,CUST00248,REST0117,PART0093,2025-12-16,12:21:50,994,75,44,1025,PAY004657,Cancelled,66
ORD004658,CUST02292,REST0160,PART0052,2026-03-19,23:11:18,700,90,13,777,PAY004658,Delivered,77
ORD004659,CUST02375,REST0083,PART0106,2026-06-05,22:15:11,1595,59,426,1228,PAY004659,Delivered,33
ORD004660,CUST00017,REST0205,PART0009,2026-03-03,06:30:16,624,100,93,631,PAY004660,Delivered,21
ORD004661,CUST01169,REST0200,PART0010,2025-11-08,11:25:05,454,74,105,423,PAY004661,Delivered,89
ORD004662,CUST00149,REST0291,PART0022,2026-03-06,20:40:52,304,56,77,283,PAY004662,Delivered,15
ORD004663,CUST01607,REST0183,PART0083,2025-12-23,08:32:18,1373,33,220,1186,PAY004663,Delivered,54
ORD004664,CUST00224,REST0050,PART0122,2026-01-29,00:09:13,786,51,9,828,PAY004664,Delivered,81
ORD004665,CUST02011,REST0153,PART0041,2026-03-22,00:34:11,1899,71,133,1837,PAY004665,Delivered,15
ORD004666,CUST02253,REST0293,PART0130,2025-11-04,01:56:27,520,36,87,469,PAY004666,Delivered,73
ORD004667,CUST00647,REST0056,PART0106,2025-10-09,00:06:21,265,83,25,323,PAY004667,Delivered,65
ORD004668,CUST00188,REST0230,PART0016,2025-12-28,21:16:38,1831,71,108,1794,PAY004668,Delivered,83
ORD004669,CUST00484,REST0254,PART0024,2025-10-21,16:48:48,1688,28,442,1274,PAY004669,Delivered,42
ORD004670,CUST00138,REST0012,PART0105,2026-06-01,10:23:45,151,38,22,167,PAY004670,Delivered,49
ORD004671,CUST01054,REST0126,PART0080,2025-11-27,03:10:44,452,78,107,423,PAY004671,Delivered,88
ORD004672,CUST00575,REST0221,PART0092,2026-04-27,20:37:08,1712,72,346,1438,PAY004672,Cancelled,22
ORD004673,CUST01079,REST0041,PART0021,2025-10-17,17:56:14,732,83,125,690,PAY004673,Delayed,67
ORD004674,CUST02348,REST0181,PART0050,2026-02-07,06:53:03,471,85,95,461,PAY004674,Delivered,85
ORD004675,CUST01472,REST0288,PART0127,2025-07-18,22:52:43,1626,83,175,1534,PAY004675,Delivered,55
ORD004676,CUST01067,REST0036,PART0089,2026-03-27,13:21:47,1663,43,30,1676,PAY004676,Delivered,56
ORD004677,CUST00936,REST0026,PART0026,2026-06-27,02:22:34,1766,87,168,1685,PAY004677,Delivered,66
ORD004678,CUST01009,REST0069,PART0127,2026-04-07,16:45:46,1642,49,10,1681,PAY004678,Delivered,73
ORD004679,CUST00934,REST0075,PART0080,2025-10-21,23:30:33,753,56,58,751,PAY004679,Delivered,59
ORD004680,CUST01157,REST0028,PART0076,2025-11-02,13:05:16,1225,74,255,1044,PAY004680,Delivered,75
ORD004681,CUST01612,REST0141,PART0124,2026-05-05,04:21:01,415,53,81,387,PAY004681,Delivered,34
ORD004682,CUST02306,REST0006,PART0105,2025-09-16,20:52:58,582,57,26,613,PAY004682,Delivered,72
ORD004683,CUST02345,REST0227,PART0144,2025-08-10,08:24:17,194,24,38,180,PAY004683,Cancelled,52
ORD004684,CUST02372,REST0292,PART0064,2025-08-09,04:07:40,1406,85,84,1407,PAY004684,Delivered,23
ORD004685,CUST00497,REST0066,PART0129,2025-08-09,14:58:18,1452,53,67,1438,PAY004685,Delivered,31
ORD004686,CUST02476,REST0241,PART0013,2026-01-24,01:29:18,878,84,178,784,PAY004686,Cancelled,38
ORD004687,CUST01403,REST0187,PART0121,2025-11-26,22:11:06,1362,29,0,1391,PAY004687,Delivered,87
ORD004688,CUST02166,REST0134,PART0059,2026-07-01,19:30:17,1313,31,185,1159,PAY004688,Delivered,48
ORD004689,CUST00480,REST0076,PART0058,2026-04-26,21:02:50,1977,68,358,1687,PAY004689,Delivered,51
ORD004690,CUST01915,REST0014,PART0132,2025-08-08,16:47:52,693,55,14,734,PAY004690,Delivered,17
ORD004691,CUST00981,REST0169,PART0075,2026-03-13,23:10:10,1897,47,72,1872,PAY004691,Delivered,45
ORD004692,CUST01336,REST0011,PART0121,2026-05-05,16:57:41,1071,89,137,1023,PAY004692,Delivered,41
ORD004693,CUST00301,REST0052,PART0019,2026-05-29,19:20:27,469,86,41,514,PAY004693,Delivered,38
ORD004694,CUST02093,REST0041,PART0082,2025-12-30,06:33:57,781,39,24,796,PAY004694,Delivered,47
ORD004695,CUST01903,REST0234,PART0014,2025-08-16,06:59:41,1723,83,222,1584,PAY004695,Delivered,77
ORD004696,CUST00103,REST0190,PART0006,2026-04-04,00:15:13,907,23,227,703,PAY004696,Delivered,66
ORD004697,CUST01818,REST0208,PART0046,2026-05-09,02:49:53,938,47,94,891,PAY004697,Delivered,47
ORD004698,CUST01856,REST0079,PART0001,2026-06-30,05:43:15,416,74,42,448,PAY004698,Delivered,78
ORD004699,CUST02012,REST0021,PART0124,2026-04-20,08:25:05,1225,26,130,1121,PAY004699,Cancelled,80
ORD004700,CUST02027,REST0169,PART0042,2026-01-05,10:10:46,1387,86,255,1218,PAY004700,Delayed,39
ORD004701,CUST00800,REST0200,PART0145,2025-07-20,21:37:48,1356,99,222,1233,PAY004701,Cancelled,28
ORD004702,CUST02402,REST0280,PART0058,2026-05-01,06:52:44,717,54,27,744,PAY004702,Delivered,79
ORD004703,CUST02160,REST0085,PART0103,2026-04-04,04:35:53,1076,92,78,1090,PAY004703,Delivered,33
ORD004704,CUST01442,REST0054,PART0081,2025-08-19,12:10:15,186,32,26,192,PAY004704,Delivered,88
ORD004705,CUST01829,REST0279,PART0127,2025-11-16,21:28:36,489,81,72,498,PAY004705,Delivered,27
ORD004706,CUST00918,REST0099,PART0053,2026-03-01,15:38:28,1466,62,376,1152,PAY004706,Delivered,24
ORD004707,CUST00874,REST0153,PART0127,2026-05-11,19:37:53,1325,49,36,1338,PAY004707,Delivered,57
ORD004708,CUST00389,REST0238,PART0098,2026-07-07,02:38:17,1951,28,433,1546,PAY004708,Delivered,61
ORD004709,CUST00084,REST0023,PART0044,2026-07-06,09:19:56,441,34,5,470,PAY004709,Delivered,78
ORD004710,CUST01462,REST0268,PART0119,2025-12-03,15:01:39,1018,59,288,789,PAY004710,Delivered,22
ORD004711,CUST01334,REST0117,PART0132,2026-04-13,08:19:53,868,35,64,839,PAY004711,Delivered,21
ORD004712,CUST00012,REST0170,PART0056,2026-04-06,17:55:30,545,32,157,420,PAY004712,Delivered,78
ORD004713,CUST02279,REST0240,PART0148,2026-03-08,09:31:29,1374,46,87,1333,PAY004713,Delivered,36
ORD004714,CUST00768,REST0092,PART0102,2026-04-05,15:01:57,737,69,198,608,PAY004714,Delivered,80
ORD004715,CUST00364,REST0040,PART0090,2025-08-10,19:49:37,1124,60,99,1085,PAY004715,Delivered,35
ORD004716,CUST00549,REST0014,PART0114,2026-02-22,07:07:51,1705,46,503,1248,PAY004716,Delivered,56
ORD004717,CUST00398,REST0159,PART0077,2025-10-26,03:53:05,1384,44,375,1053,PAY004717,Delivered,47
ORD004718,CUST02313,REST0193,PART0070,2026-04-24,15:18:40,698,34,151,581,PAY004718,Delivered,55
ORD004719,CUST01077,REST0104,PART0142,2026-06-07,08:35:52,1705,69,180,1594,PAY004719,Delivered,50
ORD004720,CUST02020,REST0229,PART0020,2025-11-17,03:41:01,1326,38,392,972,PAY004720,Delivered,60
ORD004721,CUST02163,REST0170,PART0002,2026-01-07,07:25:51,1898,49,423,1524,PAY004721,Delivered,71
ORD004722,CUST02219,REST0080,PART0090,2025-12-02,07:38:33,806,34,229,611,PAY004722,Delivered,26
ORD004723,CUST00368,REST0273,PART0112,2026-04-30,11:31:43,1768,23,196,1595,PAY004723,Cancelled,72
ORD004724,CUST00432,REST0141,PART0072,2026-05-27,04:32:13,1126,65,296,895,PAY004724,Delivered,62
ORD004725,CUST01649,REST0236,PART0097,2026-01-18,19:53:57,1029,29,208,850,PAY004725,Delivered,16
ORD004726,CUST01108,REST0121,PART0070,2025-12-07,02:34:28,1624,62,27,1659,PAY004726,Delivered,15
ORD004727,CUST01524,REST0176,PART0117,2026-01-26,07:17:10,152,43,25,170,PAY004727,Delivered,63
ORD004728,CUST01618,REST0186,PART0118,2025-11-09,20:17:54,1095,67,214,948,PAY004728,Delayed,39
ORD004729,CUST01233,REST0043,PART0016,2026-05-08,17:18:43,1354,81,245,1190,PAY004729,Delayed,58
ORD004730,CUST00087,REST0078,PART0062,2026-01-22,04:25:02,1037,86,166,957,PAY004730,Delivered,46
ORD004731,CUST00762,REST0061,PART0080,2025-11-14,23:35:15,1403,58,218,1243,PAY004731,Delivered,77
ORD004732,CUST01537,REST0172,PART0057,2026-02-13,06:06:22,1919,73,100,1892,PAY004732,Delivered,74
ORD004733,CUST00835,REST0152,PART0043,2026-05-01,13:24:34,1862,21,329,1554,PAY004733,Delivered,84
ORD004734,CUST02164,REST0036,PART0107,2025-09-28,03:22:37,150,82,45,187,PAY004734,Delivered,34
ORD004735,CUST01548,REST0058,PART0091,2025-10-12,19:56:47,564,27,147,444,PAY004735,Delivered,22
ORD004736,CUST01631,REST0063,PART0102,2026-03-01,07:09:50,378,26,55,349,PAY004736,Delivered,21
ORD004737,CUST01359,REST0296,PART0016,2025-09-20,11:27:38,1037,78,29,1086,PAY004737,Delivered,49
ORD004738,CUST02352,REST0241,PART0114,2025-08-01,19:46:47,394,78,84,388,PAY004738,Cancelled,70
ORD004739,CUST01690,REST0227,PART0009,2026-04-10,13:07:00,1367,93,145,1315,PAY004739,Delivered,87
ORD004740,CUST01890,REST0139,PART0108,2025-11-30,07:00:41,943,26,281,688,PAY004740,Delivered,23
ORD004741,CUST00897,REST0010,PART0132,2025-12-22,08:46:28,456,97,130,423,PAY004741,Delivered,77
ORD004742,CUST01853,REST0289,PART0139,2026-01-12,19:23:30,1208,59,240,1027,PAY004742,Delivered,80
ORD004743,CUST01865,REST0179,PART0104,2026-06-22,23:45:00,463,52,55,460,PAY004743,Delivered,82
ORD004744,CUST01831,REST0130,PART0129,2026-01-11,12:35:26,1251,75,90,1236,PAY004744,Delayed,38
ORD004745,CUST01804,REST0034,PART0084,2025-11-19,05:07:07,175,24,36,163,PAY004745,Delivered,47
ORD004746,CUST00066,REST0060,PART0050,2026-07-09,20:55:57,1817,62,363,1516,PAY004746,Delivered,42
ORD004747,CUST00269,REST0168,PART0098,2026-05-21,11:23:42,1076,39,44,1071,PAY004747,Delivered,72
ORD004748,CUST02195,REST0082,PART0137,2026-06-09,23:34:20,285,55,2,338,PAY004748,Delivered,38
ORD004749,CUST02495,REST0061,PART0062,2025-12-19,20:16:36,1690,71,157,1604,PAY004749,Delivered,72
ORD004750,CUST02327,REST0143,PART0043,2026-01-12,07:04:46,1010,61,28,1043,PAY004750,Delivered,42
ORD004751,CUST00966,REST0241,PART0138,2026-06-18,14:29:53,915,92,209,798,PAY004751,Delayed,25
ORD004752,CUST01494,REST0055,PART0132,2026-06-30,09:54:50,391,98,8,481,PAY004752,Delivered,24
ORD004753,CUST00108,REST0142,PART0113,2026-01-12,14:14:40,930,94,11,1013,PAY004753,Delivered,21
ORD004754,CUST02452,REST0135,PART0016,2026-01-07,20:22:53,1035,59,144,950,PAY004754,Delayed,59
ORD004755,CUST02478,REST0115,PART0066,2025-09-13,12:55:04,282,62,12,332,PAY004755,Cancelled,34
ORD004756,CUST00298,REST0083,PART0112,2025-09-09,10:06:01,1306,31,360,977,PAY004756,Delivered,83
ORD004757,CUST01745,REST0026,PART0109,2026-04-28,19:08:17,261,22,64,219,PAY004757,Delivered,81
ORD004758,CUST00331,REST0220,PART0110,2026-05-03,17:26:39,1977,57,315,1719,PAY004758,Delayed,64
ORD004759,CUST01912,REST0078,PART0072,2025-12-12,23:30:37,360,81,97,344,PAY004759,Delivered,35
ORD004760,CUST02282,REST0016,PART0088,2025-12-26,04:43:15,988,80,25,1043,PAY004760,Delivered,81
ORD004761,CUST00048,REST0131,PART0123,2025-07-25,17:57:37,1285,39,143,1181,PAY004761,Cancelled,77
ORD004762,CUST00138,REST0119,PART0016,2026-06-20,10:06:48,511,56,1,566,PAY004762,Delivered,40
ORD004763,CUST01695,REST0048,PART0115,2025-09-08,09:23:33,898,28,266,660,PAY004763,Delivered,59
ORD004764,CUST00730,REST0078,PART0080,2026-05-18,08:57:25,1293,97,222,1168,PAY004764,Delivered,53
ORD004765,CUST02499,REST0139,PART0089,2025-11-16,05:52:08,1008,53,51,1010,PAY004765,Delivered,79
ORD004766,CUST02454,REST0294,PART0010,2025-12-11,09:13:55,520,66,19,567,PAY004766,Cancelled,25
ORD004767,CUST00870,REST0135,PART0035,2026-06-19,05:06:52,1913,71,237,1747,PAY004767,Delivered,33
ORD004768,CUST01940,REST0029,PART0137,2026-03-18,18:15:29,1689,82,357,1414,PAY004768,Delivered,56
ORD004769,CUST02074,REST0089,PART0061,2025-09-12,06:09:03,776,41,108,709,PAY004769,Delivered,61
ORD004770,CUST01140,REST0132,PART0138,2025-12-18,08:38:23,690,45,177,558,PAY004770,Delivered,38
ORD004771,CUST00018,REST0061,PART0031,2025-12-05,06:27:24,643,86,162,567,PAY004771,Delivered,55
ORD004772,CUST01133,REST0052,PART0095,2025-07-21,15:49:00,1127,71,308,890,PAY004772,Delivered,28
ORD004773,CUST01485,REST0189,PART0064,2025-12-31,22:31:07,1425,89,390,1124,PAY004773,Delivered,35
ORD004774,CUST02066,REST0111,PART0127,2026-05-19,13:56:33,1113,66,7,1172,PAY004774,Delivered,46
ORD004775,CUST01310,REST0077,PART0057,2026-05-29,16:33:24,1097,60,85,1072,PAY004775,Delayed,33
ORD004776,CUST00593,REST0050,PART0053,2026-03-30,05:57:16,630,52,178,504,PAY004776,Delivered,87
ORD004777,CUST01335,REST0224,PART0043,2026-07-02,20:22:49,1783,81,442,1422,PAY004777,Delivered,85
ORD004778,CUST01532,REST0010,PART0004,2025-09-21,08:13:04,1155,45,114,1086,PAY004778,Delivered,68
ORD004779,CUST02144,REST0023,PART0079,2025-09-12,21:34:27,1904,61,333,1632,PAY004779,Cancelled,81
ORD004780,CUST01950,REST0278,PART0041,2026-03-03,12:22:00,1977,57,42,1992,PAY004780,Delivered,81
ORD004781,CUST02137,REST0226,PART0047,2025-09-25,15:57:13,533,66,88,511,PAY004781,Delayed,88
ORD004782,CUST01753,REST0081,PART0093,2025-10-08,12:19:14,1926,77,23,1980,PAY004782,Delivered,79
ORD004783,CUST00080,REST0269,PART0016,2025-08-22,01:49:21,1632,47,194,1485,PAY004783,Delivered,62
ORD004784,CUST00557,REST0215,PART0037,2025-07-22,14:33:06,1252,37,346,943,PAY004784,Delivered,40
ORD004785,CUST00083,REST0033,PART0022,2025-12-15,04:53:39,987,78,191,874,PAY004785,Delivered,62
ORD004786,CUST00101,REST0111,PART0077,2026-01-15,15:50:14,1891,37,460,1468,PAY004786,Delivered,27
ORD004787,CUST01556,REST0279,PART0131,2025-09-12,10:57:34,1058,81,172,967,PAY004787,Delayed,68
ORD004788,CUST00969,REST0226,PART0138,2025-10-29,10:40:13,1657,82,45,1694,PAY004788,Delivered,75
ORD004789,CUST01364,REST0128,PART0130,2025-11-24,05:47:51,1225,23,353,895,PAY004789,Delivered,38
ORD004790,CUST00309,REST0091,PART0039,2025-10-01,01:00:57,1344,90,378,1056,PAY004790,Delivered,43
ORD004791,CUST01490,REST0100,PART0125,2025-07-24,15:52:13,949,62,231,780,PAY004791,Delayed,64
ORD004792,CUST00467,REST0082,PART0084,2026-01-25,09:10:22,1801,56,340,1517,PAY004792,Cancelled,64
ORD004793,CUST00842,REST0144,PART0105,2025-12-15,13:39:29,463,21,138,346,PAY004793,Delivered,47
ORD004794,CUST00500,REST0108,PART0133,2025-09-15,17:24:25,1788,36,395,1429,PAY004794,Cancelled,22
ORD004795,CUST01772,REST0292,PART0052,2025-11-11,02:49:23,1294,68,22,1340,PAY004795,Delivered,48
ORD004796,CUST02168,REST0103,PART0133,2026-06-03,11:53:05,302,24,49,277,PAY004796,Delivered,34
ORD004797,CUST00597,REST0299,PART0133,2026-06-12,19:55:16,438,29,97,370,PAY004797,Delivered,63
ORD004798,CUST02077,REST0192,PART0127,2026-02-14,13:54:21,776,43,124,695,PAY004798,Delivered,28
ORD004799,CUST00781,REST0007,PART0093,2025-11-01,01:51:36,652,73,166,559,PAY004799,Delivered,63
ORD004800,CUST00722,REST0162,PART0009,2025-10-12,16:28:33,832,73,233,672,PAY004800,Delivered,89
ORD004801,CUST00575,REST0110,PART0082,2025-09-28,00:13:03,1406,58,37,1427,PAY004801,Delivered,36
ORD004802,CUST02386,REST0001,PART0141,2026-01-21,04:37:28,1232,89,314,1007,PAY004802,Delivered,80
ORD004803,CUST00281,REST0047,PART0001,2026-03-08,21:48:39,935,23,268,690,PAY004803,Delivered,73
ORD004804,CUST00715,REST0105,PART0103,2026-04-23,07:26:13,728,96,190,634,PAY004804,Delayed,18
ORD004805,CUST00121,REST0260,PART0086,2026-01-26,02:05:05,1747,72,523,1296,PAY004805,Delivered,86
ORD004806,CUST01115,REST0108,PART0125,2025-12-31,08:18:16,736,53,200,589,PAY004806,Delivered,32
ORD004807,CUST01768,REST0254,PART0127,2026-01-01,05:17:18,1871,45,177,1739,PAY004807,Delivered,68
ORD004808,CUST00298,REST0039,PART0130,2026-06-11,23:15:07,1919,91,229,1781,PAY004808,Delivered,22
ORD004809,CUST00986,REST0024,PART0121,2025-09-16,07:25:42,627,85,76,636,PAY004809,Delivered,87
ORD004810,CUST01071,REST0091,PART0031,2026-01-21,12:08:59,824,68,131,761,PAY004810,Delivered,86
ORD004811,CUST02153,REST0242,PART0072,2026-03-31,19:23:49,1288,24,33,1279,PAY004811,Delayed,74
ORD004812,CUST00936,REST0054,PART0032,2025-08-08,10:47:57,1375,31,365,1041,PAY004812,Delivered,35
ORD004813,CUST01267,REST0199,PART0002,2025-11-30,11:26:00,880,99,225,754,PAY004813,Delayed,42
ORD004814,CUST00545,REST0037,PART0126,2025-08-26,09:53:26,418,47,13,452,PAY004814,Delivered,82
ORD004815,CUST00728,REST0126,PART0036,2025-08-11,05:24:06,1067,22,157,932,PAY004815,Delayed,78
ORD004816,CUST00377,REST0041,PART0137,2025-11-18,19:00:11,1227,89,282,1034,PAY004816,Cancelled,55
ORD004817,CUST01072,REST0060,PART0098,2026-04-16,10:24:48,998,47,12,1033,PAY004817,Delivered,59
ORD004818,CUST01624,REST0046,PART0142,2026-01-17,08:57:37,1922,78,171,1829,PAY004818,Delivered,87
ORD004819,CUST00923,REST0050,PART0011,2026-03-09,07:03:47,169,93,22,240,PAY004819,Cancelled,17
ORD004820,CUST01327,REST0033,PART0058,2025-11-05,14:28:01,1382,43,387,1038,PAY004820,Delivered,65
ORD004821,CUST00074,REST0039,PART0056,2025-09-09,04:27:38,469,44,139,374,PAY004821,Delivered,72
ORD004822,CUST02294,REST0047,PART0080,2025-10-15,13:34:16,511,23,144,390,PAY004822,Delivered,15
ORD004823,CUST01588,REST0043,PART0061,2026-02-02,17:00:38,1922,55,397,1580,PAY004823,Delivered,66
ORD004824,CUST02011,REST0081,PART0010,2026-01-24,04:21:51,1103,83,73,1113,PAY004824,Delivered,51
ORD004825,CUST00030,REST0223,PART0053,2026-05-24,08:05:32,249,93,70,272,PAY004825,Delivered,59
ORD004826,CUST00112,REST0058,PART0103,2025-10-08,06:49:19,643,46,92,597,PAY004826,Delivered,38
ORD004827,CUST00280,REST0019,PART0080,2025-12-24,22:24:44,420,61,124,357,PAY004827,Delivered,88
ORD004828,CUST01001,REST0019,PART0093,2026-01-22,17:38:50,923,35,248,710,PAY004828,Delayed,24
ORD004829,CUST00515,REST0016,PART0102,2025-07-21,06:39:31,355,46,28,373,PAY004829,Delayed,71
ORD004830,CUST01202,REST0001,PART0123,2025-11-12,20:37:53,262,95,19,338,PAY004830,Delayed,54
ORD004831,CUST02323,REST0215,PART0107,2026-03-18,11:52:43,1456,45,173,1328,PAY004831,Cancelled,58
ORD004832,CUST01573,REST0116,PART0133,2025-09-15,20:04:24,1303,26,113,1216,PAY004832,Delivered,61
ORD004833,CUST02479,REST0052,PART0082,2025-11-24,17:35:27,719,45,56,708,PAY004833,Delayed,79
ORD004834,CUST02264,REST0153,PART0027,2026-03-18,02:05:45,1588,21,14,1595,PAY004834,Delivered,65
ORD004835,CUST01477,REST0023,PART0024,2025-11-13,20:54:17,1546,68,249,1365,PAY004835,Delivered,54
ORD004836,CUST00497,REST0138,PART0101,2026-04-07,21:40:14,1213,50,331,932,PAY004836,Delivered,61
ORD004837,CUST02366,REST0131,PART0095,2026-03-13,10:26:42,1850,22,230,1642,PAY004837,Delivered,61
ORD004838,CUST01178,REST0083,PART0016,2025-12-29,20:20:16,1617,57,198,1476,PAY004838,Delivered,27
ORD004839,CUST00576,REST0110,PART0044,2026-03-10,18:33:59,366,96,2,460,PAY004839,Delivered,15
ORD004840,CUST02458,REST0268,PART0141,2025-09-01,13:29:30,918,64,53,929,PAY004840,Delayed,15
ORD004841,CUST02433,REST0058,PART0125,2026-03-05,21:57:22,1673,22,431,1264,PAY004841,Delivered,59
ORD004842,CUST02370,REST0083,PART0100,2025-09-04,12:08:56,1084,63,61,1086,PAY004842,Delivered,74
ORD004843,CUST00086,REST0144,PART0103,2026-02-06,22:21:50,1448,65,410,1103,PAY004843,Delayed,27
ORD004844,CUST00596,REST0264,PART0073,2025-11-02,17:15:48,1476,40,338,1178,PAY004844,Delivered,40
ORD004845,CUST01741,REST0276,PART0143,2025-11-25,17:02:55,1530,75,177,1428,PAY004845,Delivered,78
ORD004846,CUST01054,REST0285,PART0125,2026-04-23,17:00:52,170,38,0,208,PAY004846,Delivered,25
ORD004847,CUST01391,REST0117,PART0073,2025-12-08,05:42:35,1846,49,392,1503,PAY004847,Delayed,77
ORD004848,CUST01035,REST0150,PART0037,2026-05-25,16:44:07,1690,57,45,1702,PAY004848,Cancelled,75
ORD004849,CUST00893,REST0033,PART0076,2026-04-09,15:12:43,1046,57,172,931,PAY004849,Delivered,61
ORD004850,CUST02294,REST0027,PART0013,2026-06-16,19:45:53,904,65,7,962,PAY004850,Delivered,33
ORD004851,CUST02387,REST0180,PART0079,2025-09-04,00:04:58,1988,22,436,1574,PAY004851,Delayed,75
ORD004852,CUST01042,REST0070,PART0115,2025-12-06,18:24:39,795,74,233,636,PAY004852,Delivered,32
ORD004853,CUST00381,REST0020,PART0007,2026-02-20,19:01:40,670,46,105,611,PAY004853,Delivered,87
ORD004854,CUST00233,REST0268,PART0030,2026-01-16,03:20:47,476,53,82,447,PAY004854,Delivered,48
ORD004855,CUST00169,REST0078,PART0051,2025-08-09,18:09:34,1511,58,226,1343,PAY004855,Delivered,68
ORD004856,CUST02016,REST0031,PART0110,2025-07-23,02:51:32,1050,57,57,1050,PAY004856,Delivered,16
ORD004857,CUST01375,REST0166,PART0052,2026-01-05,20:51:46,505,66,43,528,PAY004857,Delivered,25
ORD004858,CUST01726,REST0096,PART0048,2025-12-06,22:31:16,671,31,115,587,PAY004858,Delivered,84
ORD004859,CUST00284,REST0252,PART0095,2025-12-25,04:31:08,1329,64,153,1240,PAY004859,Delivered,49
ORD004860,CUST01840,REST0019,PART0090,2025-10-19,19:42:07,347,69,31,385,PAY004860,Delivered,85
ORD004861,CUST00466,REST0229,PART0049,2025-10-05,14:03:47,1285,41,283,1043,PAY004861,Delivered,41
ORD004862,CUST01664,REST0053,PART0007,2025-11-19,22:12:07,1696,98,380,1414,PAY004862,Delivered,84
ORD004863,CUST01450,REST0223,PART0028,2026-04-09,13:02:35,1791,94,433,1452,PAY004863,Delivered,32
ORD004864,CUST01583,REST0143,PART0105,2025-10-14,21:35:42,1750,68,291,1527,PAY004864,Delivered,76
ORD004865,CUST01457,REST0196,PART0044,2026-07-04,16:58:07,681,79,142,618,PAY004865,Delivered,57
ORD004866,CUST00238,REST0040,PART0079,2026-06-19,20:14:40,1286,53,180,1159,PAY004866,Delivered,46
ORD004867,CUST01459,REST0240,PART0004,2026-07-01,18:12:20,1338,92,79,1351,PAY004867,Cancelled,89
ORD004868,CUST00591,REST0267,PART0089,2025-11-14,14:50:53,1034,35,4,1065,PAY004868,Delivered,57
ORD004869,CUST00628,REST0166,PART0086,2026-03-19,09:54:06,663,50,135,578,PAY004869,Delivered,33
ORD004870,CUST02219,REST0210,PART0087,2026-07-06,21:05:16,654,43,172,525,PAY004870,Delivered,87
ORD004871,CUST02168,REST0019,PART0090,2026-07-01,11:32:59,1249,35,288,996,PAY004871,Delivered,38
ORD004872,CUST01388,REST0100,PART0004,2026-01-17,04:10:58,1903,46,43,1906,PAY004872,Delivered,70
ORD004873,CUST02218,REST0116,PART0014,2026-05-17,19:21:24,599,21,171,449,PAY004873,Delivered,44
ORD004874,CUST00077,REST0054,PART0111,2025-11-02,04:32:00,1995,87,296,1786,PAY004874,Delivered,75
ORD004875,CUST00267,REST0298,PART0032,2026-02-16,18:43:38,1771,71,145,1697,PAY004875,Delivered,17
ORD004876,CUST02371,REST0235,PART0009,2025-11-25,13:52:49,176,82,6,252,PAY004876,Delayed,60
ORD004877,CUST01137,REST0013,PART0112,2026-02-25,09:52:13,750,59,89,720,PAY004877,Delivered,90
ORD004878,CUST02089,REST0233,PART0112,2026-05-20,12:42:43,1971,59,253,1777,PAY004878,Delivered,75
ORD004879,CUST00477,REST0163,PART0096,2025-11-21,19:30:05,1281,59,125,1215,PAY004879,Cancelled,67
ORD004880,CUST01892,REST0084,PART0145,2026-04-13,10:41:42,1395,60,306,1149,PAY004880,Delivered,63
ORD004881,CUST00673,REST0244,PART0056,2025-09-29,17:31:26,1659,72,116,1615,PAY004881,Delivered,36
ORD004882,CUST00781,REST0041,PART0147,2026-07-01,11:41:50,617,82,10,689,PAY004882,Delivered,20
ORD004883,CUST00448,REST0136,PART0017,2025-09-03,14:45:21,987,71,164,894,PAY004883,Delayed,44
ORD004884,CUST01627,REST0266,PART0060,2025-11-18,05:29:26,541,22,114,449,PAY004884,Cancelled,34
ORD004885,CUST01768,REST0018,PART0091,2026-05-15,18:47:11,1810,90,87,1813,PAY004885,Cancelled,26
ORD004886,CUST01098,REST0096,PART0061,2026-03-18,22:48:47,1772,20,163,1629,PAY004886,Delayed,69
ORD004887,CUST01895,REST0128,PART0137,2026-02-23,11:46:52,1054,52,110,996,PAY004887,Delivered,20
ORD004888,CUST01077,REST0099,PART0074,2026-07-05,04:28:38,596,29,134,491,PAY004888,Cancelled,24
ORD004889,CUST01792,REST0288,PART0037,2025-10-13,03:32:36,1910,81,122,1869,PAY004889,Delivered,67
ORD004890,CUST01890,REST0196,PART0044,2026-04-17,05:48:28,283,33,36,280,PAY004890,Delivered,18
ORD004891,CUST02207,REST0247,PART0059,2026-03-03,11:24:45,569,52,118,503,PAY004891,Delivered,59
ORD004892,CUST01326,REST0179,PART0107,2026-03-09,21:41:29,397,55,105,347,PAY004892,Delivered,54
ORD004893,CUST00401,REST0203,PART0132,2025-10-16,06:57:31,1998,44,65,1977,PAY004893,Delivered,83
ORD004894,CUST01649,REST0119,PART0122,2026-05-28,02:30:05,1363,42,207,1198,PAY004894,Delivered,17
ORD004895,CUST01100,REST0115,PART0141,2026-05-30,13:32:55,1267,86,309,1044,PAY004895,Delivered,39
ORD004896,CUST01499,REST0243,PART0130,2025-10-20,23:33:48,405,58,70,393,PAY004896,Delivered,28
ORD004897,CUST02127,REST0272,PART0013,2026-01-21,23:45:41,914,75,5,984,PAY004897,Delivered,48
ORD004898,CUST00532,REST0145,PART0073,2026-02-20,00:06:36,1190,99,19,1270,PAY004898,Cancelled,66
ORD004899,CUST00269,REST0240,PART0053,2026-01-14,16:12:10,1229,41,221,1049,PAY004899,Delivered,48
ORD004900,CUST00892,REST0223,PART0052,2026-06-27,02:23:07,219,89,58,250,PAY004900,Delivered,25
ORD004901,CUST00384,REST0265,PART0022,2025-07-23,18:35:16,1305,44,353,996,PAY004901,Delivered,39
ORD004902,CUST00826,REST0267,PART0002,2025-11-14,23:27:04,423,39,75,387,PAY004902,Delivered,54
ORD004903,CUST02149,REST0118,PART0071,2026-01-30,16:17:19,163,49,0,212,PAY004903,Delivered,87
ORD004904,CUST01173,REST0251,PART0106,2026-06-23,06:46:24,1490,30,205,1315,PAY004904,Delivered,47
ORD004905,CUST02298,REST0209,PART0143,2025-08-22,08:41:12,528,81,50,559,PAY004905,Delivered,27
ORD004906,CUST00539,REST0083,PART0125,2025-12-12,10:16:02,1947,49,486,1510,PAY004906,Delivered,86
ORD004907,CUST01415,REST0107,PART0149,2026-05-03,14:05:28,1293,29,186,1136,PAY004907,Delivered,38
ORD004908,CUST01021,REST0018,PART0045,2025-09-11,20:33:54,1559,84,273,1370,PAY004908,Delivered,26
ORD004909,CUST01672,REST0027,PART0062,2026-03-15,10:13:49,964,82,32,1014,PAY004909,Cancelled,46
ORD004910,CUST02135,REST0233,PART0104,2025-11-18,03:49:59,1636,80,388,1328,PAY004910,Delivered,16
ORD004911,CUST02449,REST0008,PART0121,2025-08-16,19:38:03,1196,83,158,1121,PAY004911,Delayed,35
ORD004912,CUST02085,REST0037,PART0001,2026-02-06,18:37:29,1565,52,271,1346,PAY004912,Cancelled,58
ORD004913,CUST01970,REST0275,PART0020,2026-01-22,21:41:19,1353,31,213,1171,PAY004913,Delivered,37
ORD004914,CUST02497,REST0114,PART0139,2026-01-11,22:22:06,1195,51,227,1019,PAY004914,Delivered,57
ORD004915,CUST00636,REST0095,PART0115,2026-03-07,06:25:44,607,27,142,492,PAY004915,Cancelled,81
ORD004916,CUST01024,REST0163,PART0063,2026-06-30,22:24:46,1021,93,178,936,PAY004916,Delivered,68
ORD004917,CUST00715,REST0022,PART0113,2026-06-27,05:40:49,1207,39,124,1122,PAY004917,Delivered,36
ORD004918,CUST00407,REST0044,PART0088,2026-04-24,21:37:46,1817,85,424,1478,PAY004918,Delivered,70
ORD004919,CUST01593,REST0256,PART0142,2025-10-27,13:09:35,623,26,177,472,PAY004919,Delivered,18
ORD004920,CUST01580,REST0252,PART0010,2025-08-11,05:34:56,1540,93,143,1490,PAY004920,Cancelled,25
ORD004921,CUST01046,REST0151,PART0113,2026-01-06,19:17:42,1888,39,0,1927,PAY004921,Delivered,28
ORD004922,CUST01720,REST0066,PART0073,2025-12-14,12:54:28,226,91,25,292,PAY004922,Delivered,85
ORD004923,CUST01650,REST0096,PART0055,2026-05-14,03:59:41,779,84,84,779,PAY004923,Delivered,72
ORD004924,CUST00288,REST0246,PART0057,2025-09-29,06:22:33,1474,91,217,1348,PAY004924,Delivered,31
ORD004925,CUST01704,REST0097,PART0085,2026-05-19,13:04:14,1090,72,12,1150,PAY004925,Delivered,23
ORD004926,CUST02385,REST0026,PART0110,2026-05-11,06:12:21,984,91,291,784,PAY004926,Delivered,61
ORD004927,CUST01692,REST0281,PART0065,2025-10-31,12:15:32,747,29,178,598,PAY004927,Delivered,43
ORD004928,CUST01949,REST0191,PART0107,2026-04-18,17:15:06,978,51,126,903,PAY004928,Delivered,25
ORD004929,CUST01404,REST0247,PART0116,2025-09-09,19:25:31,707,65,56,716,PAY004929,Cancelled,76
ORD004930,CUST02497,REST0142,PART0087,2025-12-04,12:29:24,891,92,70,913,PAY004930,Delivered,79
ORD004931,CUST02102,REST0099,PART0113,2026-06-10,11:36:25,997,29,274,752,PAY004931,Delivered,52
ORD004932,CUST00779,REST0194,PART0010,2026-05-14,07:02:01,1258,92,85,1265,PAY004932,Delivered,51
ORD004933,CUST00018,REST0094,PART0090,2025-08-08,03:54:35,700,54,83,671,PAY004933,Cancelled,64
ORD004934,CUST02118,REST0089,PART0086,2026-01-16,05:26:00,468,35,122,381,PAY004934,Delayed,90
ORD004935,CUST00445,REST0002,PART0060,2025-10-20,00:08:11,1269,29,203,1095,PAY004935,Delivered,71
ORD004936,CUST01196,REST0002,PART0058,2025-10-10,23:24:33,576,40,150,466,PAY004936,Delayed,80
ORD004937,CUST01047,REST0047,PART0041,2026-03-19,02:25:49,772,47,125,694,PAY004937,Delivered,70
ORD004938,CUST02100,REST0193,PART0082,2025-07-17,10:15:00,1976,90,9,2057,PAY004938,Delivered,55
ORD004939,CUST00417,REST0237,PART0001,2025-11-20,07:39:03,181,87,26,242,PAY004939,Delivered,78
ORD004940,CUST00328,REST0121,PART0033,2025-12-01,13:31:31,573,99,52,620,PAY004940,Delivered,53
ORD004941,CUST02409,REST0149,PART0047,2026-06-01,13:49:40,490,80,93,477,PAY004941,Delivered,60
ORD004942,CUST01837,REST0187,PART0094,2026-03-14,06:41:33,285,71,47,309,PAY004942,Delivered,55
ORD004943,CUST00870,REST0077,PART0143,2026-01-19,15:30:46,767,86,96,757,PAY004943,Delivered,24
ORD004944,CUST00014,REST0175,PART0101,2026-02-19,10:52:24,1553,83,342,1294,PAY004944,Delivered,22
ORD004945,CUST02144,REST0146,PART0030,2025-09-10,23:43:51,794,81,53,822,PAY004945,Delivered,21
ORD004946,CUST01768,REST0195,PART0030,2026-05-16,14:15:31,978,20,14,984,PAY004946,Delivered,67
ORD004947,CUST00325,REST0226,PART0097,2025-10-30,04:04:36,1501,63,99,1465,PAY004947,Delivered,66
ORD004948,CUST01196,REST0192,PART0097,2025-11-17,12:44:26,1797,41,300,1538,PAY004948,Delivered,74
ORD004949,CUST01202,REST0110,PART0059,2026-01-20,11:30:07,337,85,10,412,PAY004949,Delivered,64
ORD004950,CUST01362,REST0186,PART0068,2025-11-15,06:03:09,1074,62,234,902,PAY004950,Delivered,65
ORD004951,CUST01100,REST0093,PART0107,2026-03-08,02:39:59,937,91,97,931,PAY004951,Delayed,17
ORD004952,CUST02239,REST0081,PART0080,2026-06-24,05:56:18,548,50,134,464,PAY004952,Delivered,90
ORD004953,CUST00206,REST0280,PART0030,2026-02-09,12:33:54,1355,71,193,1233,PAY004953,Delayed,80
ORD004954,CUST02278,REST0019,PART0074,2025-10-01,22:28:14,1701,60,264,1497,PAY004954,Delivered,28
ORD004955,CUST01717,REST0115,PART0079,2026-06-01,07:18:01,1459,22,98,1383,PAY004955,Delivered,82
ORD004956,CUST00566,REST0200,PART0031,2026-05-27,02:19:48,682,62,26,718,PAY004956,Cancelled,87
ORD004957,CUST00648,REST0107,PART0006,2026-03-24,01:28:18,1404,27,84,1347,PAY004957,Delivered,52
ORD004958,CUST00669,REST0044,PART0051,2025-09-27,07:53:49,591,28,175,444,PAY004958,Delivered,50
ORD004959,CUST02444,REST0016,PART0011,2026-07-09,23:23:07,826,76,155,747,PAY004959,Delivered,75
ORD004960,CUST02282,REST0249,PART0034,2026-03-05,07:42:29,851,71,198,724,PAY004960,Delivered,46
ORD004961,CUST01428,REST0229,PART0135,2026-03-08,05:33:34,931,46,214,763,PAY004961,Delivered,40
ORD004962,CUST01517,REST0056,PART0014,2025-08-31,23:39:03,1579,29,331,1277,PAY004962,Delivered,51
ORD004963,CUST01866,REST0248,PART0098,2025-11-08,01:09:57,633,71,124,580,PAY004963,Delivered,77
ORD004964,CUST00527,REST0068,PART0070,2026-04-27,01:45:39,889,94,103,880,PAY004964,Delivered,64
ORD004965,CUST02414,REST0216,PART0121,2025-08-08,18:16:46,596,79,20,655,PAY004965,Delivered,55
ORD004966,CUST00542,REST0016,PART0079,2026-04-27,21:06:03,1746,77,121,1702,PAY004966,Delivered,57
ORD004967,CUST02205,REST0143,PART0077,2026-06-24,20:27:42,1522,23,83,1462,PAY004967,Delivered,41
ORD004968,CUST01545,REST0229,PART0104,2025-09-29,22:47:35,1658,87,70,1675,PAY004968,Delivered,88
ORD004969,CUST01592,REST0199,PART0125,2026-02-04,13:11:09,397,50,86,361,PAY004969,Delivered,49
ORD004970,CUST02476,REST0299,PART0101,2026-05-22,11:35:58,1216,74,259,1031,PAY004970,Cancelled,16
ORD004971,CUST00323,REST0153,PART0032,2026-01-28,00:37:01,1018,49,289,778,PAY004971,Delivered,84
ORD004972,CUST01169,REST0028,PART0073,2025-11-02,22:28:30,812,94,9,897,PAY004972,Delivered,52
ORD004973,CUST01877,REST0028,PART0116,2025-10-20,15:25:49,1105,55,95,1065,PAY004973,Delivered,32
ORD004974,CUST00617,REST0246,PART0144,2026-05-19,07:44:12,764,54,87,731,PAY004974,Cancelled,67
ORD004975,CUST01885,REST0084,PART0141,2025-12-09,06:26:56,1382,62,129,1315,PAY004975,Delayed,75
ORD004976,CUST00371,REST0126,PART0032,2025-12-27,12:21:24,262,78,40,300,PAY004976,Delayed,47
ORD004977,CUST01839,REST0280,PART0044,2026-04-14,08:17:12,1783,20,244,1559,PAY004977,Delivered,86
ORD004978,CUST02144,REST0059,PART0005,2026-05-30,03:34:17,617,60,105,572,PAY004978,Delivered,86
ORD004979,CUST01881,REST0001,PART0121,2026-06-12,09:32:29,1245,83,245,1083,PAY004979,Delivered,60
ORD004980,CUST00883,REST0089,PART0083,2025-07-20,11:31:04,367,44,73,338,PAY004980,Cancelled,65
ORD004981,CUST01003,REST0048,PART0123,2025-11-09,01:00:11,1129,58,201,986,PAY004981,Delayed,76
ORD004982,CUST01665,REST0209,PART0113,2025-10-25,14:22:31,1212,71,92,1191,PAY004982,Delivered,82
ORD004983,CUST00928,REST0288,PART0101,2025-10-03,13:26:49,293,71,29,335,PAY004983,Delivered,41
ORD004984,CUST00811,REST0073,PART0105,2025-09-10,04:31:29,394,50,1,443,PAY004984,Delivered,31
ORD004985,CUST01726,REST0156,PART0007,2025-11-08,05:40:31,1552,98,264,1386,PAY004985,Cancelled,47
ORD004986,CUST01854,REST0016,PART0081,2025-07-26,01:27:11,900,55,249,706,PAY004986,Delivered,43
ORD004987,CUST01018,REST0132,PART0145,2025-07-27,10:25:31,758,54,205,607,PAY004987,Delivered,58
ORD004988,CUST01905,REST0195,PART0044,2026-03-26,07:28:12,361,36,13,384,PAY004988,Delivered,21
ORD004989,CUST00313,REST0091,PART0136,2026-03-23,08:11:51,1485,24,434,1075,PAY004989,Delivered,46
ORD004990,CUST00038,REST0013,PART0042,2026-05-08,07:37:45,1189,40,272,957,PAY004990,Delivered,17
ORD004991,CUST00107,REST0148,PART0091,2025-12-26,21:44:28,654,69,82,641,PAY004991,Delivered,66
ORD004992,CUST02453,REST0021,PART0010,2025-08-15,19:25:09,1023,99,214,908,PAY004992,Delivered,25
ORD004993,CUST00367,REST0162,PART0035,2025-12-06,09:41:16,496,47,48,495,PAY004993,Delivered,53
ORD004994,CUST01869,REST0168,PART0132,2026-01-12,19:20:31,707,35,80,662,PAY004994,Delivered,49
ORD004995,CUST01710,REST0048,PART0045,2026-05-13,12:44:35,1096,74,264,906,PAY004995,Delayed,76
ORD004996,CUST00990,REST0116,PART0062,2026-07-04,13:48:15,1817,93,202,1708,PAY004996,Delivered,57
ORD004997,CUST00634,REST0011,PART0024,2025-09-11,13:39:39,1873,98,318,1653,PAY004997,Delivered,85
ORD004998,CUST01613,REST0194,PART0022,2026-01-05,17:11:55,675,61,114,622,PAY004998,Delivered,68
ORD004999,CUST00218,REST0213,PART0073,2026-03-16,07:30:30,1960,93,372,1681,PAY004999,Delivered,23
ORD005000,CUST01258,REST0033,PART0125,2025-12-11,14:28:16,587,29,136,480,PAY005000,Delivered,46
ORD005001,CUST00576,REST0109,PART0066,2026-02-16,21:13:51,1457,72,188,1341,PAY005001,Delivered,69
ORD005002,CUST01760,REST0033,PART0033,2025-09-15,04:56:12,1585,66,144,1507,PAY005002,Delivered,22
ORD005003,CUST01685,REST0233,PART0045,2026-03-03,20:49:44,1708,89,287,1510,PAY005003,Delivered,70
ORD005004,CUST02466,REST0263,PART0045,2026-01-04,17:28:12,769,26,19,776,PAY005004,Delivered,80
ORD005005,CUST00861,REST0171,PART0055,2026-05-06,19:09:58,384,58,86,356,PAY005005,Delivered,58
ORD005006,CUST01761,REST0065,PART0137,2025-11-15,05:17:42,1840,43,351,1532,PAY005006,Delivered,69
ORD005007,CUST01017,REST0260,PART0073,2025-08-27,02:02:48,1166,85,43,1208,PAY005007,Delivered,73
ORD005008,CUST01054,REST0023,PART0119,2026-07-15,02:21:38,1884,29,250,1663,PAY005008,Delayed,49
ORD005009,CUST01300,REST0010,PART0096,2025-10-30,11:28:54,330,84,94,320,PAY005009,Delayed,83
ORD005010,CUST01417,REST0162,PART0069,2026-01-09,07:29:27,1521,53,26,1548,PAY005010,Cancelled,68
ORD005011,CUST00095,REST0221,PART0028,2025-10-31,09:49:38,418,27,51,394,PAY005011,Delivered,27
ORD005012,CUST00896,REST0226,PART0040,2025-10-01,01:14:29,1752,64,465,1351,PAY005012,Delivered,57
ORD005013,CUST00487,REST0162,PART0137,2026-04-16,12:57:16,1769,20,237,1552,PAY005013,Delivered,49
ORD005014,CUST02441,REST0129,PART0070,2026-03-08,19:10:39,783,49,195,637,PAY005014,Delivered,31
ORD005015,CUST00070,REST0032,PART0150,2026-01-08,07:09:58,183,61,16,228,PAY005015,Delivered,36
ORD005016,CUST00196,REST0242,PART0144,2025-11-03,19:58:24,370,93,45,418,PAY005016,Delivered,78
ORD005017,CUST00774,REST0298,PART0007,2025-09-17,12:08:24,180,63,43,200,PAY005017,Delivered,19
ORD005018,CUST00763,REST0082,PART0100,2026-03-01,00:11:05,1704,54,214,1544,PAY005018,Delivered,33
ORD005019,CUST01507,REST0178,PART0098,2025-09-04,03:49:52,1980,62,373,1669,PAY005019,Delivered,33
ORD005020,CUST01522,REST0197,PART0089,2025-11-18,14:32:26,767,97,127,737,PAY005020,Delivered,71
ORD005021,CUST00940,REST0125,PART0149,2025-07-22,19:50:07,1566,48,427,1187,PAY005021,Delivered,52
ORD005022,CUST01439,REST0041,PART0139,2025-09-02,08:45:46,296,23,74,245,PAY005022,Delivered,79
ORD005023,CUST02174,REST0096,PART0136,2025-08-05,14:24:51,873,76,225,724,PAY005023,Delivered,16
ORD005024,CUST02088,REST0125,PART0115,2026-06-18,05:41:36,846,81,46,881,PAY005024,Cancelled,81
ORD005025,CUST02468,REST0288,PART0111,2025-11-20,01:20:49,1546,29,287,1288,PAY005025,Delivered,61
ORD005026,CUST01656,REST0010,PART0116,2026-02-15,20:09:55,1905,86,299,1692,PAY005026,Delivered,52
ORD005027,CUST01309,REST0194,PART0120,2026-01-17,12:42:01,1929,73,161,1841,PAY005027,Delivered,15
ORD005028,CUST02189,REST0260,PART0115,2025-12-06,11:27:43,470,77,25,522,PAY005028,Cancelled,60
ORD005029,CUST00131,REST0068,PART0009,2025-09-09,07:01:27,259,94,70,283,PAY005029,Delivered,77
ORD005030,CUST01033,REST0205,PART0150,2025-11-15,16:18:34,1964,36,46,1954,PAY005030,Delivered,21
ORD005031,CUST00086,REST0205,PART0067,2026-06-04,06:46:13,738,46,148,636,PAY005031,Delivered,83
ORD005032,CUST00688,REST0022,PART0039,2026-04-22,01:21:01,1133,83,97,1119,PAY005032,Delivered,53
ORD005033,CUST01957,REST0121,PART0026,2025-12-08,21:18:57,1838,54,13,1879,PAY005033,Delivered,88
ORD005034,CUST00002,REST0062,PART0018,2026-02-14,21:20:54,315,89,83,321,PAY005034,Delivered,38
ORD005035,CUST01629,REST0251,PART0047,2025-07-26,03:08:43,1700,45,387,1358,PAY005035,Delivered,24
ORD005036,CUST00514,REST0222,PART0022,2026-03-17,11:28:29,1416,100,129,1387,PAY005036,Delivered,65
ORD005037,CUST01981,REST0034,PART0008,2025-12-31,21:23:05,1506,73,140,1439,PAY005037,Delayed,77
ORD005038,CUST01815,REST0175,PART0108,2026-03-24,06:00:30,600,64,46,618,PAY005038,Delivered,61
ORD005039,CUST01016,REST0055,PART0050,2025-11-19,00:36:42,1585,23,278,1330,PAY005039,Delivered,16
ORD005040,CUST02150,REST0114,PART0046,2025-12-16,20:28:13,304,69,10,363,PAY005040,Delivered,26
ORD005041,CUST00244,REST0253,PART0076,2025-09-23,08:51:27,474,92,11,555,PAY005041,Delivered,23
ORD005042,CUST00864,REST0020,PART0141,2025-11-20,02:01:19,1944,68,274,1738,PAY005042,Delivered,63
ORD005043,CUST02279,REST0121,PART0025,2026-03-11,08:07:51,1794,57,151,1700,PAY005043,Delivered,65
ORD005044,CUST01232,REST0196,PART0065,2026-06-05,22:33:36,437,47,33,451,PAY005044,Delivered,50
ORD005045,CUST00198,REST0202,PART0016,2026-05-07,14:27:33,386,24,48,362,PAY005045,Delivered,70
ORD005046,CUST01857,REST0271,PART0137,2025-07-29,15:40:19,1468,50,251,1267,PAY005046,Delivered,36
ORD005047,CUST00483,REST0021,PART0016,2026-03-23,04:46:27,673,35,139,569,PAY005047,Delivered,73
ORD005048,CUST02064,REST0132,PART0121,2025-11-03,02:41:39,1801,97,26,1872,PAY005048,Cancelled,83
ORD005049,CUST00250,REST0177,PART0101,2025-11-19,01:49:22,1492,32,233,1291,PAY005049,Delivered,49
ORD005050,CUST01356,REST0277,PART0095,2026-02-20,21:43:24,1456,74,378,1152,PAY005050,Delivered,73
ORD005051,CUST00923,REST0116,PART0103,2026-05-06,00:48:09,1071,95,10,1156,PAY005051,Delivered,74
ORD005052,CUST01145,REST0251,PART0022,2026-02-22,00:52:19,1446,95,384,1157,PAY005052,Delivered,17
ORD005053,CUST01979,REST0271,PART0073,2025-07-31,12:51:13,1708,99,222,1585,PAY005053,Cancelled,84
ORD005054,CUST02204,REST0003,PART0074,2026-06-24,06:22:05,482,47,11,518,PAY005054,Delivered,55
ORD005055,CUST00102,REST0136,PART0140,2026-01-30,23:15:34,546,53,54,545,PAY005055,Delivered,37
ORD005056,CUST00009,REST0013,PART0040,2025-08-06,22:26:14,1762,79,33,1808,PAY005056,Delivered,65
ORD005057,CUST01830,REST0178,PART0052,2026-04-22,22:33:31,865,63,134,794,PAY005057,Delivered,70
ORD005058,CUST00864,REST0271,PART0036,2026-04-20,19:14:06,1767,31,434,1364,PAY005058,Delivered,58
ORD005059,CUST00578,REST0104,PART0014,2026-04-19,09:37:25,363,80,104,339,PAY005059,Delivered,39
ORD005060,CUST01945,REST0090,PART0100,2025-09-05,10:52:45,1188,40,45,1183,PAY005060,Delivered,43
ORD005061,CUST00217,REST0133,PART0142,2026-01-25,03:09:12,1922,23,557,1388,PAY005061,Delivered,16
ORD005062,CUST00324,REST0055,PART0043,2025-08-10,01:10:37,1970,85,439,1616,PAY005062,Delivered,62
ORD005063,CUST00949,REST0031,PART0102,2026-07-11,05:34:49,192,58,19,231,PAY005063,Delivered,55
ORD005064,CUST00410,REST0069,PART0114,2025-08-11,14:36:57,1140,36,47,1129,PAY005064,Delayed,28
ORD005065,CUST02313,REST0272,PART0025,2025-09-08,13:51:39,1207,33,0,1240,PAY005065,Delivered,73
ORD005066,CUST01506,REST0066,PART0022,2025-09-13,02:31:33,1993,74,238,1829,PAY005066,Delivered,57
ORD005067,CUST01850,REST0059,PART0019,2025-08-24,22:51:39,1006,81,103,984,PAY005067,Delivered,16
ORD005068,CUST02188,REST0211,PART0135,2026-02-04,06:27:36,1716,20,404,1332,PAY005068,Delivered,70
ORD005069,CUST01192,REST0243,PART0061,2025-09-17,16:37:12,1008,59,51,1016,PAY005069,Delivered,59
ORD005070,CUST02250,REST0292,PART0086,2026-07-16,08:22:17,1870,59,437,1492,PAY005070,Delivered,39
ORD005071,CUST00707,REST0163,PART0118,2026-04-19,11:23:29,747,43,87,703,PAY005071,Delivered,71
ORD005072,CUST02013,REST0247,PART0057,2025-10-15,12:16:38,1252,94,291,1055,PAY005072,Delivered,88
ORD005073,CUST01581,REST0018,PART0058,2025-08-20,21:59:01,331,69,80,320,PAY005073,Delivered,35
ORD005074,CUST00124,REST0052,PART0068,2026-05-05,07:43:44,1494,81,378,1197,PAY005074,Delayed,17
ORD005075,CUST00315,REST0180,PART0025,2025-12-03,04:11:20,872,27,225,674,PAY005075,Delivered,63
ORD005076,CUST01258,REST0250,PART0126,2025-12-01,22:01:42,438,48,14,472,PAY005076,Delivered,34
ORD005077,CUST00309,REST0047,PART0093,2025-11-24,13:39:12,1619,95,214,1500,PAY005077,Delivered,59
ORD005078,CUST00376,REST0202,PART0033,2025-08-16,18:14:45,621,84,74,631,PAY005078,Delivered,89
ORD005079,CUST02085,REST0045,PART0083,2025-12-23,11:53:31,1039,43,280,802,PAY005079,Delivered,67
ORD005080,CUST02359,REST0274,PART0015,2025-11-26,16:07:31,259,44,3,300,PAY005080,Delivered,59
ORD005081,CUST01078,REST0103,PART0071,2026-05-03,20:13:39,1458,86,110,1434,PAY005081,Delivered,87
ORD005082,CUST01783,REST0271,PART0016,2025-08-12,06:17:31,984,51,164,871,PAY005082,Delivered,81
ORD005083,CUST01165,REST0250,PART0038,2026-01-23,11:48:42,1057,98,127,1028,PAY005083,Delivered,52
ORD005084,CUST01588,REST0074,PART0025,2025-12-18,19:16:50,342,74,59,357,PAY005084,Delayed,83
ORD005085,CUST00085,REST0209,PART0074,2026-02-12,22:35:53,1676,57,123,1610,PAY005085,Delivered,78
ORD005086,CUST00824,REST0072,PART0101,2025-08-09,09:04:34,417,97,81,433,PAY005086,Delivered,82
ORD005087,CUST01979,REST0013,PART0045,2026-02-05,00:09:28,1643,58,267,1434,PAY005087,Delivered,89
ORD005088,CUST00692,REST0287,PART0011,2025-12-24,22:28:56,363,73,86,350,PAY005088,Delivered,86
ORD005089,CUST01547,REST0072,PART0113,2026-03-22,11:58:33,863,53,79,837,PAY005089,Delivered,76
ORD005090,CUST01383,REST0267,PART0025,2026-05-18,22:35:48,607,33,47,593,PAY005090,Delivered,31
ORD005091,CUST00914,REST0137,PART0002,2025-12-17,00:41:16,1102,70,206,966,PAY005091,Delayed,47
ORD005092,CUST01034,REST0134,PART0120,2026-04-11,23:48:30,1425,76,380,1121,PAY005092,Delivered,69
ORD005093,CUST00529,REST0156,PART0103,2025-09-14,10:20:51,1614,43,435,1222,PAY005093,Delivered,66
ORD005094,CUST01689,REST0092,PART0018,2026-02-14,02:25:51,1784,62,117,1729,PAY005094,Delivered,76
ORD005095,CUST01014,REST0191,PART0037,2026-05-31,19:16:19,297,79,13,363,PAY005095,Delivered,85
ORD005096,CUST01861,REST0015,PART0084,2025-08-19,23:44:50,821,53,164,710,PAY005096,Delivered,15
ORD005097,CUST01363,REST0270,PART0012,2026-05-28,12:12:57,875,76,133,818,PAY005097,Delivered,77
ORD005098,CUST01883,REST0266,PART0077,2025-10-04,17:32:40,1009,59,273,795,PAY005098,Delivered,29
ORD005099,CUST00733,REST0234,PART0112,2026-01-06,10:05:51,1267,51,60,1258,PAY005099,Delivered,20
ORD005100,CUST01435,REST0147,PART0139,2025-09-16,00:20:34,1247,50,100,1197,PAY005100,Delivered,37
ORD005101,CUST01176,REST0278,PART0138,2025-08-29,23:59:30,674,66,32,708,PAY005101,Delivered,30
ORD005102,CUST01494,REST0128,PART0080,2026-05-08,11:16:06,1937,21,193,1765,PAY005102,Delivered,28
ORD005103,CUST01669,REST0055,PART0068,2026-07-05,04:52:58,1018,65,159,924,PAY005103,Delivered,27
ORD005104,CUST00448,REST0017,PART0026,2026-06-18,14:20:13,1470,94,335,1229,PAY005104,Delivered,52
ORD005105,CUST00694,REST0296,PART0130,2025-10-25,12:12:06,1920,48,81,1887,PAY005105,Delivered,45
ORD005106,CUST02294,REST0005,PART0026,2025-10-12,13:16:39,1214,52,144,1122,PAY005106,Delivered,32
ORD005107,CUST01813,REST0251,PART0027,2025-10-17,03:54:24,1122,29,69,1082,PAY005107,Delivered,56
ORD005108,CUST00798,REST0003,PART0025,2025-08-07,04:32:32,1475,84,173,1386,PAY005108,Delivered,72
ORD005109,CUST01034,REST0008,PART0135,2026-03-23,15:22:38,705,82,145,642,PAY005109,Cancelled,15
ORD005110,CUST00683,REST0290,PART0012,2026-04-07,16:40:41,1774,88,163,1699,PAY005110,Delivered,66
ORD005111,CUST01335,REST0285,PART0076,2026-02-17,19:47:20,1845,32,398,1479,PAY005111,Delivered,19
ORD005112,CUST01903,REST0216,PART0065,2025-07-25,15:35:13,1572,92,125,1539,PAY005112,Delivered,56
ORD005113,CUST02274,REST0232,PART0034,2025-08-05,14:58:11,1832,73,326,1579,PAY005113,Delivered,82
ORD005114,CUST01577,REST0164,PART0108,2026-03-22,22:04:41,495,50,140,405,PAY005114,Delivered,37
ORD005115,CUST00034,REST0187,PART0149,2026-06-08,14:07:32,239,21,70,190,PAY005115,Delivered,84
ORD005116,CUST02154,REST0283,PART0131,2026-04-13,00:59:06,1520,35,441,1114,PAY005116,Delivered,16
ORD005117,CUST00002,REST0171,PART0050,2025-10-11,19:47:22,1581,51,0,1632,PAY005117,Delivered,73
ORD005118,CUST02146,REST0246,PART0042,2026-01-18,03:32:10,464,89,101,452,PAY005118,Delivered,34
ORD005119,CUST01861,REST0037,PART0016,2025-08-01,16:56:25,1697,44,5,1736,PAY005119,Delivered,84
ORD005120,CUST00697,REST0086,PART0053,2025-08-01,14:53:58,1992,74,584,1482,PAY005120,Delivered,90
ORD005121,CUST00463,REST0188,PART0069,2025-10-09,07:01:41,925,70,85,910,PAY005121,Delayed,23
ORD005122,CUST01825,REST0002,PART0033,2026-05-06,19:46:58,1893,28,60,1861,PAY005122,Delivered,73
ORD005123,CUST02435,REST0158,PART0040,2025-10-14,14:23:34,1419,41,425,1035,PAY005123,Delivered,86
ORD005124,CUST00974,REST0157,PART0150,2025-09-13,12:24:48,593,62,137,518,PAY005124,Delivered,36
ORD005125,CUST02215,REST0250,PART0069,2026-06-19,07:16:58,560,91,149,502,PAY005125,Delayed,56
ORD005126,CUST02497,REST0073,PART0059,2025-09-07,16:59:54,1397,31,27,1401,PAY005126,Delivered,45
ORD005127,CUST01428,REST0234,PART0039,2026-01-26,15:34:18,893,87,258,722,PAY005127,Delivered,80
ORD005128,CUST00883,REST0265,PART0025,2025-11-17,07:21:56,687,71,167,591,PAY005128,Delayed,70
ORD005129,CUST01435,REST0165,PART0143,2025-11-18,15:54:23,1507,96,13,1590,PAY005129,Delivered,77
ORD005130,CUST00613,REST0210,PART0023,2025-12-13,17:47:21,575,22,162,435,PAY005130,Delivered,49
ORD005131,CUST02498,REST0153,PART0017,2026-05-05,19:52:42,1381,27,404,1004,PAY005131,Delivered,69
ORD005132,CUST00643,REST0022,PART0048,2026-03-19,14:10:53,1309,61,321,1049,PAY005132,Delivered,74
ORD005133,CUST01126,REST0169,PART0068,2026-04-02,13:05:45,1748,85,98,1735,PAY005133,Delivered,84
ORD005134,CUST01939,REST0083,PART0132,2025-12-16,22:59:49,1808,29,123,1714,PAY005134,Delivered,50
ORD005135,CUST02196,REST0248,PART0070,2025-07-23,17:16:06,1753,86,308,1531,PAY005135,Delayed,90
ORD005136,CUST01724,REST0095,PART0142,2026-01-30,09:38:17,237,25,22,240,PAY005136,Delivered,81
ORD005137,CUST02021,REST0095,PART0006,2026-05-09,13:06:39,859,89,11,937,PAY005137,Delivered,22
ORD005138,CUST01872,REST0011,PART0021,2025-11-05,17:25:36,1456,22,182,1296,PAY005138,Delayed,87
ORD005139,CUST01319,REST0229,PART0083,2026-01-23,09:40:57,734,46,195,585,PAY005139,Delivered,33
ORD005140,CUST01531,REST0216,PART0129,2025-07-25,08:57:00,413,62,44,431,PAY005140,Delivered,18
ORD005141,CUST02457,REST0007,PART0001,2026-04-02,07:18:30,699,74,209,564,PAY005141,Delivered,28
ORD005142,CUST00524,REST0109,PART0098,2026-04-19,19:40:18,1572,91,56,1607,PAY005142,Delivered,34
ORD005143,CUST01170,REST0248,PART0010,2026-04-12,23:27:55,1591,43,150,1484,PAY005143,Delivered,15
ORD005144,CUST01611,REST0230,PART0036,2025-12-24,09:18:03,856,34,20,870,PAY005144,Delivered,54
ORD005145,CUST01473,REST0243,PART0125,2026-02-14,20:27:11,1749,74,51,1772,PAY005145,Delivered,35
ORD005146,CUST01184,REST0235,PART0099,2025-08-11,15:14:21,1240,81,248,1073,PAY005146,Delayed,46
ORD005147,CUST01366,REST0226,PART0034,2025-07-31,19:49:51,1555,88,108,1535,PAY005147,Delivered,83
ORD005148,CUST00233,REST0019,PART0107,2025-10-01,23:05:11,210,99,12,297,PAY005148,Delivered,46
ORD005149,CUST00330,REST0259,PART0004,2026-03-02,05:54:08,1462,78,157,1383,PAY005149,Delivered,48
ORD005150,CUST00798,REST0008,PART0081,2025-07-30,05:23:18,243,39,20,262,PAY005150,Delivered,87
ORD005151,CUST01021,REST0110,PART0111,2025-10-05,08:17:24,1943,64,467,1540,PAY005151,Delivered,86
ORD005152,CUST01410,REST0231,PART0093,2025-10-13,08:56:34,1176,81,193,1064,PAY005152,Cancelled,60
ORD005153,CUST02284,REST0166,PART0099,2026-02-27,13:18:53,829,85,105,809,PAY005153,Delivered,84
ORD005154,CUST01575,REST0137,PART0129,2026-01-23,02:34:41,200,74,48,226,PAY005154,Delayed,76
ORD005155,CUST02090,REST0243,PART0029,2025-07-19,00:27:24,493,71,79,485,PAY005155,Delivered,43
ORD005156,CUST01407,REST0181,PART0067,2025-11-28,22:15:49,255,26,22,259,PAY005156,Delivered,66
ORD005157,CUST01171,REST0228,PART0131,2026-04-14,19:16:03,847,51,61,837,PAY005157,Delivered,59
ORD005158,CUST02084,REST0147,PART0074,2025-08-16,13:17:38,1348,53,325,1076,PAY005158,Delivered,73
ORD005159,CUST01276,REST0191,PART0010,2026-02-27,02:32:25,737,35,176,596,PAY005159,Delivered,57
ORD005160,CUST00166,REST0219,PART0086,2026-06-23,15:20:13,584,45,123,506,PAY005160,Delivered,28
ORD005161,CUST01614,REST0062,PART0051,2025-12-06,04:54:09,1220,33,302,951,PAY005161,Delivered,83
ORD005162,CUST01335,REST0289,PART0072,2026-01-29,23:24:04,1902,66,356,1612,PAY005162,Delivered,35
ORD005163,CUST00783,REST0127,PART0039,2026-06-30,05:09:17,1327,87,52,1362,PAY005163,Delivered,51
ORD005164,CUST01893,REST0045,PART0021,2026-06-03,04:58:25,1411,98,235,1274,PAY005164,Delivered,81
ORD005165,CUST01809,REST0236,PART0076,2025-09-18,00:03:10,1912,33,386,1559,PAY005165,Cancelled,39
ORD005166,CUST02430,REST0267,PART0085,2025-12-17,11:47:30,1849,53,2,1900,PAY005166,Delivered,34
ORD005167,CUST01703,REST0294,PART0070,2025-10-06,21:01:47,353,53,28,378,PAY005167,Cancelled,75
ORD005168,CUST01600,REST0265,PART0137,2025-09-13,08:55:09,570,59,122,507,PAY005168,Cancelled,89
ORD005169,CUST00372,REST0270,PART0124,2026-02-09,11:49:03,1005,30,200,835,PAY005169,Delayed,73
ORD005170,CUST00229,REST0277,PART0075,2025-07-19,02:17:54,778,60,134,704,PAY005170,Delivered,39
ORD005171,CUST01303,REST0084,PART0018,2026-07-06,16:04:49,1766,99,424,1441,PAY005171,Delivered,72
ORD005172,CUST00114,REST0165,PART0050,2026-03-17,00:11:29,1657,24,327,1354,PAY005172,Delivered,23
ORD005173,CUST01305,REST0251,PART0077,2026-05-01,06:44:27,1009,22,189,842,PAY005173,Delivered,22
ORD005174,CUST01237,REST0173,PART0095,2026-03-15,02:37:57,1436,88,385,1139,PAY005174,Delayed,83
ORD005175,CUST01534,REST0290,PART0025,2025-11-02,12:47:23,1017,93,164,946,PAY005175,Delivered,36
ORD005176,CUST00143,REST0254,PART0133,2025-10-27,09:47:55,1206,31,116,1121,PAY005176,Delivered,45
ORD005177,CUST02131,REST0124,PART0090,2026-02-17,06:32:10,1925,46,111,1860,PAY005177,Delivered,89
ORD005178,CUST00967,REST0134,PART0084,2025-12-08,14:31:34,373,41,94,320,PAY005178,Delivered,89
ORD005179,CUST02115,REST0029,PART0047,2026-01-30,15:32:06,563,42,94,511,PAY005179,Delivered,51
ORD005180,CUST00417,REST0197,PART0046,2025-12-14,02:07:36,803,83,19,867,PAY005180,Cancelled,74
ORD005181,CUST01160,REST0065,PART0132,2025-09-16,07:49:33,831,33,233,631,PAY005181,Delivered,67
ORD005182,CUST00631,REST0106,PART0026,2026-06-05,10:54:00,424,83,14,493,PAY005182,Delivered,74
ORD005183,CUST02150,REST0039,PART0012,2025-10-02,12:42:31,1448,24,66,1406,PAY005183,Delayed,63
ORD005184,CUST01589,REST0119,PART0076,2026-05-05,03:10:46,1749,100,496,1353,PAY005184,Delivered,50
ORD005185,CUST00009,REST0093,PART0097,2026-03-09,05:12:25,575,55,106,524,PAY005185,Delivered,41
ORD005186,CUST01138,REST0038,PART0104,2025-10-23,18:28:41,1633,66,203,1496,PAY005186,Delivered,37
ORD005187,CUST00155,REST0088,PART0085,2025-11-23,03:25:30,1798,90,507,1381,PAY005187,Delivered,34
ORD005188,CUST00933,REST0180,PART0025,2025-09-30,06:31:23,887,31,137,781,PAY005188,Delivered,75
ORD005189,CUST01562,REST0260,PART0094,2025-11-20,06:11:39,1480,45,342,1183,PAY005189,Delivered,20
ORD005190,CUST01490,REST0087,PART0100,2026-06-29,23:05:19,1645,59,274,1430,PAY005190,Delivered,21
ORD005191,CUST01177,REST0241,PART0040,2025-10-25,08:21:13,1833,51,341,1543,PAY005191,Delivered,36
ORD005192,CUST00972,REST0024,PART0104,2025-12-15,17:23:29,222,60,46,236,PAY005192,Cancelled,24
ORD005193,CUST01091,REST0188,PART0136,2025-08-31,12:30:54,1405,22,2,1425,PAY005193,Cancelled,32
ORD005194,CUST01098,REST0027,PART0130,2026-03-25,20:32:35,1881,41,201,1721,PAY005194,Delivered,77
ORD005195,CUST02304,REST0116,PART0057,2025-11-04,01:44:32,1690,67,214,1543,PAY005195,Delivered,57
ORD005196,CUST02086,REST0190,PART0143,2026-01-07,15:28:22,882,71,122,831,PAY005196,Cancelled,23
ORD005197,CUST02310,REST0225,PART0077,2025-07-27,10:23:25,683,46,156,573,PAY005197,Delivered,82
ORD005198,CUST00180,REST0177,PART0093,2026-01-05,06:33:28,1337,91,21,1407,PAY005198,Delivered,77
ORD005199,CUST00014,REST0236,PART0033,2026-03-07,13:35:16,1840,45,537,1348,PAY005199,Delivered,66
ORD005200,CUST01184,REST0006,PART0078,2026-03-26,05:21:37,151,93,43,201,PAY005200,Delivered,47
ORD005201,CUST00421,REST0233,PART0081,2026-04-03,03:51:14,1961,67,26,2002,PAY005201,Delivered,16
ORD005202,CUST01324,REST0265,PART0010,2026-01-31,00:09:40,994,70,177,887,PAY005202,Delivered,65
ORD005203,CUST02036,REST0069,PART0042,2026-05-11,06:52:02,1245,70,302,1013,PAY005203,Delivered,40
ORD005204,CUST01033,REST0123,PART0005,2025-12-20,19:06:16,742,43,10,775,PAY005204,Delivered,22
ORD005205,CUST00431,REST0020,PART0110,2025-10-03,16:42:34,639,28,146,521,PAY005205,Delivered,87
ORD005206,CUST01564,REST0124,PART0088,2025-09-26,00:33:05,1866,32,252,1646,PAY005206,Delayed,90
ORD005207,CUST00603,REST0026,PART0040,2025-08-29,00:10:17,1710,31,308,1433,PAY005207,Delivered,85
ORD005208,CUST00592,REST0111,PART0041,2025-08-01,10:05:31,372,37,104,305,PAY005208,Delayed,85
ORD005209,CUST00009,REST0068,PART0074,2025-12-13,17:06:24,1541,35,138,1438,PAY005209,Delivered,57
ORD005210,CUST02436,REST0080,PART0044,2026-05-24,17:32:28,429,38,66,401,PAY005210,Delivered,51
ORD005211,CUST00539,REST0029,PART0004,2025-08-26,16:35:02,195,39,14,220,PAY005211,Cancelled,18
ORD005212,CUST02473,REST0088,PART0140,2026-04-30,17:18:52,415,77,67,425,PAY005212,Delivered,35
ORD005213,CUST00252,REST0251,PART0146,2026-07-13,14:45:39,1506,50,170,1386,PAY005213,Delivered,27
ORD005214,CUST00663,REST0166,PART0098,2026-06-20,18:14:47,837,49,194,692,PAY005214,Delivered,29
ORD005215,CUST02128,REST0141,PART0105,2025-10-04,01:57:58,991,43,143,891,PAY005215,Cancelled,77
ORD005216,CUST01861,REST0235,PART0149,2025-10-01,23:15:23,264,88,76,276,PAY005216,Cancelled,61
ORD005217,CUST02261,REST0097,PART0001,2026-05-07,07:15:42,291,55,0,346,PAY005217,Cancelled,74
ORD005218,CUST00973,REST0193,PART0015,2026-02-22,16:30:22,260,70,31,299,PAY005218,Delivered,31
ORD005219,CUST01733,REST0241,PART0042,2026-04-27,23:02:11,534,35,85,484,PAY005219,Delivered,68
ORD005220,CUST00767,REST0075,PART0075,2026-05-02,10:52:53,1153,45,219,979,PAY005220,Delivered,56
ORD005221,CUST01928,REST0231,PART0117,2025-11-09,05:02:12,1519,89,292,1316,PAY005221,Delivered,40
ORD005222,CUST01232,REST0100,PART0129,2026-06-04,17:15:33,1637,43,353,1327,PAY005222,Delivered,34
ORD005223,CUST02434,REST0082,PART0043,2026-04-10,02:43:34,722,75,42,755,PAY005223,Delivered,38
ORD005224,CUST02139,REST0043,PART0051,2026-04-04,01:51:01,1235,48,100,1183,PAY005224,Delivered,79
ORD005225,CUST01384,REST0015,PART0099,2025-10-07,11:36:29,511,40,55,496,PAY005225,Delivered,33
ORD005226,CUST02380,REST0150,PART0011,2026-06-25,13:59:20,1545,23,394,1174,PAY005226,Delivered,27
ORD005227,CUST01276,REST0174,PART0042,2026-03-03,15:21:31,762,29,43,748,PAY005227,Delivered,38
ORD005228,CUST01589,REST0227,PART0007,2026-05-29,20:48:08,467,52,94,425,PAY005228,Delivered,81
ORD005229,CUST00929,REST0179,PART0009,2025-11-11,01:24:39,601,93,180,514,PAY005229,Delivered,50
ORD005230,CUST00806,REST0236,PART0072,2025-12-03,09:58:51,470,98,48,520,PAY005230,Delivered,29
ORD005231,CUST00960,REST0107,PART0134,2026-01-12,08:31:57,552,63,141,474,PAY005231,Delivered,72
ORD005232,CUST00327,REST0012,PART0088,2025-08-06,08:32:03,1468,94,186,1376,PAY005232,Delivered,46
ORD005233,CUST02300,REST0247,PART0093,2026-03-24,20:00:21,1336,54,174,1216,PAY005233,Delivered,88
ORD005234,CUST01415,REST0245,PART0034,2026-03-16,09:37:52,271,85,23,333,PAY005234,Delivered,43
ORD005235,CUST00024,REST0247,PART0002,2025-10-13,11:46:36,1667,44,7,1704,PAY005235,Delivered,86
ORD005236,CUST01785,REST0156,PART0129,2026-02-21,09:11:06,1939,28,570,1397,PAY005236,Delivered,53
ORD005237,CUST01911,REST0180,PART0044,2026-06-26,23:07:04,1545,78,145,1478,PAY005237,Delivered,27
ORD005238,CUST01503,REST0195,PART0093,2026-06-24,16:48:53,1271,51,378,944,PAY005238,Delayed,20
ORD005239,CUST00559,REST0072,PART0118,2026-06-08,20:21:39,1456,68,292,1232,PAY005239,Delivered,15
ORD005240,CUST01512,REST0136,PART0027,2025-10-22,05:42:07,831,36,173,694,PAY005240,Delivered,29
ORD005241,CUST01682,REST0092,PART0078,2025-10-08,10:34:15,1977,67,363,1681,PAY005241,Cancelled,24
ORD005242,CUST01724,REST0260,PART0007,2026-01-30,17:35:00,1501,72,228,1345,PAY005242,Delayed,87
ORD005243,CUST01648,REST0155,PART0124,2025-07-25,11:44:26,251,60,72,239,PAY005243,Delivered,19
ORD005244,CUST00699,REST0148,PART0084,2025-11-13,14:17:02,560,74,68,566,PAY005244,Delivered,40
ORD005245,CUST01109,REST0116,PART0036,2025-07-21,00:59:55,198,75,20,253,PAY005245,Cancelled,67
ORD005246,CUST00851,REST0245,PART0019,2025-10-08,07:00:20,601,58,15,644,PAY005246,Delivered,59
ORD005247,CUST00491,REST0023,PART0017,2026-06-03,10:06:18,1971,54,194,1831,PAY005247,Delivered,57
ORD005248,CUST00124,REST0187,PART0062,2025-09-24,12:04:50,1242,51,333,960,PAY005248,Cancelled,24
ORD005249,CUST01130,REST0228,PART0073,2026-06-15,08:54:35,894,40,205,729,PAY005249,Delivered,71
ORD005250,CUST01796,REST0196,PART0075,2025-11-22,22:15:50,1099,27,222,904,PAY005250,Delivered,51
ORD005251,CUST00954,REST0019,PART0120,2025-10-04,09:08:18,1186,72,321,937,PAY005251,Delivered,18
ORD005252,CUST00284,REST0019,PART0028,2026-01-26,06:20:00,1223,30,20,1233,PAY005252,Cancelled,32
ORD005253,CUST01605,REST0153,PART0033,2026-04-21,20:08:19,1222,21,190,1053,PAY005253,Delayed,28
ORD005254,CUST01260,REST0011,PART0007,2025-12-14,03:32:34,1663,85,246,1502,PAY005254,Delivered,50
ORD005255,CUST00253,REST0225,PART0044,2026-04-21,20:23:31,1346,28,27,1347,PAY005255,Delivered,39
ORD005256,CUST02335,REST0089,PART0008,2025-11-20,08:59:49,1649,57,469,1237,PAY005256,Delivered,51
ORD005257,CUST01697,REST0149,PART0015,2026-01-10,01:34:59,1380,46,8,1418,PAY005257,Cancelled,48
ORD005258,CUST00165,REST0141,PART0053,2025-12-14,23:53:12,300,27,58,269,PAY005258,Delivered,24
ORD005259,CUST00039,REST0112,PART0023,2026-03-06,23:05:43,1789,64,379,1474,PAY005259,Delivered,61
ORD005260,CUST01297,REST0020,PART0100,2026-05-05,00:15:49,1201,78,281,998,PAY005260,Cancelled,68
ORD005261,CUST01095,REST0060,PART0068,2025-09-18,10:06:05,1061,65,59,1067,PAY005261,Delivered,81
ORD005262,CUST01652,REST0011,PART0146,2026-07-08,20:26:47,857,29,170,716,PAY005262,Delivered,59
ORD005263,CUST01943,REST0027,PART0040,2026-01-23,04:36:09,694,36,117,613,PAY005263,Delivered,23
ORD005264,CUST00471,REST0054,PART0086,2026-01-18,17:21:09,1744,49,397,1396,PAY005264,Delivered,30
ORD005265,CUST01929,REST0050,PART0066,2026-02-19,01:06:18,312,75,22,365,PAY005265,Delivered,41
ORD005266,CUST00459,REST0019,PART0101,2026-03-04,23:48:55,1412,44,134,1322,PAY005266,Delivered,28
ORD005267,CUST01044,REST0256,PART0048,2025-11-04,01:22:35,816,21,161,676,PAY005267,Delivered,55
ORD005268,CUST02035,REST0103,PART0128,2026-05-20,23:45:30,591,35,9,617,PAY005268,Delivered,24
ORD005269,CUST00595,REST0165,PART0009,2026-04-01,06:54:32,448,20,112,356,PAY005269,Cancelled,84
ORD005270,CUST00082,REST0281,PART0133,2026-06-14,04:57:26,1816,42,307,1551,PAY005270,Delivered,70
ORD005271,CUST02429,REST0066,PART0082,2026-07-15,10:57:22,1664,98,219,1543,PAY005271,Delivered,44
ORD005272,CUST00062,REST0299,PART0148,2025-10-20,18:09:06,984,24,50,958,PAY005272,Cancelled,45
ORD005273,CUST00242,REST0014,PART0130,2025-08-15,09:46:02,351,54,98,307,PAY005273,Cancelled,29
ORD005274,CUST00556,REST0095,PART0133,2026-03-12,14:46:46,1075,34,300,809,PAY005274,Delivered,81
ORD005275,CUST01374,REST0132,PART0039,2025-08-26,21:32:32,1906,59,78,1887,PAY005275,Cancelled,60
ORD005276,CUST00181,REST0077,PART0104,2026-06-24,17:06:45,760,62,210,612,PAY005276,Delivered,69
ORD005277,CUST00995,REST0273,PART0111,2025-07-16,08:18:55,1470,42,245,1267,PAY005277,Delivered,65
ORD005278,CUST00257,REST0043,PART0010,2026-06-12,09:21:31,1981,55,561,1475,PAY005278,Delivered,57
ORD005279,CUST01919,REST0076,PART0070,2025-07-28,08:35:47,1718,41,138,1621,PAY005279,Delivered,39
ORD005280,CUST01929,REST0255,PART0133,2026-03-13,17:52:10,1657,74,252,1479,PAY005280,Delivered,44
ORD005281,CUST00273,REST0006,PART0127,2025-08-04,16:05:13,1082,78,259,901,PAY005281,Delivered,15
ORD005282,CUST00221,REST0258,PART0058,2026-06-14,03:09:28,1565,37,128,1474,PAY005282,Delayed,60
ORD005283,CUST00398,REST0182,PART0117,2025-07-20,14:17:40,1616,48,97,1567,PAY005283,Delivered,88
ORD005284,CUST01020,REST0222,PART0099,2025-10-30,17:48:47,262,91,23,330,PAY005284,Delivered,25
ORD005285,CUST00338,REST0229,PART0039,2026-07-12,11:30:22,1466,40,8,1498,PAY005285,Delivered,90
ORD005286,CUST00576,REST0196,PART0103,2025-07-16,05:52:49,1652,34,347,1339,PAY005286,Delivered,22
ORD005287,CUST00453,REST0045,PART0006,2025-11-11,02:07:07,1918,73,433,1558,PAY005287,Delivered,85
ORD005288,CUST00111,REST0291,PART0047,2026-01-05,02:03:27,153,50,39,164,PAY005288,Delivered,76
ORD005289,CUST01688,REST0011,PART0136,2025-12-11,08:53:33,1989,81,221,1849,PAY005289,Delivered,68
ORD005290,CUST02389,REST0178,PART0012,2026-04-25,06:13:03,1968,46,223,1791,PAY005290,Delivered,65
ORD005291,CUST02021,REST0220,PART0003,2026-02-21,20:58:09,1588,71,329,1330,PAY005291,Delivered,58
ORD005292,CUST00109,REST0019,PART0087,2025-09-16,04:19:13,190,87,41,236,PAY005292,Cancelled,21
ORD005293,CUST00766,REST0185,PART0013,2025-08-23,00:03:58,596,25,106,515,PAY005293,Delayed,90
ORD005294,CUST01519,REST0221,PART0076,2025-08-06,00:48:02,1848,24,359,1513,PAY005294,Delivered,54
ORD005295,CUST01180,REST0035,PART0033,2025-12-06,04:15:51,1348,93,383,1058,PAY005295,Delayed,48
ORD005296,CUST00198,REST0191,PART0004,2025-10-07,20:36:50,1005,28,200,833,PAY005296,Delivered,38
ORD005297,CUST00174,REST0226,PART0103,2026-03-24,00:49:27,1451,94,312,1233,PAY005297,Delivered,26
ORD005298,CUST00449,REST0159,PART0138,2025-09-28,08:02:28,390,100,64,426,PAY005298,Delivered,41
ORD005299,CUST02499,REST0008,PART0061,2025-12-27,13:58:54,1160,86,134,1112,PAY005299,Delivered,32
ORD005300,CUST02309,REST0048,PART0031,2026-04-30,08:18:08,1071,76,142,1005,PAY005300,Delivered,76
ORD005301,CUST00096,REST0021,PART0072,2026-06-21,14:50:53,1048,62,190,920,PAY005301,Delivered,39
ORD005302,CUST00431,REST0171,PART0115,2025-12-08,00:44:06,844,45,188,701,PAY005302,Delivered,60
ORD005303,CUST00215,REST0276,PART0064,2025-08-14,19:05:26,1979,42,329,1692,PAY005303,Delivered,86
ORD005304,CUST00873,REST0218,PART0127,2025-11-01,23:22:56,223,45,7,261,PAY005304,Delivered,52
ORD005305,CUST01621,REST0242,PART0095,2025-12-25,09:03:11,1029,76,184,921,PAY005305,Cancelled,41
ORD005306,CUST01060,REST0253,PART0073,2026-03-27,02:01:39,1969,60,254,1775,PAY005306,Delivered,40
ORD005307,CUST02123,REST0054,PART0044,2025-07-24,22:31:26,429,83,0,512,PAY005307,Delivered,22
ORD005308,CUST00106,REST0107,PART0127,2025-11-08,18:24:45,1267,25,366,926,PAY005308,Delivered,84
ORD005309,CUST00013,REST0128,PART0037,2026-05-11,10:50:51,1903,20,118,1805,PAY005309,Delivered,15
ORD005310,CUST00397,REST0208,PART0003,2025-07-29,19:56:52,461,50,65,446,PAY005310,Delivered,18
ORD005311,CUST02131,REST0274,PART0091,2026-06-30,04:37:16,1100,64,250,914,PAY005311,Delivered,29
ORD005312,CUST00076,REST0256,PART0102,2025-08-31,20:59:10,966,30,288,708,PAY005312,Delivered,48
ORD005313,CUST01150,REST0115,PART0074,2025-11-10,13:06:11,694,96,12,778,PAY005313,Delivered,66
ORD005314,CUST00692,REST0239,PART0114,2025-09-09,07:49:07,1039,38,64,1013,PAY005314,Delivered,31
ORD005315,CUST01101,REST0020,PART0044,2025-10-26,06:34:21,364,22,43,343,PAY005315,Delivered,63
ORD005316,CUST01239,REST0212,PART0092,2026-01-09,16:39:58,1677,43,267,1453,PAY005316,Delivered,57
ORD005317,CUST01570,REST0277,PART0130,2026-07-12,11:11:32,441,31,81,391,PAY005317,Delivered,66
ORD005318,CUST00787,REST0300,PART0116,2026-07-13,06:57:03,1939,99,222,1816,PAY005318,Delivered,50
ORD005319,CUST02181,REST0022,PART0046,2026-06-25,20:36:17,539,97,16,620,PAY005319,Delivered,44
ORD005320,CUST01682,REST0044,PART0078,2026-05-23,03:31:17,752,91,112,731,PAY005320,Delivered,53
ORD005321,CUST01808,REST0119,PART0097,2026-07-06,10:09:55,608,48,171,485,PAY005321,Cancelled,19
ORD005322,CUST00913,REST0240,PART0079,2025-10-03,17:25:01,824,76,86,814,PAY005322,Delivered,71
ORD005323,CUST02166,REST0112,PART0066,2025-08-31,23:18:08,1693,47,53,1687,PAY005323,Delivered,38
ORD005324,CUST01170,REST0085,PART0125,2026-07-08,07:16:49,182,21,10,193,PAY005324,Delayed,83
ORD005325,CUST01637,REST0041,PART0082,2026-03-20,12:21:26,471,45,75,441,PAY005325,Delivered,23
ORD005326,CUST01652,REST0003,PART0134,2026-05-01,06:48:10,378,74,62,390,PAY005326,Delivered,67
ORD005327,CUST01750,REST0163,PART0130,2026-04-07,00:53:42,331,22,48,305,PAY005327,Delivered,72
ORD005328,CUST01272,REST0067,PART0095,2026-05-20,02:52:27,1537,40,361,1216,PAY005328,Delivered,68
ORD005329,CUST00896,REST0286,PART0085,2025-07-28,00:50:18,1281,36,295,1022,PAY005329,Delivered,47
ORD005330,CUST01207,REST0173,PART0005,2026-06-23,02:41:40,1436,58,369,1125,PAY005330,Delayed,44
ORD005331,CUST02159,REST0102,PART0065,2026-07-12,19:44:32,1277,71,99,1249,PAY005331,Delivered,63
ORD005332,CUST00491,REST0132,PART0076,2026-07-13,05:03:50,1384,22,267,1139,PAY005332,Delivered,82
ORD005333,CUST01355,REST0116,PART0047,2026-01-17,07:08:19,239,37,51,225,PAY005333,Cancelled,86
ORD005334,CUST01964,REST0009,PART0120,2025-09-22,01:00:27,855,45,11,889,PAY005334,Delivered,28
ORD005335,CUST02033,REST0265,PART0109,2025-07-21,19:29:17,236,57,67,226,PAY005335,Delivered,17
ORD005336,CUST00926,REST0123,PART0071,2025-08-28,23:10:36,885,27,263,649,PAY005336,Delivered,55
ORD005337,CUST00611,REST0129,PART0089,2025-08-18,16:15:28,517,97,135,479,PAY005337,Delivered,49
ORD005338,CUST02033,REST0287,PART0134,2026-04-23,17:30:06,1190,46,102,1134,PAY005338,Delivered,28
ORD005339,CUST01260,REST0075,PART0090,2025-10-15,10:18:46,1482,82,385,1179,PAY005339,Cancelled,18
ORD005340,CUST00188,REST0103,PART0092,2026-01-09,00:58:44,605,87,34,658,PAY005340,Delivered,22
ORD005341,CUST01832,REST0229,PART0086,2026-06-19,00:50:20,1057,85,219,923,PAY005341,Delivered,57
ORD005342,CUST01306,REST0248,PART0099,2026-06-25,12:00:41,220,61,24,257,PAY005342,Delayed,22
ORD005343,CUST00890,REST0200,PART0018,2026-02-26,09:42:19,953,77,106,924,PAY005343,Delivered,49
ORD005344,CUST00347,REST0183,PART0024,2026-04-12,02:54:09,668,80,71,677,PAY005344,Delivered,70
ORD005345,CUST01789,REST0213,PART0017,2026-02-17,17:33:15,456,98,80,474,PAY005345,Delivered,50
ORD005346,CUST00992,REST0214,PART0078,2025-10-30,07:35:25,1954,40,270,1724,PAY005346,Delivered,84
ORD005347,CUST00664,REST0231,PART0093,2025-10-29,02:59:50,303,76,67,312,PAY005347,Delivered,78
ORD005348,CUST00280,REST0134,PART0101,2025-07-25,00:03:23,565,27,99,493,PAY005348,Delivered,18
ORD005349,CUST02440,REST0194,PART0079,2026-04-15,05:04:40,1158,52,44,1166,PAY005349,Delivered,18
ORD005350,CUST01342,REST0212,PART0131,2026-02-19,23:28:55,275,95,19,351,PAY005350,Delivered,40
ORD005351,CUST01828,REST0267,PART0064,2026-01-18,13:09:10,1379,74,64,1389,PAY005351,Delivered,86
ORD005352,CUST01346,REST0134,PART0001,2025-08-09,19:38:24,1128,81,195,1014,PAY005352,Delivered,32
ORD005353,CUST00498,REST0145,PART0089,2026-04-26,07:15:04,759,80,195,644,PAY005353,Cancelled,29
ORD005354,CUST00524,REST0273,PART0042,2026-04-10,21:50:58,708,20,199,529,PAY005354,Cancelled,68
ORD005355,CUST01542,REST0246,PART0093,2025-09-13,18:36:12,850,43,114,779,PAY005355,Delivered,64
ORD005356,CUST01397,REST0133,PART0004,2025-10-07,22:10:11,1080,67,128,1019,PAY005356,Delivered,44
ORD005357,CUST02345,REST0127,PART0115,2025-08-10,13:06:22,1346,85,387,1044,PAY005357,Delivered,61
ORD005358,CUST01636,REST0153,PART0044,2025-12-17,15:07:24,883,62,121,824,PAY005358,Delivered,38
ORD005359,CUST01795,REST0018,PART0085,2026-04-05,13:23:22,1903,94,268,1729,PAY005359,Delivered,47
ORD005360,CUST02066,REST0103,PART0003,2025-12-09,19:38:53,1163,70,183,1050,PAY005360,Delivered,23
ORD005361,CUST02485,REST0085,PART0115,2025-07-27,20:27:45,1642,79,197,1524,PAY005361,Delivered,22
ORD005362,CUST02213,REST0170,PART0038,2025-07-30,16:09:32,1906,50,523,1433,PAY005362,Delivered,81
ORD005363,CUST00956,REST0139,PART0069,2026-01-25,10:06:51,278,65,66,277,PAY005363,Delivered,43
ORD005364,CUST01910,REST0123,PART0141,2025-12-31,04:52:04,419,94,79,434,PAY005364,Delivered,55
ORD005365,CUST01149,REST0032,PART0040,2026-06-03,18:09:29,703,42,205,540,PAY005365,Delivered,48
ORD005366,CUST01738,REST0264,PART0135,2026-01-13,02:26:43,1716,20,308,1428,PAY005366,Delayed,64
ORD005367,CUST00192,REST0277,PART0116,2025-12-23,09:51:52,1606,91,325,1372,PAY005367,Delivered,66
ORD005368,CUST01998,REST0085,PART0079,2025-09-22,05:07:24,1969,52,178,1843,PAY005368,Delayed,71
ORD005369,CUST01825,REST0282,PART0117,2025-07-21,09:28:06,362,34,44,352,PAY005369,Delivered,39
ORD005370,CUST01399,REST0209,PART0032,2026-02-25,05:35:28,1751,88,87,1752,PAY005370,Delivered,66
ORD005371,CUST01549,REST0243,PART0022,2026-06-29,18:14:30,283,82,27,338,PAY005371,Delivered,45
ORD005372,CUST00259,REST0150,PART0006,2025-08-02,08:12:57,1629,83,101,1611,PAY005372,Delayed,42
ORD005373,CUST01742,REST0213,PART0031,2026-03-28,05:50:27,1315,35,203,1147,PAY005373,Delivered,69
ORD005374,CUST02235,REST0268,PART0148,2025-08-09,17:05:23,786,70,158,698,PAY005374,Delivered,70
ORD005375,CUST00312,REST0258,PART0036,2026-05-11,02:21:35,1952,70,176,1846,PAY005375,Delivered,38
ORD005376,CUST00743,REST0065,PART0066,2026-06-21,14:12:24,1101,92,322,871,PAY005376,Delivered,78
ORD005377,CUST01803,REST0022,PART0117,2025-11-02,07:15:04,1485,90,216,1359,PAY005377,Cancelled,28
ORD005378,CUST02338,REST0184,PART0118,2026-04-17,22:33:20,338,54,66,326,PAY005378,Delivered,33
ORD005379,CUST00707,REST0099,PART0081,2025-11-02,14:12:05,1084,88,189,983,PAY005379,Delivered,34
ORD005380,CUST00775,REST0150,PART0018,2026-04-21,10:09:13,1179,27,13,1193,PAY005380,Delivered,43
ORD005381,CUST01104,REST0066,PART0074,2026-01-18,07:59:27,639,52,87,604,PAY005381,Delivered,76
ORD005382,CUST02122,REST0096,PART0047,2025-10-02,23:04:48,284,64,40,308,PAY005382,Delivered,23
ORD005383,CUST00346,REST0228,PART0024,2026-05-23,16:25:26,381,92,42,431,PAY005383,Delivered,15
ORD005384,CUST01869,REST0242,PART0110,2025-10-28,01:03:48,1835,23,445,1413,PAY005384,Delayed,40
ORD005385,CUST01220,REST0161,PART0063,2025-07-25,17:20:11,579,32,100,511,PAY005385,Delivered,85
ORD005386,CUST00661,REST0179,PART0083,2026-04-02,22:13:33,545,71,75,541,PAY005386,Delivered,16
ORD005387,CUST00717,REST0046,PART0009,2025-10-29,20:39:56,888,51,124,815,PAY005387,Delivered,27
ORD005388,CUST01653,REST0231,PART0084,2026-06-19,21:20:32,840,58,178,720,PAY005388,Delivered,23
ORD005389,CUST02480,REST0184,PART0147,2025-09-27,06:43:46,1336,95,342,1089,PAY005389,Delivered,72
ORD005390,CUST01967,REST0001,PART0093,2025-10-15,10:27:32,236,49,12,273,PAY005390,Delivered,69
ORD005391,CUST02261,REST0101,PART0048,2026-04-10,02:01:50,1497,36,189,1344,PAY005391,Delivered,20
ORD005392,CUST01351,REST0157,PART0095,2026-01-06,05:21:11,1991,54,221,1824,PAY005392,Delivered,64
ORD005393,CUST02091,REST0264,PART0059,2026-05-26,22:50:16,1758,70,482,1346,PAY005393,Delayed,70
ORD005394,CUST01231,REST0160,PART0080,2025-07-16,23:57:14,1037,50,214,873,PAY005394,Delivered,89
ORD005395,CUST01654,REST0100,PART0034,2026-03-25,17:55:46,1944,34,31,1947,PAY005395,Delivered,67
ORD005396,CUST00112,REST0194,PART0006,2025-08-02,09:02:56,1709,44,142,1611,PAY005396,Delivered,50
ORD005397,CUST00602,REST0072,PART0020,2026-06-20,11:35:48,1926,94,301,1719,PAY005397,Delivered,26
ORD005398,CUST01831,REST0135,PART0055,2026-02-19,23:18:28,1848,42,272,1618,PAY005398,Delivered,58
ORD005399,CUST02218,REST0087,PART0016,2026-06-05,16:12:51,1032,97,247,882,PAY005399,Delivered,88
ORD005400,CUST01967,REST0069,PART0031,2026-06-14,01:35:39,1661,46,257,1450,PAY005400,Cancelled,27
ORD005401,CUST02426,REST0259,PART0050,2026-01-01,07:29:48,591,85,38,638,PAY005401,Delivered,90
ORD005402,CUST01512,REST0002,PART0095,2026-02-18,07:31:52,1952,25,107,1870,PAY005402,Delivered,59
ORD005403,CUST01781,REST0287,PART0016,2026-04-15,05:43:56,1153,74,40,1187,PAY005403,Delayed,64
ORD005404,CUST01272,REST0016,PART0002,2026-01-21,23:11:57,220,50,4,266,PAY005404,Delivered,56
ORD005405,CUST00070,REST0041,PART0052,2026-05-19,19:25:45,1932,73,533,1472,PAY005405,Delivered,30
ORD005406,CUST00004,REST0184,PART0127,2025-10-14,03:43:22,582,50,106,526,PAY005406,Delivered,48
ORD005407,CUST00491,REST0177,PART0069,2026-04-20,03:22:53,530,33,27,536,PAY005407,Delivered,88
ORD005408,CUST00533,REST0296,PART0021,2026-06-10,17:58:49,1418,100,378,1140,PAY005408,Delivered,75
ORD005409,CUST01553,REST0025,PART0018,2026-04-30,14:38:08,1656,33,305,1384,PAY005409,Delivered,45
ORD005410,CUST01706,REST0163,PART0146,2025-08-03,14:36:32,749,28,125,652,PAY005410,Cancelled,31
ORD005411,CUST00836,REST0204,PART0007,2025-11-04,12:19:29,1325,58,277,1106,PAY005411,Delivered,87
ORD005412,CUST02130,REST0007,PART0028,2025-12-04,14:50:31,1972,29,430,1571,PAY005412,Cancelled,25
ORD005413,CUST01577,REST0150,PART0054,2025-08-19,13:53:19,1669,73,9,1733,PAY005413,Delayed,53
ORD005414,CUST01093,REST0253,PART0054,2026-03-05,12:00:48,1443,45,335,1153,PAY005414,Delivered,31
ORD005415,CUST00137,REST0060,PART0096,2025-12-05,21:14:58,156,94,26,224,PAY005415,Delivered,40
ORD005416,CUST01470,REST0113,PART0046,2026-01-09,10:25:11,562,100,7,655,PAY005416,Delayed,59
ORD005417,CUST01263,REST0288,PART0140,2026-05-30,23:24:09,1675,42,474,1243,PAY005417,Delayed,86
ORD005418,CUST02030,REST0023,PART0068,2026-01-15,17:34:47,185,58,38,205,PAY005418,Delayed,67
ORD005419,CUST01460,REST0050,PART0104,2026-02-12,17:44:44,1279,62,165,1176,PAY005419,Delayed,87
ORD005420,CUST01364,REST0231,PART0075,2025-09-17,21:24:05,483,56,8,531,PAY005420,Delivered,27
ORD005421,CUST01514,REST0102,PART0146,2025-12-08,04:53:48,1461,92,104,1449,PAY005421,Delivered,27
ORD005422,CUST02373,REST0038,PART0102,2026-03-29,00:24:04,630,85,164,551,PAY005422,Delivered,66
ORD005423,CUST00636,REST0038,PART0130,2026-07-01,11:22:18,1052,23,184,891,PAY005423,Delivered,57
ORD005424,CUST00176,REST0134,PART0049,2025-12-07,10:18:01,1891,68,543,1416,PAY005424,Delayed,48
ORD005425,CUST02109,REST0272,PART0037,2026-04-24,06:27:12,1358,21,16,1363,PAY005425,Delivered,56
ORD005426,CUST02106,REST0103,PART0140,2026-02-15,05:42:30,1846,61,495,1412,PAY005426,Delivered,20
ORD005427,CUST01853,REST0242,PART0053,2026-02-11,06:06:21,1129,23,109,1043,PAY005427,Delivered,25
ORD005428,CUST02274,REST0210,PART0146,2025-09-10,19:46:27,255,67,70,252,PAY005428,Delivered,54
ORD005429,CUST01872,REST0130,PART0134,2025-11-17,19:02:14,876,46,31,891,PAY005429,Delivered,73
ORD005430,CUST00092,REST0179,PART0031,2026-04-27,18:18:20,309,44,32,321,PAY005430,Delivered,50
ORD005431,CUST00295,REST0284,PART0026,2026-03-21,12:37:55,804,27,190,641,PAY005431,Delivered,46
ORD005432,CUST00010,REST0020,PART0071,2025-11-27,22:05:16,303,83,4,382,PAY005432,Delivered,80
ORD005433,CUST00554,REST0099,PART0065,2025-12-21,07:19:20,773,33,185,621,PAY005433,Delivered,79
ORD005434,CUST01333,REST0085,PART0082,2025-09-21,19:14:31,167,94,18,243,PAY005434,Delivered,56
ORD005435,CUST00599,REST0166,PART0093,2026-02-26,13:45:28,1583,93,197,1479,PAY005435,Delayed,70
ORD005436,CUST00637,REST0289,PART0139,2025-12-19,06:38:43,706,54,25,735,PAY005436,Delivered,72
ORD005437,CUST00782,REST0067,PART0032,2025-12-07,18:06:27,278,27,78,227,PAY005437,Delivered,57
ORD005438,CUST02033,REST0221,PART0029,2026-01-13,19:03:36,1355,52,55,1352,PAY005438,Delivered,29
ORD005439,CUST00960,REST0081,PART0065,2025-11-28,04:08:26,1962,59,527,1494,PAY005439,Delivered,19
ORD005440,CUST01685,REST0040,PART0034,2026-05-10,05:40:12,981,63,69,975,PAY005440,Delivered,30
ORD005441,CUST02115,REST0046,PART0016,2025-11-06,19:37:09,1824,72,305,1591,PAY005441,Delivered,15
ORD005442,CUST00899,REST0012,PART0032,2025-09-11,13:49:58,281,41,26,296,PAY005442,Delivered,68
ORD005443,CUST01511,REST0200,PART0119,2026-05-28,10:56:31,1337,68,172,1233,PAY005443,Cancelled,46
ORD005444,CUST02069,REST0158,PART0026,2026-04-03,11:25:06,1273,44,198,1119,PAY005444,Cancelled,52
ORD005445,CUST00718,REST0259,PART0006,2026-05-04,03:45:49,726,70,43,753,PAY005445,Delayed,77
ORD005446,CUST00229,REST0161,PART0052,2026-06-26,15:52:18,1506,97,329,1274,PAY005446,Delivered,80
ORD005447,CUST01505,REST0004,PART0070,2026-01-24,06:57:55,1744,21,350,1415,PAY005447,Cancelled,35
ORD005448,CUST00625,REST0170,PART0115,2026-04-04,15:52:19,1262,49,203,1108,PAY005448,Delivered,77
ORD005449,CUST02056,REST0252,PART0048,2026-02-11,20:06:05,325,23,89,259,PAY005449,Delivered,74
ORD005450,CUST01527,REST0299,PART0021,2025-12-21,15:00:13,400,26,106,320,PAY005450,Delayed,59
ORD005451,CUST00345,REST0192,PART0087,2025-12-03,04:18:00,1930,93,521,1502,PAY005451,Delivered,58
ORD005452,CUST01464,REST0189,PART0043,2025-12-30,21:37:59,1280,59,303,1036,PAY005452,Delivered,69
ORD005453,CUST00576,REST0071,PART0025,2025-08-18,19:31:22,655,100,81,674,PAY005453,Delivered,76
ORD005454,CUST00580,REST0136,PART0135,2026-03-07,02:15:15,412,90,39,463,PAY005454,Delivered,76
ORD005455,CUST00664,REST0012,PART0040,2025-10-22,13:47:23,1310,88,30,1368,PAY005455,Delivered,24
ORD005456,CUST00436,REST0125,PART0068,2026-06-24,20:28:04,502,69,80,491,PAY005456,Cancelled,33
ORD005457,CUST02113,REST0057,PART0063,2025-09-07,16:42:13,1430,62,251,1241,PAY005457,Cancelled,28
ORD005458,CUST01528,REST0117,PART0016,2025-11-22,11:45:02,1710,68,140,1638,PAY005458,Delivered,42
ORD005459,CUST00268,REST0113,PART0005,2026-07-10,08:47:54,1959,37,287,1709,PAY005459,Delayed,16
ORD005460,CUST01154,REST0218,PART0078,2025-12-02,12:49:35,381,46,8,419,PAY005460,Cancelled,54
ORD005461,CUST01959,REST0258,PART0008,2026-03-23,21:57:13,727,51,119,659,PAY005461,Cancelled,62
ORD005462,CUST01943,REST0013,PART0033,2026-01-13,10:24:04,432,37,122,347,PAY005462,Delivered,69
ORD005463,CUST01911,REST0205,PART0122,2026-01-07,07:15:40,1666,59,288,1437,PAY005463,Delivered,89
ORD005464,CUST01651,REST0224,PART0079,2026-05-04,22:48:57,1071,43,179,935,PAY005464,Delivered,24
ORD005465,CUST01835,REST0223,PART0075,2026-02-10,15:36:36,583,64,3,644,PAY005465,Delivered,63
ORD005466,CUST00779,REST0112,PART0145,2026-06-15,22:20:59,493,77,103,467,PAY005466,Delivered,67
ORD005467,CUST00464,REST0055,PART0073,2026-04-06,10:59:55,203,25,28,200,PAY005467,Delivered,78
ORD005468,CUST00525,REST0024,PART0025,2025-09-18,00:57:23,247,65,23,289,PAY005468,Delivered,23
ORD005469,CUST01155,REST0073,PART0033,2026-06-26,18:46:41,1961,81,8,2034,PAY005469,Delivered,62
ORD005470,CUST00567,REST0108,PART0142,2025-08-01,20:18:15,1634,48,120,1562,PAY005470,Delivered,25
ORD005471,CUST01665,REST0039,PART0111,2025-11-26,15:00:46,625,47,28,644,PAY005471,Delivered,66
ORD005472,CUST01260,REST0212,PART0150,2026-01-28,21:20:34,1951,80,314,1717,PAY005472,Delivered,77
ORD005473,CUST02473,REST0270,PART0149,2026-07-07,20:57:21,1148,34,57,1125,PAY005473,Delivered,57
ORD005474,CUST01516,REST0253,PART0140,2026-06-15,02:53:03,1771,34,120,1685,PAY005474,Cancelled,73
ORD005475,CUST02027,REST0061,PART0083,2026-03-15,23:47:58,1343,27,100,1270,PAY005475,Delivered,62
ORD005476,CUST01648,REST0155,PART0034,2025-09-10,13:45:37,970,21,93,898,PAY005476,Delivered,41
ORD005477,CUST01389,REST0261,PART0138,2026-03-05,18:56:34,1931,42,309,1664,PAY005477,Delivered,51
ORD005478,CUST00846,REST0229,PART0018,2025-11-25,22:11:58,1667,94,435,1326,PAY005478,Delivered,50
ORD005479,CUST01419,REST0014,PART0133,2026-02-11,00:55:25,1474,90,254,1310,PAY005479,Delivered,17
ORD005480,CUST00269,REST0035,PART0128,2026-03-18,22:57:34,1473,78,321,1230,PAY005480,Delivered,82
ORD005481,CUST00202,REST0031,PART0040,2026-06-04,08:42:57,1444,59,142,1361,PAY005481,Delivered,77
ORD005482,CUST00697,REST0142,PART0079,2026-05-01,11:46:27,1734,85,261,1558,PAY005482,Delivered,44
ORD005483,CUST01597,REST0220,PART0014,2025-09-16,03:46:05,1394,46,207,1233,PAY005483,Delivered,51
ORD005484,CUST00479,REST0062,PART0138,2026-06-11,18:35:56,1253,70,234,1089,PAY005484,Delayed,82
ORD005485,CUST00692,REST0251,PART0113,2026-05-22,10:32:48,983,28,269,742,PAY005485,Delivered,43
ORD005486,CUST01181,REST0214,PART0113,2026-02-24,00:59:40,1836,77,474,1439,PAY005486,Delivered,81
ORD005487,CUST00963,REST0125,PART0027,2025-09-08,10:13:28,917,36,236,717,PAY005487,Delivered,81
ORD005488,CUST02030,REST0168,PART0073,2026-05-29,05:52:11,364,60,53,371,PAY005488,Cancelled,30
ORD005489,CUST01442,REST0176,PART0113,2026-05-19,22:21:22,717,100,196,621,PAY005489,Delayed,73
ORD005490,CUST00250,REST0244,PART0114,2025-10-04,04:06:22,1632,78,307,1403,PAY005490,Delivered,22
ORD005491,CUST00863,REST0014,PART0006,2026-06-01,12:25:04,1442,67,172,1337,PAY005491,Delivered,24
ORD005492,CUST00428,REST0078,PART0121,2026-04-11,11:01:20,551,33,67,517,PAY005492,Delayed,37
ORD005493,CUST00752,REST0295,PART0142,2025-12-17,04:02:36,1353,42,55,1340,PAY005493,Delayed,60
ORD005494,CUST00215,REST0188,PART0094,2025-08-16,23:41:44,1067,36,132,971,PAY005494,Delayed,58
ORD005495,CUST01922,REST0148,PART0137,2026-06-01,00:50:25,818,33,127,724,PAY005495,Delivered,60
ORD005496,CUST01653,REST0158,PART0040,2025-12-25,22:55:54,806,39,236,609,PAY005496,Delivered,49
ORD005497,CUST02070,REST0070,PART0040,2026-06-23,06:43:31,1046,59,79,1026,PAY005497,Delivered,18
ORD005498,CUST00299,REST0002,PART0108,2025-08-28,16:35:19,410,26,35,401,PAY005498,Delivered,52
ORD005499,CUST00664,REST0193,PART0088,2026-01-26,23:01:34,981,25,234,772,PAY005499,Delayed,35
ORD005500,CUST02104,REST0237,PART0108,2026-02-12,12:12:32,1847,33,285,1595,PAY005500,Delivered,21
ORD005501,CUST01799,REST0088,PART0096,2025-08-01,13:03:33,992,77,118,951,PAY005501,Delivered,19
ORD005502,CUST00481,REST0294,PART0088,2026-02-03,00:31:28,1324,50,82,1292,PAY005502,Delivered,64
ORD005503,CUST01534,REST0001,PART0109,2025-08-25,13:25:14,549,42,15,576,PAY005503,Cancelled,59
ORD005504,CUST00465,REST0172,PART0139,2026-02-24,17:30:38,1980,92,397,1675,PAY005504,Cancelled,81
ORD005505,CUST00891,REST0204,PART0065,2025-07-17,19:27:07,1521,64,64,1521,PAY005505,Delivered,89
ORD005506,CUST00137,REST0088,PART0009,2025-10-23,03:55:40,297,33,3,327,PAY005506,Delivered,83
ORD005507,CUST00140,REST0153,PART0015,2026-07-14,04:00:44,918,82,206,794,PAY005507,Delivered,67
ORD005508,CUST01486,REST0062,PART0120,2026-02-15,00:20:39,651,43,24,670,PAY005508,Delivered,55
ORD005509,CUST02418,REST0092,PART0148,2026-03-31,08:39:25,1383,68,242,1209,PAY005509,Delivered,67
ORD005510,CUST01449,REST0120,PART0021,2025-09-18,04:55:29,840,86,110,816,PAY005510,Delivered,49
ORD005511,CUST00135,REST0254,PART0012,2026-04-29,12:24:02,703,42,45,700,PAY005511,Cancelled,51
ORD005512,CUST01874,REST0087,PART0043,2025-10-12,07:33:23,1767,25,466,1326,PAY005512,Delivered,33
ORD005513,CUST02448,REST0171,PART0130,2026-04-07,21:14:01,1105,52,316,841,PAY005513,Delivered,87
ORD005514,CUST01201,REST0085,PART0139,2026-04-17,21:10:08,1652,71,249,1474,PAY005514,Delivered,65
ORD005515,CUST01930,REST0272,PART0116,2026-05-18,03:54:50,318,82,50,350,PAY005515,Delivered,42
ORD005516,CUST00484,REST0054,PART0017,2025-11-23,07:17:01,1712,86,58,1740,PAY005516,Delivered,41
ORD005517,CUST02378,REST0078,PART0054,2026-01-22,05:16:47,1487,64,88,1463,PAY005517,Delivered,82
ORD005518,CUST00862,REST0239,PART0127,2025-08-30,15:34:40,895,41,75,861,PAY005518,Delivered,57
ORD005519,CUST02148,REST0016,PART0102,2025-11-19,15:33:12,702,56,203,555,PAY005519,Delivered,45
ORD005520,CUST02497,REST0205,PART0141,2026-04-26,11:10:19,690,55,140,605,PAY005520,Delivered,47
ORD005521,CUST00694,REST0215,PART0027,2026-06-06,02:14:45,220,55,14,261,PAY005521,Delivered,65
ORD005522,CUST00532,REST0240,PART0150,2026-05-21,17:33:33,815,100,79,836,PAY005522,Delivered,46
ORD005523,CUST01921,REST0029,PART0034,2025-12-08,05:24:22,1498,95,292,1301,PAY005523,Delivered,30
ORD005524,CUST01580,REST0018,PART0080,2026-02-14,05:43:22,1522,68,39,1551,PAY005524,Delivered,75
ORD005525,CUST01751,REST0188,PART0068,2026-07-15,02:35:40,299,26,19,306,PAY005525,Delivered,52
ORD005526,CUST01087,REST0102,PART0126,2025-12-16,15:05:26,1352,25,387,990,PAY005526,Delivered,74
ORD005527,CUST01878,REST0017,PART0085,2026-02-04,09:37:59,491,99,106,484,PAY005527,Delivered,16
ORD005528,CUST00690,REST0122,PART0116,2026-03-28,08:28:05,808,72,199,681,PAY005528,Delivered,38
ORD005529,CUST01628,REST0005,PART0076,2026-05-30,10:47:20,963,54,166,851,PAY005529,Delivered,83
ORD005530,CUST02397,REST0017,PART0104,2025-12-15,18:57:02,1936,31,87,1880,PAY005530,Cancelled,55
ORD005531,CUST01988,REST0037,PART0030,2025-10-09,07:41:08,510,43,103,450,PAY005531,Delivered,24
ORD005532,CUST00737,REST0178,PART0044,2026-02-25,08:00:10,1191,63,58,1196,PAY005532,Delivered,73
ORD005533,CUST01661,REST0150,PART0036,2025-11-29,14:36:04,1781,94,79,1796,PAY005533,Delivered,33
ORD005534,CUST01427,REST0127,PART0140,2026-05-03,10:40:47,1952,97,145,1904,PAY005534,Delivered,47
ORD005535,CUST01960,REST0200,PART0023,2025-12-21,16:36:47,1280,76,169,1187,PAY005535,Delivered,77
ORD005536,CUST00655,REST0133,PART0094,2026-04-09,08:33:40,916,82,82,916,PAY005536,Delivered,81
ORD005537,CUST01774,REST0008,PART0128,2026-05-04,02:53:24,1916,50,446,1520,PAY005537,Delivered,89
ORD005538,CUST01158,REST0025,PART0132,2025-08-26,13:45:36,592,50,169,473,PAY005538,Delivered,40
ORD005539,CUST01608,REST0058,PART0091,2025-10-11,22:32:18,1116,85,111,1090,PAY005539,Delivered,88
ORD005540,CUST02140,REST0208,PART0098,2026-03-21,23:23:56,1894,69,424,1539,PAY005540,Delivered,81
ORD005541,CUST02412,REST0190,PART0107,2026-03-23,07:23:45,1260,22,246,1036,PAY005541,Delivered,57
ORD005542,CUST00764,REST0074,PART0125,2026-01-08,10:09:16,254,23,6,271,PAY005542,Delivered,61
ORD005543,CUST01676,REST0009,PART0072,2025-09-14,17:01:55,1411,45,354,1102,PAY005543,Cancelled,75
ORD005544,CUST00962,REST0114,PART0116,2026-06-05,06:29:27,468,91,9,550,PAY005544,Delivered,26
ORD005545,CUST01935,REST0148,PART0116,2026-04-11,17:48:28,440,34,55,419,PAY005545,Delivered,37
ORD005546,CUST02371,REST0090,PART0037,2026-06-28,21:58:51,1845,92,233,1704,PAY005546,Delivered,67
ORD005547,CUST01343,REST0134,PART0041,2026-05-04,19:13:59,1424,55,292,1187,PAY005547,Delivered,78
ORD005548,CUST01010,REST0127,PART0102,2025-09-27,09:09:55,1668,36,312,1392,PAY005548,Delivered,88
ORD005549,CUST00122,REST0242,PART0045,2026-04-20,09:16:38,588,38,79,547,PAY005549,Delivered,80
ORD005550,CUST02058,REST0054,PART0107,2025-07-16,11:20:53,1751,98,353,1496,PAY005550,Delivered,24
ORD005551,CUST02074,REST0016,PART0137,2026-06-28,02:51:57,202,95,51,246,PAY005551,Delivered,86
ORD005552,CUST00852,REST0119,PART0101,2026-05-20,10:37:26,688,22,159,551,PAY005552,Delivered,37
ORD005553,CUST01349,REST0066,PART0048,2026-01-28,04:10:33,450,54,77,427,PAY005553,Cancelled,76
ORD005554,CUST02002,REST0120,PART0035,2026-05-22,21:43:42,680,37,99,618,PAY005554,Delivered,76
ORD005555,CUST01292,REST0179,PART0061,2025-08-27,02:34:07,529,38,26,541,PAY005555,Delivered,33
ORD005556,CUST02370,REST0097,PART0048,2026-01-24,13:25:03,252,32,50,234,PAY005556,Cancelled,87
ORD005557,CUST01617,REST0174,PART0018,2025-09-10,07:16:59,890,32,43,879,PAY005557,Delivered,69
ORD005558,CUST01214,REST0167,PART0028,2026-07-06,22:04:26,1269,71,88,1252,PAY005558,Delayed,43
ORD005559,CUST00020,REST0175,PART0119,2025-08-13,06:48:24,1340,74,218,1196,PAY005559,Delayed,56
ORD005560,CUST01619,REST0157,PART0123,2026-04-12,03:04:40,1463,93,207,1349,PAY005560,Delivered,23
ORD005561,CUST00552,REST0002,PART0117,2025-11-12,07:06:01,1198,30,108,1120,PAY005561,Delivered,34
ORD005562,CUST02388,REST0045,PART0138,2025-10-18,03:50:31,1659,93,60,1692,PAY005562,Delivered,48
ORD005563,CUST00223,REST0211,PART0056,2026-05-05,18:21:49,825,66,220,671,PAY005563,Delivered,70
ORD005564,CUST00260,REST0194,PART0118,2025-12-20,23:06:12,1573,85,174,1484,PAY005564,Delivered,68
ORD005565,CUST02446,REST0195,PART0106,2025-11-10,20:37:45,877,99,38,938,PAY005565,Cancelled,89
ORD005566,CUST00809,REST0194,PART0071,2026-06-01,17:30:40,275,43,17,301,PAY005566,Delivered,54
ORD005567,CUST01424,REST0054,PART0075,2025-10-05,12:05:15,1602,93,406,1289,PAY005567,Delivered,45
ORD005568,CUST01102,REST0101,PART0065,2026-02-11,17:17:21,1515,20,377,1158,PAY005568,Delivered,34
ORD005569,CUST00637,REST0221,PART0051,2026-03-21,02:42:00,1393,33,214,1212,PAY005569,Delivered,30
ORD005570,CUST01120,REST0076,PART0047,2025-08-22,18:03:00,1108,80,139,1049,PAY005570,Delivered,33
ORD005571,CUST00538,REST0056,PART0123,2026-05-28,13:25:46,1906,43,308,1641,PAY005571,Delivered,39
ORD005572,CUST00953,REST0132,PART0114,2025-09-28,10:06:08,339,93,3,429,PAY005572,Delivered,41
ORD005573,CUST00129,REST0091,PART0094,2025-07-25,08:52:48,1079,61,51,1089,PAY005573,Delayed,84
ORD005574,CUST00061,REST0260,PART0053,2025-07-22,12:58:23,1642,91,167,1566,PAY005574,Delivered,45
ORD005575,CUST01223,REST0161,PART0054,2025-07-28,07:38:28,1120,32,12,1140,PAY005575,Cancelled,56
ORD005576,CUST00827,REST0151,PART0058,2025-11-08,02:41:57,800,74,187,687,PAY005576,Delivered,23
ORD005577,CUST00265,REST0195,PART0059,2025-09-01,06:17:51,309,97,86,320,PAY005577,Delivered,40
ORD005578,CUST00349,REST0184,PART0067,2025-10-04,15:59:11,684,77,160,601,PAY005578,Delivered,42
ORD005579,CUST01326,REST0155,PART0028,2025-09-26,08:46:22,1458,84,85,1457,PAY005579,Delivered,77
ORD005580,CUST00603,REST0017,PART0102,2026-06-02,16:06:38,1265,93,72,1286,PAY005580,Delayed,84
ORD005581,CUST01044,REST0175,PART0142,2026-05-13,15:16:06,1316,95,371,1040,PAY005581,Delivered,20
ORD005582,CUST01888,REST0061,PART0143,2026-04-06,12:20:21,1199,58,177,1080,PAY005582,Delivered,68
ORD005583,CUST02311,REST0264,PART0022,2025-08-12,22:41:35,1556,32,387,1201,PAY005583,Delivered,69
ORD005584,CUST00438,REST0155,PART0083,2025-08-11,06:28:51,906,57,100,863,PAY005584,Delayed,46
ORD005585,CUST00889,REST0265,PART0112,2025-10-22,15:58:01,843,32,51,824,PAY005585,Cancelled,29
ORD005586,CUST00335,REST0221,PART0026,2026-01-08,00:19:25,1104,57,197,964,PAY005586,Delivered,69
ORD005587,CUST00928,REST0232,PART0006,2025-08-31,10:30:49,802,54,61,795,PAY005587,Delivered,76
ORD005588,CUST00521,REST0256,PART0067,2025-12-27,02:20:53,933,80,40,973,PAY005588,Delivered,76
ORD005589,CUST00981,REST0040,PART0045,2025-12-02,02:03:59,1005,97,191,911,PAY005589,Delivered,28
ORD005590,CUST00002,REST0199,PART0116,2026-03-30,04:12:41,1766,87,309,1544,PAY005590,Delayed,32
ORD005591,CUST00216,REST0140,PART0023,2025-12-19,18:01:54,1022,77,72,1027,PAY005591,Delivered,85
ORD005592,CUST00267,REST0055,PART0097,2025-07-20,08:17:49,497,98,50,545,PAY005592,Delivered,71
ORD005593,CUST01285,REST0286,PART0099,2026-04-13,05:55:54,1963,100,463,1600,PAY005593,Cancelled,48
ORD005594,CUST00590,REST0187,PART0089,2026-03-05,07:27:46,179,34,38,175,PAY005594,Delivered,46
ORD005595,CUST00005,REST0134,PART0101,2025-11-09,20:00:10,1077,62,167,972,PAY005595,Delivered,28
ORD005596,CUST00959,REST0278,PART0070,2025-11-26,12:21:51,379,57,90,346,PAY005596,Cancelled,21
ORD005597,CUST01551,REST0245,PART0087,2025-12-13,19:51:31,1937,79,128,1888,PAY005597,Cancelled,51
ORD005598,CUST02384,REST0151,PART0023,2025-12-08,20:15:42,1006,95,29,1072,PAY005598,Delayed,48
ORD005599,CUST01607,REST0101,PART0105,2025-10-05,04:40:18,878,27,180,725,PAY005599,Delayed,22
ORD005600,CUST01320,REST0083,PART0130,2025-11-11,05:17:18,1193,62,330,925,PAY005600,Cancelled,81
ORD005601,CUST01752,REST0249,PART0132,2025-12-29,15:55:26,387,46,19,414,PAY005601,Delivered,42
ORD005602,CUST01495,REST0297,PART0028,2026-03-13,17:41:33,565,65,137,493,PAY005602,Delayed,74
ORD005603,CUST01483,REST0263,PART0101,2026-03-02,06:06:30,988,51,262,777,PAY005603,Delivered,88
ORD005604,CUST00929,REST0250,PART0105,2026-07-08,08:40:19,440,62,69,433,PAY005604,Delivered,40
ORD005605,CUST02038,REST0050,PART0020,2026-01-18,01:10:16,979,42,257,764,PAY005605,Delivered,74
ORD005606,CUST00870,REST0176,PART0086,2026-03-19,22:28:03,1804,75,379,1500,PAY005606,Delivered,59
ORD005607,CUST00196,REST0218,PART0146,2026-03-12,00:10:22,1390,54,189,1255,PAY005607,Delivered,81
ORD005608,CUST00527,REST0135,PART0138,2026-03-03,16:05:09,839,84,199,724,PAY005608,Delivered,67
ORD005609,CUST00617,REST0267,PART0086,2025-08-01,12:05:38,1751,27,472,1306,PAY005609,Delivered,56
ORD005610,CUST00838,REST0154,PART0057,2026-04-05,23:37:30,398,77,74,401,PAY005610,Delivered,25
ORD005611,CUST01079,REST0082,PART0019,2026-01-23,01:21:06,1987,92,121,1958,PAY005611,Delivered,60
ORD005612,CUST01645,REST0237,PART0100,2025-07-28,11:33:40,784,24,148,660,PAY005612,Delivered,33
ORD005613,CUST02026,REST0134,PART0009,2026-01-26,10:04:54,442,90,92,440,PAY005613,Delivered,54
ORD005614,CUST01987,REST0239,PART0006,2025-11-17,08:58:36,1743,67,162,1648,PAY005614,Delivered,40
ORD005615,CUST01558,REST0119,PART0013,2025-11-29,17:58:51,665,79,110,634,PAY005615,Delayed,72
ORD005616,CUST01313,REST0040,PART0001,2025-07-28,07:06:31,1318,97,250,1165,PAY005616,Delivered,89
ORD005617,CUST01159,REST0012,PART0125,2025-10-23,13:51:16,959,65,50,974,PAY005617,Delivered,36
ORD005618,CUST01486,REST0022,PART0070,2026-04-14,08:09:03,724,72,26,770,PAY005618,Delivered,30
ORD005619,CUST00627,REST0289,PART0039,2026-01-16,04:02:25,1172,26,262,936,PAY005619,Delivered,32
ORD005620,CUST00361,REST0108,PART0008,2026-06-15,16:31:24,1353,38,162,1229,PAY005620,Delivered,15
ORD005621,CUST00263,REST0048,PART0078,2026-05-22,02:07:21,1348,65,22,1391,PAY005621,Delivered,71
ORD005622,CUST02344,REST0029,PART0089,2025-12-12,06:39:01,1999,77,180,1896,PAY005622,Cancelled,62
ORD005623,CUST00770,REST0015,PART0065,2026-05-04,15:29:45,642,81,129,594,PAY005623,Delayed,78
ORD005624,CUST01544,REST0279,PART0073,2026-02-10,13:47:50,1133,57,160,1030,PAY005624,Delivered,51
ORD005625,CUST00802,REST0108,PART0063,2026-05-11,04:43:49,1838,68,237,1669,PAY005625,Delivered,86
ORD005626,CUST01404,REST0034,PART0147,2025-08-23,07:16:54,1976,59,424,1611,PAY005626,Delivered,20
ORD005627,CUST00819,REST0028,PART0144,2025-12-27,09:39:25,1610,57,287,1380,PAY005627,Delivered,32
ORD005628,CUST00482,REST0217,PART0013,2026-04-09,15:55:35,332,46,5,373,PAY005628,Delivered,66
ORD005629,CUST02383,REST0022,PART0052,2026-03-01,06:11:27,1504,53,411,1146,PAY005629,Delivered,61
ORD005630,CUST01988,REST0248,PART0050,2026-03-14,02:46:14,647,57,30,674,PAY005630,Delivered,41
ORD005631,CUST00174,REST0233,PART0029,2026-06-23,05:54:43,1621,49,478,1192,PAY005631,Delayed,85
ORD005632,CUST00654,REST0048,PART0099,2025-11-29,13:51:39,1853,32,544,1341,PAY005632,Delayed,17
ORD005633,CUST00676,REST0113,PART0018,2026-04-08,05:02:22,1512,44,291,1265,PAY005633,Delivered,82
ORD005634,CUST00348,REST0014,PART0140,2026-01-22,15:47:52,1094,86,58,1122,PAY005634,Delivered,22
ORD005635,CUST02282,REST0124,PART0103,2025-07-26,20:30:30,1931,50,554,1427,PAY005635,Delivered,88
ORD005636,CUST01458,REST0231,PART0082,2025-12-10,19:20:37,162,37,42,157,PAY005636,Delivered,45
ORD005637,CUST00262,REST0036,PART0049,2025-07-31,06:14:13,1016,59,138,937,PAY005637,Delivered,59
ORD005638,CUST02144,REST0201,PART0064,2026-01-21,13:08:25,1748,77,189,1636,PAY005638,Delivered,90
ORD005639,CUST01255,REST0009,PART0041,2026-05-07,00:38:44,1586,70,83,1573,PAY005639,Delivered,44
ORD005640,CUST00590,REST0030,PART0058,2026-07-03,01:09:46,1588,53,318,1323,PAY005640,Delivered,24
ORD005641,CUST00309,REST0134,PART0083,2025-08-18,23:05:36,1447,64,318,1193,PAY005641,Delivered,16
ORD005642,CUST00784,REST0187,PART0123,2026-01-16,15:55:04,240,96,3,333,PAY005642,Delivered,32
ORD005643,CUST01393,REST0121,PART0148,2025-10-22,04:03:35,1982,68,247,1803,PAY005643,Delivered,26
ORD005644,CUST00902,REST0110,PART0134,2026-02-12,09:46:08,934,81,115,900,PAY005644,Delivered,38
ORD005645,CUST01211,REST0277,PART0014,2025-08-20,23:44:57,936,60,110,886,PAY005645,Delivered,37
ORD005646,CUST02135,REST0295,PART0044,2025-08-17,11:04:43,1330,69,200,1199,PAY005646,Delivered,45
ORD005647,CUST01357,REST0094,PART0007,2025-10-19,12:59:16,891,90,176,805,PAY005647,Delivered,24
ORD005648,CUST01492,REST0159,PART0078,2026-04-23,12:33:29,1542,34,324,1252,PAY005648,Cancelled,54
ORD005649,CUST01830,REST0139,PART0015,2026-06-03,19:49:30,1367,38,2,1403,PAY005649,Cancelled,61
ORD005650,CUST00774,REST0069,PART0044,2026-04-20,03:44:47,1902,79,14,1967,PAY005650,Delivered,28
ORD005651,CUST00224,REST0069,PART0089,2026-03-18,09:55:24,1084,62,315,831,PAY005651,Delivered,47
ORD005652,CUST00305,REST0014,PART0054,2026-07-09,10:21:09,1234,50,293,991,PAY005652,Delivered,37
ORD005653,CUST00214,REST0118,PART0125,2025-08-21,17:59:16,1565,55,54,1566,PAY005653,Delivered,31
ORD005654,CUST00616,REST0233,PART0045,2026-01-08,19:46:28,1710,28,56,1682,PAY005654,Delivered,58
ORD005655,CUST00469,REST0080,PART0111,2025-12-10,18:15:39,819,65,226,658,PAY005655,Delivered,42
ORD005656,CUST02488,REST0219,PART0055,2026-05-03,03:27:52,264,27,63,228,PAY005656,Delivered,41
ORD005657,CUST01430,REST0053,PART0120,2025-11-24,06:25:35,1781,43,162,1662,PAY005657,Delivered,64
ORD005658,CUST00714,REST0061,PART0043,2025-10-17,23:36:14,1044,88,312,820,PAY005658,Delivered,77
ORD005659,CUST00852,REST0110,PART0078,2026-03-07,15:49:59,1005,40,50,995,PAY005659,Delivered,61
ORD005660,CUST00726,REST0189,PART0102,2026-01-14,11:47:38,1973,64,575,1462,PAY005660,Delivered,59
ORD005661,CUST02450,REST0167,PART0009,2025-07-29,13:53:02,476,28,43,461,PAY005661,Delivered,89
ORD005662,CUST01223,REST0256,PART0094,2025-11-18,15:10:54,772,58,19,811,PAY005662,Delivered,41
ORD005663,CUST02276,REST0090,PART0090,2025-11-13,13:27:49,1025,45,231,839,PAY005663,Delivered,68
ORD005664,CUST02226,REST0220,PART0080,2026-02-15,20:38:14,1726,85,362,1449,PAY005664,Delivered,78
ORD005665,CUST01325,REST0255,PART0125,2026-05-14,01:28:59,1005,94,183,916,PAY005665,Delivered,15
ORD005666,CUST01497,REST0027,PART0102,2026-04-15,15:55:16,390,91,52,429,PAY005666,Delayed,74
ORD005667,CUST01148,REST0173,PART0018,2026-06-13,03:38:04,1644,94,211,1527,PAY005667,Delayed,27
ORD005668,CUST00563,REST0170,PART0106,2026-01-07,11:16:16,1349,20,160,1209,PAY005668,Delivered,79
ORD005669,CUST01740,REST0135,PART0097,2025-10-08,08:14:02,155,59,10,204,PAY005669,Delivered,78
ORD005670,CUST01227,REST0204,PART0105,2026-03-11,14:03:04,881,25,24,882,PAY005670,Delivered,15
ORD005671,CUST00752,REST0259,PART0096,2025-12-22,16:55:38,601,84,180,505,PAY005671,Delivered,19
ORD005672,CUST01904,REST0170,PART0001,2025-08-22,02:49:30,359,73,18,414,PAY005672,Cancelled,35
ORD005673,CUST00716,REST0057,PART0048,2025-07-20,05:44:18,473,43,85,431,PAY005673,Delivered,43
ORD005674,CUST01154,REST0136,PART0098,2026-04-07,19:29:29,175,42,37,180,PAY005674,Delivered,32
ORD005675,CUST00393,REST0151,PART0131,2025-09-04,02:25:08,924,51,165,810,PAY005675,Delivered,74
ORD005676,CUST00376,REST0162,PART0025,2026-03-03,16:57:06,1358,80,322,1116,PAY005676,Delivered,31
ORD005677,CUST02296,REST0124,PART0140,2026-06-16,06:53:39,823,55,94,784,PAY005677,Cancelled,55
ORD005678,CUST01202,REST0293,PART0018,2026-04-04,11:30:35,828,84,221,691,PAY005678,Delivered,70
ORD005679,CUST02458,REST0174,PART0037,2026-05-15,11:42:02,861,48,178,731,PAY005679,Delayed,32
ORD005680,CUST01318,REST0041,PART0034,2025-07-27,04:58:05,1615,80,333,1362,PAY005680,Delivered,15
ORD005681,CUST02246,REST0046,PART0128,2026-07-14,13:38:23,1569,25,33,1561,PAY005681,Delivered,53
ORD005682,CUST00502,REST0041,PART0074,2026-01-28,20:47:56,1086,51,32,1105,PAY005682,Delivered,69
ORD005683,CUST02313,REST0278,PART0025,2026-01-04,20:10:46,579,74,6,647,PAY005683,Delivered,21
ORD005684,CUST01320,REST0200,PART0027,2025-08-12,01:50:49,1521,20,144,1397,PAY005684,Delivered,72
ORD005685,CUST02011,REST0188,PART0134,2026-01-27,05:26:52,276,23,46,253,PAY005685,Cancelled,41
ORD005686,CUST00689,REST0046,PART0005,2025-09-24,15:00:30,882,96,139,839,PAY005686,Delivered,53
ORD005687,CUST00368,REST0264,PART0048,2026-01-12,02:56:32,184,85,18,251,PAY005687,Delivered,84
ORD005688,CUST00148,REST0239,PART0141,2025-10-30,22:33:54,806,54,145,715,PAY005688,Delivered,71
ORD005689,CUST01529,REST0160,PART0031,2026-04-12,23:31:27,814,62,8,868,PAY005689,Delivered,57
ORD005690,CUST00840,REST0235,PART0095,2026-02-20,16:26:21,1391,26,293,1124,PAY005690,Delivered,72
ORD005691,CUST01553,REST0016,PART0103,2025-12-13,23:52:26,154,76,37,193,PAY005691,Delayed,26
ORD005692,CUST00866,REST0187,PART0026,2026-05-23,10:31:14,1352,55,57,1350,PAY005692,Delivered,36
ORD005693,CUST01556,REST0161,PART0093,2026-07-10,11:14:05,687,91,52,726,PAY005693,Delivered,90
ORD005694,CUST01897,REST0032,PART0105,2026-02-09,06:31:56,1252,40,248,1044,PAY005694,Delivered,89
ORD005695,CUST01704,REST0057,PART0096,2026-03-27,02:44:20,1883,36,139,1780,PAY005695,Delayed,64
ORD005696,CUST00118,REST0223,PART0006,2026-04-23,13:02:43,1527,52,306,1273,PAY005696,Cancelled,82
ORD005697,CUST00045,REST0087,PART0058,2025-08-04,03:50:51,1019,35,9,1045,PAY005697,Delivered,60
ORD005698,CUST01061,REST0188,PART0099,2025-10-22,13:49:37,1497,37,13,1521,PAY005698,Cancelled,89
ORD005699,CUST01069,REST0134,PART0050,2026-02-28,16:32:55,1749,80,210,1619,PAY005699,Delivered,86
ORD005700,CUST00838,REST0245,PART0092,2025-08-30,22:32:32,1450,74,102,1422,PAY005700,Delivered,87
ORD005701,CUST00349,REST0125,PART0139,2026-04-13,09:38:31,1573,54,303,1324,PAY005701,Cancelled,75
ORD005702,CUST00363,REST0045,PART0031,2026-02-01,22:07:24,381,91,66,406,PAY005702,Delivered,44
ORD005703,CUST00655,REST0107,PART0052,2026-01-22,23:09:59,1780,80,333,1527,PAY005703,Delayed,27
ORD005704,CUST00334,REST0227,PART0004,2025-09-21,18:49:53,631,41,70,602,PAY005704,Delivered,74
ORD005705,CUST01988,REST0214,PART0062,2026-07-01,15:28:51,446,82,128,400,PAY005705,Delivered,46
ORD005706,CUST00168,REST0263,PART0018,2026-01-07,16:10:58,1143,98,330,911,PAY005706,Delivered,39
ORD005707,CUST00581,REST0093,PART0014,2025-11-07,04:22:48,503,26,129,400,PAY005707,Delivered,54
ORD005708,CUST00980,REST0163,PART0029,2026-06-12,17:30:06,1213,57,337,933,PAY005708,Cancelled,77
ORD005709,CUST01949,REST0058,PART0009,2025-09-17,10:41:46,1953,52,361,1644,PAY005709,Delivered,52
ORD005710,CUST02422,REST0009,PART0004,2025-07-31,16:54:30,1519,63,318,1264,PAY005710,Delivered,38
ORD005711,CUST01127,REST0050,PART0128,2025-11-05,23:27:34,753,41,34,760,PAY005711,Delivered,20
ORD005712,CUST00392,REST0123,PART0127,2026-03-06,16:38:22,1254,48,320,982,PAY005712,Delayed,78
ORD005713,CUST00919,REST0031,PART0088,2025-11-21,22:48:33,579,52,8,623,PAY005713,Delivered,75
ORD005714,CUST02040,REST0115,PART0058,2025-12-28,23:13:07,499,62,23,538,PAY005714,Delivered,46
ORD005715,CUST01674,REST0257,PART0042,2025-08-27,20:01:58,1216,34,119,1131,PAY005715,Delivered,35
ORD005716,CUST00639,REST0250,PART0108,2026-04-08,23:18:01,317,100,42,375,PAY005716,Delivered,85
ORD005717,CUST00334,REST0048,PART0099,2025-09-14,08:35:49,739,71,44,766,PAY005717,Delivered,72
ORD005718,CUST00673,REST0023,PART0132,2026-06-06,10:41:14,1448,26,213,1261,PAY005718,Delivered,32
ORD005719,CUST00041,REST0235,PART0097,2025-08-15,01:48:44,1836,36,274,1598,PAY005719,Delayed,70
ORD005720,CUST00873,REST0200,PART0040,2025-10-01,13:45:12,1622,63,341,1344,PAY005720,Delivered,88
ORD005721,CUST01363,REST0023,PART0026,2026-01-19,11:43:12,388,51,113,326,PAY005721,Delivered,28
ORD005722,CUST01545,REST0278,PART0149,2026-01-21,01:56:48,704,52,155,601,PAY005722,Delivered,56
ORD005723,CUST00339,REST0270,PART0074,2025-10-20,23:02:16,1358,36,288,1106,PAY005723,Delivered,80
ORD005724,CUST01113,REST0299,PART0072,2025-07-18,10:50:59,1365,52,182,1235,PAY005724,Delivered,71
ORD005725,CUST00601,REST0029,PART0074,2025-12-13,15:43:25,870,57,238,689,PAY005725,Delivered,77
ORD005726,CUST00442,REST0230,PART0093,2026-05-13,12:12:49,1761,59,128,1692,PAY005726,Delivered,67
ORD005727,CUST00008,REST0135,PART0099,2026-05-01,09:19:18,1315,52,300,1067,PAY005727,Delivered,56
ORD005728,CUST01060,REST0157,PART0108,2026-05-25,13:44:15,1937,56,308,1685,PAY005728,Delivered,61
ORD005729,CUST01198,REST0163,PART0041,2026-03-27,04:18:58,783,86,17,852,PAY005729,Delivered,55
ORD005730,CUST02093,REST0274,PART0101,2026-07-02,20:49:28,1590,85,387,1288,PAY005730,Delivered,53
ORD005731,CUST02295,REST0118,PART0007,2025-09-22,20:07:04,801,22,226,597,PAY005731,Delivered,47
ORD005732,CUST01204,REST0080,PART0020,2026-05-12,05:39:57,318,80,71,327,PAY005732,Delivered,45
ORD005733,CUST01790,REST0256,PART0088,2025-12-09,13:04:23,350,48,99,299,PAY005733,Delivered,48
ORD005734,CUST01998,REST0249,PART0124,2025-08-02,06:44:00,598,98,54,642,PAY005734,Delivered,31
ORD005735,CUST01030,REST0078,PART0042,2025-11-10,15:12:51,1661,35,185,1511,PAY005735,Delivered,47
ORD005736,CUST00834,REST0270,PART0054,2025-09-25,04:28:20,486,60,0,546,PAY005736,Cancelled,50
ORD005737,CUST00740,REST0118,PART0117,2025-10-11,00:14:31,739,80,35,784,PAY005737,Cancelled,33
ORD005738,CUST01979,REST0177,PART0056,2025-11-25,07:28:40,759,28,153,634,PAY005738,Delivered,76
ORD005739,CUST01760,REST0121,PART0042,2026-06-17,09:26:52,1531,26,438,1119,PAY005739,Delivered,45
ORD005740,CUST02276,REST0251,PART0117,2026-04-07,12:07:19,1387,91,339,1139,PAY005740,Delivered,41
ORD005741,CUST00003,REST0272,PART0088,2026-02-27,21:03:24,913,40,49,904,PAY005741,Delivered,82
ORD005742,CUST01460,REST0280,PART0046,2026-06-09,14:46:52,1461,78,187,1352,PAY005742,Delivered,68
ORD005743,CUST02473,REST0144,PART0095,2026-01-23,20:09:25,475,31,135,371,PAY005743,Delivered,27
ORD005744,CUST02079,REST0289,PART0149,2025-10-13,01:44:00,1290,86,177,1199,PAY005744,Delivered,81
ORD005745,CUST02465,REST0139,PART0047,2026-04-19,11:09:02,1230,35,51,1214,PAY005745,Cancelled,86
ORD005746,CUST01169,REST0070,PART0001,2026-01-04,22:22:59,1825,91,240,1676,PAY005746,Cancelled,67
ORD005747,CUST01308,REST0174,PART0049,2026-05-26,04:47:54,560,95,167,488,PAY005747,Delivered,54
ORD005748,CUST01859,REST0051,PART0114,2026-04-14,09:32:06,534,56,144,446,PAY005748,Delivered,31
ORD005749,CUST00884,REST0095,PART0075,2026-07-05,07:02:03,703,26,144,585,PAY005749,Delivered,33
ORD005750,CUST00101,REST0042,PART0118,2025-08-30,07:49:29,1737,45,32,1750,PAY005750,Delivered,43
ORD005751,CUST00548,REST0151,PART0059,2025-08-24,16:11:31,920,44,113,851,PAY005751,Delivered,15
ORD005752,CUST00700,REST0157,PART0066,2025-09-18,02:25:16,1492,83,391,1184,PAY005752,Delivered,76
ORD005753,CUST00117,REST0249,PART0031,2025-09-08,07:16:46,639,93,188,544,PAY005753,Delivered,32
ORD005754,CUST02211,REST0222,PART0020,2025-09-05,12:06:42,492,66,126,432,PAY005754,Delivered,21
ORD005755,CUST02061,REST0092,PART0121,2026-04-29,18:24:49,771,34,145,660,PAY005755,Delayed,35
ORD005756,CUST00723,REST0020,PART0113,2026-03-08,06:43:13,745,99,92,752,PAY005756,Delayed,64
ORD005757,CUST01457,REST0074,PART0139,2026-02-19,19:11:44,1343,100,39,1404,PAY005757,Delivered,41
ORD005758,CUST02020,REST0260,PART0148,2025-07-25,10:29:19,334,92,59,367,PAY005758,Delivered,60
ORD005759,CUST00231,REST0055,PART0137,2026-01-02,09:09:16,1022,71,183,910,PAY005759,Cancelled,21
ORD005760,CUST00590,REST0239,PART0113,2026-01-24,22:12:16,715,57,5,767,PAY005760,Delivered,64
ORD005761,CUST00399,REST0200,PART0036,2025-12-05,15:27:23,389,36,28,397,PAY005761,Delivered,58
ORD005762,CUST00138,REST0010,PART0056,2026-05-20,17:33:09,903,31,12,922,PAY005762,Delivered,64
ORD005763,CUST01932,REST0160,PART0062,2026-04-13,16:12:34,1686,88,178,1596,PAY005763,Delivered,89
ORD005764,CUST01107,REST0231,PART0024,2025-12-30,05:26:06,1466,50,280,1236,PAY005764,Cancelled,84
ORD005765,CUST00930,REST0025,PART0046,2025-07-24,05:12:58,1179,29,198,1010,PAY005765,Delivered,28
ORD005766,CUST00652,REST0099,PART0105,2026-04-17,08:38:26,1362,29,274,1117,PAY005766,Delivered,39
ORD005767,CUST00383,REST0072,PART0134,2026-02-05,04:46:47,424,62,28,458,PAY005767,Delivered,19
ORD005768,CUST00632,REST0195,PART0040,2026-06-29,20:51:51,1695,31,26,1700,PAY005768,Delayed,44
ORD005769,CUST01572,REST0233,PART0076,2026-04-11,16:35:21,200,66,2,264,PAY005769,Delivered,86
ORD005770,CUST00625,REST0295,PART0041,2025-12-06,06:29:15,1535,64,81,1518,PAY005770,Delivered,56
ORD005771,CUST01142,REST0254,PART0097,2026-03-19,18:51:18,1888,70,344,1614,PAY005771,Delivered,43
ORD005772,CUST01217,REST0190,PART0091,2026-02-12,07:26:09,1035,97,47,1085,PAY005772,Delivered,21
ORD005773,CUST01455,REST0145,PART0041,2025-08-26,12:50:30,938,63,115,886,PAY005773,Delivered,41
ORD005774,CUST01738,REST0232,PART0099,2025-12-25,19:39:21,476,52,111,417,PAY005774,Delivered,31
ORD005775,CUST00303,REST0253,PART0078,2026-01-16,04:36:16,988,81,199,870,PAY005775,Delivered,71
ORD005776,CUST01457,REST0172,PART0043,2025-07-29,06:22:41,174,55,51,178,PAY005776,Delivered,33
ORD005777,CUST00178,REST0185,PART0110,2025-11-01,13:20:56,1632,41,354,1319,PAY005777,Delivered,48
ORD005778,CUST02181,REST0027,PART0097,2026-01-01,16:19:11,900,56,230,726,PAY005778,Delivered,49
ORD005779,CUST01631,REST0021,PART0049,2026-02-17,16:01:57,1137,30,316,851,PAY005779,Delivered,52
ORD005780,CUST00284,REST0056,PART0110,2026-04-14,21:21:04,1424,82,113,1393,PAY005780,Delivered,20
ORD005781,CUST00961,REST0290,PART0095,2025-12-27,05:29:45,862,68,175,755,PAY005781,Delivered,38
ORD005782,CUST00752,REST0131,PART0002,2025-08-11,05:42:16,346,60,35,371,PAY005782,Delivered,26
ORD005783,CUST01906,REST0032,PART0135,2025-08-10,13:16:12,196,53,13,236,PAY005783,Delivered,68
ORD005784,CUST02097,REST0124,PART0087,2025-08-19,02:57:18,204,87,51,240,PAY005784,Delivered,82
ORD005785,CUST00920,REST0219,PART0067,2025-10-26,07:02:16,1977,65,514,1528,PAY005785,Delayed,56
ORD005786,CUST01529,REST0230,PART0148,2026-06-22,03:18:14,1447,91,229,1309,PAY005786,Cancelled,87
ORD005787,CUST01198,REST0083,PART0149,2026-03-31,09:15:59,422,64,93,393,PAY005787,Delivered,22
ORD005788,CUST00687,REST0245,PART0084,2025-12-02,03:15:44,586,69,135,520,PAY005788,Delivered,66
ORD005789,CUST02163,REST0168,PART0016,2026-01-16,13:37:20,673,94,126,641,PAY005789,Delayed,72
ORD005790,CUST00743,REST0163,PART0060,2025-12-19,02:25:49,1915,75,492,1498,PAY005790,Cancelled,22
ORD005791,CUST01656,REST0225,PART0134,2026-01-29,04:25:58,1235,20,278,977,PAY005791,Delayed,48
ORD005792,CUST02468,REST0114,PART0041,2026-07-08,06:03:03,371,33,108,296,PAY005792,Delayed,51
ORD005793,CUST02305,REST0080,PART0119,2025-10-18,16:52:41,1137,29,330,836,PAY005793,Delayed,58
ORD005794,CUST00084,REST0005,PART0038,2026-07-03,08:04:03,593,76,27,642,PAY005794,Delivered,62
ORD005795,CUST01304,REST0038,PART0144,2026-07-11,14:08:46,1462,69,97,1434,PAY005795,Delivered,77
ORD005796,CUST00836,REST0093,PART0011,2026-06-21,06:21:02,1076,27,187,916,PAY005796,Delivered,87
ORD005797,CUST00083,REST0034,PART0074,2025-09-07,15:38:20,920,29,113,836,PAY005797,Delivered,54
ORD005798,CUST01976,REST0081,PART0145,2025-09-01,05:41:42,710,33,159,584,PAY005798,Delivered,51
ORD005799,CUST01751,REST0253,PART0084,2025-07-25,14:30:24,1497,27,108,1416,PAY005799,Delivered,82
ORD005800,CUST00630,REST0269,PART0069,2025-09-17,03:41:52,943,92,113,922,PAY005800,Delivered,20
ORD005801,CUST00777,REST0018,PART0064,2025-08-18,18:53:19,337,78,9,406,PAY005801,Delayed,77
ORD005802,CUST02167,REST0136,PART0106,2026-02-22,18:29:51,1417,78,51,1444,PAY005802,Delivered,73
ORD005803,CUST01951,REST0120,PART0122,2025-09-26,18:48:27,266,90,59,297,PAY005803,Delivered,42
ORD005804,CUST01833,REST0177,PART0044,2026-03-31,08:41:40,1002,93,73,1022,PAY005804,Delivered,77
ORD005805,CUST00177,REST0009,PART0103,2025-09-30,13:27:48,997,26,43,980,PAY005805,Delivered,71
ORD005806,CUST02435,REST0237,PART0015,2026-01-05,11:45:54,748,26,0,774,PAY005806,Delivered,23
ORD005807,CUST01632,REST0196,PART0019,2026-03-29,12:09:04,591,36,94,533,PAY005807,Delivered,84
ORD005808,CUST02158,REST0174,PART0063,2026-02-13,06:07:29,923,32,1,954,PAY005808,Delivered,73
ORD005809,CUST00085,REST0052,PART0002,2025-12-08,05:21:26,163,83,3,243,PAY005809,Delivered,34
ORD005810,CUST01622,REST0287,PART0056,2026-02-17,16:50:33,421,34,21,434,PAY005810,Cancelled,20
ORD005811,CUST00314,REST0280,PART0018,2025-10-26,09:11:30,1880,24,124,1780,PAY005811,Delayed,63
ORD005812,CUST00459,REST0003,PART0098,2026-01-17,19:57:14,551,54,150,455,PAY005812,Delivered,74
ORD005813,CUST00266,REST0021,PART0029,2025-08-11,04:35:20,1411,86,244,1253,PAY005813,Delivered,51
ORD005814,CUST01744,REST0118,PART0046,2026-05-19,01:06:30,774,30,20,784,PAY005814,Delivered,86
ORD005815,CUST00460,REST0291,PART0098,2026-03-28,02:36:13,1673,39,185,1527,PAY005815,Cancelled,47
ORD005816,CUST01582,REST0063,PART0111,2025-09-26,06:52:19,824,84,161,747,PAY005816,Cancelled,72
ORD005817,CUST00639,REST0168,PART0065,2026-02-27,07:32:54,278,82,2,358,PAY005817,Delivered,53
ORD005818,CUST00148,REST0081,PART0071,2025-12-23,17:36:53,949,60,167,842,PAY005818,Delivered,35
ORD005819,CUST01334,REST0135,PART0135,2025-08-30,05:35:26,1879,86,145,1820,PAY005819,Delivered,21
ORD005820,CUST01347,REST0002,PART0044,2026-02-18,14:15:45,1574,79,176,1477,PAY005820,Delivered,52
ORD005821,CUST00882,REST0126,PART0096,2025-07-31,16:20:33,665,37,107,595,PAY005821,Delivered,37
ORD005822,CUST01313,REST0148,PART0129,2025-10-14,10:30:10,386,79,80,385,PAY005822,Delivered,71
ORD005823,CUST00010,REST0080,PART0005,2025-10-02,20:44:14,405,44,19,430,PAY005823,Delivered,66
ORD005824,CUST00534,REST0008,PART0061,2025-09-11,11:32:25,1563,46,315,1294,PAY005824,Delivered,28
ORD005825,CUST01894,REST0144,PART0079,2025-11-09,21:11:33,1000,77,217,860,PAY005825,Delayed,81
ORD005826,CUST02272,REST0006,PART0128,2025-09-05,23:26:38,514,85,125,474,PAY005826,Delivered,39
ORD005827,CUST01772,REST0118,PART0009,2026-05-02,05:00:04,276,25,38,263,PAY005827,Delivered,89
ORD005828,CUST01790,REST0090,PART0146,2026-04-14,16:00:09,1004,70,229,845,PAY005828,Delayed,63
ORD005829,CUST02494,REST0223,PART0080,2025-12-14,23:28:15,1445,40,405,1080,PAY005829,Delivered,23
ORD005830,CUST01700,REST0153,PART0084,2025-07-20,14:07:26,676,83,31,728,PAY005830,Delayed,47
ORD005831,CUST01085,REST0156,PART0105,2025-12-07,15:45:53,1456,84,434,1106,PAY005831,Delivered,59
ORD005832,CUST01845,REST0057,PART0089,2025-08-08,12:58:35,1095,35,125,1005,PAY005832,Delivered,40
ORD005833,CUST02384,REST0109,PART0045,2026-01-30,09:09:48,492,79,128,443,PAY005833,Delivered,81
ORD005834,CUST00711,REST0240,PART0097,2026-05-18,07:17:45,1726,47,149,1624,PAY005834,Delivered,69
ORD005835,CUST01186,REST0066,PART0128,2025-07-20,23:10:54,676,88,161,603,PAY005835,Delivered,54
ORD005836,CUST01251,REST0176,PART0071,2025-08-29,00:43:19,1727,57,438,1346,PAY005836,Delivered,22
ORD005837,CUST00637,REST0052,PART0077,2026-02-04,23:04:28,1977,23,28,1972,PAY005837,Delivered,44
ORD005838,CUST01204,REST0184,PART0052,2026-03-31,20:32:02,1001,61,288,774,PAY005838,Delivered,85
ORD005839,CUST01020,REST0157,PART0086,2025-10-27,12:02:35,502,47,34,515,PAY005839,Delivered,46
ORD005840,CUST02109,REST0083,PART0034,2026-02-28,15:43:35,864,69,213,720,PAY005840,Delivered,82
ORD005841,CUST01495,REST0248,PART0095,2026-02-07,06:35:24,1653,73,417,1309,PAY005841,Delivered,53
ORD005842,CUST00906,REST0281,PART0001,2025-07-19,16:20:59,1996,39,5,2030,PAY005842,Delivered,29
ORD005843,CUST01625,REST0038,PART0020,2025-11-11,01:09:51,626,79,163,542,PAY005843,Delayed,61
ORD005844,CUST01273,REST0046,PART0030,2026-06-23,03:34:17,1136,21,50,1107,PAY005844,Delivered,25
ORD005845,CUST01559,REST0079,PART0055,2026-05-27,09:09:48,1683,87,55,1715,PAY005845,Delivered,23
ORD005846,CUST00658,REST0281,PART0019,2025-09-07,11:18:01,648,98,69,677,PAY005846,Delivered,29
ORD005847,CUST01659,REST0173,PART0010,2025-11-17,08:01:11,1266,79,369,976,PAY005847,Delivered,88
ORD005848,CUST01493,REST0012,PART0095,2026-07-08,19:37:58,920,45,229,736,PAY005848,Cancelled,71
ORD005849,CUST00158,REST0286,PART0024,2025-10-18,21:01:05,1935,67,65,1937,PAY005849,Delivered,22
ORD005850,CUST01085,REST0151,PART0057,2026-06-15,11:01:54,1469,94,437,1126,PAY005850,Cancelled,16
ORD005851,CUST00567,REST0008,PART0097,2026-01-18,19:20:36,1090,82,115,1057,PAY005851,Delivered,57
ORD005852,CUST01829,REST0212,PART0049,2026-05-23,09:45:10,1308,57,74,1291,PAY005852,Delivered,85
ORD005853,CUST01568,REST0102,PART0043,2025-10-07,04:19:30,1858,87,177,1768,PAY005853,Delivered,65
ORD005854,CUST00360,REST0159,PART0064,2025-09-27,12:17:45,1004,48,51,1001,PAY005854,Delivered,25
ORD005855,CUST02445,REST0258,PART0122,2026-03-31,03:03:33,1089,63,117,1035,PAY005855,Delivered,25
ORD005856,CUST00762,REST0222,PART0075,2026-01-16,14:52:18,372,54,108,318,PAY005856,Delivered,32
ORD005857,CUST01054,REST0196,PART0029,2026-01-17,23:38:31,602,23,96,529,PAY005857,Delivered,51
ORD005858,CUST00260,REST0212,PART0128,2026-01-18,03:55:10,1186,45,259,972,PAY005858,Delivered,53
ORD005859,CUST02438,REST0161,PART0080,2025-10-07,09:33:29,1564,89,371,1282,PAY005859,Delivered,21
ORD005860,CUST01944,REST0133,PART0064,2025-08-23,16:58:37,1240,56,336,960,PAY005860,Cancelled,86
ORD005861,CUST02082,REST0248,PART0042,2025-09-21,04:50:38,1946,63,136,1873,PAY005861,Cancelled,54
ORD005862,CUST02416,REST0279,PART0046,2025-12-13,20:53:10,1088,92,284,896,PAY005862,Delivered,38
ORD005863,CUST01209,REST0014,PART0072,2026-02-16,00:25:43,846,64,177,733,PAY005863,Delivered,34
ORD005864,CUST01230,REST0205,PART0031,2026-03-19,05:28:32,193,21,7,207,PAY005864,Cancelled,29
ORD005865,CUST01523,REST0107,PART0145,2026-03-16,18:07:59,1228,61,143,1146,PAY005865,Delivered,19
ORD005866,CUST01558,REST0197,PART0033,2026-02-11,12:01:55,1051,99,279,871,PAY005866,Delivered,70
ORD005867,CUST02321,REST0174,PART0062,2026-06-14,17:23:20,511,47,60,498,PAY005867,Delivered,16
ORD005868,CUST00524,REST0178,PART0090,2026-05-24,10:24:10,1677,100,458,1319,PAY005868,Delivered,40
ORD005869,CUST01513,REST0205,PART0053,2025-08-12,18:48:02,835,43,221,657,PAY005869,Delivered,73
ORD005870,CUST00720,REST0184,PART0041,2025-09-10,23:39:29,1518,47,54,1511,PAY005870,Delivered,54
ORD005871,CUST00504,REST0114,PART0025,2026-04-01,07:27:00,1237,82,16,1303,PAY005871,Delivered,29
ORD005872,CUST02010,REST0122,PART0053,2025-09-03,13:06:13,1061,64,62,1063,PAY005872,Delivered,61
ORD005873,CUST01205,REST0289,PART0046,2026-06-14,09:29:33,551,72,36,587,PAY005873,Delivered,30
ORD005874,CUST02373,REST0159,PART0080,2026-01-30,06:06:18,327,63,54,336,PAY005874,Delivered,43
ORD005875,CUST00287,REST0235,PART0018,2025-09-10,17:02:33,1164,90,243,1011,PAY005875,Delivered,44
ORD005876,CUST01428,REST0263,PART0150,2026-06-15,16:37:20,1551,97,110,1538,PAY005876,Delayed,25
ORD005877,CUST01355,REST0222,PART0041,2026-05-07,14:20:01,866,55,89,832,PAY005877,Delivered,76
ORD005878,CUST01150,REST0102,PART0052,2025-08-11,15:32:31,1401,74,402,1073,PAY005878,Delayed,30
ORD005879,CUST02456,REST0073,PART0141,2026-01-17,18:10:13,318,39,0,357,PAY005879,Delivered,68
ORD005880,CUST01202,REST0079,PART0121,2026-01-31,14:52:59,1504,80,285,1299,PAY005880,Delayed,76
ORD005881,CUST01627,REST0226,PART0036,2025-08-13,10:22:50,360,60,28,392,PAY005881,Delivered,21
ORD005882,CUST01573,REST0193,PART0027,2026-02-21,02:45:41,1050,65,18,1097,PAY005882,Delivered,31
ORD005883,CUST01351,REST0290,PART0071,2025-09-18,05:12:43,792,70,132,730,PAY005883,Delivered,52
ORD005884,CUST00970,REST0106,PART0026,2025-10-20,04:37:51,1010,56,292,774,PAY005884,Delivered,25
ORD005885,CUST02220,REST0163,PART0080,2026-03-16,17:18:18,805,68,193,680,PAY005885,Delivered,18
ORD005886,CUST02122,REST0022,PART0101,2026-05-04,20:07:01,942,36,50,928,PAY005886,Delivered,16
ORD005887,CUST00696,REST0119,PART0095,2025-12-23,19:58:17,1686,72,127,1631,PAY005887,Delayed,30
ORD005888,CUST02436,REST0046,PART0110,2026-06-07,09:01:28,816,41,37,820,PAY005888,Delivered,60
ORD005889,CUST00254,REST0226,PART0062,2026-03-16,05:01:32,341,45,88,298,PAY005889,Delivered,80
ORD005890,CUST01185,REST0165,PART0070,2025-12-03,17:17:24,310,57,65,302,PAY005890,Delayed,54
ORD005891,CUST01198,REST0173,PART0116,2026-07-15,08:56:13,210,20,59,171,PAY005891,Delivered,77
ORD005892,CUST01203,REST0216,PART0089,2025-10-11,18:07:55,745,35,165,615,PAY005892,Delivered,27
ORD005893,CUST01002,REST0103,PART0045,2026-06-02,19:05:03,580,32,102,510,PAY005893,Delivered,61
ORD005894,CUST00807,REST0021,PART0086,2025-10-26,04:10:30,1909,51,443,1517,PAY005894,Delivered,73
ORD005895,CUST01655,REST0029,PART0117,2025-12-21,01:38:05,1098,84,194,988,PAY005895,Delivered,22
ORD005896,CUST01870,REST0196,PART0110,2025-08-08,09:59:05,1844,63,23,1884,PAY005896,Delivered,69
ORD005897,CUST00079,REST0264,PART0093,2026-05-04,10:23:50,941,93,182,852,PAY005897,Delivered,33
ORD005898,CUST02101,REST0210,PART0096,2025-12-30,23:07:18,317,26,53,290,PAY005898,Delivered,59
ORD005899,CUST02034,REST0139,PART0028,2025-08-01,21:43:54,428,69,65,432,PAY005899,Delayed,48
ORD005900,CUST01065,REST0101,PART0146,2026-06-19,09:00:45,519,54,3,570,PAY005900,Delivered,70
ORD005901,CUST00862,REST0163,PART0150,2025-11-17,16:57:09,730,85,216,599,PAY005901,Delayed,64
ORD005902,CUST02262,REST0080,PART0002,2026-05-15,09:48:34,164,20,4,180,PAY005902,Delivered,80
ORD005903,CUST00888,REST0272,PART0142,2025-12-16,11:59:57,366,69,80,355,PAY005903,Delivered,30
ORD005904,CUST00595,REST0245,PART0021,2025-07-26,23:39:02,591,94,161,524,PAY005904,Delivered,87
ORD005905,CUST00903,REST0287,PART0028,2025-09-29,01:00:25,1186,95,294,987,PAY005905,Delivered,83
ORD005906,CUST00395,REST0212,PART0086,2026-04-03,02:04:45,1942,97,131,1908,PAY005906,Cancelled,15
ORD005907,CUST01871,REST0216,PART0003,2026-04-24,09:13:06,301,79,46,334,PAY005907,Delivered,28
ORD005908,CUST01801,REST0164,PART0033,2026-07-12,17:17:24,215,86,55,246,PAY005908,Delivered,31
ORD005909,CUST00355,REST0171,PART0033,2025-12-08,08:45:46,418,59,76,401,PAY005909,Delivered,81
ORD005910,CUST00440,REST0207,PART0112,2025-12-15,00:05:25,610,41,130,521,PAY005910,Delivered,58
ORD005911,CUST00319,REST0106,PART0022,2026-01-06,22:29:45,1148,82,102,1128,PAY005911,Delivered,73
ORD005912,CUST00981,REST0167,PART0036,2026-03-08,18:11:23,1316,51,59,1308,PAY005912,Delivered,77
ORD005913,CUST01404,REST0127,PART0126,2026-06-06,01:20:53,1788,43,352,1479,PAY005913,Delivered,69
ORD005914,CUST00523,REST0165,PART0112,2026-06-17,22:12:56,278,31,66,243,PAY005914,Cancelled,69
ORD005915,CUST01867,REST0087,PART0121,2025-10-11,12:20:38,935,47,56,926,PAY005915,Delayed,27
ORD005916,CUST00796,REST0212,PART0045,2026-05-02,23:19:44,665,88,177,576,PAY005916,Delayed,83
ORD005917,CUST00498,REST0120,PART0086,2026-07-03,16:22:43,1928,44,294,1678,PAY005917,Delivered,18
ORD005918,CUST00051,REST0243,PART0080,2025-09-03,16:33:34,563,56,102,517,PAY005918,Delivered,90
ORD005919,CUST01335,REST0229,PART0078,2026-01-18,09:48:18,1881,84,451,1514,PAY005919,Delivered,52
ORD005920,CUST01037,REST0276,PART0037,2026-03-12,01:02:09,1583,60,155,1488,PAY005920,Delivered,29
ORD005921,CUST02285,REST0091,PART0028,2026-05-19,05:29:02,1885,82,222,1745,PAY005921,Cancelled,31
ORD005922,CUST01930,REST0144,PART0011,2026-01-30,03:07:00,1194,89,250,1033,PAY005922,Delivered,59
ORD005923,CUST00272,REST0107,PART0080,2026-06-26,09:29:15,596,28,87,537,PAY005923,Delayed,63
ORD005924,CUST01324,REST0215,PART0145,2025-12-21,02:56:35,260,89,53,296,PAY005924,Delivered,69
ORD005925,CUST01201,REST0246,PART0126,2026-03-24,03:19:48,1267,82,136,1213,PAY005925,Delivered,25
ORD005926,CUST01391,REST0123,PART0133,2026-06-19,20:13:13,780,31,42,769,PAY005926,Delivered,46
ORD005927,CUST01737,REST0189,PART0118,2026-05-05,14:54:41,1919,31,26,1924,PAY005927,Delivered,32
ORD005928,CUST01825,REST0216,PART0098,2026-03-19,23:37:53,1645,99,483,1261,PAY005928,Cancelled,61
ORD005929,CUST01725,REST0256,PART0013,2025-09-15,07:47:44,1610,25,448,1187,PAY005929,Delivered,45
ORD005930,CUST01805,REST0250,PART0117,2025-10-17,23:14:57,627,47,96,578,PAY005930,Delivered,47
ORD005931,CUST02289,REST0129,PART0052,2026-03-05,20:40:46,1884,32,34,1882,PAY005931,Delivered,89
ORD005932,CUST02129,REST0096,PART0015,2026-02-03,16:16:23,1997,35,114,1918,PAY005932,Delivered,16
ORD005933,CUST01006,REST0172,PART0131,2025-11-04,22:40:34,1524,55,18,1561,PAY005933,Delivered,38
ORD005934,CUST01990,REST0102,PART0035,2026-01-25,07:24:42,1657,34,470,1221,PAY005934,Delivered,21
ORD005935,CUST01628,REST0203,PART0073,2026-05-12,11:35:54,313,21,55,279,PAY005935,Delivered,70
ORD005936,CUST01946,REST0261,PART0131,2025-08-14,09:21:32,347,84,34,397,PAY005936,Delivered,78
ORD005937,CUST02098,REST0156,PART0090,2025-12-31,07:14:07,1106,87,281,912,PAY005937,Delivered,79
ORD005938,CUST02380,REST0245,PART0022,2026-03-06,04:32:10,1418,65,238,1245,PAY005938,Delivered,27
ORD005939,CUST01877,REST0151,PART0107,2025-07-28,05:55:53,1939,96,88,1947,PAY005939,Delivered,23
ORD005940,CUST00725,REST0116,PART0147,2025-12-25,07:27:47,260,68,75,253,PAY005940,Delivered,60
ORD005941,CUST00837,REST0069,PART0127,2025-08-11,00:04:09,192,88,55,225,PAY005941,Delivered,81
ORD005942,CUST02221,REST0293,PART0135,2026-02-19,09:05:28,953,86,217,822,PAY005942,Delivered,53
ORD005943,CUST00768,REST0198,PART0085,2025-08-18,04:34:58,186,22,14,194,PAY005943,Delivered,22
ORD005944,CUST01072,REST0049,PART0025,2026-04-15,19:58:08,251,60,17,294,PAY005944,Delivered,49
ORD005945,CUST01532,REST0049,PART0058,2026-06-27,12:34:35,230,76,52,254,PAY005945,Delivered,42
ORD005946,CUST02459,REST0192,PART0122,2026-05-14,00:24:15,514,92,72,534,PAY005946,Delayed,70
ORD005947,CUST02334,REST0214,PART0019,2025-09-10,18:32:41,659,100,192,567,PAY005947,Delivered,18
ORD005948,CUST02324,REST0085,PART0123,2026-05-12,09:54:37,703,100,174,629,PAY005948,Delivered,21
ORD005949,CUST02137,REST0218,PART0139,2026-03-22,08:04:27,1732,60,210,1582,PAY005949,Delayed,71
ORD005950,CUST01838,REST0211,PART0126,2025-07-31,18:08:21,293,38,72,259,PAY005950,Delivered,63
ORD005951,CUST01229,REST0165,PART0104,2025-12-06,17:58:42,382,45,42,385,PAY005951,Delivered,23
ORD005952,CUST00494,REST0177,PART0051,2025-10-31,23:14:55,1627,49,435,1241,PAY005952,Delivered,80
ORD005953,CUST02361,REST0186,PART0063,2025-12-15,23:18:33,1550,58,285,1323,PAY005953,Delivered,23
ORD005954,CUST02130,REST0170,PART0148,2025-11-02,07:20:58,1932,26,32,1926,PAY005954,Delivered,20
ORD005955,CUST01146,REST0054,PART0116,2026-01-12,15:18:42,247,23,22,248,PAY005955,Delivered,19
ORD005956,CUST00998,REST0252,PART0064,2026-03-25,17:47:10,978,52,93,937,PAY005956,Delivered,42
ORD005957,CUST00611,REST0160,PART0017,2026-05-25,13:49:08,568,58,162,464,PAY005957,Delivered,52
ORD005958,CUST01976,REST0202,PART0042,2026-07-07,09:53:01,403,85,73,415,PAY005958,Delivered,24
ORD005959,CUST00578,REST0091,PART0026,2025-11-25,20:38:26,1754,80,301,1533,PAY005959,Delivered,19
ORD005960,CUST01096,REST0278,PART0035,2025-11-11,02:35:16,1163,37,253,947,PAY005960,Delivered,25
ORD005961,CUST01381,REST0011,PART0126,2026-06-06,00:54:03,1979,31,491,1519,PAY005961,Cancelled,87
ORD005962,CUST01122,REST0031,PART0071,2026-02-09,03:03:54,314,48,18,344,PAY005962,Delivered,90
ORD005963,CUST01307,REST0048,PART0102,2026-03-08,07:33:30,1822,30,429,1423,PAY005963,Delayed,65
ORD005964,CUST01438,REST0248,PART0014,2025-11-20,06:28:15,1135,31,141,1025,PAY005964,Delivered,69
ORD005965,CUST01776,REST0260,PART0112,2026-07-08,06:32:19,1563,88,461,1190,PAY005965,Delivered,35
ORD005966,CUST01838,REST0237,PART0025,2025-11-12,21:52:56,1054,85,190,949,PAY005966,Delivered,74
ORD005967,CUST02420,REST0293,PART0050,2026-06-13,10:30:04,514,28,147,395,PAY005967,Delivered,26
ORD005968,CUST02005,REST0006,PART0001,2026-01-14,17:41:17,927,81,0,1008,PAY005968,Delivered,31
ORD005969,CUST01737,REST0083,PART0071,2026-01-30,20:45:28,1474,76,295,1255,PAY005969,Delivered,54
ORD005970,CUST01189,REST0101,PART0001,2026-01-21,16:18:03,524,76,129,471,PAY005970,Delivered,16
ORD005971,CUST02051,REST0021,PART0108,2025-12-13,04:26:50,1391,89,254,1226,PAY005971,Delivered,51
ORD005972,CUST01260,REST0045,PART0139,2026-05-06,09:26:11,1989,63,577,1475,PAY005972,Delivered,68
ORD005973,CUST02094,REST0250,PART0070,2026-06-19,13:34:58,1472,58,307,1223,PAY005973,Delivered,39
ORD005974,CUST02382,REST0073,PART0043,2026-06-07,06:34:15,165,46,46,165,PAY005974,Delivered,63
ORD005975,CUST01929,REST0014,PART0053,2026-04-09,14:37:36,1909,71,513,1467,PAY005975,Delayed,75
ORD005976,CUST01508,REST0147,PART0084,2026-03-02,04:53:58,912,82,272,722,PAY005976,Delivered,76
ORD005977,CUST00018,REST0297,PART0037,2026-04-12,05:59:15,1966,61,219,1808,PAY005977,Delayed,48
ORD005978,CUST02070,REST0058,PART0057,2026-02-18,19:07:10,739,46,4,781,PAY005978,Delivered,31
ORD005979,CUST01519,REST0010,PART0067,2026-07-09,21:00:25,504,64,117,451,PAY005979,Delivered,24
ORD005980,CUST01254,REST0123,PART0096,2026-04-07,04:12:20,485,73,100,458,PAY005980,Delivered,15
ORD005981,CUST01817,REST0119,PART0026,2026-03-08,06:42:34,725,60,94,691,PAY005981,Delivered,51
ORD005982,CUST00727,REST0075,PART0065,2026-03-06,00:03:47,458,74,108,424,PAY005982,Delivered,77
ORD005983,CUST02276,REST0078,PART0129,2026-03-29,22:50:26,1027,20,103,944,PAY005983,Delivered,22
ORD005984,CUST00592,REST0131,PART0081,2026-05-17,10:07:42,293,27,6,314,PAY005984,Delayed,82
ORD005985,CUST00464,REST0236,PART0062,2026-02-24,03:44:56,1536,74,139,1471,PAY005985,Delivered,64
ORD005986,CUST00917,REST0104,PART0063,2025-09-07,13:12:58,1129,97,125,1101,PAY005986,Delivered,79
ORD005987,CUST01828,REST0220,PART0142,2026-01-14,12:14:48,1633,45,269,1409,PAY005987,Delivered,80
ORD005988,CUST02380,REST0272,PART0039,2025-11-24,03:33:39,1279,71,267,1083,PAY005988,Delivered,59
ORD005989,CUST02283,REST0223,PART0138,2025-08-20,13:51:31,401,77,26,452,PAY005989,Delivered,28
ORD005990,CUST01022,REST0171,PART0010,2026-04-10,18:19:53,863,43,72,834,PAY005990,Delivered,77
ORD005991,CUST01966,REST0279,PART0126,2026-01-22,09:53:55,1857,100,241,1716,PAY005991,Cancelled,44
ORD005992,CUST02142,REST0013,PART0097,2025-11-26,05:17:04,383,94,77,400,PAY005992,Delivered,81
ORD005993,CUST00807,REST0107,PART0075,2026-02-08,03:16:49,1372,71,15,1428,PAY005993,Delivered,37
ORD005994,CUST00236,REST0278,PART0102,2026-02-02,00:33:31,1865,98,359,1604,PAY005994,Delivered,74
ORD005995,CUST01778,REST0095,PART0137,2026-03-12,14:44:44,1623,39,209,1453,PAY005995,Delivered,26
ORD005996,CUST01872,REST0228,PART0138,2026-03-18,10:32:54,1070,71,225,916,PAY005996,Delivered,67
ORD005997,CUST02465,REST0247,PART0020,2025-08-09,16:22:58,1523,49,359,1213,PAY005997,Delivered,83
ORD005998,CUST02361,REST0225,PART0068,2025-10-21,22:48:29,1396,25,183,1238,PAY005998,Delivered,70
ORD005999,CUST00890,REST0017,PART0093,2026-03-17,13:37:41,1762,93,233,1622,PAY005999,Delivered,42
ORD006000,CUST01739,REST0081,PART0066,2025-10-28,09:42:19,724,25,171,578,PAY006000,Delivered,32
ORD006001,CUST00965,REST0124,PART0039,2026-07-14,00:48:08,390,27,90,327,PAY006001,Delivered,50
ORD006002,CUST00770,REST0200,PART0090,2025-10-29,14:02:10,1569,80,255,1394,PAY006002,Delivered,28
ORD006003,CUST00455,REST0275,PART0105,2026-06-20,23:04:01,1248,55,310,993,PAY006003,Delivered,65
ORD006004,CUST01234,REST0011,PART0103,2025-11-05,10:58:22,583,38,148,473,PAY006004,Delivered,45
ORD006005,CUST01914,REST0207,PART0053,2026-03-04,02:19:00,1117,43,135,1025,PAY006005,Delivered,85
ORD006006,CUST02144,REST0166,PART0009,2026-01-31,16:07:32,1124,38,203,959,PAY006006,Delivered,16
ORD006007,CUST00929,REST0261,PART0091,2025-10-12,17:26:07,436,90,76,450,PAY006007,Delivered,82
ORD006008,CUST02412,REST0262,PART0110,2025-11-14,19:38:40,205,94,39,260,PAY006008,Delivered,70
ORD006009,CUST00068,REST0168,PART0017,2026-07-11,04:22:44,479,54,80,453,PAY006009,Delayed,49
ORD006010,CUST01914,REST0115,PART0089,2026-07-03,00:33:38,208,59,32,235,PAY006010,Delivered,77
ORD006011,CUST01318,REST0121,PART0098,2025-11-19,03:13:21,709,48,73,684,PAY006011,Delivered,52
ORD006012,CUST00252,REST0250,PART0128,2026-07-03,13:40:23,1307,70,51,1326,PAY006012,Delivered,88
ORD006013,CUST00584,REST0077,PART0042,2025-10-17,05:17:58,1452,76,233,1295,PAY006013,Cancelled,33
ORD006014,CUST01327,REST0124,PART0061,2026-02-21,01:26:00,1932,68,86,1914,PAY006014,Cancelled,19
ORD006015,CUST01886,REST0187,PART0016,2025-09-28,12:31:32,1167,21,69,1119,PAY006015,Delivered,75
ORD006016,CUST01790,REST0289,PART0063,2025-11-28,14:10:13,1798,98,481,1415,PAY006016,Cancelled,83
ORD006017,CUST00985,REST0284,PART0097,2025-11-12,05:09:31,371,52,45,378,PAY006017,Delivered,16
ORD006018,CUST00635,REST0020,PART0128,2025-09-28,17:55:52,1040,86,36,1090,PAY006018,Delivered,58
ORD006019,CUST00332,REST0179,PART0094,2026-06-01,22:12:07,261,23,51,233,PAY006019,Delayed,82
ORD006020,CUST00643,REST0074,PART0067,2025-11-23,08:12:14,1314,48,299,1063,PAY006020,Delivered,47
ORD006021,CUST00749,REST0109,PART0047,2026-02-02,06:50:32,878,75,173,780,PAY006021,Delayed,31
ORD006022,CUST01267,REST0144,PART0022,2026-04-04,19:30:06,771,88,157,702,PAY006022,Delivered,39
ORD006023,CUST00350,REST0229,PART0103,2025-12-23,01:36:56,1791,93,382,1502,PAY006023,Delivered,87
ORD006024,CUST00977,REST0283,PART0021,2025-11-01,09:48:23,557,46,13,590,PAY006024,Delivered,55
ORD006025,CUST00171,REST0247,PART0004,2025-10-26,17:36:46,1345,61,300,1106,PAY006025,Delivered,59
ORD006026,CUST00267,REST0007,PART0111,2026-03-05,09:19:25,1374,67,362,1079,PAY006026,Delivered,41
ORD006027,CUST00575,REST0266,PART0125,2025-12-27,20:20:33,2000,34,65,1969,PAY006027,Delivered,52
ORD006028,CUST00464,REST0033,PART0117,2026-04-02,07:42:18,1593,84,331,1346,PAY006028,Delayed,39
ORD006029,CUST02463,REST0118,PART0136,2026-03-29,05:09:10,1556,68,295,1329,PAY006029,Delivered,33
ORD006030,CUST02234,REST0226,PART0133,2025-09-27,09:22:01,714,60,33,741,PAY006030,Delivered,89
ORD006031,CUST02315,REST0204,PART0035,2026-05-10,14:59:52,1701,94,455,1340,PAY006031,Delivered,79
ORD006032,CUST00767,REST0283,PART0074,2026-03-11,07:52:00,630,20,164,486,PAY006032,Delivered,22
ORD006033,CUST01472,REST0025,PART0083,2026-06-27,02:19:23,445,29,128,346,PAY006033,Delivered,64
ORD006034,CUST00438,REST0293,PART0025,2026-05-17,20:10:11,1296,44,380,960,PAY006034,Delivered,34
ORD006035,CUST01450,REST0271,PART0146,2025-09-08,07:57:14,259,53,69,243,PAY006035,Delivered,68
ORD006036,CUST00279,REST0281,PART0070,2026-05-23,19:15:06,689,98,141,646,PAY006036,Delivered,49
ORD006037,CUST01753,REST0181,PART0079,2026-05-11,05:51:51,1366,50,278,1138,PAY006037,Delayed,73
ORD006038,CUST00211,REST0191,PART0065,2026-04-09,13:30:46,1424,43,255,1212,PAY006038,Delivered,80
ORD006039,CUST00152,REST0173,PART0103,2025-11-07,19:32:01,776,87,120,743,PAY006039,Delivered,63
ORD006040,CUST01522,REST0201,PART0002,2025-09-28,00:24:13,610,23,12,621,PAY006040,Delivered,89
ORD006041,CUST00443,REST0185,PART0003,2026-04-09,02:03:34,707,100,100,707,PAY006041,Delivered,27
ORD006042,CUST00216,REST0214,PART0102,2026-04-08,15:35:08,1870,48,342,1576,PAY006042,Delivered,62
ORD006043,CUST00120,REST0179,PART0006,2025-12-03,15:05:39,1036,27,184,879,PAY006043,Delivered,80
ORD006044,CUST01876,REST0220,PART0085,2026-04-18,23:54:05,1468,67,356,1179,PAY006044,Delivered,77
ORD006045,CUST01951,REST0294,PART0064,2026-02-12,00:49:48,1975,93,217,1851,PAY006045,Cancelled,89
ORD006046,CUST00925,REST0237,PART0039,2026-02-15,23:13:23,781,82,68,795,PAY006046,Delivered,87
ORD006047,CUST00625,REST0043,PART0146,2025-11-17,23:03:24,235,44,41,238,PAY006047,Delivered,64
ORD006048,CUST00566,REST0234,PART0109,2025-10-03,15:32:20,1363,35,13,1385,PAY006048,Delivered,49
ORD006049,CUST01029,REST0117,PART0044,2026-05-22,03:58:35,295,59,23,331,PAY006049,Delivered,25
ORD006050,CUST00202,REST0067,PART0112,2026-01-11,22:22:45,302,100,74,328,PAY006050,Delivered,68
ORD006051,CUST00788,REST0283,PART0028,2026-02-27,04:05:09,630,82,115,597,PAY006051,Delivered,43
ORD006052,CUST00997,REST0051,PART0068,2026-02-03,05:35:36,165,98,34,229,PAY006052,Cancelled,62
ORD006053,CUST00850,REST0159,PART0099,2025-09-21,14:08:33,1155,88,6,1237,PAY006053,Delivered,42
ORD006054,CUST01815,REST0136,PART0040,2025-08-30,18:16:31,1661,43,263,1441,PAY006054,Delivered,61
ORD006055,CUST02263,REST0202,PART0106,2026-04-23,15:29:07,805,71,230,646,PAY006055,Delivered,83
ORD006056,CUST02269,REST0021,PART0009,2026-04-22,22:14:26,1681,62,471,1272,PAY006056,Delivered,21
ORD006057,CUST01433,REST0111,PART0140,2026-06-21,12:03:41,1289,93,336,1046,PAY006057,Delivered,29
ORD006058,CUST00380,REST0161,PART0070,2025-11-06,10:24:23,1110,67,27,1150,PAY006058,Delayed,43
ORD006059,CUST02214,REST0055,PART0144,2026-03-21,05:55:55,1559,62,232,1389,PAY006059,Delayed,21
ORD006060,CUST00437,REST0145,PART0136,2025-10-20,04:15:06,1079,99,140,1038,PAY006060,Delivered,81
ORD006061,CUST01111,REST0219,PART0105,2025-10-04,03:22:12,861,34,151,744,PAY006061,Delayed,26
ORD006062,CUST01035,REST0057,PART0117,2026-03-05,12:46:45,1497,96,174,1419,PAY006062,Delivered,26
ORD006063,CUST01700,REST0073,PART0102,2026-05-19,00:36:47,157,72,23,206,PAY006063,Cancelled,65
ORD006064,CUST01285,REST0171,PART0061,2026-03-19,05:55:12,1283,66,148,1201,PAY006064,Delivered,66
ORD006065,CUST01776,REST0185,PART0091,2026-06-03,17:34:51,1169,83,217,1035,PAY006065,Delivered,20
ORD006066,CUST01154,REST0068,PART0060,2025-11-24,06:19:39,1507,49,141,1415,PAY006066,Delivered,86
ORD006067,CUST00756,REST0196,PART0110,2025-09-25,08:12:03,1859,74,185,1748,PAY006067,Delayed,49
ORD006068,CUST02157,REST0201,PART0025,2026-06-25,19:46:41,1883,59,110,1832,PAY006068,Delayed,54
ORD006069,CUST02117,REST0120,PART0104,2026-03-24,16:43:05,1965,40,561,1444,PAY006069,Delivered,42
ORD006070,CUST01533,REST0106,PART0052,2026-05-26,15:36:03,1250,27,337,940,PAY006070,Delivered,26
ORD006071,CUST00317,REST0101,PART0089,2026-01-25,05:45:16,318,100,25,393,PAY006071,Delivered,70
ORD006072,CUST00020,REST0084,PART0125,2025-12-08,21:01:56,1819,33,454,1398,PAY006072,Cancelled,79
ORD006073,CUST01869,REST0296,PART0050,2025-10-19,15:15:54,534,58,78,514,PAY006073,Delivered,72
ORD006074,CUST00452,REST0248,PART0098,2025-12-15,08:03:01,1682,42,116,1608,PAY006074,Delivered,24
ORD006075,CUST00658,REST0088,PART0089,2026-01-20,08:11:55,1581,72,285,1368,PAY006075,Cancelled,81
ORD006076,CUST00493,REST0111,PART0081,2026-04-20,17:06:09,1816,54,201,1669,PAY006076,Delivered,78
ORD006077,CUST01260,REST0229,PART0071,2025-10-29,09:16:34,180,87,28,239,PAY006077,Delivered,18
ORD006078,CUST00621,REST0295,PART0108,2026-07-13,09:10:19,549,98,122,525,PAY006078,Delivered,28
ORD006079,CUST01800,REST0249,PART0147,2026-02-21,21:42:03,861,72,174,759,PAY006079,Delivered,22
ORD006080,CUST00995,REST0149,PART0068,2026-01-10,12:43:13,405,84,114,375,PAY006080,Delivered,34
ORD006081,CUST00154,REST0162,PART0067,2026-02-09,22:48:11,404,31,64,371,PAY006081,Delivered,57
ORD006082,CUST00517,REST0149,PART0027,2025-11-25,19:51:55,309,94,84,319,PAY006082,Delivered,62
ORD006083,CUST01275,REST0281,PART0065,2025-09-11,01:46:43,1202,75,121,1156,PAY006083,Delayed,15
ORD006084,CUST00197,REST0195,PART0065,2025-10-23,04:00:27,1022,31,231,822,PAY006084,Cancelled,30
ORD006085,CUST02017,REST0179,PART0046,2026-03-08,13:58:11,816,47,62,801,PAY006085,Delivered,17
ORD006086,CUST00392,REST0142,PART0112,2025-08-13,05:20:56,1827,66,390,1503,PAY006086,Cancelled,28
ORD006087,CUST00934,REST0097,PART0122,2025-10-22,07:35:42,306,64,60,310,PAY006087,Delivered,69
ORD006088,CUST00364,REST0104,PART0069,2025-09-02,13:33:24,703,20,185,538,PAY006088,Delivered,24
ORD006089,CUST00024,REST0250,PART0029,2025-12-09,11:36:15,1187,28,7,1208,PAY006089,Delivered,88
ORD006090,CUST01226,REST0177,PART0027,2026-05-28,00:34:07,1136,33,336,833,PAY006090,Delivered,54
ORD006091,CUST02386,REST0184,PART0084,2026-02-15,02:32:00,884,32,143,773,PAY006091,Cancelled,83
ORD006092,CUST02249,REST0019,PART0120,2025-12-15,21:34:19,1146,47,196,997,PAY006092,Delivered,37
ORD006093,CUST02120,REST0026,PART0137,2025-07-17,12:14:35,957,74,39,992,PAY006093,Cancelled,47
ORD006094,CUST02216,REST0160,PART0136,2025-08-11,02:02:57,1212,28,195,1045,PAY006094,Delivered,32
ORD006095,CUST00096,REST0017,PART0117,2025-09-27,14:43:45,1611,41,100,1552,PAY006095,Delivered,17
ORD006096,CUST01028,REST0175,PART0001,2026-05-27,14:05:53,1631,69,141,1559,PAY006096,Delivered,45
ORD006097,CUST00011,REST0134,PART0092,2026-07-14,00:26:24,1507,20,193,1334,PAY006097,Cancelled,30
ORD006098,CUST00946,REST0109,PART0014,2025-10-23,04:48:04,321,85,61,345,PAY006098,Delayed,18
ORD006099,CUST00569,REST0234,PART0047,2026-07-11,13:34:04,1159,68,122,1105,PAY006099,Delivered,36
ORD006100,CUST01748,REST0166,PART0016,2026-01-24,12:02:40,1751,83,227,1607,PAY006100,Delivered,48
ORD006101,CUST01360,REST0300,PART0013,2026-01-08,20:28:03,449,69,11,507,PAY006101,Delivered,48
ORD006102,CUST01341,REST0073,PART0043,2026-07-14,06:18:10,628,65,53,640,PAY006102,Delayed,68
ORD006103,CUST00215,REST0177,PART0054,2026-02-15,02:10:03,682,95,52,725,PAY006103,Delivered,87
ORD006104,CUST01513,REST0050,PART0050,2026-02-27,21:11:07,1969,44,312,1701,PAY006104,Delivered,59
ORD006105,CUST00595,REST0216,PART0016,2026-05-31,03:32:29,1353,75,151,1277,PAY006105,Delivered,63
ORD006106,CUST02301,REST0235,PART0041,2025-10-31,20:28:24,1614,23,312,1325,PAY006106,Delayed,74
ORD006107,CUST00368,REST0133,PART0063,2026-01-30,17:45:38,1957,21,321,1657,PAY006107,Delivered,29
ORD006108,CUST00283,REST0046,PART0052,2026-02-21,14:50:35,745,31,202,574,PAY006108,Delivered,70
ORD006109,CUST00641,REST0185,PART0074,2025-12-26,13:04:21,1009,59,25,1043,PAY006109,Delivered,37
ORD006110,CUST00521,REST0277,PART0148,2025-10-01,14:22:38,233,25,52,206,PAY006110,Delivered,38
ORD006111,CUST00835,REST0185,PART0119,2025-10-27,10:18:24,537,86,66,557,PAY006111,Delivered,39
ORD006112,CUST02348,REST0154,PART0095,2025-08-05,01:04:53,1473,96,163,1406,PAY006112,Delayed,86
ORD006113,CUST00262,REST0248,PART0072,2025-12-29,08:18:46,492,39,83,448,PAY006113,Delivered,77
ORD006114,CUST01824,REST0235,PART0091,2026-03-17,04:13:36,510,96,69,537,PAY006114,Delivered,65
ORD006115,CUST02110,REST0263,PART0086,2026-01-22,08:49:05,794,33,41,786,PAY006115,Delivered,70
ORD006116,CUST02009,REST0209,PART0109,2026-03-04,10:07:37,1247,44,219,1072,PAY006116,Delivered,59
ORD006117,CUST00014,REST0041,PART0043,2025-08-27,05:09:46,269,46,10,305,PAY006117,Delayed,31
ORD006118,CUST02113,REST0253,PART0092,2026-01-17,05:51:53,652,48,164,536,PAY006118,Delivered,41
ORD006119,CUST01177,REST0262,PART0055,2026-01-02,00:31:56,515,29,77,467,PAY006119,Delivered,57
ORD006120,CUST01860,REST0148,PART0145,2025-12-13,11:49:07,1534,62,386,1210,PAY006120,Delivered,79
ORD006121,CUST01741,REST0267,PART0052,2025-11-14,20:29:12,1608,100,118,1590,PAY006121,Delivered,86
ORD006122,CUST01173,REST0111,PART0010,2025-08-31,15:05:52,891,39,190,740,PAY006122,Delivered,39
ORD006123,CUST01392,REST0089,PART0017,2025-09-08,12:08:43,1561,51,386,1226,PAY006123,Delivered,60
ORD006124,CUST01556,REST0216,PART0006,2025-09-24,13:48:37,1153,45,146,1052,PAY006124,Cancelled,70
ORD006125,CUST01949,REST0165,PART0107,2025-09-01,23:27:27,1113,33,183,963,PAY006125,Delivered,28
ORD006126,CUST00315,REST0020,PART0055,2025-12-03,13:40:39,1267,25,340,952,PAY006126,Delayed,17
ORD006127,CUST00859,REST0299,PART0087,2026-05-07,10:39:54,517,33,35,515,PAY006127,Delivered,61
ORD006128,CUST02443,REST0263,PART0058,2026-05-23,10:26:50,516,32,106,442,PAY006128,Delayed,32
ORD006129,CUST01063,REST0051,PART0068,2025-08-06,09:47:19,463,91,90,464,PAY006129,Delivered,31
ORD006130,CUST01690,REST0066,PART0030,2025-08-01,04:15:44,988,49,68,969,PAY006130,Delivered,52
ORD006131,CUST01945,REST0055,PART0087,2026-06-10,06:01:57,804,45,232,617,PAY006131,Cancelled,19
ORD006132,CUST02001,REST0279,PART0113,2025-08-12,12:50:55,405,99,50,454,PAY006132,Delivered,78
ORD006133,CUST00511,REST0181,PART0026,2025-10-31,22:56:14,1174,24,40,1158,PAY006133,Delivered,41
ORD006134,CUST00763,REST0101,PART0045,2025-08-26,23:24:24,1015,88,152,951,PAY006134,Delivered,65
ORD006135,CUST01101,REST0213,PART0011,2026-02-14,06:05:44,841,65,203,703,PAY006135,Delivered,41
ORD006136,CUST02305,REST0097,PART0023,2026-02-09,02:25:42,1618,69,421,1266,PAY006136,Delivered,19
ORD006137,CUST01864,REST0127,PART0046,2025-10-28,11:35:40,1060,30,290,800,PAY006137,Delivered,40
ORD006138,CUST01396,REST0174,PART0036,2025-09-03,17:27:07,355,65,37,383,PAY006138,Delivered,73
ORD006139,CUST00663,REST0196,PART0002,2026-05-16,15:59:45,1644,80,223,1501,PAY006139,Delivered,38
ORD006140,CUST00090,REST0299,PART0060,2025-08-22,11:33:26,825,74,72,827,PAY006140,Delayed,16
ORD006141,CUST01776,REST0261,PART0021,2026-07-10,18:23:12,1403,98,273,1228,PAY006141,Delivered,62
ORD006142,CUST02030,REST0292,PART0101,2026-04-30,19:16:09,1136,91,223,1004,PAY006142,Delivered,87
ORD006143,CUST02149,REST0056,PART0146,2026-04-08,22:31:33,1392,92,111,1373,PAY006143,Delivered,30
ORD006144,CUST01885,REST0140,PART0100,2025-12-27,14:53:50,744,91,209,626,PAY006144,Delivered,30
ORD006145,CUST00036,REST0019,PART0037,2025-10-03,19:31:50,630,30,153,507,PAY006145,Delivered,52
ORD006146,CUST02026,REST0168,PART0134,2025-07-31,18:02:07,891,63,57,897,PAY006146,Delivered,65
ORD006147,CUST01365,REST0105,PART0052,2026-06-27,09:25:03,1990,77,215,1852,PAY006147,Delayed,36
ORD006148,CUST02430,REST0206,PART0105,2026-03-29,16:12:20,220,36,64,192,PAY006148,Delivered,70
ORD006149,CUST02210,REST0138,PART0055,2026-02-21,06:34:56,1036,88,188,936,PAY006149,Delivered,23
ORD006150,CUST00244,REST0208,PART0091,2025-08-08,11:54:46,938,40,34,944,PAY006150,Delivered,25
ORD006151,CUST01891,REST0106,PART0104,2025-07-20,01:39:26,1585,98,129,1554,PAY006151,Delayed,61
ORD006152,CUST00075,REST0175,PART0091,2025-08-28,12:24:49,1684,45,40,1689,PAY006152,Delivered,71
ORD006153,CUST00226,REST0074,PART0119,2025-11-24,08:30:24,285,25,26,284,PAY006153,Cancelled,57
ORD006154,CUST02369,REST0170,PART0141,2026-03-15,17:14:56,1291,100,279,1112,PAY006154,Delivered,64
ORD006155,CUST01359,REST0267,PART0077,2026-04-21,16:41:19,1074,97,96,1075,PAY006155,Delivered,41
ORD006156,CUST00409,REST0135,PART0146,2025-10-31,21:14:20,1996,40,192,1844,PAY006156,Delivered,50
ORD006157,CUST01416,REST0281,PART0111,2025-11-03,14:37:01,492,32,43,481,PAY006157,Delivered,20
ORD006158,CUST02260,REST0023,PART0070,2025-12-30,03:50:34,434,20,27,427,PAY006158,Delivered,21
ORD006159,CUST01299,REST0064,PART0078,2025-10-17,17:05:40,1937,99,118,1918,PAY006159,Cancelled,28
ORD006160,CUST00059,REST0041,PART0062,2025-10-13,18:05:56,883,27,178,732,PAY006160,Delivered,49
ORD006161,CUST00662,REST0206,PART0057,2025-10-09,20:25:09,1438,54,366,1126,PAY006161,Delivered,68
ORD006162,CUST01688,REST0156,PART0116,2026-03-13,08:52:35,297,43,21,319,PAY006162,Delivered,32
ORD006163,CUST00898,REST0295,PART0046,2026-03-07,16:19:22,1567,54,352,1269,PAY006163,Delivered,51
ORD006164,CUST00054,REST0149,PART0033,2026-02-22,20:19:43,583,96,101,578,PAY006164,Delivered,47
ORD006165,CUST01160,REST0142,PART0036,2026-05-04,04:23:28,1249,30,232,1047,PAY006165,Delivered,62
ORD006166,CUST01383,REST0096,PART0116,2025-10-27,19:56:58,1319,71,270,1120,PAY006166,Delivered,70
ORD006167,CUST02329,REST0051,PART0141,2026-07-11,13:59:42,1903,42,19,1926,PAY006167,Delivered,85
ORD006168,CUST01574,REST0200,PART0032,2026-02-15,20:32:40,488,39,78,449,PAY006168,Delivered,48
ORD006169,CUST02480,REST0250,PART0001,2025-11-30,13:07:48,1746,88,40,1794,PAY006169,Delivered,35
ORD006170,CUST00063,REST0223,PART0064,2026-06-07,18:19:03,1395,79,300,1174,PAY006170,Delivered,60
ORD006171,CUST00307,REST0241,PART0088,2025-10-16,00:50:54,1851,60,79,1832,PAY006171,Cancelled,42
ORD006172,CUST01435,REST0105,PART0062,2025-09-13,03:45:55,1050,27,69,1008,PAY006172,Delivered,78
ORD006173,CUST01595,REST0027,PART0079,2025-07-25,03:44:21,1120,20,272,868,PAY006173,Delivered,45
ORD006174,CUST02255,REST0236,PART0047,2026-02-16,06:44:43,1713,81,353,1441,PAY006174,Delivered,62
ORD006175,CUST00567,REST0019,PART0030,2026-02-28,02:11:06,1106,31,252,885,PAY006175,Cancelled,56
ORD006176,CUST00818,REST0096,PART0087,2025-11-16,05:48:56,615,23,1,637,PAY006176,Delivered,63
ORD006177,CUST01823,REST0129,PART0018,2026-05-08,07:25:13,1804,73,278,1599,PAY006177,Delivered,39
ORD006178,CUST00375,REST0213,PART0129,2025-10-09,15:09:01,293,32,45,280,PAY006178,Cancelled,44
ORD006179,CUST00578,REST0212,PART0111,2025-09-20,23:28:42,1687,58,80,1665,PAY006179,Cancelled,40
ORD006180,CUST02429,REST0016,PART0053,2026-05-25,03:33:22,769,47,4,812,PAY006180,Delayed,54
ORD006181,CUST01458,REST0196,PART0088,2026-06-01,16:27:42,390,51,9,432,PAY006181,Delivered,40
ORD006182,CUST00849,REST0206,PART0079,2025-12-12,02:08:45,1034,83,45,1072,PAY006182,Delivered,68
ORD006183,CUST01235,REST0167,PART0044,2025-10-03,03:12:18,823,30,191,662,PAY006183,Delivered,38
ORD006184,CUST00571,REST0167,PART0056,2026-02-11,14:54:25,1695,37,108,1624,PAY006184,Delivered,54
ORD006185,CUST00766,REST0229,PART0146,2026-03-12,14:05:34,1501,61,371,1191,PAY006185,Delivered,42
ORD006186,CUST01795,REST0234,PART0081,2025-07-23,00:20:59,1370,72,181,1261,PAY006186,Delivered,85
ORD006187,CUST00723,REST0062,PART0128,2025-09-16,12:47:20,1463,48,177,1334,PAY006187,Delivered,15
ORD006188,CUST01182,REST0046,PART0037,2025-08-20,15:37:48,752,20,110,662,PAY006188,Delayed,40
ORD006189,CUST00638,REST0158,PART0067,2026-02-23,02:08:13,812,55,10,857,PAY006189,Delivered,73
ORD006190,CUST01369,REST0008,PART0028,2026-04-29,19:20:35,568,21,115,474,PAY006190,Cancelled,66
ORD006191,CUST01104,REST0293,PART0030,2026-03-11,17:55:10,1168,22,97,1093,PAY006191,Delivered,47
ORD006192,CUST00514,REST0195,PART0102,2025-10-28,23:50:59,1922,22,354,1590,PAY006192,Delivered,40
ORD006193,CUST00626,REST0038,PART0048,2026-05-26,15:20:52,759,41,118,682,PAY006193,Delivered,66
ORD006194,CUST00831,REST0199,PART0125,2026-01-21,02:02:11,1551,60,145,1466,PAY006194,Cancelled,68
ORD006195,CUST01597,REST0246,PART0048,2025-09-02,14:48:21,1037,81,156,962,PAY006195,Cancelled,64
ORD006196,CUST00953,REST0106,PART0057,2025-08-22,09:37:41,159,31,44,146,PAY006196,Delivered,31
ORD006197,CUST02254,REST0070,PART0025,2025-10-19,20:28:35,1409,91,377,1123,PAY006197,Delivered,72
ORD006198,CUST00495,REST0291,PART0099,2026-06-09,13:19:32,500,73,123,450,PAY006198,Delivered,24
ORD006199,CUST00386,REST0277,PART0091,2025-12-21,01:44:06,1904,97,289,1712,PAY006199,Delivered,30
ORD006200,CUST01731,REST0064,PART0107,2025-10-10,01:24:50,1654,78,181,1551,PAY006200,Cancelled,20
ORD006201,CUST00616,REST0204,PART0008,2025-10-18,05:37:25,729,94,83,740,PAY006201,Delivered,68
ORD006202,CUST02056,REST0235,PART0145,2026-01-10,16:42:14,1953,43,161,1835,PAY006202,Delivered,55
ORD006203,CUST00045,REST0290,PART0098,2026-03-09,23:44:34,296,59,10,345,PAY006203,Delivered,63
ORD006204,CUST00696,REST0098,PART0041,2025-09-18,13:41:32,1527,67,314,1280,PAY006204,Delivered,58
ORD006205,CUST02242,REST0259,PART0086,2026-06-27,14:45:51,1230,96,23,1303,PAY006205,Delayed,20
ORD006206,CUST00225,REST0114,PART0074,2025-09-21,15:19:51,1314,21,97,1238,PAY006206,Delivered,76
ORD006207,CUST00563,REST0241,PART0055,2026-07-07,14:40:54,310,43,6,347,PAY006207,Delivered,18
ORD006208,CUST01486,REST0294,PART0085,2025-10-09,19:31:28,629,87,160,556,PAY006208,Delayed,27
ORD006209,CUST00145,REST0238,PART0040,2025-11-01,18:38:51,1363,100,78,1385,PAY006209,Delivered,33
ORD006210,CUST01523,REST0284,PART0039,2025-08-26,22:42:37,243,46,31,258,PAY006210,Delivered,43
ORD006211,CUST01472,REST0035,PART0028,2025-07-17,11:19:23,1330,89,316,1103,PAY006211,Delivered,30
ORD006212,CUST02037,REST0241,PART0063,2025-10-16,23:17:47,1433,99,298,1234,PAY006212,Delivered,84
ORD006213,CUST02259,REST0240,PART0100,2026-04-02,21:28:17,1382,40,224,1198,PAY006213,Delayed,71
ORD006214,CUST01604,REST0004,PART0142,2025-11-13,01:09:59,1832,40,251,1621,PAY006214,Delivered,52
ORD006215,CUST01570,REST0209,PART0085,2026-01-01,06:05:14,416,95,98,413,PAY006215,Cancelled,28
ORD006216,CUST02085,REST0193,PART0087,2026-02-26,08:24:20,1555,53,407,1201,PAY006216,Delivered,73
ORD006217,CUST00636,REST0012,PART0098,2026-06-15,13:55:02,555,23,103,475,PAY006217,Delayed,82
ORD006218,CUST01224,REST0290,PART0032,2026-03-06,03:33:11,783,91,162,712,PAY006218,Delivered,90
ORD006219,CUST00207,REST0089,PART0132,2026-06-11,04:32:25,1589,76,72,1593,PAY006219,Cancelled,25
ORD006220,CUST01113,REST0122,PART0056,2025-12-13,10:07:40,170,20,33,157,PAY006220,Delivered,89
ORD006221,CUST02252,REST0060,PART0020,2026-01-05,12:21:11,743,30,148,625,PAY006221,Delivered,71
ORD006222,CUST00087,REST0173,PART0001,2025-10-07,02:42:37,990,51,99,942,PAY006222,Delivered,73
ORD006223,CUST01157,REST0145,PART0062,2025-10-14,09:52:23,1320,63,27,1356,PAY006223,Delivered,36
ORD006224,CUST02337,REST0286,PART0002,2025-08-24,05:16:35,348,95,21,422,PAY006224,Delivered,33
ORD006225,CUST00457,REST0210,PART0023,2026-06-10,07:02:04,725,53,195,583,PAY006225,Cancelled,63
ORD006226,CUST00239,REST0267,PART0135,2025-08-17,02:03:38,1806,42,279,1569,PAY006226,Delivered,57
ORD006227,CUST00544,REST0124,PART0130,2025-12-21,21:36:37,1974,74,238,1810,PAY006227,Delivered,28
ORD006228,CUST01978,REST0151,PART0020,2026-04-18,22:04:27,1153,21,163,1011,PAY006228,Cancelled,19
ORD006229,CUST01698,REST0172,PART0069,2026-01-04,17:24:43,991,40,89,942,PAY006229,Delivered,30
ORD006230,CUST02188,REST0108,PART0135,2026-01-04,02:26:51,413,66,119,360,PAY006230,Delivered,59
ORD006231,CUST01290,REST0253,PART0133,2025-09-12,15:29:12,1793,75,239,1629,PAY006231,Cancelled,24
ORD006232,CUST01777,REST0211,PART0129,2026-04-29,07:18:12,729,55,182,602,PAY006232,Delivered,50
ORD006233,CUST00241,REST0052,PART0016,2026-06-26,03:39:19,367,44,21,390,PAY006233,Delivered,37
ORD006234,CUST02136,REST0175,PART0031,2025-12-12,13:21:48,1478,32,173,1337,PAY006234,Delivered,27
ORD006235,CUST00495,REST0028,PART0025,2026-06-11,13:49:53,902,87,41,948,PAY006235,Delivered,51
ORD006236,CUST01519,REST0128,PART0087,2026-03-12,02:30:02,243,36,24,255,PAY006236,Delivered,90
ORD006237,CUST02426,REST0008,PART0025,2026-05-03,18:46:07,1193,40,261,972,PAY006237,Delayed,49
ORD006238,CUST00993,REST0173,PART0110,2025-12-10,21:09:52,1251,34,71,1214,PAY006238,Delivered,44
ORD006239,CUST01619,REST0026,PART0037,2025-07-25,04:24:55,967,83,195,855,PAY006239,Delivered,72
ORD006240,CUST01898,REST0271,PART0143,2026-02-11,10:44:37,963,91,92,962,PAY006240,Delivered,86
ORD006241,CUST01884,REST0046,PART0140,2026-05-09,08:37:45,1933,79,524,1488,PAY006241,Delivered,24
ORD006242,CUST01259,REST0256,PART0114,2025-10-29,18:26:12,557,88,58,587,PAY006242,Delivered,20
ORD006243,CUST01047,REST0243,PART0060,2025-10-03,21:43:50,331,21,82,270,PAY006243,Delayed,15
ORD006244,CUST00387,REST0111,PART0030,2026-06-23,16:49:20,212,43,21,234,PAY006244,Delivered,25
ORD006245,CUST01275,REST0048,PART0078,2026-04-03,17:30:24,1867,85,176,1776,PAY006245,Cancelled,44
ORD006246,CUST01564,REST0291,PART0119,2026-01-23,03:05:19,1706,57,316,1447,PAY006246,Delivered,83
ORD006247,CUST01343,REST0289,PART0106,2026-01-01,19:40:03,757,38,203,592,PAY006247,Delivered,43
ORD006248,CUST00088,REST0047,PART0116,2026-05-18,21:16:59,1337,22,389,970,PAY006248,Delivered,68
ORD006249,CUST01011,REST0142,PART0093,2026-06-21,02:45:01,1624,97,115,1606,PAY006249,Delivered,15
ORD006250,CUST01492,REST0046,PART0023,2026-02-04,17:13:25,679,33,158,554,PAY006250,Delivered,40
ORD006251,CUST01594,REST0200,PART0019,2025-11-26,04:09:15,589,23,113,499,PAY006251,Delivered,76
ORD006252,CUST01647,REST0285,PART0069,2025-11-18,07:47:43,942,33,198,777,PAY006252,Delivered,67
ORD006253,CUST00127,REST0268,PART0126,2025-07-24,06:52:38,1780,88,138,1730,PAY006253,Delivered,31
ORD006254,CUST00291,REST0263,PART0028,2026-01-26,01:06:31,783,86,213,656,PAY006254,Delivered,83
ORD006255,CUST00573,REST0116,PART0072,2026-01-29,08:35:16,1325,70,309,1086,PAY006255,Delivered,47
ORD006256,CUST01802,REST0073,PART0080,2026-03-12,07:57:08,264,61,47,278,PAY006256,Delivered,78
ORD006257,CUST02338,REST0210,PART0051,2025-12-13,21:17:17,500,30,56,474,PAY006257,Delivered,66
ORD006258,CUST01672,REST0004,PART0070,2026-06-06,18:33:31,202,94,4,292,PAY006258,Delivered,89
ORD006259,CUST00646,REST0100,PART0018,2026-01-03,23:17:47,374,81,94,361,PAY006259,Delivered,18
ORD006260,CUST01735,REST0270,PART0097,2026-03-08,19:17:03,1048,27,199,876,PAY006260,Delivered,46
ORD006261,CUST02273,REST0295,PART0056,2025-10-04,00:54:26,424,32,92,364,PAY006261,Delayed,59
ORD006262,CUST01972,REST0021,PART0094,2025-12-08,02:02:27,662,26,78,610,PAY006262,Delivered,73
ORD006263,CUST01302,REST0199,PART0089,2025-09-10,08:46:34,1843,40,426,1457,PAY006263,Delayed,64
ORD006264,CUST01619,REST0200,PART0108,2026-04-15,10:28:50,356,74,40,390,PAY006264,Cancelled,73
ORD006265,CUST00487,REST0072,PART0010,2025-08-15,06:48:39,1088,34,42,1080,PAY006265,Delayed,78
ORD006266,CUST00073,REST0173,PART0135,2026-03-06,15:05:05,364,86,88,362,PAY006266,Cancelled,87
ORD006267,CUST02416,REST0096,PART0105,2026-06-06,06:38:08,1316,74,251,1139,PAY006267,Cancelled,38
ORD006268,CUST01725,REST0041,PART0090,2026-04-13,16:16:51,431,64,117,378,PAY006268,Delivered,18
ORD006269,CUST02103,REST0133,PART0138,2026-04-07,14:24:31,534,64,155,443,PAY006269,Delayed,21
ORD006270,CUST01766,REST0265,PART0049,2025-12-09,21:52:41,1005,28,258,775,PAY006270,Cancelled,16
ORD006271,CUST02428,REST0254,PART0139,2025-09-19,15:13:21,723,38,41,720,PAY006271,Delivered,62
ORD006272,CUST00014,REST0034,PART0062,2026-05-18,07:08:10,417,35,88,364,PAY006272,Delivered,43
ORD006273,CUST00040,REST0290,PART0004,2025-12-20,03:24:13,1264,92,111,1245,PAY006273,Delivered,50
ORD006274,CUST01722,REST0177,PART0142,2025-10-04,16:23:31,247,51,62,236,PAY006274,Delivered,54
ORD006275,CUST01246,REST0022,PART0087,2025-10-08,21:01:53,1504,22,54,1472,PAY006275,Delivered,70
ORD006276,CUST01442,REST0231,PART0141,2025-11-15,06:27:28,1656,20,75,1601,PAY006276,Delivered,77
ORD006277,CUST01331,REST0029,PART0037,2025-11-30,10:27:53,1527,96,23,1600,PAY006277,Delivered,74
ORD006278,CUST01602,REST0099,PART0102,2025-12-20,13:37:08,1304,20,138,1186,PAY006278,Delivered,23
ORD006279,CUST02115,REST0099,PART0134,2025-10-30,16:58:42,1712,93,114,1691,PAY006279,Delivered,68
ORD006280,CUST01559,REST0069,PART0105,2025-10-20,20:27:21,1236,89,96,1229,PAY006280,Delayed,90
ORD006281,CUST00795,REST0200,PART0114,2026-04-19,21:27:28,312,72,89,295,PAY006281,Delivered,75
ORD006282,CUST00759,REST0211,PART0147,2025-11-06,03:06:53,1082,78,162,998,PAY006282,Delivered,53
ORD006283,CUST00407,REST0184,PART0070,2026-06-30,03:58:37,1560,69,318,1311,PAY006283,Delayed,84
ORD006284,CUST00361,REST0136,PART0025,2025-10-13,21:53:37,1096,89,278,907,PAY006284,Delivered,32
ORD006285,CUST01822,REST0242,PART0010,2025-12-10,14:28:00,821,40,203,658,PAY006285,Cancelled,61
ORD006286,CUST01385,REST0021,PART0083,2026-03-06,10:15:27,1797,80,345,1532,PAY006286,Cancelled,70
ORD006287,CUST02227,REST0275,PART0137,2026-06-22,02:50:01,754,88,20,822,PAY006287,Delivered,64
ORD006288,CUST00103,REST0052,PART0058,2026-01-14,15:50:04,1207,95,188,1114,PAY006288,Delivered,88
ORD006289,CUST01890,REST0032,PART0113,2025-07-25,16:03:37,1331,45,269,1107,PAY006289,Delayed,50
ORD006290,CUST00415,REST0124,PART0071,2026-04-08,20:21:45,761,41,5,797,PAY006290,Delivered,83
ORD006291,CUST02236,REST0039,PART0080,2026-07-14,11:05:54,583,90,44,629,PAY006291,Delivered,17
ORD006292,CUST01945,REST0273,PART0112,2026-02-20,00:12:48,949,42,159,832,PAY006292,Cancelled,40
ORD006293,CUST01682,REST0084,PART0124,2025-10-19,00:42:58,1691,43,110,1624,PAY006293,Delivered,44
ORD006294,CUST00048,REST0124,PART0079,2026-03-23,22:04:33,247,84,73,258,PAY006294,Delivered,55
ORD006295,CUST02049,REST0146,PART0064,2026-04-13,03:43:02,784,70,167,687,PAY006295,Delivered,37
ORD006296,CUST02433,REST0165,PART0076,2025-08-10,08:47:33,1680,25,443,1262,PAY006296,Delivered,64
ORD006297,CUST01887,REST0097,PART0015,2026-01-07,21:01:42,1007,33,249,791,PAY006297,Cancelled,75
ORD006298,CUST02340,REST0257,PART0072,2026-04-19,04:04:58,1420,29,355,1094,PAY006298,Delivered,65
ORD006299,CUST00079,REST0295,PART0096,2026-05-22,23:16:13,1008,28,238,798,PAY006299,Delivered,30
ORD006300,CUST01439,REST0207,PART0042,2025-07-24,17:43:18,1690,25,110,1605,PAY006300,Delivered,55
ORD006301,CUST00283,REST0030,PART0009,2025-12-14,06:19:18,1569,70,68,1571,PAY006301,Delivered,33
ORD006302,CUST02419,REST0176,PART0096,2026-02-23,06:01:00,202,64,29,237,PAY006302,Delivered,17
ORD006303,CUST01220,REST0141,PART0019,2025-11-27,07:08:29,1796,27,262,1561,PAY006303,Delivered,59
ORD006304,CUST00170,REST0192,PART0115,2025-12-02,20:45:59,1893,68,243,1718,PAY006304,Delivered,35
ORD006305,CUST00768,REST0012,PART0042,2025-12-11,04:41:54,913,75,79,909,PAY006305,Delivered,29
ORD006306,CUST00733,REST0288,PART0055,2025-07-24,04:48:39,803,89,145,747,PAY006306,Delayed,87
ORD006307,CUST00120,REST0061,PART0059,2026-01-22,21:50:50,806,44,117,733,PAY006307,Delayed,76
ORD006308,CUST01870,REST0095,PART0002,2026-01-01,16:19:36,1588,23,340,1271,PAY006308,Cancelled,42
ORD006309,CUST00577,REST0117,PART0120,2026-04-23,11:37:28,1213,97,98,1212,PAY006309,Delivered,76
ORD006310,CUST01110,REST0193,PART0100,2026-01-05,04:32:44,1011,82,243,850,PAY006310,Delivered,84
ORD006311,CUST00479,REST0151,PART0130,2026-07-04,08:02:19,568,43,70,541,PAY006311,Delivered,51
ORD006312,CUST02255,REST0019,PART0125,2025-12-27,23:02:34,1007,91,260,838,PAY006312,Delivered,71
ORD006313,CUST01412,REST0272,PART0087,2025-08-19,23:37:40,1125,56,223,958,PAY006313,Delayed,71
ORD006314,CUST01502,REST0045,PART0149,2026-01-02,02:18:16,911,70,153,828,PAY006314,Cancelled,37
ORD006315,CUST01087,REST0198,PART0138,2025-10-23,05:52:19,1068,92,123,1037,PAY006315,Delivered,31
ORD006316,CUST00374,REST0205,PART0089,2025-11-28,11:31:52,1518,91,185,1424,PAY006316,Delayed,33
ORD006317,CUST00852,REST0168,PART0028,2025-10-13,00:05:45,1516,86,251,1351,PAY006317,Cancelled,26
ORD006318,CUST01064,REST0035,PART0071,2025-10-28,18:11:14,1236,70,123,1183,PAY006318,Cancelled,51
ORD006319,CUST01670,REST0101,PART0150,2025-12-05,14:42:09,1053,58,227,884,PAY006319,Delivered,72
ORD006320,CUST02146,REST0275,PART0113,2026-07-05,06:30:25,187,44,4,227,PAY006320,Delivered,37
ORD006321,CUST00225,REST0210,PART0139,2025-10-25,03:51:15,1146,92,214,1024,PAY006321,Delivered,79
ORD006322,CUST01159,REST0090,PART0003,2026-01-18,02:01:18,1521,68,224,1365,PAY006322,Delivered,57
ORD006323,CUST02192,REST0152,PART0104,2025-09-15,15:22:26,1511,61,240,1332,PAY006323,Cancelled,37
ORD006324,CUST01667,REST0170,PART0024,2025-09-19,16:42:50,979,46,134,891,PAY006324,Delayed,83
ORD006325,CUST01418,REST0120,PART0022,2025-10-09,08:17:40,1906,60,116,1850,PAY006325,Delivered,31
ORD006326,CUST00957,REST0267,PART0033,2026-06-12,18:21:29,750,29,173,606,PAY006326,Delivered,79
ORD006327,CUST01762,REST0261,PART0110,2026-02-28,14:59:49,1426,26,272,1180,PAY006327,Delivered,55
ORD006328,CUST01679,REST0028,PART0027,2026-03-23,17:42:39,1458,52,223,1287,PAY006328,Delivered,78
ORD006329,CUST01699,REST0238,PART0010,2026-02-02,02:09:49,1788,64,242,1610,PAY006329,Delivered,28
ORD006330,CUST01588,REST0158,PART0020,2026-03-05,21:51:26,906,41,94,853,PAY006330,Delivered,32
ORD006331,CUST00632,REST0185,PART0125,2026-02-07,10:28:45,940,67,171,836,PAY006331,Cancelled,86
ORD006332,CUST02225,REST0123,PART0036,2026-05-26,20:51:50,799,34,97,736,PAY006332,Delivered,15
ORD006333,CUST00339,REST0110,PART0021,2025-09-30,05:57:43,475,79,31,523,PAY006333,Delivered,79
ORD006334,CUST01139,REST0266,PART0014,2026-06-09,18:10:30,272,38,10,300,PAY006334,Cancelled,19
ORD006335,CUST01364,REST0185,PART0115,2025-07-30,08:04:12,1554,60,417,1197,PAY006335,Delivered,77
ORD006336,CUST02296,REST0093,PART0059,2025-12-11,09:06:30,744,47,38,753,PAY006336,Delivered,23
ORD006337,CUST00988,REST0213,PART0100,2025-12-04,19:50:52,410,28,70,368,PAY006337,Delayed,89
ORD006338,CUST01468,REST0263,PART0003,2025-08-03,20:59:03,1427,86,127,1386,PAY006338,Delivered,82
ORD006339,CUST02037,REST0106,PART0036,2026-05-07,16:07:31,948,96,264,780,PAY006339,Delivered,88
ORD006340,CUST01118,REST0172,PART0110,2025-10-13,00:18:49,1977,60,522,1515,PAY006340,Delivered,33
ORD006341,CUST00219,REST0074,PART0067,2025-08-20,04:23:47,369,44,59,354,PAY006341,Delivered,53
ORD006342,CUST01134,REST0179,PART0145,2026-04-16,20:29:02,1889,98,537,1450,PAY006342,Delivered,84
ORD006343,CUST00252,REST0195,PART0103,2026-07-06,22:07:54,1637,23,308,1352,PAY006343,Delivered,18
ORD006344,CUST00813,REST0028,PART0107,2025-09-15,21:29:00,758,79,134,703,PAY006344,Delivered,33
ORD006345,CUST01359,REST0258,PART0137,2025-08-21,02:48:21,745,71,184,632,PAY006345,Delivered,87
ORD006346,CUST01097,REST0138,PART0077,2026-03-12,06:12:04,1283,83,90,1276,PAY006346,Delivered,64
ORD006347,CUST02171,REST0144,PART0036,2026-04-12,06:34:36,318,38,93,263,PAY006347,Delayed,20
ORD006348,CUST02400,REST0126,PART0146,2026-02-15,22:29:07,503,78,78,503,PAY006348,Delivered,20
ORD006349,CUST00328,REST0074,PART0036,2025-08-04,16:25:56,1206,31,350,887,PAY006349,Delivered,19
ORD006350,CUST00395,REST0071,PART0130,2025-10-21,11:36:22,1689,29,174,1544,PAY006350,Delayed,60
ORD006351,CUST01143,REST0017,PART0084,2025-08-16,00:30:19,580,69,130,519,PAY006351,Cancelled,52
ORD006352,CUST00942,REST0251,PART0003,2026-02-05,05:30:46,1520,62,84,1498,PAY006352,Delivered,15
ORD006353,CUST01951,REST0191,PART0020,2026-07-13,04:45:20,1910,77,510,1477,PAY006353,Delivered,21
ORD006354,CUST01766,REST0014,PART0122,2025-10-23,07:55:07,571,42,40,573,PAY006354,Delivered,45
ORD006355,CUST00983,REST0083,PART0110,2026-01-08,04:59:52,1706,79,293,1492,PAY006355,Delivered,74
ORD006356,CUST01730,REST0140,PART0057,2025-09-12,02:50:45,1953,88,317,1724,PAY006356,Delivered,24
ORD006357,CUST00895,REST0119,PART0140,2025-11-07,02:10:27,1823,46,143,1726,PAY006357,Delivered,60
ORD006358,CUST01781,REST0247,PART0061,2025-09-09,05:55:00,647,77,183,541,PAY006358,Delivered,22
ORD006359,CUST00713,REST0040,PART0109,2026-06-14,15:35:39,1272,63,275,1060,PAY006359,Delivered,50
ORD006360,CUST02235,REST0077,PART0036,2026-01-01,12:36:58,1383,98,214,1267,PAY006360,Delivered,49
ORD006361,CUST00328,REST0077,PART0092,2025-11-01,09:43:31,340,37,87,290,PAY006361,Delivered,61
ORD006362,CUST00801,REST0087,PART0053,2026-06-19,12:10:53,1177,98,266,1009,PAY006362,Delivered,17
ORD006363,CUST00455,REST0066,PART0085,2026-07-06,23:11:05,1262,35,136,1161,PAY006363,Delivered,74
ORD006364,CUST00240,REST0235,PART0128,2025-09-26,11:37:28,1507,72,230,1349,PAY006364,Delivered,38
ORD006365,CUST01921,REST0167,PART0113,2025-10-13,05:03:11,669,63,76,656,PAY006365,Delayed,23
ORD006366,CUST01701,REST0270,PART0125,2025-12-22,06:16:35,622,34,95,561,PAY006366,Delivered,41
ORD006367,CUST01223,REST0081,PART0100,2025-11-14,06:05:56,1529,25,66,1488,PAY006367,Delivered,52
ORD006368,CUST02343,REST0144,PART0110,2025-09-18,22:53:05,1381,74,118,1337,PAY006368,Delivered,82
ORD006369,CUST00408,REST0007,PART0147,2026-02-03,09:16:40,910,85,109,886,PAY006369,Delivered,16
ORD006370,CUST01413,REST0258,PART0122,2025-08-11,04:12:59,1904,64,568,1400,PAY006370,Delivered,32
ORD006371,CUST01434,REST0018,PART0048,2025-10-14,06:28:12,539,43,121,461,PAY006371,Delayed,77
ORD006372,CUST01253,REST0095,PART0029,2026-06-19,19:39:04,1390,39,199,1230,PAY006372,Delivered,15
ORD006373,CUST00666,REST0265,PART0141,2025-08-21,01:49:11,631,90,112,609,PAY006373,Delivered,18
ORD006374,CUST01260,REST0292,PART0127,2026-03-14,09:24:56,660,75,106,629,PAY006374,Delivered,20
ORD006375,CUST01282,REST0297,PART0001,2025-08-05,11:49:58,1478,99,422,1155,PAY006375,Delivered,29
ORD006376,CUST00904,REST0123,PART0089,2026-02-23,14:53:42,1832,71,273,1630,PAY006376,Delivered,67
ORD006377,CUST00110,REST0089,PART0019,2026-03-27,11:18:37,536,94,85,545,PAY006377,Delivered,24
ORD006378,CUST00022,REST0023,PART0002,2026-05-16,08:49:11,1957,85,482,1560,PAY006378,Delivered,20
ORD006379,CUST00524,REST0029,PART0092,2026-05-16,19:39:08,1935,37,183,1789,PAY006379,Delivered,45
ORD006380,CUST02220,REST0121,PART0148,2026-06-19,19:49:00,1685,41,21,1705,PAY006380,Delivered,60
ORD006381,CUST01194,REST0218,PART0099,2026-06-17,21:01:09,1719,26,31,1714,PAY006381,Delivered,24
ORD006382,CUST00378,REST0147,PART0121,2026-04-30,01:17:50,388,21,110,299,PAY006382,Delivered,83
ORD006383,CUST02316,REST0052,PART0032,2025-09-22,13:42:29,689,79,90,678,PAY006383,Delivered,77
ORD006384,CUST01716,REST0166,PART0015,2025-11-05,04:24:40,1312,25,200,1137,PAY006384,Delivered,66
ORD006385,CUST01496,REST0237,PART0110,2026-02-14,00:56:57,1237,100,257,1080,PAY006385,Delivered,19
ORD006386,CUST01740,REST0011,PART0062,2026-01-14,20:49:27,1102,45,62,1085,PAY006386,Delivered,59
ORD006387,CUST00064,REST0202,PART0052,2025-12-27,14:53:54,464,59,87,436,PAY006387,Delivered,31
ORD006388,CUST00633,REST0141,PART0023,2026-06-28,19:04:10,1756,27,357,1426,PAY006388,Delivered,69
ORD006389,CUST01767,REST0154,PART0098,2025-09-19,10:58:39,1816,52,321,1547,PAY006389,Delivered,83
ORD006390,CUST01042,REST0211,PART0031,2025-10-15,23:45:25,925,79,203,801,PAY006390,Delivered,50
ORD006391,CUST00035,REST0009,PART0002,2025-07-22,21:56:16,1612,84,156,1540,PAY006391,Delivered,16
ORD006392,CUST00784,REST0230,PART0131,2026-05-25,22:22:09,583,76,67,592,PAY006392,Delivered,49
ORD006393,CUST01945,REST0124,PART0130,2025-09-30,02:54:43,1648,32,8,1672,PAY006393,Delivered,37
ORD006394,CUST02221,REST0115,PART0058,2026-03-07,06:45:03,519,38,83,474,PAY006394,Delivered,76
ORD006395,CUST00857,REST0121,PART0069,2026-04-18,23:02:39,1748,41,144,1645,PAY006395,Delivered,57
ORD006396,CUST00486,REST0242,PART0127,2025-08-15,03:55:35,386,63,35,414,PAY006396,Delivered,66
ORD006397,CUST01791,REST0041,PART0011,2025-08-11,09:50:19,1095,88,215,968,PAY006397,Cancelled,21
ORD006398,CUST00503,REST0272,PART0098,2026-05-12,09:08:54,1966,64,88,1942,PAY006398,Delivered,35
ORD006399,CUST00882,REST0106,PART0078,2025-08-24,15:56:11,1173,97,122,1148,PAY006399,Delivered,80
ORD006400,CUST00526,REST0203,PART0100,2025-10-28,17:27:53,324,56,7,373,PAY006400,Cancelled,43
ORD006401,CUST01438,REST0270,PART0013,2026-05-29,15:29:04,1582,64,324,1322,PAY006401,Delivered,17
ORD006402,CUST01387,REST0236,PART0085,2026-05-16,09:13:09,1134,67,255,946,PAY006402,Delivered,27
ORD006403,CUST00915,REST0283,PART0035,2025-09-23,15:40:54,374,85,97,362,PAY006403,Delivered,39
ORD006404,CUST01125,REST0132,PART0100,2026-02-08,14:35:51,261,88,35,314,PAY006404,Delivered,83
ORD006405,CUST00812,REST0278,PART0023,2025-09-02,10:50:06,183,33,42,174,PAY006405,Delivered,46
ORD006406,CUST02250,REST0159,PART0046,2026-05-14,19:09:03,901,58,55,904,PAY006406,Delivered,43
ORD006407,CUST01858,REST0024,PART0017,2026-01-11,20:57:01,975,55,165,865,PAY006407,Delivered,75
ORD006408,CUST00156,REST0035,PART0013,2026-02-16,04:12:50,661,49,124,586,PAY006408,Delivered,69
ORD006409,CUST01418,REST0151,PART0145,2026-05-07,17:31:25,544,71,11,604,PAY006409,Delivered,77
ORD006410,CUST00955,REST0041,PART0010,2025-12-06,12:28:27,526,80,147,459,PAY006410,Delivered,83
ORD006411,CUST01969,REST0240,PART0081,2026-04-23,02:35:01,1948,69,168,1849,PAY006411,Delayed,68
ORD006412,CUST00002,REST0223,PART0006,2025-09-23,17:29:03,1390,98,383,1105,PAY006412,Delivered,53
ORD006413,CUST01591,REST0006,PART0093,2025-09-13,13:13:57,1185,75,315,945,PAY006413,Cancelled,64
ORD006414,CUST02256,REST0296,PART0034,2026-02-08,11:50:19,323,91,23,391,PAY006414,Delivered,26
ORD006415,CUST01765,REST0156,PART0057,2026-07-13,06:03:38,1134,60,257,937,PAY006415,Delivered,61
ORD006416,CUST02397,REST0253,PART0083,2025-09-26,18:57:24,1806,50,22,1834,PAY006416,Delivered,43
ORD006417,CUST00463,REST0135,PART0149,2025-10-19,15:23:01,1565,68,101,1532,PAY006417,Delivered,32
ORD006418,CUST02372,REST0049,PART0133,2026-05-17,20:18:34,1439,95,208,1326,PAY006418,Delivered,66
ORD006419,CUST01617,REST0280,PART0111,2025-07-19,15:18:54,1500,80,163,1417,PAY006419,Delivered,42
ORD006420,CUST02423,REST0196,PART0072,2025-11-19,15:27:55,1996,60,281,1775,PAY006420,Delivered,36
ORD006421,CUST02326,REST0294,PART0040,2026-06-13,10:45:58,208,73,51,230,PAY006421,Delivered,58
ORD006422,CUST00045,REST0102,PART0090,2025-09-20,23:01:59,1232,50,27,1255,PAY006422,Delayed,83
ORD006423,CUST01885,REST0189,PART0104,2026-05-09,20:41:17,1509,90,397,1202,PAY006423,Delivered,46
ORD006424,CUST00397,REST0021,PART0130,2025-10-30,00:09:39,1674,57,315,1416,PAY006424,Delivered,81
ORD006425,CUST02284,REST0280,PART0062,2026-01-31,13:35:25,1876,49,297,1628,PAY006425,Delivered,25
ORD006426,CUST00671,REST0232,PART0114,2026-05-28,02:21:04,1857,43,451,1449,PAY006426,Delivered,79
ORD006427,CUST02388,REST0097,PART0036,2025-07-24,06:53:50,740,26,127,639,PAY006427,Delivered,79
ORD006428,CUST01941,REST0045,PART0126,2026-01-26,18:38:25,1290,31,197,1124,PAY006428,Delivered,72
ORD006429,CUST01166,REST0023,PART0045,2026-01-28,04:09:48,394,20,28,386,PAY006429,Delivered,21
ORD006430,CUST00271,REST0256,PART0080,2026-06-28,18:17:18,1935,48,447,1536,PAY006430,Delivered,55
ORD006431,CUST01941,REST0034,PART0129,2025-08-07,07:40:22,1700,53,54,1699,PAY006431,Delayed,49
ORD006432,CUST00116,REST0008,PART0024,2025-12-16,04:19:36,161,22,3,180,PAY006432,Delivered,44
ORD006433,CUST01132,REST0281,PART0005,2025-09-06,15:36:31,270,41,15,296,PAY006433,Delayed,47
ORD006434,CUST01013,REST0293,PART0042,2025-09-19,02:21:23,313,31,93,251,PAY006434,Cancelled,28
ORD006435,CUST01910,REST0252,PART0038,2025-08-04,00:23:42,1920,29,153,1796,PAY006435,Delivered,49
ORD006436,CUST01723,REST0148,PART0083,2026-01-14,09:48:44,661,77,181,557,PAY006436,Delivered,63
ORD006437,CUST02298,REST0294,PART0026,2025-09-14,18:58:22,1210,59,218,1051,PAY006437,Cancelled,62
ORD006438,CUST01268,REST0250,PART0012,2026-06-10,00:05:23,963,62,226,799,PAY006438,Delayed,90
ORD006439,CUST00487,REST0095,PART0004,2025-09-05,14:49:59,746,85,118,713,PAY006439,Delivered,80
ORD006440,CUST01540,REST0178,PART0109,2025-10-18,04:42:05,606,86,33,659,PAY006440,Delivered,30
ORD006441,CUST02379,REST0194,PART0140,2026-06-15,21:18:32,1112,88,325,875,PAY006441,Delayed,24
ORD006442,CUST02377,REST0061,PART0099,2026-03-09,17:47:43,922,71,210,783,PAY006442,Delivered,88
ORD006443,CUST01856,REST0014,PART0129,2026-06-05,05:50:39,1936,40,468,1508,PAY006443,Delivered,69
ORD006444,CUST02208,REST0218,PART0096,2025-12-05,20:15:31,877,78,151,804,PAY006444,Delivered,72
ORD006445,CUST01901,REST0252,PART0112,2026-02-24,02:35:48,1509,60,307,1262,PAY006445,Delivered,76
ORD006446,CUST00065,REST0021,PART0119,2026-05-16,09:20:54,1566,100,259,1407,PAY006446,Cancelled,55
ORD006447,CUST01017,REST0244,PART0061,2025-11-01,16:50:33,1224,37,98,1163,PAY006447,Delayed,43
ORD006448,CUST01158,REST0048,PART0045,2026-01-11,19:43:15,639,55,119,575,PAY006448,Delivered,70
ORD006449,CUST01384,REST0230,PART0014,2025-10-19,16:42:38,1301,84,207,1178,PAY006449,Delivered,72
ORD006450,CUST01072,REST0207,PART0001,2026-01-08,22:10:43,1470,89,188,1371,PAY006450,Delivered,61
ORD006451,CUST00555,REST0035,PART0064,2025-09-22,06:15:42,316,78,26,368,PAY006451,Delivered,42
ORD006452,CUST01798,REST0287,PART0150,2026-04-18,01:25:16,1457,62,263,1256,PAY006452,Delayed,36
ORD006453,CUST00641,REST0178,PART0086,2025-08-27,21:54:43,1225,21,84,1162,PAY006453,Delayed,78
ORD006454,CUST02098,REST0268,PART0138,2026-04-19,07:26:19,1416,47,28,1435,PAY006454,Delivered,42
ORD006455,CUST02452,REST0299,PART0018,2025-10-20,15:19:17,1817,24,449,1392,PAY006455,Delivered,16
ORD006456,CUST00341,REST0178,PART0073,2025-09-17,04:33:04,410,44,87,367,PAY006456,Delivered,43
ORD006457,CUST02306,REST0252,PART0080,2026-03-21,20:17:34,751,99,20,830,PAY006457,Delivered,73
ORD006458,CUST02217,REST0204,PART0125,2026-03-08,14:13:17,1456,89,146,1399,PAY006458,Delivered,30
ORD006459,CUST00649,REST0151,PART0136,2026-05-05,06:22:06,1590,76,386,1280,PAY006459,Delivered,55
ORD006460,CUST00828,REST0217,PART0096,2025-08-01,15:48:35,922,50,131,841,PAY006460,Delivered,21
ORD006461,CUST00579,REST0201,PART0117,2025-08-11,06:58:01,663,33,106,590,PAY006461,Delivered,37
ORD006462,CUST01555,REST0084,PART0144,2025-12-09,19:38:55,172,84,38,218,PAY006462,Delivered,78
ORD006463,CUST00414,REST0191,PART0102,2025-09-07,00:30:41,320,51,18,353,PAY006463,Delayed,69
ORD006464,CUST00314,REST0262,PART0120,2025-07-16,11:08:10,276,28,79,225,PAY006464,Delivered,30
ORD006465,CUST01367,REST0294,PART0041,2025-11-04,18:42:47,377,20,34,363,PAY006465,Delivered,20
ORD006466,CUST02492,REST0282,PART0006,2026-01-11,04:30:17,1808,30,528,1310,PAY006466,Delivered,34
ORD006467,CUST02275,REST0299,PART0102,2026-02-06,15:25:56,311,51,13,349,PAY006467,Delayed,19
ORD006468,CUST01577,REST0056,PART0024,2026-05-22,11:30:08,221,44,39,226,PAY006468,Delivered,75
ORD006469,CUST01052,REST0046,PART0072,2026-01-22,12:31:03,754,31,123,662,PAY006469,Delayed,67
ORD006470,CUST00352,REST0094,PART0064,2026-04-05,08:47:11,895,58,167,786,PAY006470,Delivered,41
ORD006471,CUST01700,REST0155,PART0023,2026-05-05,03:59:27,895,95,38,952,PAY006471,Delivered,59
ORD006472,CUST00805,REST0196,PART0052,2025-12-16,15:36:59,981,44,12,1013,PAY006472,Delivered,44
ORD006473,CUST01637,REST0171,PART0005,2026-02-14,23:06:23,993,59,260,792,PAY006473,Delivered,21
ORD006474,CUST01334,REST0092,PART0082,2026-02-11,12:38:54,753,53,53,753,PAY006474,Delivered,15
ORD006475,CUST01499,REST0119,PART0102,2026-04-24,06:47:31,1310,31,211,1130,PAY006475,Delivered,48
ORD006476,CUST01783,REST0219,PART0123,2025-12-20,02:23:54,190,70,41,219,PAY006476,Delivered,77
ORD006477,CUST00852,REST0136,PART0017,2026-06-26,09:56:25,1430,32,420,1042,PAY006477,Delivered,54
ORD006478,CUST02243,REST0222,PART0071,2026-02-05,03:37:11,456,55,70,441,PAY006478,Delivered,89
ORD006479,CUST01418,REST0013,PART0147,2026-01-13,11:00:27,1553,60,110,1503,PAY006479,Delivered,17
ORD006480,CUST02133,REST0142,PART0011,2026-03-24,15:33:41,552,64,19,597,PAY006480,Delivered,63
ORD006481,CUST01055,REST0207,PART0094,2026-02-03,01:20:17,1375,39,307,1107,PAY006481,Delayed,27
ORD006482,CUST00202,REST0018,PART0077,2025-11-30,16:42:35,446,78,21,503,PAY006482,Delivered,89
ORD006483,CUST01148,REST0121,PART0133,2026-05-17,15:25:43,1922,42,439,1525,PAY006483,Cancelled,48
ORD006484,CUST00402,REST0295,PART0041,2026-03-08,09:37:15,1650,98,287,1461,PAY006484,Delayed,17
ORD006485,CUST01570,REST0109,PART0062,2026-02-25,12:13:11,249,97,12,334,PAY006485,Delivered,87
ORD006486,CUST01602,REST0066,PART0082,2026-04-21,05:21:13,1499,51,418,1132,PAY006486,Delivered,89
ORD006487,CUST01480,REST0251,PART0031,2026-06-06,13:02:53,424,90,109,405,PAY006487,Delivered,29
ORD006488,CUST00443,REST0072,PART0131,2026-05-03,06:10:39,495,57,146,406,PAY006488,Delivered,42
ORD006489,CUST00710,REST0123,PART0137,2025-12-20,14:31:00,1960,23,437,1546,PAY006489,Delivered,29
ORD006490,CUST01099,REST0187,PART0030,2026-05-04,03:30:11,583,99,43,639,PAY006490,Cancelled,68
ORD006491,CUST01639,REST0063,PART0147,2025-10-21,21:17:15,332,83,57,358,PAY006491,Delivered,70
ORD006492,CUST00389,REST0242,PART0037,2026-02-04,12:53:23,1156,99,43,1212,PAY006492,Delivered,34
ORD006493,CUST00504,REST0128,PART0054,2026-07-15,02:03:15,617,61,144,534,PAY006493,Delivered,61
ORD006494,CUST01443,REST0222,PART0043,2025-12-21,13:37:44,318,67,31,354,PAY006494,Delivered,84
ORD006495,CUST01275,REST0182,PART0006,2025-09-19,01:22:15,1623,37,367,1293,PAY006495,Delivered,49
ORD006496,CUST01092,REST0229,PART0128,2026-01-27,15:30:48,1326,52,53,1325,PAY006496,Cancelled,26
ORD006497,CUST00710,REST0040,PART0138,2026-06-14,10:14:58,489,88,137,440,PAY006497,Delivered,31
ORD006498,CUST00660,REST0050,PART0103,2026-01-26,07:34:56,734,69,140,663,PAY006498,Delivered,39
ORD006499,CUST00017,REST0109,PART0134,2025-09-03,06:25:57,416,96,62,450,PAY006499,Delivered,70
ORD006500,CUST00580,REST0084,PART0056,2026-05-24,19:25:57,1468,76,118,1426,PAY006500,Delivered,32
ORD006501,CUST00820,REST0232,PART0143,2025-07-30,09:13:11,666,40,110,596,PAY006501,Delivered,42
ORD006502,CUST01395,REST0129,PART0027,2025-10-04,14:10:28,1199,30,81,1148,PAY006502,Delivered,52
ORD006503,CUST02218,REST0144,PART0123,2025-08-13,18:05:19,429,86,124,391,PAY006503,Cancelled,59
ORD006504,CUST00370,REST0227,PART0109,2026-03-06,04:18:59,678,79,72,685,PAY006504,Delivered,54
ORD006505,CUST00015,REST0177,PART0118,2025-12-05,23:09:07,709,54,19,744,PAY006505,Delivered,90
ORD006506,CUST01318,REST0094,PART0090,2026-06-08,05:17:51,1517,24,197,1344,PAY006506,Delayed,42
ORD006507,CUST00526,REST0138,PART0077,2025-11-09,03:28:28,1335,51,323,1063,PAY006507,Delivered,49
ORD006508,CUST01533,REST0061,PART0148,2025-08-30,02:40:02,1695,49,142,1602,PAY006508,Delivered,90
ORD006509,CUST02254,REST0231,PART0124,2026-03-07,23:10:07,803,20,192,631,PAY006509,Delivered,55
ORD006510,CUST00496,REST0165,PART0116,2026-07-02,09:13:20,1161,37,278,920,PAY006510,Delivered,18
ORD006511,CUST00003,REST0054,PART0110,2025-12-23,09:45:35,1017,42,177,882,PAY006511,Delivered,37
ORD006512,CUST01838,REST0228,PART0032,2025-12-11,19:37:26,203,58,12,249,PAY006512,Delivered,48
ORD006513,CUST01950,REST0085,PART0073,2025-12-09,05:50:45,1923,56,561,1418,PAY006513,Delayed,81
ORD006514,CUST00480,REST0179,PART0045,2025-11-09,13:30:06,1346,36,219,1163,PAY006514,Delivered,81
ORD006515,CUST01741,REST0282,PART0035,2025-12-08,08:12:52,161,61,48,174,PAY006515,Delivered,21
ORD006516,CUST00720,REST0011,PART0122,2025-07-25,12:19:51,1901,26,520,1407,PAY006516,Cancelled,79
ORD006517,CUST00701,REST0019,PART0149,2025-11-15,09:33:55,1177,85,93,1169,PAY006517,Delivered,31
ORD006518,CUST00017,REST0141,PART0037,2026-01-21,11:01:34,512,100,29,583,PAY006518,Delivered,40
ORD006519,CUST02314,REST0042,PART0055,2025-10-01,09:50:12,1540,53,251,1342,PAY006519,Delivered,21
ORD006520,CUST02407,REST0298,PART0003,2026-05-03,15:12:03,1153,94,66,1181,PAY006520,Delivered,36
ORD006521,CUST00688,REST0087,PART0123,2025-07-22,11:18:35,327,22,1,348,PAY006521,Delivered,86
ORD006522,CUST02344,REST0293,PART0132,2025-10-07,23:03:14,1878,66,474,1470,PAY006522,Delivered,82
ORD006523,CUST01027,REST0109,PART0044,2026-01-01,09:17:45,831,98,176,753,PAY006523,Delivered,70
ORD006524,CUST01228,REST0026,PART0142,2026-05-13,05:59:13,625,42,43,624,PAY006524,Delayed,15
ORD006525,CUST00955,REST0247,PART0137,2026-03-21,04:36:41,1119,24,6,1137,PAY006525,Cancelled,28
ORD006526,CUST01556,REST0278,PART0084,2026-05-03,15:32:15,1761,64,50,1775,PAY006526,Delivered,33
ORD006527,CUST02090,REST0288,PART0150,2025-09-11,09:31:02,930,21,259,692,PAY006527,Delivered,62
ORD006528,CUST01338,REST0060,PART0092,2026-01-06,23:32:26,481,26,138,369,PAY006528,Delivered,25
ORD006529,CUST01570,REST0024,PART0006,2026-06-17,06:00:50,437,85,106,416,PAY006529,Delivered,88
ORD006530,CUST01187,REST0296,PART0072,2026-03-02,12:59:51,1426,78,353,1151,PAY006530,Delayed,29
ORD006531,CUST01529,REST0299,PART0016,2026-05-19,06:00:44,1745,76,112,1709,PAY006531,Delivered,45
ORD006532,CUST02001,REST0128,PART0121,2026-05-06,21:54:44,755,84,184,655,PAY006532,Delivered,31
ORD006533,CUST00433,REST0075,PART0081,2026-05-03,05:04:40,1406,22,386,1042,PAY006533,Delivered,88
ORD006534,CUST00835,REST0138,PART0059,2025-09-08,13:14:34,1186,55,266,975,PAY006534,Delivered,32
ORD006535,CUST01747,REST0252,PART0020,2026-03-25,07:34:30,1553,76,276,1353,PAY006535,Delayed,57
ORD006536,CUST02323,REST0174,PART0083,2026-05-20,12:10:34,1495,43,414,1124,PAY006536,Cancelled,77
ORD006537,CUST02035,REST0027,PART0012,2025-11-10,12:22:34,768,76,171,673,PAY006537,Delivered,74
ORD006538,CUST00193,REST0119,PART0094,2025-12-17,04:08:31,1379,30,379,1030,PAY006538,Delayed,39
ORD006539,CUST00609,REST0059,PART0121,2025-10-19,04:37:13,972,48,178,842,PAY006539,Delivered,37
ORD006540,CUST00355,REST0191,PART0083,2025-09-09,12:16:01,694,21,86,629,PAY006540,Delivered,83
ORD006541,CUST01015,REST0057,PART0070,2025-07-22,14:26:46,1472,75,215,1332,PAY006541,Delivered,43
ORD006542,CUST00451,REST0033,PART0088,2026-06-30,23:05:37,1104,27,192,939,PAY006542,Delivered,53
ORD006543,CUST02138,REST0257,PART0087,2025-10-12,10:15:05,1907,34,115,1826,PAY006543,Delivered,47
ORD006544,CUST00606,REST0198,PART0084,2026-07-02,04:32:52,1602,34,319,1317,PAY006544,Delayed,89
ORD006545,CUST00954,REST0202,PART0100,2026-01-02,17:48:40,390,80,26,444,PAY006545,Delivered,69
ORD006546,CUST00914,REST0046,PART0056,2025-10-22,11:10:36,1273,35,142,1166,PAY006546,Delivered,72
ORD006547,CUST00381,REST0291,PART0140,2026-01-21,06:52:17,197,20,44,173,PAY006547,Cancelled,22
ORD006548,CUST02275,REST0085,PART0047,2025-12-18,06:58:15,159,72,15,216,PAY006548,Delivered,50
ORD006549,CUST01423,REST0136,PART0146,2026-01-13,08:28:48,631,40,98,573,PAY006549,Delivered,55
ORD006550,CUST02053,REST0062,PART0149,2026-04-19,02:24:39,1514,85,311,1288,PAY006550,Delivered,77
ORD006551,CUST01335,REST0034,PART0116,2026-01-12,21:48:50,1489,62,439,1112,PAY006551,Delivered,29
ORD006552,CUST02373,REST0286,PART0011,2025-12-07,13:02:54,733,50,102,681,PAY006552,Delayed,42
ORD006553,CUST02187,REST0105,PART0008,2026-06-23,22:12:06,901,97,131,867,PAY006553,Delivered,51
ORD006554,CUST00192,REST0036,PART0009,2025-10-03,17:39:48,708,26,134,600,PAY006554,Delivered,15
ORD006555,CUST02216,REST0048,PART0138,2026-01-12,04:03:16,1351,61,205,1207,PAY006555,Delivered,42
ORD006556,CUST01629,REST0241,PART0044,2025-09-04,21:20:22,1983,44,87,1940,PAY006556,Delivered,64
ORD006557,CUST00974,REST0025,PART0115,2025-12-24,17:19:44,739,22,195,566,PAY006557,Delivered,59
ORD006558,CUST02354,REST0291,PART0007,2025-08-05,04:22:25,839,92,209,722,PAY006558,Delivered,70
ORD006559,CUST00247,REST0193,PART0115,2025-10-19,12:46:07,192,86,7,271,PAY006559,Delivered,29
ORD006560,CUST01540,REST0190,PART0026,2025-09-10,18:17:58,1328,33,226,1135,PAY006560,Delivered,17
ORD006561,CUST02214,REST0196,PART0085,2026-06-29,14:48:00,1389,40,13,1416,PAY006561,Cancelled,42
ORD006562,CUST01464,REST0273,PART0051,2026-03-21,19:14:14,1336,54,181,1209,PAY006562,Cancelled,39
ORD006563,CUST01361,REST0132,PART0145,2026-07-09,14:24:53,896,75,197,774,PAY006563,Delivered,46
ORD006564,CUST00606,REST0211,PART0133,2025-08-24,13:50:06,1096,85,54,1127,PAY006564,Delivered,85
ORD006565,CUST01921,REST0286,PART0097,2025-11-07,23:17:17,1649,35,3,1681,PAY006565,Delivered,45
ORD006566,CUST01902,REST0021,PART0056,2025-12-08,12:03:24,270,30,76,224,PAY006566,Delivered,17
ORD006567,CUST01902,REST0217,PART0033,2025-08-05,20:54:00,1435,87,61,1461,PAY006567,Cancelled,46
ORD006568,CUST00467,REST0044,PART0030,2025-11-29,09:12:08,836,87,139,784,PAY006568,Delivered,36
ORD006569,CUST01486,REST0049,PART0140,2026-01-12,20:44:22,1098,73,50,1121,PAY006569,Delivered,18
ORD006570,CUST00520,REST0135,PART0100,2026-07-04,09:56:24,1179,54,159,1074,PAY006570,Delayed,74
ORD006571,CUST01041,REST0072,PART0089,2025-12-13,08:45:46,1753,22,62,1713,PAY006571,Delivered,71
ORD006572,CUST00753,REST0174,PART0066,2026-06-25,17:39:53,796,83,23,856,PAY006572,Cancelled,53
ORD006573,CUST01446,REST0045,PART0101,2026-03-27,00:13:11,767,76,145,698,PAY006573,Cancelled,23
ORD006574,CUST00274,REST0136,PART0008,2026-06-19,22:28:23,1898,98,18,1978,PAY006574,Delivered,90
ORD006575,CUST01232,REST0160,PART0147,2025-12-31,13:12:29,835,58,238,655,PAY006575,Delivered,69
ORD006576,CUST00449,REST0216,PART0090,2025-08-15,13:57:19,1479,67,74,1472,PAY006576,Delayed,46
ORD006577,CUST00890,REST0299,PART0013,2026-03-05,13:45:35,1999,98,467,1630,PAY006577,Delayed,73
ORD006578,CUST01461,REST0078,PART0066,2025-11-07,09:36:51,949,71,248,772,PAY006578,Cancelled,53
ORD006579,CUST01314,REST0247,PART0127,2025-12-01,00:31:43,1876,50,106,1820,PAY006579,Delivered,16
ORD006580,CUST00270,REST0053,PART0034,2026-05-31,02:56:41,1997,64,570,1491,PAY006580,Delivered,50
ORD006581,CUST01937,REST0225,PART0141,2026-01-31,07:12:41,1700,27,407,1320,PAY006581,Delivered,44
ORD006582,CUST01727,REST0262,PART0013,2026-02-15,11:08:21,608,61,10,659,PAY006582,Delivered,28
ORD006583,CUST00491,REST0215,PART0107,2026-01-17,12:45:42,434,38,117,355,PAY006583,Delivered,36
ORD006584,CUST01467,REST0093,PART0108,2025-07-31,23:30:24,1904,97,234,1767,PAY006584,Delivered,15
ORD006585,CUST00711,REST0214,PART0088,2026-07-13,23:05:24,1094,100,229,965,PAY006585,Delivered,57
ORD006586,CUST01781,REST0051,PART0049,2026-06-18,14:00:04,287,46,16,317,PAY006586,Delivered,57
ORD006587,CUST00337,REST0283,PART0033,2026-06-10,06:01:52,429,77,1,505,PAY006587,Delivered,42
ORD006588,CUST00236,REST0027,PART0043,2026-01-18,10:40:09,1473,36,329,1180,PAY006588,Delivered,56
ORD006589,CUST01930,REST0159,PART0005,2025-08-11,13:19:13,238,55,51,242,PAY006589,Delivered,73
ORD006590,CUST00953,REST0058,PART0020,2025-11-30,03:09:58,1265,67,112,1220,PAY006590,Delivered,58
ORD006591,CUST01327,REST0213,PART0046,2025-11-21,23:09:07,754,84,56,782,PAY006591,Delivered,86
ORD006592,CUST00437,REST0261,PART0067,2025-09-29,09:08:59,845,44,175,714,PAY006592,Delivered,84
ORD006593,CUST02305,REST0078,PART0029,2025-11-13,18:23:12,636,68,73,631,PAY006593,Delivered,59
ORD006594,CUST01038,REST0187,PART0134,2026-07-09,07:19:03,1830,95,424,1501,PAY006594,Delivered,74
ORD006595,CUST00858,REST0025,PART0054,2026-01-29,00:44:30,924,69,99,894,PAY006595,Delayed,31
ORD006596,CUST02262,REST0263,PART0012,2025-09-18,16:30:54,346,75,97,324,PAY006596,Delivered,74
ORD006597,CUST00343,REST0172,PART0087,2025-07-20,12:50:34,345,85,19,411,PAY006597,Delivered,77
ORD006598,CUST01507,REST0052,PART0046,2025-08-24,14:00:06,1813,31,137,1707,PAY006598,Delivered,28
ORD006599,CUST00799,REST0149,PART0004,2025-09-10,22:02:32,1268,44,354,958,PAY006599,Delivered,24
ORD006600,CUST01246,REST0137,PART0088,2026-05-01,07:31:20,1327,29,303,1053,PAY006600,Delivered,61
ORD006601,CUST02384,REST0193,PART0039,2026-04-18,09:46:16,1983,75,397,1661,PAY006601,Delivered,59
ORD006602,CUST00420,REST0249,PART0032,2026-02-19,08:11:28,991,77,52,1016,PAY006602,Delivered,32
ORD006603,CUST01965,REST0138,PART0032,2025-10-28,22:43:34,617,59,93,583,PAY006603,Cancelled,71
ORD006604,CUST00853,REST0003,PART0013,2025-08-08,11:58:44,855,99,88,866,PAY006604,Delivered,31
ORD006605,CUST00947,REST0231,PART0024,2025-07-25,19:51:32,749,42,33,758,PAY006605,Delivered,66
ORD006606,CUST00789,REST0183,PART0022,2026-01-30,02:44:19,787,49,55,781,PAY006606,Delayed,72
ORD006607,CUST01298,REST0069,PART0042,2025-10-09,04:09:57,284,28,8,304,PAY006607,Delivered,71
ORD006608,CUST00228,REST0216,PART0121,2026-03-18,04:06:15,1867,98,217,1748,PAY006608,Delivered,69
ORD006609,CUST00478,REST0048,PART0128,2026-02-03,14:42:44,407,26,81,352,PAY006609,Delivered,46
ORD006610,CUST00470,REST0016,PART0068,2025-12-07,10:14:45,232,29,5,256,PAY006610,Cancelled,65
ORD006611,CUST00192,REST0160,PART0150,2025-07-25,14:47:29,1830,62,190,1702,PAY006611,Delivered,58
ORD006612,CUST01641,REST0178,PART0023,2026-01-06,08:47:51,1990,73,547,1516,PAY006612,Delivered,17
ORD006613,CUST00863,REST0242,PART0047,2025-12-19,21:51:53,1272,96,183,1185,PAY006613,Delivered,32
ORD006614,CUST02350,REST0094,PART0003,2025-11-22,23:16:44,1732,87,235,1584,PAY006614,Delivered,36
ORD006615,CUST01260,REST0138,PART0136,2026-05-22,08:27:19,1766,47,185,1628,PAY006615,Cancelled,84
ORD006616,CUST01462,REST0237,PART0122,2026-03-11,06:40:36,1733,72,446,1359,PAY006616,Delayed,66
ORD006617,CUST01444,REST0085,PART0142,2026-01-11,00:00:53,788,47,146,689,PAY006617,Cancelled,87
ORD006618,CUST00681,REST0152,PART0088,2025-11-27,23:22:27,1017,50,37,1030,PAY006618,Delivered,45
ORD006619,CUST00270,REST0040,PART0104,2026-03-14,17:07:59,1078,53,297,834,PAY006619,Delivered,19
ORD006620,CUST00494,REST0286,PART0041,2025-11-20,01:24:31,693,79,139,633,PAY006620,Delayed,33
ORD006621,CUST01111,REST0294,PART0075,2025-11-03,21:30:20,587,54,173,468,PAY006621,Cancelled,50
ORD006622,CUST01455,REST0203,PART0080,2025-12-06,03:29:52,1247,58,268,1037,PAY006622,Delivered,53
ORD006623,CUST00484,REST0189,PART0119,2025-08-05,00:22:00,314,53,22,345,PAY006623,Delivered,32
ORD006624,CUST01052,REST0068,PART0098,2026-05-23,09:44:25,1671,95,47,1719,PAY006624,Delivered,22
ORD006625,CUST02373,REST0044,PART0070,2026-02-02,00:33:29,281,48,25,304,PAY006625,Delivered,44
ORD006626,CUST01154,REST0204,PART0030,2026-02-28,16:10:36,415,76,51,440,PAY006626,Delivered,31
ORD006627,CUST01322,REST0136,PART0094,2025-09-02,03:00:38,1651,96,180,1567,PAY006627,Delivered,33
ORD006628,CUST00458,REST0107,PART0114,2026-06-24,08:55:00,1633,93,398,1328,PAY006628,Delivered,37
ORD006629,CUST01808,REST0112,PART0016,2026-01-02,11:57:21,1837,72,479,1430,PAY006629,Delivered,73
ORD006630,CUST00876,REST0131,PART0103,2026-05-06,19:27:15,204,50,54,200,PAY006630,Cancelled,86
ORD006631,CUST00869,REST0289,PART0030,2026-01-21,13:46:41,254,81,43,292,PAY006631,Cancelled,26
ORD006632,CUST02090,REST0108,PART0083,2025-12-31,13:26:56,473,86,21,538,PAY006632,Cancelled,16
ORD006633,CUST02180,REST0165,PART0087,2026-05-08,19:25:45,1424,84,155,1353,PAY006633,Delivered,16
ORD006634,CUST00488,REST0178,PART0025,2026-01-31,20:21:17,225,70,65,230,PAY006634,Delivered,26
ORD006635,CUST02058,REST0171,PART0102,2025-07-30,06:47:22,998,37,235,800,PAY006635,Delayed,67
ORD006636,CUST00664,REST0237,PART0046,2026-04-01,00:20:40,296,80,50,326,PAY006636,Delivered,54
ORD006637,CUST01250,REST0138,PART0093,2026-05-14,21:28:04,1825,84,126,1783,PAY006637,Delivered,67
ORD006638,CUST02468,REST0232,PART0088,2026-02-14,01:25:35,320,54,75,299,PAY006638,Delivered,41
ORD006639,CUST01577,REST0109,PART0063,2026-04-25,05:26:12,292,57,33,316,PAY006639,Delayed,84
ORD006640,CUST01367,REST0002,PART0023,2026-05-03,02:23:37,808,61,72,797,PAY006640,Delivered,31
ORD006641,CUST01217,REST0287,PART0026,2026-02-21,04:33:42,436,29,128,337,PAY006641,Delivered,41
ORD006642,CUST01466,REST0126,PART0015,2026-01-28,17:34:00,412,26,122,316,PAY006642,Delivered,85
ORD006643,CUST00960,REST0013,PART0145,2025-08-11,08:58:21,1215,99,364,950,PAY006643,Delivered,34
ORD006644,CUST01265,REST0036,PART0128,2025-09-13,18:55:52,460,25,42,443,PAY006644,Delivered,69
ORD006645,CUST00187,REST0207,PART0136,2026-07-13,13:29:37,1752,95,449,1398,PAY006645,Delivered,40
ORD006646,CUST01549,REST0210,PART0115,2026-06-01,12:40:26,475,90,42,523,PAY006646,Delivered,52
ORD006647,CUST00030,REST0247,PART0125,2025-12-10,00:18:29,1550,22,341,1231,PAY006647,Delivered,43
ORD006648,CUST01678,REST0095,PART0094,2025-11-21,11:01:55,1564,57,297,1324,PAY006648,Delivered,59
ORD006649,CUST00372,REST0112,PART0094,2026-03-29,19:10:54,187,34,9,212,PAY006649,Delivered,57
ORD006650,CUST01385,REST0114,PART0065,2026-04-19,15:16:54,256,35,20,271,PAY006650,Delivered,40
ORD006651,CUST01760,REST0298,PART0057,2026-01-03,01:35:52,1642,53,199,1496,PAY006651,Delivered,74
ORD006652,CUST01781,REST0153,PART0075,2026-04-26,07:23:54,1022,80,168,934,PAY006652,Delivered,17
ORD006653,CUST02110,REST0090,PART0047,2026-04-22,20:23:08,1439,31,137,1333,PAY006653,Delivered,30
ORD006654,CUST01354,REST0253,PART0047,2026-03-19,22:19:43,1418,53,410,1061,PAY006654,Delivered,17
ORD006655,CUST00667,REST0052,PART0102,2025-10-27,23:23:56,917,60,116,861,PAY006655,Delivered,85
ORD006656,CUST00004,REST0079,PART0100,2025-09-10,03:31:01,1950,65,324,1691,PAY006656,Delivered,51
ORD006657,CUST00855,REST0201,PART0014,2025-09-09,11:17:48,178,65,33,210,PAY006657,Delivered,74
ORD006658,CUST01155,REST0297,PART0148,2026-05-08,05:09:37,454,91,128,417,PAY006658,Delivered,40
ORD006659,CUST01590,REST0259,PART0149,2026-07-06,14:09:42,456,88,104,440,PAY006659,Delivered,82
ORD006660,CUST01395,REST0093,PART0136,2025-09-30,11:45:35,350,23,51,322,PAY006660,Delivered,59
ORD006661,CUST01287,REST0090,PART0055,2025-08-21,10:22:55,788,45,8,825,PAY006661,Cancelled,69
ORD006662,CUST00957,REST0228,PART0005,2026-03-12,19:28:39,1927,32,442,1517,PAY006662,Delivered,73
ORD006663,CUST00120,REST0024,PART0090,2025-12-12,07:54:06,1167,53,71,1149,PAY006663,Delivered,21
ORD006664,CUST00020,REST0227,PART0146,2025-10-31,08:03:35,1480,99,150,1429,PAY006664,Delivered,44
ORD006665,CUST02100,REST0043,PART0013,2025-12-16,09:51:39,1056,80,287,849,PAY006665,Delivered,48
ORD006666,CUST01426,REST0013,PART0092,2025-10-09,18:33:16,906,94,51,949,PAY006666,Delivered,48
ORD006667,CUST01832,REST0268,PART0073,2025-08-01,12:15:01,1956,57,569,1444,PAY006667,Delivered,20
ORD006668,CUST00428,REST0134,PART0002,2025-08-02,08:01:36,364,59,63,360,PAY006668,Delivered,80
ORD006669,CUST01431,REST0040,PART0083,2025-11-10,21:07:13,1098,82,295,885,PAY006669,Delivered,66
ORD006670,CUST02423,REST0059,PART0052,2025-07-20,22:42:33,1355,40,68,1327,PAY006670,Delivered,73
ORD006671,CUST01631,REST0284,PART0135,2025-09-05,20:54:05,219,100,8,311,PAY006671,Delayed,51
ORD006672,CUST01654,REST0121,PART0059,2025-09-29,18:36:08,781,81,216,646,PAY006672,Delivered,16
ORD006673,CUST01929,REST0052,PART0079,2025-12-25,17:20:15,1566,94,158,1502,PAY006673,Delivered,28
ORD006674,CUST02054,REST0155,PART0036,2026-02-22,08:00:17,1490,93,95,1488,PAY006674,Delivered,74
ORD006675,CUST00420,REST0222,PART0087,2025-09-29,10:52:25,1154,78,142,1090,PAY006675,Cancelled,45
ORD006676,CUST02277,REST0176,PART0108,2025-12-25,10:00:14,985,68,225,828,PAY006676,Delivered,41
ORD006677,CUST00969,REST0204,PART0018,2026-05-22,17:24:28,357,68,37,388,PAY006677,Delivered,29
ORD006678,CUST02408,REST0191,PART0036,2026-06-01,23:56:38,979,86,188,877,PAY006678,Delayed,54
ORD006679,CUST02139,REST0253,PART0078,2026-06-24,05:30:04,1162,35,220,977,PAY006679,Delivered,77
ORD006680,CUST01016,REST0140,PART0053,2025-09-13,03:14:21,485,60,104,441,PAY006680,Delivered,37
ORD006681,CUST00336,REST0014,PART0043,2025-12-29,00:53:43,329,21,15,335,PAY006681,Delivered,86
ORD006682,CUST02342,REST0035,PART0070,2026-02-13,16:43:23,565,35,68,532,PAY006682,Delivered,24
ORD006683,CUST00530,REST0024,PART0021,2026-02-21,21:40:37,323,31,94,260,PAY006683,Delivered,73
ORD006684,CUST00382,REST0161,PART0122,2025-10-23,07:56:33,1107,53,286,874,PAY006684,Delivered,87
ORD006685,CUST01123,REST0067,PART0049,2026-07-07,00:11:41,347,95,103,339,PAY006685,Delivered,79
ORD006686,CUST01055,REST0165,PART0138,2025-10-06,00:52:30,531,28,44,515,PAY006686,Delivered,34
ORD006687,CUST02085,REST0013,PART0128,2025-07-16,11:04:35,1902,81,8,1975,PAY006687,Delivered,20
ORD006688,CUST01487,REST0230,PART0069,2025-08-10,23:05:02,519,79,132,466,PAY006688,Delivered,39
ORD006689,CUST01352,REST0141,PART0046,2025-09-17,16:42:37,1571,56,83,1544,PAY006689,Delivered,54
ORD006690,CUST00443,REST0164,PART0075,2026-06-14,18:46:01,274,42,49,267,PAY006690,Delayed,66
ORD006691,CUST00007,REST0248,PART0045,2025-07-30,18:57:13,1043,97,67,1073,PAY006691,Delivered,88
ORD006692,CUST00476,REST0268,PART0113,2025-10-27,08:30:10,455,36,60,431,PAY006692,Cancelled,18
ORD006693,CUST01436,REST0119,PART0150,2026-04-24,16:08:26,576,58,70,564,PAY006693,Cancelled,71
ORD006694,CUST00084,REST0103,PART0132,2026-01-19,16:33:06,1274,42,291,1025,PAY006694,Delivered,56
ORD006695,CUST00189,REST0071,PART0143,2026-05-17,21:16:36,1584,96,256,1424,PAY006695,Delivered,53
ORD006696,CUST02120,REST0103,PART0108,2025-08-10,21:47:12,153,39,28,164,PAY006696,Delivered,31
ORD006697,CUST01213,REST0056,PART0076,2025-10-09,07:54:00,1280,55,316,1019,PAY006697,Delivered,73
ORD006698,CUST01867,REST0168,PART0021,2026-01-14,02:43:33,263,53,36,280,PAY006698,Delivered,59
ORD006699,CUST01642,REST0010,PART0111,2026-07-06,15:27:33,1984,82,170,1896,PAY006699,Delayed,17
ORD006700,CUST02120,REST0076,PART0003,2025-09-18,13:19:56,1727,36,255,1508,PAY006700,Delivered,17
ORD006701,CUST01936,REST0275,PART0003,2026-07-10,09:45:20,1546,42,304,1284,PAY006701,Delivered,68
ORD006702,CUST01099,REST0217,PART0081,2026-04-03,10:59:17,1646,90,71,1665,PAY006702,Cancelled,55
ORD006703,CUST00742,REST0088,PART0031,2026-01-23,21:22:47,1398,38,76,1360,PAY006703,Delivered,31
ORD006704,CUST00086,REST0105,PART0082,2025-08-29,14:33:29,1271,33,204,1100,PAY006704,Delivered,83
ORD006705,CUST00933,REST0086,PART0127,2025-08-16,07:09:43,1734,42,153,1623,PAY006705,Delivered,33
ORD006706,CUST01098,REST0037,PART0101,2026-04-02,05:12:42,774,53,35,792,PAY006706,Delivered,22
ORD006707,CUST00334,REST0131,PART0140,2026-01-10,17:37:58,588,91,134,545,PAY006707,Delivered,89
ORD006708,CUST00684,REST0085,PART0055,2026-05-27,11:17:20,705,89,171,623,PAY006708,Cancelled,39
ORD006709,CUST01619,REST0062,PART0150,2026-06-30,12:51:25,1178,58,217,1019,PAY006709,Delivered,87
ORD006710,CUST00385,REST0261,PART0103,2025-11-26,08:20:00,316,25,65,276,PAY006710,Delivered,40
ORD006711,CUST00929,REST0229,PART0082,2026-03-12,18:46:09,377,50,82,345,PAY006711,Delivered,37
ORD006712,CUST01464,REST0155,PART0066,2026-04-24,22:30:56,1745,53,353,1445,PAY006712,Delivered,72
ORD006713,CUST00211,REST0136,PART0133,2025-12-07,18:10:04,466,81,7,540,PAY006713,Delivered,78
ORD006714,CUST00718,REST0176,PART0116,2026-06-11,13:54:03,1731,52,169,1614,PAY006714,Delivered,40
ORD006715,CUST02110,REST0187,PART0014,2026-01-14,08:30:06,597,82,64,615,PAY006715,Delivered,82
ORD006716,CUST00911,REST0075,PART0013,2025-10-24,11:18:11,1754,76,275,1555,PAY006716,Delivered,21
ORD006717,CUST02256,REST0127,PART0001,2026-02-25,08:13:36,1499,20,425,1094,PAY006717,Delivered,73
ORD006718,CUST01564,REST0248,PART0094,2026-02-18,04:01:42,648,75,191,532,PAY006718,Delivered,79
ORD006719,CUST01993,REST0048,PART0082,2026-02-14,00:49:35,1341,86,226,1201,PAY006719,Delivered,74
ORD006720,CUST00911,REST0257,PART0055,2026-06-26,13:27:35,613,49,85,577,PAY006720,Delivered,78
ORD006721,CUST02188,REST0150,PART0015,2026-07-01,06:45:30,226,43,31,238,PAY006721,Delivered,56
ORD006722,CUST01879,REST0195,PART0027,2026-05-28,12:22:03,1366,57,347,1076,PAY006722,Delivered,36
ORD006723,CUST00629,REST0023,PART0119,2026-04-30,10:46:15,1662,87,61,1688,PAY006723,Delivered,66
ORD006724,CUST02353,REST0181,PART0041,2025-11-21,15:12:21,723,89,9,803,PAY006724,Delivered,35
ORD006725,CUST01862,REST0168,PART0110,2026-03-18,12:01:37,1495,37,386,1146,PAY006725,Delivered,29
ORD006726,CUST01830,REST0078,PART0014,2026-03-31,11:29:45,1617,51,459,1209,PAY006726,Delivered,25
ORD006727,CUST00461,REST0229,PART0083,2025-11-20,01:18:02,1893,22,65,1850,PAY006727,Delivered,57
ORD006728,CUST01883,REST0151,PART0123,2026-02-05,19:04:37,1570,70,232,1408,PAY006728,Delivered,46
ORD006729,CUST01715,REST0233,PART0078,2025-09-14,16:04:24,379,25,113,291,PAY006729,Cancelled,53
ORD006730,CUST02309,REST0022,PART0126,2026-04-01,13:41:25,1766,97,520,1343,PAY006730,Delivered,30
ORD006731,CUST02128,REST0264,PART0014,2026-04-07,02:05:40,1149,100,251,998,PAY006731,Delivered,45
ORD006732,CUST02358,REST0070,PART0057,2026-06-05,15:53:56,1809,41,293,1557,PAY006732,Delivered,15
ORD006733,CUST01240,REST0062,PART0137,2026-04-20,12:39:12,1297,47,114,1230,PAY006733,Delivered,76
ORD006734,CUST00075,REST0101,PART0050,2026-03-02,06:56:09,1746,60,320,1486,PAY006734,Cancelled,22
ORD006735,CUST01513,REST0138,PART0053,2026-02-03,04:59:35,1903,21,194,1730,PAY006735,Delivered,28
ORD006736,CUST00619,REST0293,PART0095,2026-04-07,08:05:54,1053,48,55,1046,PAY006736,Delivered,18
ORD006737,CUST02235,REST0056,PART0139,2025-11-01,13:55:50,1278,85,320,1043,PAY006737,Delivered,78
ORD006738,CUST00936,REST0071,PART0046,2026-05-25,08:01:03,1307,92,236,1163,PAY006738,Delivered,89
ORD006739,CUST00160,REST0074,PART0134,2026-03-03,20:52:41,1941,81,537,1485,PAY006739,Delivered,45
ORD006740,CUST00863,REST0296,PART0025,2026-05-14,12:02:14,1878,89,405,1562,PAY006740,Delivered,19
ORD006741,CUST01757,REST0236,PART0144,2026-06-29,10:37:03,515,23,70,468,PAY006741,Delivered,68
ORD006742,CUST00261,REST0199,PART0149,2025-10-19,12:07:17,232,48,69,211,PAY006742,Delivered,23
ORD006743,CUST01610,REST0246,PART0011,2025-10-12,02:07:06,1695,52,279,1468,PAY006743,Delivered,74
ORD006744,CUST01667,REST0132,PART0070,2026-05-28,17:30:26,1580,98,275,1403,PAY006744,Delayed,50
ORD006745,CUST01438,REST0042,PART0011,2025-07-24,20:56:44,281,35,69,247,PAY006745,Delivered,28
ORD006746,CUST00718,REST0166,PART0086,2025-12-31,17:47:05,688,41,112,617,PAY006746,Delivered,73
ORD006747,CUST00191,REST0270,PART0127,2026-01-19,23:22:08,180,33,32,181,PAY006747,Delivered,32
ORD006748,CUST00919,REST0009,PART0034,2025-10-29,22:46:22,1180,58,89,1149,PAY006748,Delivered,35
ORD006749,CUST01526,REST0082,PART0030,2025-11-20,16:24:19,1793,43,496,1340,PAY006749,Delivered,59
ORD006750,CUST00283,REST0062,PART0069,2026-07-16,06:40:05,1147,38,123,1062,PAY006750,Delayed,43
ORD006751,CUST00958,REST0278,PART0041,2026-01-29,20:28:41,288,69,49,308,PAY006751,Delivered,68
ORD006752,CUST01799,REST0068,PART0120,2025-11-09,23:17:51,1049,66,298,817,PAY006752,Cancelled,71
ORD006753,CUST01127,REST0209,PART0007,2026-01-25,23:38:17,1488,93,260,1321,PAY006753,Delivered,60
ORD006754,CUST01358,REST0226,PART0074,2026-04-23,12:32:27,1588,58,201,1445,PAY006754,Delivered,22
ORD006755,CUST01064,REST0274,PART0112,2025-12-20,09:57:14,930,88,118,900,PAY006755,Delivered,79
ORD006756,CUST01190,REST0206,PART0041,2025-08-05,03:49:02,342,74,88,328,PAY006756,Cancelled,31
ORD006757,CUST00080,REST0167,PART0062,2026-03-03,00:46:08,1133,44,199,978,PAY006757,Delivered,15
ORD006758,CUST00096,REST0017,PART0124,2025-11-09,21:11:12,281,30,1,310,PAY006758,Delivered,75
ORD006759,CUST00641,REST0210,PART0053,2026-05-23,13:55:59,634,34,132,536,PAY006759,Cancelled,76
ORD006760,CUST00196,REST0107,PART0047,2026-06-16,10:42:30,1351,89,248,1192,PAY006760,Delivered,38
ORD006761,CUST00815,REST0119,PART0039,2025-10-24,07:11:31,265,85,11,339,PAY006761,Delivered,35
ORD006762,CUST01513,REST0136,PART0090,2025-08-26,14:24:50,1940,53,298,1695,PAY006762,Delivered,51
ORD006763,CUST02125,REST0254,PART0045,2026-06-01,06:40:18,1137,40,227,950,PAY006763,Delivered,52
ORD006764,CUST00311,REST0234,PART0080,2025-09-11,16:59:26,1782,76,470,1388,PAY006764,Delayed,18
ORD006765,CUST01841,REST0292,PART0148,2026-02-16,18:53:53,952,91,198,845,PAY006765,Delivered,48
ORD006766,CUST00495,REST0112,PART0121,2025-10-11,02:07:47,1926,20,384,1562,PAY006766,Delivered,69
ORD006767,CUST01855,REST0193,PART0022,2026-06-09,04:59:32,1239,41,97,1183,PAY006767,Delivered,86
ORD006768,CUST00837,REST0016,PART0140,2026-05-16,12:19:18,799,97,219,677,PAY006768,Delivered,78
ORD006769,CUST02459,REST0036,PART0046,2025-10-09,06:34:39,1910,83,29,1964,PAY006769,Cancelled,79
ORD006770,CUST00890,REST0162,PART0143,2026-06-23,06:56:27,318,40,51,307,PAY006770,Delivered,29
ORD006771,CUST00138,REST0089,PART0100,2025-10-20,20:11:53,1039,81,38,1082,PAY006771,Delayed,36
ORD006772,CUST00419,REST0103,PART0050,2026-01-12,13:49:30,1602,61,387,1276,PAY006772,Delivered,55
ORD006773,CUST01181,REST0149,PART0059,2026-07-02,18:37:52,417,84,110,391,PAY006773,Delivered,77
ORD006774,CUST02049,REST0131,PART0008,2025-09-13,18:15:44,1783,89,188,1684,PAY006774,Delivered,27
ORD006775,CUST00177,REST0136,PART0063,2026-07-10,21:13:07,876,36,29,883,PAY006775,Delivered,38
ORD006776,CUST00642,REST0257,PART0031,2025-08-23,12:47:05,1302,28,276,1054,PAY006776,Delivered,34
ORD006777,CUST01716,REST0221,PART0120,2026-04-13,01:51:38,1136,99,203,1032,PAY006777,Delivered,80
ORD006778,CUST02008,REST0087,PART0069,2026-02-11,19:32:55,203,44,6,241,PAY006778,Delayed,21
ORD006779,CUST01435,REST0042,PART0055,2026-01-28,16:35:47,1398,47,243,1202,PAY006779,Delivered,77
ORD006780,CUST02173,REST0058,PART0078,2025-12-04,05:07:51,1965,88,264,1789,PAY006780,Delivered,28
ORD006781,CUST02308,REST0052,PART0143,2025-12-23,11:55:20,1657,68,253,1472,PAY006781,Delivered,52
ORD006782,CUST00012,REST0261,PART0070,2026-04-30,14:36:47,289,99,19,369,PAY006782,Delivered,69
ORD006783,CUST00374,REST0292,PART0068,2025-12-18,12:40:14,661,85,86,660,PAY006783,Cancelled,20
ORD006784,CUST01422,REST0298,PART0055,2025-12-26,01:52:20,1255,57,349,963,PAY006784,Delivered,47
ORD006785,CUST01892,REST0187,PART0045,2026-02-21,06:38:01,1950,32,48,1934,PAY006785,Delivered,85
ORD006786,CUST01941,REST0085,PART0036,2025-11-21,20:55:19,1599,97,316,1380,PAY006786,Cancelled,58
ORD006787,CUST01378,REST0128,PART0031,2025-11-09,09:27:42,246,36,22,260,PAY006787,Cancelled,35
ORD006788,CUST01170,REST0292,PART0094,2025-08-16,17:58:15,495,67,68,494,PAY006788,Delivered,55
ORD006789,CUST02362,REST0163,PART0140,2025-10-18,10:00:05,656,21,115,562,PAY006789,Cancelled,31
ORD006790,CUST01804,REST0077,PART0061,2025-09-17,07:53:36,1750,74,480,1344,PAY006790,Delivered,63
ORD006791,CUST00784,REST0289,PART0003,2026-03-15,05:06:53,1515,82,266,1331,PAY006791,Delivered,71
ORD006792,CUST00826,REST0279,PART0002,2026-01-19,02:39:20,1980,30,416,1594,PAY006792,Delayed,66
ORD006793,CUST01225,REST0007,PART0149,2026-07-11,19:11:56,520,71,123,468,PAY006793,Cancelled,19
ORD006794,CUST00457,REST0256,PART0100,2026-03-30,16:18:11,1105,37,86,1056,PAY006794,Delivered,50
ORD006795,CUST00283,REST0147,PART0092,2025-08-10,23:56:40,180,47,25,202,PAY006795,Delivered,53
ORD006796,CUST00328,REST0186,PART0098,2026-05-13,04:59:56,201,43,38,206,PAY006796,Delivered,57
ORD006797,CUST02141,REST0144,PART0144,2025-11-15,04:04:59,1512,61,382,1191,PAY006797,Delivered,53
ORD006798,CUST00736,REST0065,PART0138,2026-07-10,21:53:52,1459,54,292,1221,PAY006798,Delayed,43
ORD006799,CUST00548,REST0070,PART0060,2026-06-26,14:43:45,1610,71,17,1664,PAY006799,Delivered,60
ORD006800,CUST02094,REST0208,PART0049,2025-08-07,08:10:00,317,82,38,361,PAY006800,Delivered,68
ORD006801,CUST00190,REST0180,PART0138,2026-01-01,10:05:47,646,89,188,547,PAY006801,Cancelled,47
ORD006802,CUST00938,REST0173,PART0027,2025-12-20,21:17:03,1121,20,134,1007,PAY006802,Delivered,77
ORD006803,CUST01793,REST0083,PART0109,2026-05-28,18:42:34,1391,44,41,1394,PAY006803,Delivered,23
ORD006804,CUST01627,REST0103,PART0020,2025-12-31,01:53:13,1258,53,167,1144,PAY006804,Delivered,47
ORD006805,CUST00426,REST0092,PART0108,2025-09-14,01:36:15,1547,95,203,1439,PAY006805,Delivered,57
ORD006806,CUST02494,REST0250,PART0093,2025-12-24,02:37:45,1230,88,364,954,PAY006806,Delivered,57
ORD006807,CUST01937,REST0245,PART0138,2026-01-16,00:05:40,1817,60,199,1678,PAY006807,Delivered,80
ORD006808,CUST00177,REST0208,PART0085,2025-07-28,02:57:46,1022,73,263,832,PAY006808,Delivered,24
ORD006809,CUST02079,REST0284,PART0115,2025-11-22,20:54:05,1326,90,384,1032,PAY006809,Delivered,51
ORD006810,CUST00741,REST0043,PART0122,2026-07-15,08:48:05,1594,80,99,1575,PAY006810,Delivered,72
ORD006811,CUST01303,REST0237,PART0074,2025-12-07,01:59:04,1716,61,300,1477,PAY006811,Cancelled,76
ORD006812,CUST01401,REST0174,PART0142,2025-08-31,03:44:30,962,25,266,721,PAY006812,Delivered,79
ORD006813,CUST01529,REST0213,PART0073,2025-11-12,20:37:44,789,89,202,676,PAY006813,Cancelled,44
ORD006814,CUST00338,REST0037,PART0083,2025-10-15,18:30:37,1595,66,157,1504,PAY006814,Delivered,69
ORD006815,CUST00210,REST0044,PART0089,2026-01-21,04:29:11,457,80,116,421,PAY006815,Delivered,64
ORD006816,CUST00333,REST0277,PART0015,2026-06-22,15:39:08,948,71,275,744,PAY006816,Delayed,62
ORD006817,CUST00109,REST0024,PART0143,2026-01-23,06:15:59,1072,95,76,1091,PAY006817,Delivered,56
ORD006818,CUST01731,REST0143,PART0105,2026-07-11,13:50:44,965,50,52,963,PAY006818,Delivered,20
ORD006819,CUST01266,REST0289,PART0052,2025-12-17,03:59:31,1555,71,324,1302,PAY006819,Cancelled,35
ORD006820,CUST02207,REST0108,PART0132,2026-03-01,18:17:38,835,62,177,720,PAY006820,Delivered,81
ORD006821,CUST00365,REST0135,PART0149,2025-10-07,08:40:58,1636,48,116,1568,PAY006821,Delivered,46
ORD006822,CUST01330,REST0296,PART0043,2025-12-20,15:37:36,882,56,261,677,PAY006822,Delivered,79
ORD006823,CUST01614,REST0220,PART0112,2025-12-30,06:40:01,1676,21,481,1216,PAY006823,Delivered,56
ORD006824,CUST01837,REST0045,PART0009,2026-06-11,03:14:25,679,83,156,606,PAY006824,Delayed,87
ORD006825,CUST02200,REST0043,PART0001,2025-10-15,13:11:18,193,39,54,178,PAY006825,Delivered,20
ORD006826,CUST01636,REST0210,PART0024,2025-11-04,11:51:48,570,41,107,504,PAY006826,Delivered,74
ORD006827,CUST02095,REST0208,PART0066,2025-10-18,16:54:52,176,85,45,216,PAY006827,Delivered,54
ORD006828,CUST00285,REST0201,PART0037,2026-03-10,08:44:31,1592,94,457,1229,PAY006828,Delivered,78
ORD006829,CUST00015,REST0076,PART0076,2026-05-24,16:33:01,1743,72,353,1462,PAY006829,Delivered,35
ORD006830,CUST00546,REST0294,PART0030,2025-09-18,06:43:09,277,30,19,288,PAY006830,Delayed,61
ORD006831,CUST01343,REST0300,PART0041,2025-11-23,18:34:34,904,45,233,716,PAY006831,Delayed,76
ORD006832,CUST01616,REST0060,PART0097,2025-09-16,01:34:08,1363,79,202,1240,PAY006832,Delivered,36
ORD006833,CUST00871,REST0272,PART0007,2026-03-05,11:23:22,429,97,48,478,PAY006833,Delivered,29
ORD006834,CUST00474,REST0225,PART0119,2025-11-20,06:59:05,1714,80,45,1749,PAY006834,Delivered,52
ORD006835,CUST00906,REST0152,PART0144,2026-03-03,17:06:35,961,22,276,707,PAY006835,Delivered,63
ORD006836,CUST01325,REST0005,PART0117,2025-12-09,14:15:59,1326,34,249,1111,PAY006836,Delayed,85
ORD006837,CUST00912,REST0060,PART0082,2026-06-12,14:10:45,344,36,26,354,PAY006837,Cancelled,43
ORD006838,CUST00423,REST0251,PART0074,2025-08-17,10:16:27,1171,68,88,1151,PAY006838,Delivered,24
ORD006839,CUST01428,REST0054,PART0077,2025-08-24,08:00:34,1869,48,463,1454,PAY006839,Delayed,28
ORD006840,CUST01673,REST0197,PART0136,2025-08-17,02:58:17,723,91,187,627,PAY006840,Delayed,88
ORD006841,CUST01860,REST0099,PART0034,2025-08-17,04:58:44,532,44,156,420,PAY006841,Delivered,71
ORD006842,CUST02154,REST0149,PART0106,2026-05-21,10:51:38,955,24,81,898,PAY006842,Delayed,42
ORD006843,CUST00279,REST0073,PART0017,2026-04-28,15:08:22,900,65,8,957,PAY006843,Delivered,87
ORD006844,CUST02416,REST0179,PART0034,2025-07-19,12:55:23,687,95,183,599,PAY006844,Delivered,56
ORD006845,CUST00970,REST0004,PART0022,2025-09-12,12:19:27,1962,63,374,1651,PAY006845,Delivered,88
ORD006846,CUST00238,REST0173,PART0075,2026-02-11,02:24:34,897,54,249,702,PAY006846,Delayed,47
ORD006847,CUST00411,REST0134,PART0081,2025-12-29,16:05:55,1538,95,290,1343,PAY006847,Cancelled,33
ORD006848,CUST02066,REST0280,PART0122,2026-01-23,13:36:30,430,24,52,402,PAY006848,Delivered,15
ORD006849,CUST01760,REST0012,PART0074,2026-06-29,10:32:07,299,51,81,269,PAY006849,Delayed,31
ORD006850,CUST00139,REST0147,PART0105,2025-08-21,02:13:49,439,32,1,470,PAY006850,Cancelled,84
ORD006851,CUST00332,REST0021,PART0016,2026-07-14,02:47:28,1115,65,73,1107,PAY006851,Delayed,82
ORD006852,CUST01228,REST0090,PART0089,2026-05-20,10:34:51,1278,75,160,1193,PAY006852,Delivered,57
ORD006853,CUST00583,REST0094,PART0043,2026-05-26,01:48:56,1592,86,196,1482,PAY006853,Delivered,22
ORD006854,CUST00388,REST0236,PART0023,2026-04-13,01:52:38,1802,54,290,1566,PAY006854,Delivered,17
ORD006855,CUST00880,REST0074,PART0056,2026-03-24,21:18:28,1915,68,509,1474,PAY006855,Delivered,67
ORD006856,CUST00038,REST0195,PART0065,2025-09-13,05:29:15,1860,24,476,1408,PAY006856,Delivered,81
ORD006857,CUST02149,REST0097,PART0144,2025-08-05,04:28:52,440,50,85,405,PAY006857,Delivered,88
ORD006858,CUST00569,REST0028,PART0078,2025-07-17,01:14:47,319,79,46,352,PAY006858,Delivered,74
ORD006859,CUST02135,REST0101,PART0002,2026-01-15,05:46:12,197,25,19,203,PAY006859,Delivered,72
ORD006860,CUST01019,REST0088,PART0093,2025-09-23,04:53:34,415,79,112,382,PAY006860,Delivered,58
ORD006861,CUST01258,REST0111,PART0143,2025-07-28,22:26:05,1268,40,235,1073,PAY006861,Delayed,44
ORD006862,CUST00661,REST0066,PART0087,2025-09-06,01:56:47,1576,70,390,1256,PAY006862,Delivered,22
ORD006863,CUST02169,REST0108,PART0117,2025-11-06,10:03:05,1935,46,311,1670,PAY006863,Delivered,45
ORD006864,CUST00293,REST0134,PART0106,2026-06-08,20:31:31,1983,49,2,2030,PAY006864,Delayed,47
ORD006865,CUST01020,REST0272,PART0015,2025-12-05,16:18:28,1138,66,15,1189,PAY006865,Delayed,56
ORD006866,CUST01292,REST0085,PART0016,2026-04-05,20:06:16,1991,30,554,1467,PAY006866,Delayed,42
ORD006867,CUST00496,REST0011,PART0071,2026-04-08,12:37:19,1163,33,22,1174,PAY006867,Delivered,49
ORD006868,CUST00178,REST0299,PART0139,2026-07-07,18:57:03,596,24,93,527,PAY006868,Delivered,21
ORD006869,CUST00169,REST0297,PART0105,2026-06-02,07:43:45,1353,50,130,1273,PAY006869,Cancelled,17
ORD006870,CUST01195,REST0270,PART0101,2026-04-14,02:07:09,1134,71,257,948,PAY006870,Delivered,62
ORD006871,CUST00667,REST0180,PART0048,2025-12-01,23:36:28,1217,58,79,1196,PAY006871,Delivered,74
ORD006872,CUST01916,REST0172,PART0094,2026-03-31,21:54:16,949,86,180,855,PAY006872,Delayed,70
ORD006873,CUST00719,REST0254,PART0127,2026-02-23,09:11:34,788,38,148,678,PAY006873,Delivered,58
ORD006874,CUST00600,REST0185,PART0034,2025-08-19,05:32:21,327,97,26,398,PAY006874,Delivered,67
ORD006875,CUST00564,REST0096,PART0045,2025-07-31,22:37:31,789,98,71,816,PAY006875,Delivered,26
ORD006876,CUST00716,REST0098,PART0131,2025-09-18,09:46:06,939,27,181,785,PAY006876,Cancelled,28
ORD006877,CUST01179,REST0093,PART0006,2026-06-28,00:02:03,1271,77,38,1310,PAY006877,Delivered,43
ORD006878,CUST00903,REST0062,PART0046,2025-11-13,13:01:59,1084,83,230,937,PAY006878,Delayed,47
ORD006879,CUST02120,REST0197,PART0055,2025-11-21,10:56:09,743,95,62,776,PAY006879,Cancelled,63
ORD006880,CUST01439,REST0105,PART0056,2025-08-24,01:35:31,289,82,43,328,PAY006880,Delivered,74
ORD006881,CUST01917,REST0222,PART0056,2025-07-31,08:45:35,1443,58,247,1254,PAY006881,Delayed,22
ORD006882,CUST02087,REST0074,PART0117,2026-02-27,14:28:24,805,88,91,802,PAY006882,Delivered,70
ORD006883,CUST01591,REST0035,PART0089,2025-08-17,05:18:37,764,100,203,661,PAY006883,Delivered,85
ORD006884,CUST00117,REST0126,PART0126,2025-07-31,14:05:11,1152,48,325,875,PAY006884,Delivered,80
ORD006885,CUST01278,REST0065,PART0146,2026-03-11,20:04:24,1230,33,137,1126,PAY006885,Delayed,82
ORD006886,CUST01679,REST0059,PART0006,2025-07-16,07:46:41,986,88,239,835,PAY006886,Delivered,73
ORD006887,CUST00322,REST0051,PART0089,2026-05-31,06:04:20,198,60,25,233,PAY006887,Delivered,60
ORD006888,CUST02023,REST0154,PART0140,2026-07-09,12:35:29,1795,32,44,1783,PAY006888,Delivered,30
ORD006889,CUST01562,REST0054,PART0023,2025-09-28,21:40:28,1217,71,310,978,PAY006889,Delayed,62
ORD006890,CUST00263,REST0250,PART0019,2026-05-18,20:51:47,1230,97,14,1313,PAY006890,Delivered,79
ORD006891,CUST00033,REST0041,PART0048,2025-09-20,05:41:42,1857,36,467,1426,PAY006891,Delivered,68
ORD006892,CUST01663,REST0087,PART0067,2026-06-29,14:57:40,587,34,91,530,PAY006892,Delivered,38
ORD006893,CUST00284,REST0050,PART0104,2025-12-15,00:54:35,949,26,191,784,PAY006893,Delivered,76
ORD006894,CUST01089,REST0127,PART0086,2026-06-01,07:48:29,1399,21,175,1245,PAY006894,Delivered,34
ORD006895,CUST00276,REST0153,PART0115,2026-01-22,16:16:45,1944,90,128,1906,PAY006895,Delayed,25
ORD006896,CUST00537,REST0127,PART0045,2025-08-27,00:07:23,1653,20,354,1319,PAY006896,Delivered,78
ORD006897,CUST00517,REST0175,PART0116,2025-10-28,01:29:27,215,80,31,264,PAY006897,Delivered,61
ORD006898,CUST00742,REST0123,PART0010,2026-03-03,16:24:09,1853,37,123,1767,PAY006898,Delivered,40
ORD006899,CUST00252,REST0167,PART0105,2025-11-06,10:06:06,1191,98,288,1001,PAY006899,Delivered,47
ORD006900,CUST00564,REST0041,PART0015,2026-03-12,06:03:45,1942,30,453,1519,PAY006900,Delivered,50
ORD006901,CUST02151,REST0198,PART0117,2026-06-06,05:47:51,579,28,18,589,PAY006901,Delivered,17
ORD006902,CUST02190,REST0108,PART0090,2026-02-05,13:16:58,1309,88,253,1144,PAY006902,Delivered,17
ORD006903,CUST00777,REST0056,PART0141,2025-08-13,01:55:43,766,57,92,731,PAY006903,Delivered,28
ORD006904,CUST01198,REST0227,PART0001,2026-06-04,06:45:01,344,39,45,338,PAY006904,Delivered,88
ORD006905,CUST00424,REST0121,PART0092,2026-03-11,04:54:51,1173,44,131,1086,PAY006905,Delivered,17
ORD006906,CUST01687,REST0131,PART0124,2025-11-03,17:00:36,719,20,115,624,PAY006906,Delivered,29
ORD006907,CUST02406,REST0139,PART0050,2025-09-08,01:47:12,1862,69,133,1798,PAY006907,Delivered,67
ORD006908,CUST00362,REST0152,PART0086,2025-08-10,11:06:00,1563,34,97,1500,PAY006908,Delivered,44
ORD006909,CUST00035,REST0240,PART0035,2026-01-11,19:04:51,726,90,166,650,PAY006909,Delayed,17
ORD006910,CUST01421,REST0266,PART0071,2026-03-08,15:41:04,1715,88,256,1547,PAY006910,Delivered,57
ORD006911,CUST00542,REST0083,PART0114,2026-06-12,06:41:35,767,26,45,748,PAY006911,Delivered,76
ORD006912,CUST00393,REST0284,PART0014,2025-10-25,05:00:06,1554,20,66,1508,PAY006912,Delivered,69
ORD006913,CUST01376,REST0091,PART0115,2025-09-15,08:48:38,1940,82,129,1893,PAY006913,Delivered,90
ORD006914,CUST01111,REST0180,PART0032,2026-03-23,03:18:40,1688,56,130,1614,PAY006914,Delivered,90
ORD006915,CUST01218,REST0074,PART0017,2026-05-13,15:20:12,980,76,250,806,PAY006915,Delivered,15
ORD006916,CUST00855,REST0142,PART0076,2026-04-14,01:43:51,543,21,106,458,PAY006916,Delivered,40
ORD006917,CUST02126,REST0132,PART0043,2026-02-01,04:55:41,360,22,87,295,PAY006917,Delivered,57
ORD006918,CUST00759,REST0118,PART0118,2025-08-22,13:41:49,1942,64,276,1730,PAY006918,Delivered,45
ORD006919,CUST01869,REST0065,PART0080,2026-01-25,00:43:11,581,53,144,490,PAY006919,Delivered,81
ORD006920,CUST00794,REST0085,PART0042,2026-03-08,18:37:43,1215,99,260,1054,PAY006920,Delivered,57
ORD006921,CUST00746,REST0230,PART0115,2025-10-11,03:41:01,839,23,47,815,PAY006921,Delivered,48
ORD006922,CUST00789,REST0118,PART0133,2026-04-09,20:02:09,1460,94,3,1551,PAY006922,Delivered,47
ORD006923,CUST01954,REST0005,PART0087,2025-11-03,10:02:23,1940,34,224,1750,PAY006923,Delivered,82
ORD006924,CUST00576,REST0084,PART0047,2025-07-28,16:22:04,1951,82,343,1690,PAY006924,Delivered,25
ORD006925,CUST01251,REST0007,PART0039,2025-12-16,00:29:05,1631,25,17,1639,PAY006925,Delivered,42
ORD006926,CUST00927,REST0280,PART0123,2026-06-12,04:27:56,422,26,24,424,PAY006926,Delivered,41
ORD006927,CUST00861,REST0184,PART0009,2025-11-24,18:18:34,767,67,196,638,PAY006927,Delivered,21
ORD006928,CUST01685,REST0123,PART0140,2026-03-31,12:07:16,348,60,84,324,PAY006928,Cancelled,40
ORD006929,CUST00774,REST0209,PART0087,2025-09-17,11:15:31,1000,92,143,949,PAY006929,Delivered,79
ORD006930,CUST01246,REST0037,PART0148,2026-04-12,02:48:40,1646,99,471,1274,PAY006930,Delivered,76
ORD006931,CUST00468,REST0113,PART0080,2026-01-15,19:18:19,1572,61,436,1197,PAY006931,Delivered,52
ORD006932,CUST00662,REST0200,PART0128,2026-05-26,22:03:47,1636,61,126,1571,PAY006932,Delivered,78
ORD006933,CUST01277,REST0080,PART0139,2026-01-07,23:28:35,1156,60,297,919,PAY006933,Delivered,41
ORD006934,CUST01614,REST0056,PART0102,2025-12-02,13:36:07,1181,89,268,1002,PAY006934,Delivered,68
ORD006935,CUST00757,REST0263,PART0009,2026-01-29,20:51:32,620,51,76,595,PAY006935,Delivered,25
ORD006936,CUST00461,REST0195,PART0131,2025-11-12,05:38:07,844,53,187,710,PAY006936,Delayed,37
ORD006937,CUST00024,REST0183,PART0067,2025-11-07,06:50:19,1390,79,233,1236,PAY006937,Cancelled,88
ORD006938,CUST00130,REST0220,PART0096,2026-03-27,00:45:17,1531,53,452,1132,PAY006938,Delivered,49
ORD006939,CUST00744,REST0218,PART0124,2026-04-16,06:59:45,962,65,48,979,PAY006939,Delivered,50
ORD006940,CUST01461,REST0116,PART0090,2026-05-28,14:46:07,1975,22,469,1528,PAY006940,Cancelled,27
ORD006941,CUST01693,REST0085,PART0145,2025-12-19,00:15:33,658,53,93,618,PAY006941,Delayed,42
ORD006942,CUST01729,REST0170,PART0028,2025-12-25,13:33:03,768,96,83,781,PAY006942,Delivered,57
ORD006943,CUST00216,REST0154,PART0125,2026-05-25,15:15:32,464,39,54,449,PAY006943,Delivered,66
ORD006944,CUST01833,REST0210,PART0094,2026-07-12,14:39:12,850,92,218,724,PAY006944,Delivered,70
ORD006945,CUST02246,REST0112,PART0059,2025-10-15,13:18:59,493,54,144,403,PAY006945,Delivered,53
ORD006946,CUST01990,REST0297,PART0099,2026-05-20,16:48:30,349,59,48,360,PAY006946,Delivered,89
ORD006947,CUST01523,REST0085,PART0026,2026-06-10,05:32:57,1192,95,76,1211,PAY006947,Delivered,51
ORD006948,CUST01388,REST0082,PART0013,2025-11-13,08:55:12,608,80,54,634,PAY006948,Delivered,81
ORD006949,CUST01601,REST0264,PART0108,2026-03-31,23:44:31,322,30,89,263,PAY006949,Delivered,72
ORD006950,CUST02148,REST0224,PART0135,2025-11-20,02:00:52,1964,53,458,1559,PAY006950,Delivered,72
ORD006951,CUST00260,REST0273,PART0023,2025-10-06,00:14:05,418,20,58,380,PAY006951,Delivered,27
ORD006952,CUST00470,REST0281,PART0037,2025-10-17,17:06:14,1413,52,128,1337,PAY006952,Cancelled,65
ORD006953,CUST00233,REST0059,PART0088,2026-01-11,09:17:46,1182,79,351,910,PAY006953,Delivered,44
ORD006954,CUST00086,REST0180,PART0070,2025-09-11,23:58:16,1288,79,137,1230,PAY006954,Delayed,24
ORD006955,CUST02389,REST0154,PART0137,2026-04-15,08:24:49,282,94,74,302,PAY006955,Cancelled,55
ORD006956,CUST01600,REST0041,PART0080,2025-09-14,12:32:19,1135,56,86,1105,PAY006956,Delivered,31
ORD006957,CUST00117,REST0152,PART0092,2025-07-30,12:46:15,1980,76,317,1739,PAY006957,Delivered,25
ORD006958,CUST01348,REST0257,PART0145,2025-08-16,02:20:55,1859,41,536,1364,PAY006958,Delivered,42
ORD006959,CUST00203,REST0121,PART0089,2025-08-08,01:21:49,211,91,14,288,PAY006959,Delivered,72
ORD006960,CUST02321,REST0060,PART0010,2026-03-01,11:23:43,608,31,142,497,PAY006960,Cancelled,18
ORD006961,CUST00150,REST0062,PART0039,2026-06-21,02:42:11,517,52,102,467,PAY006961,Delivered,84
ORD006962,CUST01875,REST0092,PART0103,2025-08-30,23:00:16,681,92,147,626,PAY006962,Delayed,44
ORD006963,CUST02098,REST0037,PART0003,2025-09-11,14:16:08,1485,62,26,1521,PAY006963,Delivered,85
ORD006964,CUST01100,REST0067,PART0149,2025-08-27,01:23:27,1045,76,27,1094,PAY006964,Delayed,60
ORD006965,CUST01320,REST0143,PART0012,2026-01-06,14:01:53,1376,22,109,1289,PAY006965,Delivered,64
ORD006966,CUST00911,REST0185,PART0146,2025-09-03,05:13:11,456,87,40,503,PAY006966,Delivered,79
ORD006967,CUST01988,REST0204,PART0021,2025-09-12,05:37:07,1805,88,514,1379,PAY006967,Delivered,83
ORD006968,CUST01157,REST0039,PART0045,2026-04-22,22:29:38,728,86,177,637,PAY006968,Delivered,25
ORD006969,CUST01555,REST0018,PART0090,2025-08-13,18:19:20,637,56,145,548,PAY006969,Delivered,41
ORD006970,CUST01900,REST0074,PART0058,2025-11-02,22:39:07,236,70,18,288,PAY006970,Delivered,57
ORD006971,CUST01563,REST0046,PART0029,2026-05-11,10:07:48,951,54,107,898,PAY006971,Delivered,46
ORD006972,CUST00237,REST0165,PART0121,2025-11-22,11:02:37,1778,88,485,1381,PAY006972,Delivered,28
ORD006973,CUST01148,REST0255,PART0096,2026-04-09,07:51:39,481,99,129,451,PAY006973,Delivered,53
ORD006974,CUST02330,REST0221,PART0066,2025-11-17,11:56:44,1159,25,26,1158,PAY006974,Delivered,67
ORD006975,CUST02499,REST0144,PART0132,2026-02-26,04:58:57,696,68,146,618,PAY006975,Delivered,46
ORD006976,CUST01659,REST0023,PART0032,2025-10-17,03:48:04,1932,100,360,1672,PAY006976,Delivered,70
ORD006977,CUST01695,REST0233,PART0113,2026-04-21,08:00:24,1180,63,283,960,PAY006977,Delayed,82
ORD006978,CUST00562,REST0158,PART0116,2026-01-19,06:35:56,831,49,187,693,PAY006978,Delivered,58
ORD006979,CUST00930,REST0201,PART0020,2026-01-01,07:24:24,1405,46,21,1430,PAY006979,Cancelled,88
ORD006980,CUST02220,REST0204,PART0029,2025-12-22,10:09:20,924,22,126,820,PAY006980,Delivered,62
ORD006981,CUST00776,REST0202,PART0137,2025-09-01,20:40:45,1950,56,135,1871,PAY006981,Delivered,40
ORD006982,CUST00896,REST0232,PART0021,2026-07-12,08:50:20,1658,87,4,1741,PAY006982,Delivered,74
ORD006983,CUST02205,REST0279,PART0006,2026-03-23,11:12:21,1276,75,164,1187,PAY006983,Delivered,73
ORD006984,CUST00162,REST0129,PART0106,2026-04-01,18:30:49,975,34,75,934,PAY006984,Delivered,58
ORD006985,CUST01779,REST0200,PART0057,2026-04-03,01:56:12,818,68,81,805,PAY006985,Delivered,64
ORD006986,CUST00465,REST0107,PART0037,2026-02-15,15:55:31,950,44,282,712,PAY006986,Delivered,32
ORD006987,CUST00750,REST0050,PART0015,2026-04-25,12:06:37,581,27,72,536,PAY006987,Delivered,44
ORD006988,CUST00762,REST0016,PART0078,2026-03-01,11:16:50,1367,93,281,1179,PAY006988,Cancelled,83
ORD006989,CUST00189,REST0048,PART0045,2025-11-10,17:43:30,1617,47,255,1409,PAY006989,Delivered,44
ORD006990,CUST02331,REST0112,PART0127,2026-07-15,07:19:50,836,77,213,700,PAY006990,Delivered,75
ORD006991,CUST00733,REST0067,PART0034,2026-04-17,15:11:00,1372,20,41,1351,PAY006991,Delivered,34
ORD006992,CUST01819,REST0008,PART0074,2025-10-05,17:00:27,289,49,26,312,PAY006992,Delivered,56
ORD006993,CUST02263,REST0165,PART0013,2026-06-29,01:17:32,1957,54,7,2004,PAY006993,Delivered,75
ORD006994,CUST00926,REST0080,PART0138,2026-01-16,00:35:57,1382,30,41,1371,PAY006994,Delivered,32
ORD006995,CUST01279,REST0123,PART0140,2026-03-28,01:50:54,1938,72,432,1578,PAY006995,Delivered,33
ORD006996,CUST00978,REST0281,PART0004,2025-07-29,09:10:03,1298,48,44,1302,PAY006996,Delivered,17
ORD006997,CUST00964,REST0223,PART0117,2025-12-04,16:28:08,661,91,50,702,PAY006997,Cancelled,40
ORD006998,CUST02044,REST0212,PART0020,2025-09-15,00:45:58,762,27,72,717,PAY006998,Delivered,51
ORD006999,CUST01309,REST0275,PART0028,2025-12-15,00:15:31,1970,73,89,1954,PAY006999,Delivered,79
ORD007000,CUST01631,REST0148,PART0039,2025-09-28,14:35:42,1471,29,5,1495,PAY007000,Delayed,89
ORD007001,CUST02009,REST0259,PART0149,2025-11-27,06:13:23,486,50,16,520,PAY007001,Delivered,58
ORD007002,CUST00603,REST0022,PART0017,2025-08-10,21:28:20,1339,46,329,1056,PAY007002,Delivered,19
ORD007003,CUST00308,REST0004,PART0124,2025-08-04,05:41:11,1377,86,352,1111,PAY007003,Delivered,35
ORD007004,CUST01229,REST0226,PART0133,2025-07-28,10:16:12,452,38,127,363,PAY007004,Delivered,45
ORD007005,CUST01266,REST0137,PART0032,2026-06-07,21:36:40,335,99,97,337,PAY007005,Cancelled,15
ORD007006,CUST00621,REST0174,PART0064,2026-06-12,12:57:29,1709,54,256,1507,PAY007006,Delivered,77
ORD007007,CUST00378,REST0254,PART0129,2026-05-24,08:08:31,433,54,76,411,PAY007007,Delivered,57
ORD007008,CUST02046,REST0023,PART0040,2025-10-22,04:17:53,688,80,191,577,PAY007008,Delivered,42
ORD007009,CUST00778,REST0042,PART0015,2025-12-14,12:44:44,417,84,85,416,PAY007009,Delivered,23
ORD007010,CUST00384,REST0006,PART0075,2025-09-26,16:40:49,1049,28,305,772,PAY007010,Delivered,45
ORD007011,CUST00983,REST0159,PART0024,2026-05-27,19:00:58,1060,93,89,1064,PAY007011,Delayed,18
ORD007012,CUST01427,REST0024,PART0083,2026-01-25,11:55:04,1891,58,147,1802,PAY007012,Delivered,64
ORD007013,CUST00646,REST0217,PART0144,2026-01-12,05:57:42,367,27,48,346,PAY007013,Cancelled,52
ORD007014,CUST01770,REST0277,PART0107,2026-03-28,21:52:01,1272,79,239,1112,PAY007014,Delivered,26
ORD007015,CUST00766,REST0289,PART0107,2025-12-17,14:39:49,1025,88,224,889,PAY007015,Cancelled,31
ORD007016,CUST01504,REST0280,PART0023,2026-05-16,14:38:10,498,95,126,467,PAY007016,Delivered,22
ORD007017,CUST00193,REST0015,PART0135,2026-04-17,15:28:18,1560,59,32,1587,PAY007017,Delivered,34
ORD007018,CUST00194,REST0199,PART0089,2026-06-16,05:34:05,1363,42,108,1297,PAY007018,Delivered,27
ORD007019,CUST00660,REST0167,PART0031,2025-11-18,21:46:20,1130,72,285,917,PAY007019,Delivered,55
ORD007020,CUST00108,REST0022,PART0080,2026-01-06,20:28:54,1977,84,526,1535,PAY007020,Delivered,68
ORD007021,CUST01716,REST0289,PART0007,2025-09-05,20:32:24,1837,66,280,1623,PAY007021,Delivered,62
ORD007022,CUST02404,REST0172,PART0023,2026-05-29,01:25:25,1186,58,329,915,PAY007022,Delivered,75
ORD007023,CUST01159,REST0246,PART0054,2025-11-20,04:47:49,680,36,12,704,PAY007023,Delivered,17
ORD007024,CUST01358,REST0065,PART0099,2026-05-01,16:19:00,1847,76,451,1472,PAY007024,Delivered,43
ORD007025,CUST01211,REST0060,PART0060,2026-04-16,23:05:37,488,86,65,509,PAY007025,Delivered,44
ORD007026,CUST00224,REST0090,PART0019,2025-12-27,06:21:51,808,90,166,732,PAY007026,Delayed,22
ORD007027,CUST00116,REST0073,PART0062,2026-03-28,22:34:10,1133,81,7,1207,PAY007027,Delivered,42
ORD007028,CUST01355,REST0013,PART0112,2025-11-15,11:49:56,1261,37,101,1197,PAY007028,Delivered,37
ORD007029,CUST01516,REST0243,PART0014,2026-07-06,18:48:26,785,30,189,626,PAY007029,Delivered,80
ORD007030,CUST01611,REST0019,PART0068,2026-05-04,02:24:40,563,41,129,475,PAY007030,Delivered,27
ORD007031,CUST01400,REST0144,PART0057,2026-02-21,06:35:43,354,59,28,385,PAY007031,Cancelled,53
ORD007032,CUST01418,REST0162,PART0116,2026-06-18,09:23:09,1322,39,157,1204,PAY007032,Cancelled,51
ORD007033,CUST00945,REST0029,PART0070,2026-04-14,00:54:56,1631,49,100,1580,PAY007033,Delivered,17
ORD007034,CUST02243,REST0042,PART0129,2025-09-25,16:26:27,1994,25,347,1672,PAY007034,Delivered,30
ORD007035,CUST00968,REST0176,PART0001,2025-07-19,03:07:32,1507,85,179,1413,PAY007035,Delivered,70
ORD007036,CUST02193,REST0018,PART0071,2026-06-18,19:04:56,1383,39,184,1238,PAY007036,Delivered,23
ORD007037,CUST00984,REST0227,PART0051,2026-05-16,09:48:26,1490,52,396,1146,PAY007037,Delayed,45
ORD007038,CUST00839,REST0272,PART0098,2025-09-18,00:03:08,287,42,78,251,PAY007038,Delivered,60
ORD007039,CUST00243,REST0081,PART0036,2025-10-21,13:33:24,975,90,174,891,PAY007039,Delivered,16
ORD007040,CUST02229,REST0153,PART0127,2025-12-24,17:20:18,186,67,12,241,PAY007040,Delivered,88
ORD007041,CUST00268,REST0109,PART0048,2025-08-21,10:37:52,1071,96,189,978,PAY007041,Delivered,50
ORD007042,CUST00774,REST0190,PART0026,2026-01-21,07:58:29,816,29,139,706,PAY007042,Delivered,47
ORD007043,CUST00183,REST0059,PART0068,2026-06-21,06:14:19,382,100,21,461,PAY007043,Delivered,20
ORD007044,CUST01125,REST0010,PART0002,2025-11-23,04:04:56,1357,84,115,1326,PAY007044,Delivered,72
ORD007045,CUST00246,REST0052,PART0008,2025-09-11,18:48:56,1764,29,431,1362,PAY007045,Cancelled,86
ORD007046,CUST01266,REST0290,PART0111,2025-08-01,13:29:51,1899,76,247,1728,PAY007046,Delivered,40
ORD007047,CUST00908,REST0124,PART0119,2026-06-24,15:18:41,345,67,46,366,PAY007047,Delivered,56
ORD007048,CUST00538,REST0280,PART0097,2025-09-08,17:51:53,358,83,41,400,PAY007048,Delivered,27
ORD007049,CUST00095,REST0025,PART0009,2025-10-17,10:58:19,1503,40,130,1413,PAY007049,Delayed,32
ORD007050,CUST01369,REST0277,PART0022,2026-01-31,09:17:20,1325,45,252,1118,PAY007050,Delivered,83
ORD007051,CUST00758,REST0075,PART0144,2026-03-07,18:45:05,853,24,23,854,PAY007051,Delivered,75
ORD007052,CUST02012,REST0191,PART0125,2026-01-24,14:51:35,176,87,37,226,PAY007052,Delivered,81
ORD007053,CUST01419,REST0042,PART0144,2025-11-01,03:39:22,1931,37,234,1734,PAY007053,Delivered,19
ORD007054,CUST00743,REST0057,PART0078,2026-07-03,14:30:18,1797,75,318,1554,PAY007054,Delivered,89
ORD007055,CUST01217,REST0038,PART0100,2025-10-02,18:56:55,1935,88,522,1501,PAY007055,Delivered,44
ORD007056,CUST01919,REST0096,PART0125,2026-04-22,03:59:21,1942,56,502,1496,PAY007056,Delayed,68
ORD007057,CUST00024,REST0178,PART0095,2025-09-24,08:17:39,1761,45,154,1652,PAY007057,Delivered,25
ORD007058,CUST01029,REST0182,PART0049,2025-12-25,12:37:28,1667,79,2,1744,PAY007058,Cancelled,44
ORD007059,CUST01116,REST0285,PART0029,2025-07-31,04:09:48,598,52,159,491,PAY007059,Delivered,61
ORD007060,CUST01594,REST0265,PART0121,2026-05-11,14:43:38,1301,85,73,1313,PAY007060,Delivered,52
ORD007061,CUST02018,REST0106,PART0029,2025-07-19,19:46:35,601,50,172,479,PAY007061,Delivered,48
ORD007062,CUST00932,REST0011,PART0013,2026-03-18,12:09:08,442,97,5,534,PAY007062,Delivered,84
ORD007063,CUST02488,REST0047,PART0018,2025-12-03,08:00:58,1769,20,227,1562,PAY007063,Delivered,29
ORD007064,CUST01531,REST0293,PART0120,2026-04-18,12:11:46,175,82,22,235,PAY007064,Delivered,83
ORD007065,CUST00881,REST0130,PART0130,2025-11-26,10:26:19,494,29,106,417,PAY007065,Delayed,54
ORD007066,CUST00874,REST0155,PART0067,2026-05-23,00:16:36,629,27,85,571,PAY007066,Delivered,76
ORD007067,CUST02109,REST0076,PART0059,2026-03-12,00:51:37,1977,65,21,2021,PAY007067,Delayed,85
ORD007068,CUST00400,REST0202,PART0021,2025-12-08,02:37:35,1231,88,285,1034,PAY007068,Delivered,44
ORD007069,CUST01340,REST0264,PART0138,2025-11-24,04:32:08,1487,30,297,1220,PAY007069,Delivered,18
ORD007070,CUST00500,REST0158,PART0098,2025-07-17,07:18:19,612,38,124,526,PAY007070,Delivered,43
ORD007071,CUST02188,REST0157,PART0112,2025-08-25,20:42:32,852,57,72,837,PAY007071,Delivered,81
ORD007072,CUST01819,REST0091,PART0014,2026-01-19,17:47:55,589,100,139,550,PAY007072,Cancelled,41
ORD007073,CUST00520,REST0247,PART0016,2026-05-11,21:19:37,1225,48,79,1194,PAY007073,Delivered,54
ORD007074,CUST01954,REST0150,PART0008,2026-06-01,09:02:55,685,50,35,700,PAY007074,Cancelled,35
ORD007075,CUST00740,REST0135,PART0094,2026-01-26,20:10:01,852,90,165,777,PAY007075,Delivered,86
ORD007076,CUST00495,REST0015,PART0130,2025-10-02,13:53:43,488,50,63,475,PAY007076,Delivered,27
ORD007077,CUST01335,REST0048,PART0065,2025-10-06,05:01:48,875,55,12,918,PAY007077,Delivered,45
ORD007078,CUST00924,REST0250,PART0069,2025-09-11,15:26:32,1218,42,242,1018,PAY007078,Cancelled,89
ORD007079,CUST01148,REST0255,PART0024,2025-11-22,09:05:00,1323,53,336,1040,PAY007079,Delivered,83
ORD007080,CUST00591,REST0152,PART0010,2026-04-06,11:10:00,1628,45,423,1250,PAY007080,Delayed,67
ORD007081,CUST01676,REST0049,PART0060,2026-03-29,01:00:02,1959,29,291,1697,PAY007081,Delayed,42
ORD007082,CUST01013,REST0242,PART0016,2026-06-14,08:49:33,683,76,48,711,PAY007082,Delivered,36
ORD007083,CUST01601,REST0098,PART0075,2026-04-28,06:53:35,809,64,193,680,PAY007083,Delivered,85
ORD007084,CUST01448,REST0238,PART0117,2026-05-01,04:51:48,1996,53,117,1932,PAY007084,Delivered,29
ORD007085,CUST02313,REST0070,PART0037,2026-01-28,08:33:26,265,77,32,310,PAY007085,Delivered,39
ORD007086,CUST01478,REST0070,PART0137,2025-10-30,10:29:37,1873,74,424,1523,PAY007086,Delivered,61
ORD007087,CUST02431,REST0001,PART0132,2026-02-07,09:51:02,1458,53,54,1457,PAY007087,Delivered,38
ORD007088,CUST01854,REST0141,PART0096,2025-12-14,23:17:18,719,60,168,611,PAY007088,Delivered,67
ORD007089,CUST01522,REST0010,PART0125,2026-06-26,17:20:16,1904,94,153,1845,PAY007089,Delivered,69
ORD007090,CUST00945,REST0213,PART0074,2026-02-06,13:57:38,614,80,176,518,PAY007090,Delivered,40
ORD007091,CUST00460,REST0093,PART0026,2026-03-02,13:32:13,1697,49,253,1493,PAY007091,Delivered,52
ORD007092,CUST00246,REST0030,PART0085,2026-03-11,02:22:05,649,26,127,548,PAY007092,Delivered,82
ORD007093,CUST00704,REST0277,PART0101,2026-07-11,02:07:37,1800,22,263,1559,PAY007093,Delivered,42
ORD007094,CUST00726,REST0207,PART0092,2026-03-11,00:08:16,640,28,12,656,PAY007094,Delivered,55
ORD007095,CUST01193,REST0103,PART0102,2025-09-30,14:48:19,726,81,67,740,PAY007095,Delivered,65
ORD007096,CUST00408,REST0205,PART0005,2026-01-01,03:42:17,616,61,36,641,PAY007096,Cancelled,81
ORD007097,CUST02426,REST0234,PART0072,2026-05-11,04:01:34,244,41,64,221,PAY007097,Delivered,15
ORD007098,CUST01092,REST0201,PART0072,2026-04-26,05:43:56,583,94,52,625,PAY007098,Delivered,75
ORD007099,CUST01377,REST0200,PART0042,2026-05-23,00:56:13,552,66,56,562,PAY007099,Delivered,28
ORD007100,CUST01708,REST0069,PART0106,2025-07-31,13:15:42,746,39,180,605,PAY007100,Delivered,73
ORD007101,CUST00648,REST0210,PART0123,2026-01-08,22:15:23,1226,88,308,1006,PAY007101,Delivered,22
ORD007102,CUST02389,REST0048,PART0106,2026-04-21,12:21:24,577,75,16,636,PAY007102,Delivered,64
ORD007103,CUST00493,REST0235,PART0115,2026-03-02,18:04:46,598,43,36,605,PAY007103,Delivered,59
ORD007104,CUST01087,REST0250,PART0123,2026-02-13,17:20:58,717,28,76,669,PAY007104,Delayed,37
ORD007105,CUST00924,REST0115,PART0114,2025-11-05,22:35:21,1722,55,349,1428,PAY007105,Delivered,64
ORD007106,CUST01783,REST0071,PART0118,2026-02-10,11:41:58,1757,78,103,1732,PAY007106,Delivered,66
ORD007107,CUST02358,REST0210,PART0013,2026-05-05,18:06:44,1772,54,250,1576,PAY007107,Delayed,66
ORD007108,CUST02415,REST0272,PART0045,2026-01-09,12:05:14,229,24,59,194,PAY007108,Delivered,41
ORD007109,CUST00313,REST0243,PART0129,2025-08-02,12:41:21,1459,91,297,1253,PAY007109,Delivered,77
ORD007110,CUST01716,REST0114,PART0048,2025-11-03,17:23:26,1510,100,186,1424,PAY007110,Delayed,24
ORD007111,CUST00424,REST0197,PART0037,2025-11-22,09:53:56,1181,78,283,976,PAY007111,Delivered,64
ORD007112,CUST00901,REST0169,PART0030,2025-07-23,04:46:15,1227,81,224,1084,PAY007112,Delivered,21
ORD007113,CUST00870,REST0154,PART0077,2025-12-21,10:26:29,1880,99,473,1506,PAY007113,Cancelled,67
ORD007114,CUST01837,REST0134,PART0117,2026-03-02,02:39:17,225,99,37,287,PAY007114,Delivered,90
ORD007115,CUST01633,REST0051,PART0100,2026-03-16,18:15:13,1348,49,331,1066,PAY007115,Cancelled,67
ORD007116,CUST02349,REST0068,PART0146,2026-05-19,18:15:34,233,89,56,266,PAY007116,Delivered,65
ORD007117,CUST01749,REST0251,PART0116,2025-08-09,15:06:57,1955,69,237,1787,PAY007117,Delivered,69
ORD007118,CUST00944,REST0191,PART0033,2026-01-16,12:36:58,1426,68,197,1297,PAY007118,Delivered,75
ORD007119,CUST01855,REST0185,PART0095,2026-06-03,09:47:02,975,21,9,987,PAY007119,Delivered,16
ORD007120,CUST00468,REST0101,PART0131,2026-06-22,07:31:46,168,91,17,242,PAY007120,Delivered,44
ORD007121,CUST00272,REST0236,PART0082,2025-12-25,06:47:53,1324,26,50,1300,PAY007121,Delivered,34
ORD007122,CUST01922,REST0007,PART0128,2026-07-12,01:09:02,1472,36,2,1506,PAY007122,Delivered,76
ORD007123,CUST02200,REST0206,PART0032,2026-01-12,06:19:35,1494,84,371,1207,PAY007123,Cancelled,81
ORD007124,CUST01747,REST0134,PART0011,2026-07-06,05:52:11,998,28,212,814,PAY007124,Delivered,36
ORD007125,CUST02298,REST0014,PART0038,2026-06-24,16:41:50,1462,20,67,1415,PAY007125,Delivered,36
ORD007126,CUST01589,REST0222,PART0022,2026-03-09,15:51:02,1541,58,150,1449,PAY007126,Delivered,67
ORD007127,CUST01473,REST0288,PART0111,2026-02-23,08:15:51,339,80,89,330,PAY007127,Cancelled,65
ORD007128,CUST02040,REST0027,PART0077,2025-10-13,22:21:27,1889,71,363,1597,PAY007128,Delivered,42
ORD007129,CUST00808,REST0293,PART0045,2026-07-09,17:36:35,1813,87,205,1695,PAY007129,Delivered,40
ORD007130,CUST02368,REST0061,PART0048,2025-11-15,15:28:41,692,23,159,556,PAY007130,Delivered,65
ORD007131,CUST01044,REST0295,PART0143,2026-06-05,10:42:43,309,78,51,336,PAY007131,Delivered,61
ORD007132,CUST01820,REST0108,PART0081,2026-03-02,17:19:12,1060,57,85,1032,PAY007132,Delivered,87
ORD007133,CUST01872,REST0014,PART0083,2025-10-10,19:21:58,686,27,173,540,PAY007133,Delivered,53
ORD007134,CUST01775,REST0138,PART0100,2026-01-06,17:18:15,466,26,34,458,PAY007134,Delivered,56
ORD007135,CUST02434,REST0129,PART0121,2025-10-27,00:58:46,1352,72,235,1189,PAY007135,Delivered,29
ORD007136,CUST01759,REST0210,PART0139,2025-11-09,20:37:39,1387,29,359,1057,PAY007136,Delivered,20
ORD007137,CUST00189,REST0015,PART0021,2026-06-27,11:17:49,625,34,185,474,PAY007137,Delivered,72
ORD007138,CUST01570,REST0024,PART0014,2026-03-26,11:22:55,1114,80,205,989,PAY007138,Cancelled,37
ORD007139,CUST01762,REST0158,PART0034,2026-06-12,04:32:34,200,51,44,207,PAY007139,Delivered,42
ORD007140,CUST01408,REST0164,PART0047,2025-07-31,06:35:58,491,37,63,465,PAY007140,Delayed,33
ORD007141,CUST00677,REST0134,PART0087,2026-05-29,10:19:32,1383,59,51,1391,PAY007141,Delivered,66
ORD007142,CUST00606,REST0012,PART0044,2025-10-13,08:38:04,1447,100,55,1492,PAY007142,Delivered,61
ORD007143,CUST00434,REST0041,PART0049,2026-04-01,20:01:54,1815,23,258,1580,PAY007143,Delayed,87
ORD007144,CUST00653,REST0169,PART0081,2026-07-02,11:13:42,832,53,89,796,PAY007144,Delivered,27
ORD007145,CUST01703,REST0287,PART0057,2026-02-26,07:43:02,1740,69,327,1482,PAY007145,Delivered,68
ORD007146,CUST00107,REST0091,PART0105,2025-10-22,22:33:58,1886,97,331,1652,PAY007146,Delivered,33
ORD007147,CUST02012,REST0079,PART0016,2025-12-16,13:42:42,1411,81,189,1303,PAY007147,Delayed,39
ORD007148,CUST00042,REST0208,PART0026,2025-10-27,07:10:53,737,45,218,564,PAY007148,Delivered,53
ORD007149,CUST02050,REST0188,PART0136,2025-07-17,21:43:52,1812,42,522,1332,PAY007149,Delivered,88
ORD007150,CUST02457,REST0299,PART0006,2026-02-07,08:40:24,743,77,10,810,PAY007150,Delayed,68
ORD007151,CUST02261,REST0290,PART0033,2025-10-13,06:17:06,1328,90,58,1360,PAY007151,Delivered,43
ORD007152,CUST01243,REST0297,PART0016,2025-07-31,23:41:26,296,27,33,290,PAY007152,Delivered,78
ORD007153,CUST01730,REST0130,PART0109,2025-10-10,09:07:35,1495,33,114,1414,PAY007153,Delivered,84
ORD007154,CUST02162,REST0240,PART0132,2026-05-31,06:47:36,260,69,68,261,PAY007154,Delivered,55
ORD007155,CUST00412,REST0073,PART0118,2026-01-06,17:06:17,202,44,38,208,PAY007155,Delivered,76
ORD007156,CUST00783,REST0278,PART0128,2025-10-17,01:14:48,1763,24,344,1443,PAY007156,Delivered,57
ORD007157,CUST01397,REST0109,PART0065,2025-12-17,09:54:55,1622,84,355,1351,PAY007157,Delivered,38
ORD007158,CUST02329,REST0237,PART0127,2025-07-17,02:46:02,1074,26,117,983,PAY007158,Delivered,40
ORD007159,CUST01036,REST0047,PART0066,2025-12-30,05:46:57,1202,20,15,1207,PAY007159,Delivered,39
ORD007160,CUST01280,REST0155,PART0032,2025-08-03,18:58:56,1487,73,373,1187,PAY007160,Delivered,16
ORD007161,CUST00578,REST0008,PART0009,2025-08-14,19:08:54,1718,37,210,1545,PAY007161,Delivered,85
ORD007162,CUST00713,REST0098,PART0058,2026-05-23,20:37:11,896,89,192,793,PAY007162,Delivered,48
ORD007163,CUST00939,REST0153,PART0043,2026-05-24,04:56:23,1145,87,34,1198,PAY007163,Delivered,26
ORD007164,CUST01158,REST0204,PART0120,2025-10-30,12:15:08,1991,56,448,1599,PAY007164,Delivered,55
ORD007165,CUST01298,REST0044,PART0065,2026-02-09,02:45:16,599,41,179,461,PAY007165,Cancelled,28
ORD007166,CUST00354,REST0091,PART0072,2026-05-28,12:46:48,293,78,24,347,PAY007166,Delivered,43
ORD007167,CUST02345,REST0079,PART0065,2026-06-30,13:40:57,387,94,58,423,PAY007167,Delivered,75
ORD007168,CUST00199,REST0117,PART0084,2026-02-13,11:58:09,383,79,35,427,PAY007168,Delivered,41
ORD007169,CUST02133,REST0139,PART0032,2026-07-16,06:27:08,230,62,49,243,PAY007169,Delayed,72
ORD007170,CUST00229,REST0201,PART0145,2025-12-25,02:13:50,1152,46,138,1060,PAY007170,Delivered,77
ORD007171,CUST00746,REST0197,PART0050,2025-07-22,14:07:24,688,34,58,664,PAY007171,Delivered,15
ORD007172,CUST02259,REST0297,PART0034,2026-01-27,02:27:28,1796,60,56,1800,PAY007172,Cancelled,31
ORD007173,CUST00310,REST0115,PART0053,2026-06-18,13:13:36,1359,39,74,1324,PAY007173,Delivered,74
ORD007174,CUST00171,REST0111,PART0132,2026-04-26,19:31:04,668,61,179,550,PAY007174,Delivered,67
ORD007175,CUST01224,REST0100,PART0009,2026-05-20,20:16:39,1166,41,317,890,PAY007175,Delivered,67
ORD007176,CUST01124,REST0172,PART0032,2026-05-10,00:41:33,1181,78,96,1163,PAY007176,Delivered,32
ORD007177,CUST00598,REST0275,PART0086,2026-03-21,19:12:26,906,34,226,714,PAY007177,Delivered,57
ORD007178,CUST00490,REST0195,PART0011,2026-05-18,06:25:36,935,83,123,895,PAY007178,Delivered,34
ORD007179,CUST01213,REST0274,PART0113,2025-11-12,03:49:16,1200,74,100,1174,PAY007179,Delivered,68
ORD007180,CUST00392,REST0069,PART0136,2026-05-10,20:28:02,1622,70,468,1224,PAY007180,Delivered,22
ORD007181,CUST00647,REST0064,PART0027,2026-03-06,08:28:50,1391,64,162,1293,PAY007181,Delivered,19
ORD007182,CUST00324,REST0204,PART0029,2026-03-30,20:19:42,1705,62,217,1550,PAY007182,Delivered,57
ORD007183,CUST02268,REST0173,PART0114,2025-08-05,02:58:13,1807,70,483,1394,PAY007183,Delivered,28
ORD007184,CUST00535,REST0076,PART0138,2026-01-25,02:46:16,699,29,29,699,PAY007184,Delivered,81
ORD007185,CUST00871,REST0283,PART0084,2026-02-26,13:25:35,167,54,10,211,PAY007185,Delivered,38
ORD007186,CUST01309,REST0184,PART0075,2025-10-07,02:57:35,1073,99,204,968,PAY007186,Delivered,60
ORD007187,CUST01324,REST0134,PART0139,2026-02-08,15:52:17,1800,84,331,1553,PAY007187,Delivered,81
ORD007188,CUST00180,REST0199,PART0147,2026-03-30,01:26:53,1380,85,323,1142,PAY007188,Delivered,21
ORD007189,CUST01946,REST0264,PART0136,2026-02-15,18:09:12,642,94,140,596,PAY007189,Cancelled,84
ORD007190,CUST01147,REST0001,PART0102,2025-11-04,22:01:07,1461,89,155,1395,PAY007190,Cancelled,19
ORD007191,CUST01499,REST0158,PART0013,2026-05-15,00:53:16,1337,24,292,1069,PAY007191,Delivered,59
ORD007192,CUST02351,REST0010,PART0048,2025-08-30,05:47:38,365,92,67,390,PAY007192,Delivered,15
ORD007193,CUST00210,REST0273,PART0129,2026-06-13,09:08:58,1102,83,99,1086,PAY007193,Delayed,26
ORD007194,CUST02376,REST0113,PART0053,2025-10-15,10:35:52,620,22,41,601,PAY007194,Delivered,40
ORD007195,CUST00249,REST0177,PART0037,2026-07-10,17:16:51,1783,79,459,1403,PAY007195,Delivered,87
ORD007196,CUST00959,REST0277,PART0079,2025-12-14,07:46:54,1334,37,180,1191,PAY007196,Delayed,27
ORD007197,CUST00919,REST0074,PART0096,2026-02-19,00:24:16,1866,77,106,1837,PAY007197,Cancelled,43
ORD007198,CUST02297,REST0261,PART0067,2026-04-24,02:00:14,1589,65,266,1388,PAY007198,Delivered,17
ORD007199,CUST00708,REST0249,PART0071,2025-11-20,20:26:54,1702,30,216,1516,PAY007199,Delivered,37
ORD007200,CUST00460,REST0046,PART0084,2025-09-23,01:45:28,349,36,85,300,PAY007200,Delayed,53
ORD007201,CUST01436,REST0008,PART0038,2026-02-12,22:08:58,784,85,192,677,PAY007201,Delivered,53
ORD007202,CUST00289,REST0200,PART0137,2026-03-28,01:06:38,1579,29,9,1599,PAY007202,Delivered,26
ORD007203,CUST01975,REST0249,PART0149,2025-10-02,00:19:23,1163,33,126,1070,PAY007203,Delivered,77
ORD007204,CUST01372,REST0049,PART0078,2025-07-21,18:15:04,180,99,40,239,PAY007204,Delivered,65
ORD007205,CUST00705,REST0030,PART0079,2026-04-08,07:14:16,1065,44,252,857,PAY007205,Delivered,20
ORD007206,CUST01223,REST0005,PART0073,2025-12-30,01:01:35,1450,42,345,1147,PAY007206,Delivered,53
ORD007207,CUST01823,REST0285,PART0088,2025-08-16,04:26:03,360,40,9,391,PAY007207,Delivered,69
ORD007208,CUST01639,REST0036,PART0071,2025-11-20,22:11:43,1993,59,204,1848,PAY007208,Delivered,58
ORD007209,CUST00641,REST0009,PART0065,2026-03-24,10:48:19,1837,24,86,1775,PAY007209,Delivered,45
ORD007210,CUST02197,REST0218,PART0110,2025-10-19,14:54:55,476,87,111,452,PAY007210,Delivered,73
ORD007211,CUST01636,REST0257,PART0052,2026-01-18,14:27:12,857,69,150,776,PAY007211,Delivered,63
ORD007212,CUST02330,REST0145,PART0134,2025-07-24,06:38:42,572,39,8,603,PAY007212,Delivered,27
ORD007213,CUST00350,REST0299,PART0149,2025-08-23,20:49:32,1189,65,97,1157,PAY007213,Delivered,15
ORD007214,CUST01247,REST0195,PART0029,2025-09-04,16:20:15,1116,24,34,1106,PAY007214,Delivered,80
ORD007215,CUST01952,REST0117,PART0034,2026-07-12,20:06:17,1957,27,167,1817,PAY007215,Delivered,49
ORD007216,CUST00366,REST0157,PART0100,2026-05-03,06:48:06,1095,88,118,1065,PAY007216,Delivered,50
ORD007217,CUST02119,REST0090,PART0061,2026-04-26,03:21:37,833,23,130,726,PAY007217,Delivered,33
ORD007218,CUST01684,REST0293,PART0111,2025-10-24,12:19:37,1445,45,319,1171,PAY007218,Delivered,54
ORD007219,CUST00609,REST0128,PART0126,2025-09-19,21:11:49,1538,82,109,1511,PAY007219,Delayed,35
ORD007220,CUST02476,REST0085,PART0023,2026-03-28,13:44:12,1921,95,168,1848,PAY007220,Cancelled,46
ORD007221,CUST00295,REST0265,PART0104,2025-11-06,18:22:49,776,20,100,696,PAY007221,Delivered,51
ORD007222,CUST02411,REST0077,PART0115,2026-04-03,03:31:23,191,65,25,231,PAY007222,Delivered,47
ORD007223,CUST01666,REST0184,PART0135,2025-10-24,02:04:03,205,66,46,225,PAY007223,Delayed,36
ORD007224,CUST02388,REST0049,PART0052,2025-12-24,15:14:15,320,74,94,300,PAY007224,Delivered,50
ORD007225,CUST00290,REST0080,PART0087,2025-09-17,02:27:00,1437,86,345,1178,PAY007225,Delayed,86
ORD007226,CUST00694,REST0043,PART0114,2026-07-03,01:54:01,529,60,100,489,PAY007226,Delivered,49
ORD007227,CUST01217,REST0030,PART0077,2025-12-28,20:35:18,1042,26,153,915,PAY007227,Delivered,33
ORD007228,CUST01706,REST0162,PART0097,2025-10-03,12:04:46,372,56,18,410,PAY007228,Delivered,34
ORD007229,CUST01051,REST0207,PART0077,2026-04-25,10:04:20,294,70,7,357,PAY007229,Delivered,46
ORD007230,CUST00657,REST0157,PART0119,2025-09-17,21:31:07,1949,23,449,1523,PAY007230,Delayed,65
ORD007231,CUST00893,REST0037,PART0056,2025-12-03,14:33:36,1562,21,182,1401,PAY007231,Delivered,76
ORD007232,CUST01957,REST0193,PART0098,2025-08-23,03:31:48,579,79,72,586,PAY007232,Delivered,43
ORD007233,CUST01250,REST0091,PART0066,2026-05-09,08:58:21,1117,81,94,1104,PAY007233,Delivered,36
ORD007234,CUST00296,REST0091,PART0138,2026-07-13,02:15:06,1194,59,354,899,PAY007234,Delivered,77
ORD007235,CUST02068,REST0075,PART0110,2025-11-05,09:24:09,1727,33,136,1624,PAY007235,Delivered,28
ORD007236,CUST02268,REST0237,PART0115,2025-11-13,10:28:13,722,94,156,660,PAY007236,Delivered,87
ORD007237,CUST00301,REST0299,PART0080,2026-02-11,20:34:35,1878,56,517,1417,PAY007237,Delivered,19
ORD007238,CUST00728,REST0235,PART0089,2026-04-10,19:34:29,1597,90,62,1625,PAY007238,Delivered,66
ORD007239,CUST00151,REST0287,PART0109,2026-02-14,07:51:59,1631,21,150,1502,PAY007239,Delivered,75
ORD007240,CUST02062,REST0137,PART0134,2026-03-21,09:54:51,443,61,100,404,PAY007240,Delivered,24
ORD007241,CUST01885,REST0039,PART0100,2025-08-11,21:05:41,925,40,141,824,PAY007241,Delivered,59
ORD007242,CUST02194,REST0215,PART0082,2025-08-14,20:16:03,1410,44,322,1132,PAY007242,Delivered,23
ORD007243,CUST00455,REST0182,PART0033,2025-09-14,15:47:47,202,63,16,249,PAY007243,Delivered,79
ORD007244,CUST01725,REST0154,PART0119,2026-06-20,08:48:11,1643,81,256,1468,PAY007244,Cancelled,76
ORD007245,CUST00568,REST0009,PART0039,2025-09-01,09:42:10,1010,94,192,912,PAY007245,Delayed,45
ORD007246,CUST00125,REST0205,PART0096,2026-06-12,12:36:37,928,36,251,713,PAY007246,Delivered,46
ORD007247,CUST02213,REST0170,PART0100,2026-07-15,04:13:23,297,46,60,283,PAY007247,Delivered,32
ORD007248,CUST00926,REST0188,PART0018,2025-07-17,12:48:47,821,57,220,658,PAY007248,Delivered,35
ORD007249,CUST02233,REST0290,PART0107,2025-10-17,06:34:22,189,59,23,225,PAY007249,Delivered,43
ORD007250,CUST00566,REST0149,PART0013,2025-08-10,20:47:28,875,97,186,786,PAY007250,Delivered,58
ORD007251,CUST00360,REST0012,PART0103,2026-05-14,15:28:28,267,55,40,282,PAY007251,Delivered,63
ORD007252,CUST02104,REST0023,PART0149,2026-05-11,09:52:33,175,67,35,207,PAY007252,Delivered,55
ORD007253,CUST02373,REST0258,PART0022,2026-05-20,18:23:01,470,53,54,469,PAY007253,Delivered,58
ORD007254,CUST00668,REST0080,PART0096,2026-05-06,19:02:19,1432,85,126,1391,PAY007254,Delivered,77
ORD007255,CUST01687,REST0278,PART0100,2025-10-29,02:51:02,495,34,27,502,PAY007255,Cancelled,66
ORD007256,CUST02150,REST0048,PART0066,2025-09-23,17:55:03,1825,88,186,1727,PAY007256,Delayed,79
ORD007257,CUST02415,REST0049,PART0124,2025-08-29,06:29:02,956,64,222,798,PAY007257,Delayed,85
ORD007258,CUST02263,REST0097,PART0099,2026-05-09,07:10:45,1717,66,264,1519,PAY007258,Cancelled,26
ORD007259,CUST00912,REST0194,PART0100,2026-01-07,12:08:04,644,91,56,679,PAY007259,Delivered,54
ORD007260,CUST01911,REST0145,PART0059,2025-11-24,07:47:53,1358,45,144,1259,PAY007260,Delivered,21
ORD007261,CUST01908,REST0281,PART0069,2025-09-01,09:41:09,753,38,110,681,PAY007261,Delivered,58
ORD007262,CUST01348,REST0180,PART0103,2026-01-26,14:26:45,1039,28,55,1012,PAY007262,Delivered,86
ORD007263,CUST02443,REST0197,PART0079,2026-05-09,17:25:38,1980,72,3,2049,PAY007263,Delivered,22
ORD007264,CUST01753,REST0214,PART0008,2026-06-05,14:20:20,1048,85,252,881,PAY007264,Delivered,24
ORD007265,CUST01561,REST0050,PART0073,2026-05-14,23:36:29,1265,40,346,959,PAY007265,Delivered,75
ORD007266,CUST02217,REST0015,PART0039,2026-02-08,20:32:58,184,77,18,243,PAY007266,Delivered,73
ORD007267,CUST00829,REST0007,PART0029,2026-01-12,22:40:35,1169,37,254,952,PAY007267,Delivered,90
ORD007268,CUST01249,REST0203,PART0096,2026-01-30,14:36:10,1025,99,299,825,PAY007268,Delivered,34
ORD007269,CUST01604,REST0161,PART0143,2025-09-01,15:49:23,1123,57,190,990,PAY007269,Delivered,89
ORD007270,CUST02266,REST0217,PART0144,2026-01-19,03:17:28,1246,54,100,1200,PAY007270,Delivered,52
ORD007271,CUST01605,REST0268,PART0071,2026-04-01,15:59:17,1875,48,23,1900,PAY007271,Delivered,28
ORD007272,CUST01423,REST0233,PART0051,2026-03-11,20:05:53,915,79,181,813,PAY007272,Delivered,85
ORD007273,CUST02368,REST0241,PART0034,2025-11-01,07:44:28,851,74,231,694,PAY007273,Delivered,82
ORD007274,CUST00771,REST0011,PART0033,2026-05-17,07:09:16,854,74,42,886,PAY007274,Delivered,44
ORD007275,CUST00884,REST0047,PART0101,2025-08-17,13:54:24,1753,81,412,1422,PAY007275,Delayed,51
ORD007276,CUST01847,REST0202,PART0134,2025-12-01,14:22:01,1172,46,295,923,PAY007276,Delivered,74
ORD007277,CUST01211,REST0256,PART0028,2026-05-18,15:48:18,900,94,209,785,PAY007277,Cancelled,83
ORD007278,CUST00160,REST0298,PART0111,2025-08-20,23:34:28,879,49,136,792,PAY007278,Delivered,28
ORD007279,CUST01410,REST0059,PART0023,2025-11-30,10:13:44,1458,99,225,1332,PAY007279,Delivered,77
ORD007280,CUST01145,REST0030,PART0106,2025-09-22,17:56:43,1008,47,144,911,PAY007280,Delivered,21
ORD007281,CUST00415,REST0197,PART0047,2025-12-13,21:06:06,391,24,75,340,PAY007281,Delivered,70
ORD007282,CUST01968,REST0084,PART0117,2026-05-25,11:51:59,1000,99,214,885,PAY007282,Delivered,79
ORD007283,CUST01554,REST0107,PART0126,2025-09-27,18:11:50,589,42,45,586,PAY007283,Delivered,40
ORD007284,CUST00715,REST0156,PART0050,2026-02-13,00:23:52,1306,72,264,1114,PAY007284,Delivered,68
ORD007285,CUST00190,REST0023,PART0111,2025-10-21,10:31:57,1174,29,64,1139,PAY007285,Delayed,75
ORD007286,CUST00647,REST0217,PART0118,2026-04-23,22:13:12,1559,98,229,1428,PAY007286,Delivered,30
ORD007287,CUST01236,REST0240,PART0004,2025-07-23,07:41:05,1014,94,44,1064,PAY007287,Delivered,24
ORD007288,CUST02405,REST0131,PART0092,2026-07-05,00:10:51,1417,89,108,1398,PAY007288,Delivered,52
ORD007289,CUST01584,REST0014,PART0125,2026-07-06,03:46:10,1949,68,282,1735,PAY007289,Delivered,28
ORD007290,CUST01612,REST0178,PART0043,2026-03-14,03:47:53,236,20,55,201,PAY007290,Delivered,85
ORD007291,CUST01067,REST0168,PART0096,2026-05-24,15:06:48,560,26,8,578,PAY007291,Delivered,75
ORD007292,CUST01375,REST0094,PART0039,2026-05-20,07:58:31,1960,71,546,1485,PAY007292,Delivered,34
ORD007293,CUST01577,REST0178,PART0123,2026-05-09,21:56:23,1922,26,18,1930,PAY007293,Delivered,72
ORD007294,CUST01115,REST0070,PART0015,2025-08-18,19:19:25,1464,34,152,1346,PAY007294,Delivered,25
ORD007295,CUST01169,REST0074,PART0001,2025-08-09,21:01:48,1498,20,107,1411,PAY007295,Delivered,63
ORD007296,CUST02047,REST0015,PART0072,2025-09-17,06:27:51,1106,42,34,1114,PAY007296,Delivered,69
ORD007297,CUST00113,REST0286,PART0031,2025-09-10,20:52:01,1225,80,328,977,PAY007297,Delivered,77
ORD007298,CUST00331,REST0223,PART0124,2025-11-26,02:24:22,944,38,63,919,PAY007298,Delivered,28
ORD007299,CUST01596,REST0176,PART0130,2025-09-16,12:16:02,631,25,67,589,PAY007299,Delivered,43
ORD007300,CUST00394,REST0209,PART0107,2026-02-03,23:59:33,1801,66,2,1865,PAY007300,Delivered,60
ORD007301,CUST01729,REST0209,PART0042,2026-05-28,20:10:26,1821,33,230,1624,PAY007301,Delivered,36
ORD007302,CUST01541,REST0033,PART0008,2026-04-10,00:40:31,1911,24,556,1379,PAY007302,Delivered,32
ORD007303,CUST01489,REST0013,PART0147,2026-02-08,22:34:30,636,22,181,477,PAY007303,Delivered,63
ORD007304,CUST01987,REST0282,PART0050,2025-09-29,15:35:29,1383,93,133,1343,PAY007304,Delivered,52
ORD007305,CUST01090,REST0204,PART0002,2026-01-18,03:30:33,1270,29,355,944,PAY007305,Delivered,86
ORD007306,CUST00064,REST0240,PART0146,2026-07-10,08:45:00,682,76,77,681,PAY007306,Delivered,53
ORD007307,CUST00463,REST0240,PART0095,2026-05-06,08:28:24,786,59,72,773,PAY007307,Delivered,63
ORD007308,CUST02460,REST0204,PART0048,2026-03-18,12:27:12,1886,69,91,1864,PAY007308,Delayed,26
ORD007309,CUST00740,REST0192,PART0003,2025-11-29,16:54:54,498,50,149,399,PAY007309,Delivered,29
ORD007310,CUST00164,REST0100,PART0035,2025-07-27,19:26:47,1139,69,42,1166,PAY007310,Delivered,28
ORD007311,CUST00019,REST0285,PART0118,2025-11-25,08:30:23,845,84,180,749,PAY007311,Delivered,34
ORD007312,CUST00139,REST0170,PART0020,2026-06-12,17:02:47,1519,80,347,1252,PAY007312,Delayed,29
ORD007313,CUST00877,REST0032,PART0005,2025-12-14,10:07:40,609,87,137,559,PAY007313,Cancelled,49
ORD007314,CUST01926,REST0096,PART0022,2026-05-20,01:58:05,329,70,85,314,PAY007314,Delivered,46
ORD007315,CUST00136,REST0045,PART0144,2026-05-06,03:16:19,705,36,199,542,PAY007315,Delivered,61
ORD007316,CUST01959,REST0117,PART0029,2025-12-31,04:03:59,275,64,20,319,PAY007316,Cancelled,25
ORD007317,CUST00761,REST0096,PART0071,2025-08-25,11:07:42,869,72,251,690,PAY007317,Delivered,28
ORD007318,CUST00097,REST0128,PART0133,2026-05-25,18:08:26,1195,69,171,1093,PAY007318,Cancelled,54
ORD007319,CUST02380,REST0096,PART0041,2026-01-31,05:53:24,346,92,45,393,PAY007319,Delivered,38
ORD007320,CUST01112,REST0131,PART0068,2026-05-13,13:21:05,1348,42,353,1037,PAY007320,Delivered,18
ORD007321,CUST02350,REST0091,PART0033,2026-05-27,12:24:15,1034,30,176,888,PAY007321,Delivered,32
ORD007322,CUST01577,REST0143,PART0139,2025-12-19,12:59:07,1943,95,502,1536,PAY007322,Delivered,64
ORD007323,CUST02298,REST0087,PART0090,2025-10-06,17:07:49,1279,44,383,940,PAY007323,Delivered,58
ORD007324,CUST00724,REST0039,PART0030,2025-09-19,07:13:10,393,57,28,422,PAY007324,Delivered,76
ORD007325,CUST00249,REST0177,PART0020,2025-09-28,02:03:34,722,64,96,690,PAY007325,Delivered,80
ORD007326,CUST02263,REST0212,PART0030,2026-03-14,10:37:52,263,87,4,346,PAY007326,Cancelled,72
ORD007327,CUST01394,REST0115,PART0133,2026-03-20,19:37:20,1162,34,102,1094,PAY007327,Delivered,54
ORD007328,CUST01087,REST0080,PART0016,2026-01-19,23:37:19,1915,45,153,1807,PAY007328,Delivered,60
ORD007329,CUST01491,REST0292,PART0096,2026-05-12,14:59:35,271,48,55,264,PAY007329,Delivered,89
ORD007330,CUST02018,REST0096,PART0123,2026-02-28,23:00:42,797,81,6,872,PAY007330,Delivered,88
ORD007331,CUST01073,REST0221,PART0148,2026-05-02,15:10:52,1381,20,358,1043,PAY007331,Delivered,83
ORD007332,CUST00588,REST0044,PART0059,2026-04-13,01:36:31,1986,28,448,1566,PAY007332,Delivered,76
ORD007333,CUST01569,REST0251,PART0024,2025-08-11,05:21:01,520,75,18,577,PAY007333,Delivered,64
ORD007334,CUST00619,REST0075,PART0075,2026-05-01,10:26:41,520,83,13,590,PAY007334,Delivered,25
ORD007335,CUST00664,REST0050,PART0005,2025-10-12,07:15:58,1759,41,427,1373,PAY007335,Delivered,83
ORD007336,CUST00765,REST0010,PART0149,2026-06-05,07:59:59,177,90,13,254,PAY007336,Delayed,26
ORD007337,CUST00501,REST0296,PART0061,2026-03-28,09:42:55,1602,48,326,1324,PAY007337,Delayed,83
ORD007338,CUST01016,REST0047,PART0018,2026-07-13,21:24:12,1876,28,337,1567,PAY007338,Delayed,81
ORD007339,CUST01974,REST0119,PART0021,2026-07-05,18:28:33,493,49,13,529,PAY007339,Delivered,44
ORD007340,CUST02216,REST0266,PART0121,2026-05-15,11:03:14,1097,38,290,845,PAY007340,Delivered,37
ORD007341,CUST00862,REST0021,PART0078,2026-01-24,05:42:09,1072,79,37,1114,PAY007341,Delivered,33
ORD007342,CUST01635,REST0259,PART0006,2026-02-17,17:40:29,1189,80,343,926,PAY007342,Delayed,90
ORD007343,CUST01880,REST0219,PART0073,2026-05-11,14:31:56,178,81,52,207,PAY007343,Delivered,35
ORD007344,CUST02484,REST0237,PART0136,2026-01-10,01:17:34,1944,78,35,1987,PAY007344,Delayed,62
ORD007345,CUST00771,REST0269,PART0083,2025-12-13,15:27:43,914,51,33,932,PAY007345,Delivered,54
ORD007346,CUST01887,REST0134,PART0065,2025-11-18,09:02:38,612,35,183,464,PAY007346,Delivered,83
ORD007347,CUST01036,REST0144,PART0044,2026-03-22,18:34:52,1806,35,367,1474,PAY007347,Delivered,43
ORD007348,CUST00718,REST0191,PART0143,2025-12-06,11:55:01,682,52,10,724,PAY007348,Delivered,79
ORD007349,CUST00039,REST0270,PART0135,2025-10-01,13:39:37,1773,62,65,1770,PAY007349,Delivered,34
ORD007350,CUST02144,REST0232,PART0071,2026-06-30,18:07:31,1058,32,0,1090,PAY007350,Delivered,83
ORD007351,CUST02466,REST0222,PART0074,2025-08-01,12:55:50,648,30,86,592,PAY007351,Delivered,65
ORD007352,CUST00552,REST0174,PART0065,2025-07-30,08:52:23,1295,77,348,1024,PAY007352,Delivered,78
ORD007353,CUST02095,REST0281,PART0031,2026-01-08,03:12:49,1170,62,120,1112,PAY007353,Delayed,72
ORD007354,CUST00778,REST0067,PART0071,2025-09-27,06:49:46,1249,48,188,1109,PAY007354,Delivered,75
ORD007355,CUST00485,REST0219,PART0039,2025-07-17,16:28:51,313,34,1,346,PAY007355,Delivered,29
ORD007356,CUST01047,REST0146,PART0108,2026-02-22,23:19:54,1215,92,245,1062,PAY007356,Delivered,89
ORD007357,CUST00364,REST0177,PART0019,2025-12-01,06:33:36,334,73,71,336,PAY007357,Delivered,64
ORD007358,CUST00078,REST0253,PART0013,2025-07-22,21:22:27,1411,34,365,1080,PAY007358,Cancelled,49
ORD007359,CUST01544,REST0148,PART0148,2026-03-31,08:07:43,387,96,88,395,PAY007359,Delivered,38
ORD007360,CUST01744,REST0034,PART0004,2026-07-13,22:33:27,1685,23,194,1514,PAY007360,Delivered,29
ORD007361,CUST02121,REST0151,PART0042,2025-12-07,22:05:31,1487,54,400,1141,PAY007361,Delivered,55
ORD007362,CUST00489,REST0112,PART0016,2026-03-25,04:16:15,700,72,118,654,PAY007362,Delivered,63
ORD007363,CUST02376,REST0013,PART0136,2025-11-24,18:56:36,1839,82,203,1718,PAY007363,Delivered,76
ORD007364,CUST02311,REST0287,PART0053,2025-12-24,14:50:47,544,63,136,471,PAY007364,Delayed,35
ORD007365,CUST02468,REST0185,PART0030,2026-05-03,09:48:24,576,62,170,468,PAY007365,Delivered,45
ORD007366,CUST01674,REST0191,PART0069,2026-06-06,12:02:09,613,28,183,458,PAY007366,Delayed,40
ORD007367,CUST01702,REST0291,PART0057,2025-07-19,03:07:02,651,43,70,624,PAY007367,Delayed,59
ORD007368,CUST02033,REST0283,PART0133,2025-11-15,15:23:27,402,73,78,397,PAY007368,Delivered,39
ORD007369,CUST00647,REST0028,PART0079,2026-06-16,00:16:41,1813,80,493,1400,PAY007369,Delivered,44
ORD007370,CUST02101,REST0281,PART0070,2026-01-12,05:45:02,1169,35,257,947,PAY007370,Delivered,33
ORD007371,CUST01743,REST0162,PART0107,2025-08-18,08:08:56,1882,34,384,1532,PAY007371,Delivered,51
ORD007372,CUST02134,REST0134,PART0005,2025-09-06,07:30:16,886,47,83,850,PAY007372,Delivered,41
ORD007373,CUST01645,REST0154,PART0095,2026-06-08,15:19:48,1147,75,306,916,PAY007373,Delivered,49
ORD007374,CUST02121,REST0154,PART0039,2025-08-22,12:21:56,150,73,25,198,PAY007374,Delivered,58
ORD007375,CUST01626,REST0298,PART0060,2026-03-04,04:19:03,480,85,48,517,PAY007375,Delivered,15
ORD007376,CUST02216,REST0251,PART0045,2026-02-03,09:20:08,211,29,12,228,PAY007376,Delivered,29
ORD007377,CUST00775,REST0009,PART0043,2026-02-19,06:32:01,1312,89,372,1029,PAY007377,Cancelled,19
ORD007378,CUST01833,REST0085,PART0052,2026-05-09,18:35:45,1026,100,174,952,PAY007378,Cancelled,83
ORD007379,CUST02233,REST0220,PART0018,2025-08-30,11:35:37,985,26,39,972,PAY007379,Delivered,89
ORD007380,CUST01109,REST0031,PART0106,2026-03-03,11:53:07,1960,51,441,1570,PAY007380,Delivered,90
ORD007381,CUST00309,REST0263,PART0080,2025-09-06,23:15:46,1257,24,184,1097,PAY007381,Delivered,20
ORD007382,CUST00989,REST0182,PART0010,2026-01-16,02:28:39,1469,83,249,1303,PAY007382,Delivered,45
ORD007383,CUST02406,REST0236,PART0076,2026-01-24,05:25:30,1199,87,154,1132,PAY007383,Delivered,23
ORD007384,CUST02157,REST0161,PART0091,2026-02-16,05:34:43,608,43,42,609,PAY007384,Delivered,67
ORD007385,CUST01670,REST0003,PART0048,2026-02-15,11:07:09,1832,49,432,1449,PAY007385,Delivered,43
ORD007386,CUST02351,REST0069,PART0028,2026-04-24,03:42:16,450,31,127,354,PAY007386,Delivered,30
ORD007387,CUST00285,REST0127,PART0008,2026-05-08,00:16:09,507,88,146,449,PAY007387,Delivered,56
ORD007388,CUST00352,REST0010,PART0091,2025-11-25,13:22:37,191,39,29,201,PAY007388,Delivered,81
ORD007389,CUST02355,REST0215,PART0014,2025-08-31,17:58:16,693,78,160,611,PAY007389,Delivered,57
ORD007390,CUST00145,REST0131,PART0118,2026-03-15,22:42:57,437,51,55,433,PAY007390,Cancelled,88
ORD007391,CUST01090,REST0102,PART0067,2026-05-27,03:16:07,1205,87,172,1120,PAY007391,Delivered,64
ORD007392,CUST01328,REST0133,PART0104,2025-07-28,20:31:42,815,84,39,860,PAY007392,Delivered,41
ORD007393,CUST00041,REST0022,PART0058,2026-05-17,13:12:20,575,51,56,570,PAY007393,Delivered,15
ORD007394,CUST01659,REST0078,PART0061,2026-06-05,14:40:08,1084,32,195,921,PAY007394,Delivered,51
ORD007395,CUST00496,REST0065,PART0135,2026-03-21,01:07:52,899,51,23,927,PAY007395,Delivered,26
ORD007396,CUST00016,REST0056,PART0023,2025-11-16,09:04:11,740,21,192,569,PAY007396,Delayed,32
ORD007397,CUST02000,REST0258,PART0027,2025-10-19,19:01:42,854,37,26,865,PAY007397,Delivered,83
ORD007398,CUST01243,REST0198,PART0090,2025-11-14,10:23:05,1652,57,50,1659,PAY007398,Delivered,68
ORD007399,CUST00182,REST0253,PART0010,2026-02-09,19:45:16,1483,50,230,1303,PAY007399,Delivered,48
ORD007400,CUST01868,REST0189,PART0021,2026-05-31,12:55:16,1461,80,99,1442,PAY007400,Delivered,47
ORD007401,CUST01440,REST0135,PART0110,2025-12-28,13:02:59,915,50,164,801,PAY007401,Delivered,36
ORD007402,CUST01877,REST0208,PART0100,2025-11-07,04:57:23,462,88,76,474,PAY007402,Delivered,19
ORD007403,CUST02365,REST0001,PART0148,2025-07-31,08:43:39,1401,82,157,1326,PAY007403,Delivered,26
ORD007404,CUST01530,REST0285,PART0026,2026-06-14,17:03:16,929,33,115,847,PAY007404,Delayed,62
ORD007405,CUST01519,REST0153,PART0015,2025-08-26,15:08:09,759,32,139,652,PAY007405,Delivered,22
ORD007406,CUST01373,REST0223,PART0002,2025-08-06,13:37:05,1193,97,205,1085,PAY007406,Delivered,85
ORD007407,CUST01110,REST0140,PART0081,2026-07-15,22:21:33,941,92,188,845,PAY007407,Delivered,63
ORD007408,CUST01477,REST0189,PART0110,2025-11-09,19:54:23,1838,79,473,1444,PAY007408,Delayed,23
ORD007409,CUST00186,REST0042,PART0084,2026-03-31,10:23:51,653,57,4,706,PAY007409,Delivered,32
ORD007410,CUST00104,REST0046,PART0092,2025-09-07,09:58:26,1404,23,150,1277,PAY007410,Delivered,18
ORD007411,CUST01108,REST0088,PART0006,2026-04-12,12:06:47,1031,41,303,769,PAY007411,Delivered,27
ORD007412,CUST00560,REST0095,PART0011,2025-10-24,13:08:56,1676,33,235,1474,PAY007412,Delivered,90
ORD007413,CUST00768,REST0013,PART0133,2026-05-29,00:36:18,605,52,44,613,PAY007413,Delivered,32
ORD007414,CUST01473,REST0238,PART0117,2025-12-10,15:44:41,1921,30,560,1391,PAY007414,Delivered,80
ORD007415,CUST00981,REST0229,PART0039,2025-09-13,16:11:52,582,56,28,610,PAY007415,Delivered,41
ORD007416,CUST01292,REST0253,PART0026,2025-11-02,05:48:29,1619,78,115,1582,PAY007416,Delivered,42
ORD007417,CUST01822,REST0239,PART0066,2025-11-25,06:16:24,1656,28,256,1428,PAY007417,Cancelled,88
ORD007418,CUST00856,REST0187,PART0042,2026-06-11,05:54:53,1883,95,368,1610,PAY007418,Delivered,56
ORD007419,CUST01305,REST0166,PART0147,2025-12-23,06:11:17,802,51,207,646,PAY007419,Delivered,58
ORD007420,CUST01195,REST0128,PART0108,2025-08-14,03:13:28,794,54,26,822,PAY007420,Delivered,21
ORD007421,CUST00521,REST0147,PART0061,2026-02-07,10:43:10,641,90,126,605,PAY007421,Delivered,15
ORD007422,CUST01657,REST0017,PART0110,2025-12-04,12:30:58,1199,57,285,971,PAY007422,Delivered,48
ORD007423,CUST00632,REST0186,PART0013,2025-08-14,09:53:00,761,58,188,631,PAY007423,Delivered,87
ORD007424,CUST02036,REST0170,PART0125,2026-01-25,18:09:49,1335,44,127,1252,PAY007424,Delivered,88
ORD007425,CUST00069,REST0271,PART0140,2025-11-13,00:08:58,356,61,45,372,PAY007425,Delivered,15
ORD007426,CUST02133,REST0148,PART0086,2026-04-29,02:18:27,563,93,86,570,PAY007426,Delivered,49
ORD007427,CUST00741,REST0200,PART0089,2025-11-09,16:19:05,163,100,20,243,PAY007427,Delivered,45
ORD007428,CUST01684,REST0258,PART0016,2025-12-21,06:06:12,244,52,60,236,PAY007428,Delivered,85
ORD007429,CUST00965,REST0161,PART0014,2025-07-25,01:40:18,1911,70,561,1420,PAY007429,Delivered,60
ORD007430,CUST01133,REST0158,PART0008,2025-07-26,09:30:24,1837,87,242,1682,PAY007430,Delivered,38
ORD007431,CUST02009,REST0028,PART0032,2025-11-03,23:37:52,892,66,134,824,PAY007431,Delivered,50
ORD007432,CUST00085,REST0124,PART0052,2025-11-20,12:40:45,1963,95,347,1711,PAY007432,Delivered,69
ORD007433,CUST00922,REST0154,PART0010,2025-09-26,00:01:49,651,68,139,580,PAY007433,Delivered,34
ORD007434,CUST01417,REST0153,PART0147,2026-04-18,16:15:06,402,23,34,391,PAY007434,Delivered,81
ORD007435,CUST01179,REST0200,PART0007,2025-08-21,09:19:31,1436,100,426,1110,PAY007435,Delivered,65
ORD007436,CUST00873,REST0011,PART0109,2026-06-18,22:09:53,534,59,148,445,PAY007436,Delivered,67
ORD007437,CUST00510,REST0213,PART0097,2025-09-07,14:40:59,554,59,154,459,PAY007437,Delivered,21
ORD007438,CUST01842,REST0098,PART0148,2026-07-12,23:09:55,1670,61,252,1479,PAY007438,Delivered,20
ORD007439,CUST00787,REST0214,PART0048,2026-02-05,02:43:15,884,63,151,796,PAY007439,Cancelled,43
ORD007440,CUST00867,REST0038,PART0040,2026-03-07,09:17:13,1379,100,401,1078,PAY007440,Delivered,24
ORD007441,CUST00167,REST0112,PART0139,2026-03-06,01:57:54,1287,35,60,1262,PAY007441,Delivered,77
ORD007442,CUST00138,REST0229,PART0128,2026-06-11,22:59:55,541,90,6,625,PAY007442,Cancelled,86
ORD007443,CUST01856,REST0006,PART0107,2025-08-24,03:00:08,1565,71,282,1354,PAY007443,Delivered,64
ORD007444,CUST00819,REST0101,PART0023,2025-12-04,00:50:11,1193,84,152,1125,PAY007444,Delivered,70
ORD007445,CUST00923,REST0273,PART0017,2025-08-29,06:30:57,216,96,27,285,PAY007445,Delivered,38
ORD007446,CUST00443,REST0138,PART0014,2025-08-22,04:43:18,437,57,11,483,PAY007446,Delivered,61
ORD007447,CUST01145,REST0193,PART0133,2025-10-26,20:18:46,558,96,58,596,PAY007447,Delivered,81
ORD007448,CUST01155,REST0128,PART0082,2026-05-10,12:03:33,1129,51,263,917,PAY007448,Cancelled,42
ORD007449,CUST00371,REST0173,PART0060,2025-11-22,20:53:42,902,86,6,982,PAY007449,Delivered,62
ORD007450,CUST00626,REST0010,PART0010,2025-11-16,20:40:20,726,93,105,714,PAY007450,Delivered,41
ORD007451,CUST00666,REST0006,PART0029,2026-06-26,06:21:29,1870,48,36,1882,PAY007451,Delivered,32
ORD007452,CUST01633,REST0031,PART0029,2025-09-02,07:00:39,1494,88,441,1141,PAY007452,Delayed,77
ORD007453,CUST01492,REST0187,PART0091,2025-09-25,03:55:26,1189,65,165,1089,PAY007453,Delivered,21
ORD007454,CUST00377,REST0239,PART0097,2026-02-25,02:20:06,344,100,69,375,PAY007454,Delivered,26
ORD007455,CUST00568,REST0152,PART0079,2025-10-06,16:40:08,476,69,107,438,PAY007455,Delivered,44
ORD007456,CUST01054,REST0046,PART0023,2026-02-27,08:33:07,1162,81,1,1242,PAY007456,Cancelled,17
ORD007457,CUST01610,REST0142,PART0027,2026-05-23,01:47:45,1443,42,329,1156,PAY007457,Delivered,40
ORD007458,CUST01060,REST0270,PART0092,2025-08-15,20:37:24,1494,95,244,1345,PAY007458,Delivered,66
ORD007459,CUST02014,REST0174,PART0055,2025-10-14,03:42:32,436,67,38,465,PAY007459,Delayed,26
ORD007460,CUST00028,REST0186,PART0060,2025-08-04,07:14:19,1150,94,35,1209,PAY007460,Delivered,71
ORD007461,CUST01577,REST0115,PART0054,2025-10-31,15:05:51,883,72,176,779,PAY007461,Delivered,78
ORD007462,CUST02240,REST0284,PART0019,2025-11-14,05:04:31,677,44,78,643,PAY007462,Cancelled,22
ORD007463,CUST00725,REST0012,PART0019,2026-06-08,00:50:04,200,41,16,225,PAY007463,Delivered,31
ORD007464,CUST01594,REST0204,PART0035,2026-05-07,15:25:06,1096,68,14,1150,PAY007464,Delivered,62
ORD007465,CUST01212,REST0153,PART0029,2026-02-14,22:06:20,908,80,241,747,PAY007465,Delivered,27
ORD007466,CUST02054,REST0147,PART0045,2026-05-05,09:24:59,1648,84,159,1573,PAY007466,Delivered,26
ORD007467,CUST01992,REST0130,PART0039,2026-02-11,11:07:57,1654,42,404,1292,PAY007467,Delivered,24
ORD007468,CUST01177,REST0243,PART0143,2026-07-05,19:19:08,674,27,168,533,PAY007468,Cancelled,87
ORD007469,CUST01789,REST0036,PART0107,2026-06-14,22:36:23,1035,81,56,1060,PAY007469,Delivered,82
ORD007470,CUST00626,REST0197,PART0061,2025-08-16,04:18:22,1705,95,77,1723,PAY007470,Cancelled,82
ORD007471,CUST00355,REST0157,PART0090,2026-05-27,10:14:19,1951,96,315,1732,PAY007471,Delayed,59
ORD007472,CUST00865,REST0101,PART0012,2026-04-19,01:41:55,1359,79,122,1316,PAY007472,Delivered,81
ORD007473,CUST00662,REST0141,PART0044,2026-02-14,10:15:03,245,48,65,228,PAY007473,Delivered,90
ORD007474,CUST00244,REST0150,PART0115,2026-07-14,10:34:28,887,39,254,672,PAY007474,Delivered,44
ORD007475,CUST01597,REST0108,PART0076,2026-02-25,11:11:40,776,59,211,624,PAY007475,Delivered,64
ORD007476,CUST01776,REST0174,PART0146,2026-06-19,05:34:47,1134,52,291,895,PAY007476,Delivered,30
ORD007477,CUST00289,REST0191,PART0033,2026-04-10,09:33:09,351,30,1,380,PAY007477,Delivered,36
ORD007478,CUST00383,REST0180,PART0150,2026-02-13,07:28:59,1919,100,543,1476,PAY007478,Delivered,60
ORD007479,CUST00801,REST0218,PART0144,2025-11-08,15:57:22,1240,29,83,1186,PAY007479,Delivered,82
ORD007480,CUST02264,REST0089,PART0060,2026-07-03,05:18:04,936,24,260,700,PAY007480,Delivered,33
ORD007481,CUST01010,REST0300,PART0085,2026-02-15,18:13:23,910,32,36,906,PAY007481,Delivered,36
ORD007482,CUST01173,REST0186,PART0116,2026-03-28,17:51:42,810,53,147,716,PAY007482,Delivered,17
ORD007483,CUST02236,REST0053,PART0015,2025-11-08,19:07:20,313,80,51,342,PAY007483,Delivered,26
ORD007484,CUST01925,REST0028,PART0124,2025-08-24,05:55:14,1851,40,284,1607,PAY007484,Delayed,39
ORD007485,CUST00323,REST0143,PART0047,2026-06-28,22:50:00,1196,32,149,1079,PAY007485,Delayed,43
ORD007486,CUST01407,REST0141,PART0096,2025-12-20,00:04:50,883,76,141,818,PAY007486,Delivered,30
ORD007487,CUST00021,REST0035,PART0105,2026-05-04,09:45:14,1705,49,198,1556,PAY007487,Cancelled,58
ORD007488,CUST01838,REST0272,PART0024,2026-07-12,17:21:32,1082,70,188,964,PAY007488,Cancelled,62
ORD007489,CUST00381,REST0225,PART0038,2025-08-01,01:29:32,950,65,171,844,PAY007489,Cancelled,86
ORD007490,CUST01779,REST0028,PART0030,2025-11-14,08:50:16,465,29,55,439,PAY007490,Delivered,76
ORD007491,CUST00656,REST0089,PART0033,2026-07-08,01:59:08,772,81,215,638,PAY007491,Delivered,51
ORD007492,CUST01661,REST0163,PART0021,2026-06-22,05:00:43,560,32,144,448,PAY007492,Delivered,64
ORD007493,CUST02242,REST0008,PART0086,2025-12-26,10:04:15,1773,57,100,1730,PAY007493,Delayed,49
ORD007494,CUST00921,REST0266,PART0004,2025-08-21,08:18:41,207,86,20,273,PAY007494,Cancelled,49
ORD007495,CUST00439,REST0020,PART0119,2026-03-28,17:50:28,1749,79,407,1421,PAY007495,Delivered,90
ORD007496,CUST01349,REST0295,PART0021,2025-11-22,16:03:40,1775,95,436,1434,PAY007496,Cancelled,43
ORD007497,CUST02144,REST0236,PART0133,2025-10-28,17:30:10,1288,83,11,1360,PAY007497,Delayed,24
ORD007498,CUST00494,REST0217,PART0125,2026-04-30,01:17:30,1066,53,299,820,PAY007498,Delayed,23
ORD007499,CUST01934,REST0026,PART0148,2025-08-05,10:57:55,1954,61,443,1572,PAY007499,Delivered,82
ORD007500,CUST02192,REST0169,PART0031,2025-09-07,09:42:52,1031,83,279,835,PAY007500,Cancelled,69
ORD007501,CUST00598,REST0265,PART0094,2025-08-11,22:33:56,562,91,94,559,PAY007501,Delivered,74
ORD007502,CUST01382,REST0148,PART0022,2025-08-21,20:52:16,762,27,16,773,PAY007502,Delivered,62
ORD007503,CUST01393,REST0046,PART0028,2026-03-01,17:11:06,967,85,285,767,PAY007503,Delayed,84
ORD007504,CUST01559,REST0251,PART0137,2025-07-17,19:09:45,1462,31,41,1452,PAY007504,Cancelled,77
ORD007505,CUST01313,REST0060,PART0065,2025-08-26,17:30:27,1197,27,286,938,PAY007505,Delivered,66
ORD007506,CUST00411,REST0195,PART0147,2026-06-27,10:15:51,1077,67,234,910,PAY007506,Delivered,55
ORD007507,CUST00385,REST0103,PART0074,2026-01-17,11:32:26,199,37,12,224,PAY007507,Delivered,38
ORD007508,CUST01568,REST0177,PART0119,2025-08-01,18:09:08,1297,45,313,1029,PAY007508,Delivered,27
ORD007509,CUST01901,REST0012,PART0012,2026-01-14,11:16:06,1815,98,361,1552,PAY007509,Delivered,28
ORD007510,CUST00270,REST0075,PART0044,2026-05-26,14:53:03,1270,57,177,1150,PAY007510,Delivered,49
ORD007511,CUST01824,REST0275,PART0049,2025-12-03,11:45:02,506,48,132,422,PAY007511,Delivered,20
ORD007512,CUST01907,REST0201,PART0014,2025-12-20,21:52:50,1250,34,151,1133,PAY007512,Delivered,50
ORD007513,CUST00754,REST0217,PART0037,2026-02-11,17:15:59,1325,70,357,1038,PAY007513,Delivered,87
ORD007514,CUST00832,REST0227,PART0110,2025-08-26,18:05:15,458,64,91,431,PAY007514,Cancelled,36
ORD007515,CUST01474,REST0103,PART0047,2025-10-26,21:04:51,1633,92,281,1444,PAY007515,Delivered,71
ORD007516,CUST01772,REST0204,PART0119,2025-09-15,21:58:47,1049,37,20,1066,PAY007516,Delivered,62
ORD007517,CUST01491,REST0296,PART0128,2026-03-02,16:56:56,1953,94,15,2032,PAY007517,Delivered,42
ORD007518,CUST00991,REST0242,PART0066,2026-07-16,04:01:53,642,78,82,638,PAY007518,Delivered,62
ORD007519,CUST00017,REST0206,PART0144,2026-02-19,04:27:58,1187,86,104,1169,PAY007519,Cancelled,32
ORD007520,CUST00212,REST0143,PART0149,2026-06-28,20:01:30,401,76,118,359,PAY007520,Delivered,68
ORD007521,CUST00556,REST0229,PART0022,2026-05-20,15:24:24,455,94,76,473,PAY007521,Delivered,89
ORD007522,CUST02143,REST0015,PART0010,2025-10-20,09:21:55,1028,47,231,844,PAY007522,Delivered,49
ORD007523,CUST02174,REST0276,PART0143,2025-08-17,02:10:12,449,20,42,427,PAY007523,Delivered,36
ORD007524,CUST02000,REST0002,PART0144,2025-11-22,23:28:59,1334,76,288,1122,PAY007524,Delivered,71
ORD007525,CUST00689,REST0154,PART0045,2025-09-19,15:12:19,229,28,40,217,PAY007525,Delivered,49
ORD007526,CUST00518,REST0294,PART0056,2025-09-26,03:19:16,659,31,11,679,PAY007526,Delivered,33
ORD007527,CUST01933,REST0136,PART0010,2026-03-25,02:07:02,194,47,25,216,PAY007527,Delivered,19
ORD007528,CUST00603,REST0255,PART0007,2026-07-07,19:41:33,527,63,67,523,PAY007528,Delivered,90
ORD007529,CUST02106,REST0063,PART0140,2026-02-22,05:23:53,590,33,177,446,PAY007529,Delivered,22
ORD007530,CUST00121,REST0234,PART0027,2026-04-14,08:45:56,1740,55,192,1603,PAY007530,Delivered,53
ORD007531,CUST00172,REST0170,PART0079,2026-06-17,19:56:55,1752,90,222,1620,PAY007531,Delivered,59
ORD007532,CUST02024,REST0184,PART0140,2025-08-25,13:57:57,1767,90,135,1722,PAY007532,Delivered,65
ORD007533,CUST02437,REST0253,PART0072,2026-03-18,05:38:11,905,90,49,946,PAY007533,Delivered,79
ORD007534,CUST01800,REST0133,PART0140,2026-05-27,16:29:38,1542,58,213,1387,PAY007534,Cancelled,34
ORD007535,CUST01041,REST0085,PART0086,2025-07-22,18:48:11,500,88,102,486,PAY007535,Delivered,16
ORD007536,CUST00384,REST0249,PART0075,2026-01-14,21:27:06,984,55,236,803,PAY007536,Delivered,32
ORD007537,CUST00219,REST0209,PART0112,2025-10-09,01:35:38,891,89,152,828,PAY007537,Delivered,25
ORD007538,CUST00342,REST0036,PART0111,2026-04-25,06:13:18,702,64,6,760,PAY007538,Delivered,19
ORD007539,CUST02272,REST0054,PART0026,2026-04-17,06:20:07,471,54,29,496,PAY007539,Delivered,67
ORD007540,CUST00415,REST0012,PART0150,2025-09-03,10:21:43,1084,70,91,1063,PAY007540,Delivered,66
ORD007541,CUST00742,REST0048,PART0097,2025-09-20,00:25:51,1479,40,209,1310,PAY007541,Delivered,86
ORD007542,CUST00641,REST0025,PART0098,2026-04-28,19:09:40,1110,43,9,1144,PAY007542,Delivered,39
ORD007543,CUST00143,REST0067,PART0072,2026-05-31,13:01:27,1755,59,69,1745,PAY007543,Delivered,47
ORD007544,CUST01217,REST0003,PART0089,2026-06-16,17:13:38,522,94,91,525,PAY007544,Delayed,70
ORD007545,CUST00607,REST0294,PART0101,2026-04-07,06:40:10,1587,69,146,1510,PAY007545,Delivered,30
ORD007546,CUST00564,REST0252,PART0054,2026-01-30,04:23:43,504,55,117,442,PAY007546,Delivered,23
ORD007547,CUST00152,REST0223,PART0013,2025-10-16,21:34:46,1914,91,502,1503,PAY007547,Delivered,54
ORD007548,CUST00864,REST0227,PART0073,2025-12-21,15:47:35,947,38,8,977,PAY007548,Delivered,51
ORD007549,CUST00313,REST0224,PART0123,2025-07-18,07:03:56,1123,29,295,857,PAY007549,Delivered,40
ORD007550,CUST00304,REST0131,PART0038,2026-04-06,21:00:16,1580,38,436,1182,PAY007550,Delayed,26
ORD007551,CUST02287,REST0040,PART0060,2026-02-04,08:16:24,720,23,118,625,PAY007551,Cancelled,70
ORD007552,CUST00041,REST0254,PART0015,2026-06-21,02:03:39,1373,36,303,1106,PAY007552,Cancelled,39
ORD007553,CUST00470,REST0113,PART0068,2025-10-30,09:16:00,747,42,118,671,PAY007553,Delayed,33
ORD007554,CUST01218,REST0292,PART0035,2026-02-25,04:56:21,1152,27,213,966,PAY007554,Delivered,31
ORD007555,CUST00399,REST0216,PART0075,2026-05-20,20:34:09,794,76,204,666,PAY007555,Delivered,21
ORD007556,CUST02341,REST0185,PART0042,2026-04-25,16:29:55,723,84,180,627,PAY007556,Delayed,48
ORD007557,CUST01151,REST0187,PART0110,2026-05-13,17:04:51,694,48,163,579,PAY007557,Delayed,54
ORD007558,CUST00326,REST0257,PART0011,2026-06-08,04:18:40,958,47,246,759,PAY007558,Cancelled,26
ORD007559,CUST01450,REST0253,PART0092,2025-09-27,01:53:03,939,46,123,862,PAY007559,Delivered,89
ORD007560,CUST01119,REST0240,PART0081,2026-01-23,13:38:56,1609,81,317,1373,PAY007560,Delivered,66
ORD007561,CUST01552,REST0217,PART0127,2026-02-13,21:27:22,879,73,143,809,PAY007561,Cancelled,63
ORD007562,CUST00901,REST0155,PART0131,2025-10-16,15:17:23,1797,52,95,1754,PAY007562,Cancelled,28
ORD007563,CUST00871,REST0086,PART0078,2025-08-08,07:10:33,1715,55,12,1758,PAY007563,Delivered,33
ORD007564,CUST01048,REST0181,PART0052,2025-12-30,03:06:06,376,74,89,361,PAY007564,Delivered,32
ORD007565,CUST00546,REST0062,PART0079,2025-10-06,04:31:28,1627,56,353,1330,PAY007565,Delivered,66
ORD007566,CUST02344,REST0264,PART0050,2026-03-11,09:46:13,177,22,18,181,PAY007566,Delivered,55
ORD007567,CUST02058,REST0052,PART0144,2026-04-01,05:35:07,237,26,42,221,PAY007567,Cancelled,39
ORD007568,CUST02381,REST0030,PART0083,2025-12-14,02:19:32,304,57,51,310,PAY007568,Cancelled,25
ORD007569,CUST01874,REST0296,PART0009,2025-09-28,23:45:32,995,65,104,956,PAY007569,Delivered,19
ORD007570,CUST01047,REST0047,PART0005,2026-06-01,15:35:08,1089,88,110,1067,PAY007570,Delivered,84
ORD007571,CUST02419,REST0170,PART0016,2026-02-06,05:04:07,1169,65,18,1216,PAY007571,Cancelled,42
ORD007572,CUST00859,REST0221,PART0071,2025-11-06,22:00:44,1999,67,114,1952,PAY007572,Delivered,19
ORD007573,CUST01222,REST0090,PART0039,2025-11-26,22:36:03,1635,97,455,1277,PAY007573,Delivered,20
ORD007574,CUST00011,REST0098,PART0026,2025-09-07,03:21:57,831,94,82,843,PAY007574,Delayed,33
ORD007575,CUST02354,REST0189,PART0147,2025-12-20,08:11:49,887,63,182,768,PAY007575,Delivered,37
ORD007576,CUST00456,REST0222,PART0101,2026-03-02,16:10:07,293,97,56,334,PAY007576,Delivered,58
ORD007577,CUST00189,REST0061,PART0140,2025-12-23,01:39:03,1791,47,388,1450,PAY007577,Delivered,26
ORD007578,CUST00002,REST0105,PART0034,2026-07-04,22:33:43,1472,80,392,1160,PAY007578,Delivered,85
ORD007579,CUST01455,REST0103,PART0138,2026-02-25,20:14:02,1523,51,77,1497,PAY007579,Delivered,40
ORD007580,CUST00497,REST0241,PART0149,2025-11-04,23:00:11,295,56,34,317,PAY007580,Cancelled,34
ORD007581,CUST02235,REST0062,PART0017,2025-10-28,20:24:40,842,29,79,792,PAY007581,Delivered,27
ORD007582,CUST02043,REST0092,PART0098,2025-10-20,22:55:33,1988,72,566,1494,PAY007582,Delivered,29
ORD007583,CUST00060,REST0089,PART0032,2026-03-12,14:54:54,1160,50,244,966,PAY007583,Delivered,62
ORD007584,CUST00171,REST0105,PART0093,2026-06-13,17:35:41,1266,52,179,1139,PAY007584,Delivered,56
ORD007585,CUST00917,REST0046,PART0051,2026-06-26,17:09:49,1376,70,236,1210,PAY007585,Delivered,28
ORD007586,CUST00306,REST0095,PART0080,2025-09-02,15:36:10,390,45,102,333,PAY007586,Delivered,40
ORD007587,CUST01591,REST0066,PART0029,2026-04-16,18:37:05,1600,68,194,1474,PAY007587,Delivered,40
ORD007588,CUST00930,REST0142,PART0067,2025-12-26,10:33:54,515,30,85,460,PAY007588,Delivered,16
ORD007589,CUST01717,REST0058,PART0034,2025-10-23,06:33:27,154,29,18,165,PAY007589,Delivered,16
ORD007590,CUST02442,REST0286,PART0073,2026-03-25,00:44:11,1621,90,140,1571,PAY007590,Delivered,47
ORD007591,CUST01744,REST0032,PART0008,2026-03-08,07:11:09,912,48,102,858,PAY007591,Delivered,76
ORD007592,CUST00774,REST0190,PART0061,2026-01-25,12:28:48,1206,33,103,1136,PAY007592,Cancelled,42
ORD007593,CUST01815,REST0180,PART0029,2025-07-16,19:19:53,1423,55,32,1446,PAY007593,Delivered,79
ORD007594,CUST01433,REST0198,PART0095,2025-08-29,18:02:28,1529,20,229,1320,PAY007594,Delayed,83
ORD007595,CUST02092,REST0123,PART0130,2025-12-20,17:44:41,838,61,66,833,PAY007595,Delivered,69
ORD007596,CUST00578,REST0102,PART0088,2026-03-02,15:51:47,1677,68,45,1700,PAY007596,Delivered,81
ORD007597,CUST00019,REST0246,PART0053,2025-09-28,11:34:41,1398,20,173,1245,PAY007597,Delivered,20
ORD007598,CUST02317,REST0129,PART0136,2026-05-02,06:20:18,276,81,16,341,PAY007598,Delivered,55
ORD007599,CUST01746,REST0207,PART0114,2025-10-22,11:19:41,1778,51,396,1433,PAY007599,Delivered,39
ORD007600,CUST00732,REST0266,PART0102,2026-04-10,17:10:28,587,97,103,581,PAY007600,Cancelled,46
ORD007601,CUST01261,REST0251,PART0006,2025-09-04,00:37:08,1332,78,171,1239,PAY007601,Delivered,30
ORD007602,CUST00807,REST0184,PART0049,2026-02-25,04:14:33,521,30,73,478,PAY007602,Delayed,44
ORD007603,CUST00698,REST0263,PART0039,2025-09-25,20:07:56,681,40,113,608,PAY007603,Delivered,83
ORD007604,CUST01707,REST0189,PART0098,2026-05-28,12:58:51,396,64,113,347,PAY007604,Delayed,16
ORD007605,CUST01904,REST0145,PART0079,2026-03-22,02:40:20,260,42,71,231,PAY007605,Delivered,73
ORD007606,CUST02224,REST0041,PART0053,2026-02-26,13:41:10,188,69,17,240,PAY007606,Delivered,45
ORD007607,CUST02413,REST0080,PART0069,2025-08-31,20:03:38,1173,86,81,1178,PAY007607,Delivered,51
ORD007608,CUST01663,REST0280,PART0133,2026-04-02,20:11:12,624,61,11,674,PAY007608,Delivered,54
ORD007609,CUST02419,REST0115,PART0100,2025-10-20,20:35:27,1701,95,126,1670,PAY007609,Delivered,18
ORD007610,CUST01730,REST0101,PART0139,2025-09-05,16:18:07,1583,38,446,1175,PAY007610,Delivered,33
ORD007611,CUST00563,REST0300,PART0076,2026-04-18,09:25:40,1420,34,306,1148,PAY007611,Delayed,75
ORD007612,CUST01454,REST0132,PART0093,2025-07-31,20:32:27,1557,80,142,1495,PAY007612,Delivered,68
ORD007613,CUST02223,REST0211,PART0130,2025-10-13,21:31:21,1911,44,124,1831,PAY007613,Delayed,64
ORD007614,CUST02448,REST0160,PART0133,2025-10-21,07:55:23,1342,43,243,1142,PAY007614,Cancelled,29
ORD007615,CUST01320,REST0146,PART0134,2026-05-01,12:34:41,1462,72,150,1384,PAY007615,Delivered,31
ORD007616,CUST01424,REST0042,PART0032,2025-08-03,07:48:06,1164,35,289,910,PAY007616,Delayed,90
ORD007617,CUST01219,REST0159,PART0115,2026-04-26,05:33:32,376,49,51,374,PAY007617,Delivered,75
ORD007618,CUST02222,REST0258,PART0073,2025-08-13,06:44:15,1334,32,61,1305,PAY007618,Delivered,54
ORD007619,CUST01048,REST0229,PART0001,2026-04-07,21:46:09,1652,34,408,1278,PAY007619,Delivered,86
ORD007620,CUST01545,REST0057,PART0121,2025-12-16,12:50:15,557,31,151,437,PAY007620,Delivered,33
ORD007621,CUST02115,REST0133,PART0068,2025-09-05,21:05:17,1198,89,68,1219,PAY007621,Delivered,36
ORD007622,CUST00120,REST0136,PART0093,2025-10-08,22:57:49,390,84,108,366,PAY007622,Delivered,56
ORD007623,CUST02490,REST0290,PART0096,2025-10-31,15:24:57,337,42,69,310,PAY007623,Cancelled,29
ORD007624,CUST01263,REST0228,PART0096,2025-08-28,23:25:34,1452,81,156,1377,PAY007624,Delivered,69
ORD007625,CUST02064,REST0112,PART0121,2026-02-24,09:12:59,951,63,63,951,PAY007625,Delivered,18
ORD007626,CUST00790,REST0233,PART0032,2025-07-17,08:03:16,1089,25,83,1031,PAY007626,Delivered,35
ORD007627,CUST02088,REST0095,PART0029,2026-03-26,09:30:08,196,68,50,214,PAY007627,Delivered,32
ORD007628,CUST00491,REST0124,PART0114,2025-10-05,21:02:39,598,67,131,534,PAY007628,Delivered,57
ORD007629,CUST00746,REST0136,PART0096,2026-04-20,18:55:14,1424,75,324,1175,PAY007629,Delayed,34
ORD007630,CUST02075,REST0290,PART0120,2025-08-28,06:17:00,214,66,46,234,PAY007630,Delivered,37
ORD007631,CUST02328,REST0263,PART0133,2026-06-03,13:40:46,1830,66,64,1832,PAY007631,Delivered,55
ORD007632,CUST01798,REST0248,PART0009,2026-04-12,15:04:16,470,41,39,472,PAY007632,Delivered,38
ORD007633,CUST02259,REST0146,PART0091,2025-07-21,14:02:37,1441,94,406,1129,PAY007633,Delivered,86
ORD007634,CUST00647,REST0020,PART0083,2025-12-23,18:32:51,793,56,34,815,PAY007634,Delivered,52
ORD007635,CUST00729,REST0296,PART0029,2025-08-26,18:40:20,1635,77,477,1235,PAY007635,Delivered,38
ORD007636,CUST01835,REST0123,PART0064,2025-11-25,19:28:10,1182,92,205,1069,PAY007636,Delivered,61
ORD007637,CUST01755,REST0111,PART0038,2025-10-04,08:57:32,1083,23,323,783,PAY007637,Delivered,41
ORD007638,CUST01805,REST0044,PART0091,2026-01-05,20:49:42,157,100,4,253,PAY007638,Delivered,60
ORD007639,CUST00544,REST0192,PART0031,2025-09-10,07:32:44,1777,75,193,1659,PAY007639,Delayed,65
ORD007640,CUST01426,REST0217,PART0122,2025-09-11,07:48:54,408,29,112,325,PAY007640,Delivered,49
ORD007641,CUST02035,REST0145,PART0126,2026-04-23,12:53:22,1663,68,105,1626,PAY007641,Delivered,21
ORD007642,CUST01696,REST0202,PART0063,2026-03-24,21:14:52,1466,22,108,1380,PAY007642,Delivered,81
ORD007643,CUST01581,REST0262,PART0117,2026-05-17,08:05:28,1517,26,65,1478,PAY007643,Delivered,29
ORD007644,CUST00082,REST0171,PART0058,2025-09-02,02:30:38,833,84,66,851,PAY007644,Delayed,23
ORD007645,CUST01360,REST0280,PART0084,2026-06-18,15:36:19,1433,90,208,1315,PAY007645,Delivered,38
ORD007646,CUST01922,REST0200,PART0032,2025-12-06,10:51:16,1188,85,327,946,PAY007646,Delivered,72
ORD007647,CUST00238,REST0006,PART0063,2025-11-19,12:03:06,1096,54,213,937,PAY007647,Delivered,52
ORD007648,CUST02282,REST0089,PART0136,2025-12-22,21:46:18,150,67,35,182,PAY007648,Delivered,72
ORD007649,CUST00364,REST0245,PART0023,2025-12-10,07:45:41,1871,50,381,1540,PAY007649,Delivered,90
ORD007650,CUST01057,REST0174,PART0004,2026-03-29,08:57:57,701,92,113,680,PAY007650,Delivered,17
ORD007651,CUST01096,REST0133,PART0013,2026-02-02,17:58:22,1126,26,218,934,PAY007651,Delivered,75
ORD007652,CUST01313,REST0118,PART0074,2026-04-06,10:46:58,1460,42,348,1154,PAY007652,Delivered,68
ORD007653,CUST01370,REST0094,PART0067,2025-10-31,01:34:47,348,61,42,367,PAY007653,Delivered,18
ORD007654,CUST00221,REST0059,PART0093,2026-01-04,10:41:21,1049,91,94,1046,PAY007654,Delivered,85
ORD007655,CUST02106,REST0117,PART0090,2026-03-30,18:30:57,384,49,3,430,PAY007655,Cancelled,39
ORD007656,CUST00506,REST0181,PART0033,2025-10-02,12:21:51,1723,75,331,1467,PAY007656,Delivered,33
ORD007657,CUST00225,REST0282,PART0145,2026-06-14,08:39:34,688,61,202,547,PAY007657,Delivered,69
ORD007658,CUST00308,REST0112,PART0125,2026-03-19,20:54:05,1557,81,401,1237,PAY007658,Delivered,64
ORD007659,CUST02297,REST0032,PART0099,2025-09-10,21:49:22,1804,79,12,1871,PAY007659,Delivered,16
ORD007660,CUST01720,REST0149,PART0008,2025-10-04,13:08:05,258,63,7,314,PAY007660,Delivered,60
ORD007661,CUST00730,REST0283,PART0071,2025-12-14,09:30:06,330,89,29,390,PAY007661,Delivered,17
ORD007662,CUST01149,REST0021,PART0117,2025-11-30,09:39:04,1500,57,371,1186,PAY007662,Delayed,17
ORD007663,CUST00786,REST0165,PART0058,2025-09-27,06:05:07,563,86,144,505,PAY007663,Delivered,27
ORD007664,CUST01775,REST0056,PART0090,2026-06-19,02:19:25,539,38,74,503,PAY007664,Delivered,60
ORD007665,CUST00274,REST0128,PART0067,2026-03-31,20:01:44,467,57,20,504,PAY007665,Delivered,25
ORD007666,CUST00567,REST0213,PART0141,2026-06-14,11:59:24,1949,90,106,1933,PAY007666,Delivered,87
ORD007667,CUST02210,REST0113,PART0084,2026-03-30,10:54:30,1938,69,378,1629,PAY007667,Delayed,37
ORD007668,CUST01680,REST0257,PART0140,2025-10-18,12:33:30,641,88,52,677,PAY007668,Delivered,56
ORD007669,CUST01100,REST0167,PART0104,2026-01-22,12:06:54,205,72,58,219,PAY007669,Delivered,80
ORD007670,CUST00882,REST0042,PART0096,2026-01-22,02:47:46,1049,26,310,765,PAY007670,Delivered,77
ORD007671,CUST01354,REST0290,PART0027,2025-10-30,14:42:04,1513,95,219,1389,PAY007671,Delivered,38
ORD007672,CUST02490,REST0131,PART0056,2026-01-02,03:07:44,1367,52,131,1288,PAY007672,Delayed,15
ORD007673,CUST01348,REST0233,PART0129,2025-08-04,05:53:04,1485,90,158,1417,PAY007673,Delivered,48
ORD007674,CUST00691,REST0120,PART0015,2025-10-22,03:38:21,1370,27,376,1021,PAY007674,Delivered,76
ORD007675,CUST01582,REST0169,PART0009,2025-07-17,10:17:20,384,59,83,360,PAY007675,Cancelled,34
ORD007676,CUST02080,REST0128,PART0114,2025-12-31,12:22:44,1869,29,78,1820,PAY007676,Delivered,67
ORD007677,CUST00298,REST0280,PART0139,2026-01-12,06:41:38,287,24,65,246,PAY007677,Cancelled,27
ORD007678,CUST00454,REST0023,PART0073,2025-09-15,20:05:55,1231,27,57,1201,PAY007678,Delayed,73
ORD007679,CUST01037,REST0131,PART0081,2025-08-09,02:07:27,1191,54,141,1104,PAY007679,Delivered,44
ORD007680,CUST00549,REST0046,PART0017,2026-05-15,16:54:12,864,71,240,695,PAY007680,Delivered,87
ORD007681,CUST02328,REST0140,PART0093,2026-06-26,11:16:56,305,31,0,336,PAY007681,Delivered,31
ORD007682,CUST00291,REST0209,PART0088,2026-06-05,00:20:46,874,87,67,894,PAY007682,Delivered,60
ORD007683,CUST00045,REST0001,PART0002,2025-08-08,09:13:57,764,75,44,795,PAY007683,Delivered,83
ORD007684,CUST01932,REST0216,PART0077,2026-05-02,20:40:48,1260,86,334,1012,PAY007684,Delivered,28
ORD007685,CUST00679,REST0082,PART0046,2026-01-10,09:37:46,641,78,113,606,PAY007685,Delivered,79
ORD007686,CUST02374,REST0098,PART0021,2026-02-04,20:27:15,817,74,201,690,PAY007686,Delivered,50
ORD007687,CUST02197,REST0286,PART0019,2025-11-05,12:08:48,624,65,73,616,PAY007687,Delivered,20
ORD007688,CUST01705,REST0037,PART0011,2025-10-03,09:43:02,561,38,118,481,PAY007688,Delivered,45
ORD007689,CUST00363,REST0050,PART0003,2025-12-23,18:59:59,1115,77,126,1066,PAY007689,Delivered,36
ORD007690,CUST01863,REST0164,PART0149,2025-08-28,02:56:53,1563,44,400,1207,PAY007690,Cancelled,43
ORD007691,CUST01422,REST0035,PART0076,2026-06-23,12:09:53,1263,60,58,1265,PAY007691,Delivered,88
ORD007692,CUST01085,REST0221,PART0122,2025-11-04,18:46:57,230,22,63,189,PAY007692,Cancelled,32
ORD007693,CUST02198,REST0042,PART0027,2025-09-08,21:11:27,1088,99,267,920,PAY007693,Delivered,82
ORD007694,CUST01800,REST0194,PART0009,2025-11-03,07:42:06,445,32,12,465,PAY007694,Delivered,56
ORD007695,CUST00185,REST0129,PART0037,2025-11-01,17:19:06,894,60,237,717,PAY007695,Delivered,62
ORD007696,CUST01919,REST0209,PART0105,2025-09-23,00:06:41,1567,76,465,1178,PAY007696,Cancelled,76
ORD007697,CUST02407,REST0201,PART0098,2025-12-28,17:49:08,1870,67,277,1660,PAY007697,Delivered,18
ORD007698,CUST02244,REST0241,PART0055,2026-05-10,21:53:26,1757,20,180,1597,PAY007698,Delivered,78
ORD007699,CUST01478,REST0234,PART0030,2025-07-21,14:06:55,578,90,7,661,PAY007699,Delivered,34
ORD007700,CUST02470,REST0197,PART0099,2026-01-16,00:39:07,975,75,92,958,PAY007700,Delivered,81
ORD007701,CUST00693,REST0269,PART0145,2026-05-17,09:00:07,1128,49,135,1042,PAY007701,Delivered,22
ORD007702,CUST01330,REST0150,PART0075,2026-05-08,10:02:59,498,70,138,430,PAY007702,Delivered,65
ORD007703,CUST01652,REST0260,PART0135,2026-02-06,21:57:01,1441,100,366,1175,PAY007703,Delivered,88
ORD007704,CUST00980,REST0075,PART0019,2025-08-10,14:23:08,1187,97,311,973,PAY007704,Delivered,24
ORD007705,CUST01218,REST0065,PART0025,2026-03-01,00:13:23,536,24,71,489,PAY007705,Delivered,76
ORD007706,CUST02180,REST0178,PART0107,2026-01-08,17:22:39,816,46,76,786,PAY007706,Delivered,47
ORD007707,CUST01279,REST0213,PART0044,2025-11-28,07:55:24,1682,21,145,1558,PAY007707,Delivered,48
ORD007708,CUST00396,REST0208,PART0056,2025-11-10,23:46:50,1904,59,298,1665,PAY007708,Delivered,26
ORD007709,CUST01179,REST0049,PART0125,2026-03-23,10:38:14,1634,69,393,1310,PAY007709,Cancelled,22
ORD007710,CUST02402,REST0009,PART0066,2025-10-11,08:33:58,602,48,112,538,PAY007710,Delivered,71
ORD007711,CUST00544,REST0021,PART0109,2026-01-06,17:58:22,1783,36,119,1700,PAY007711,Delivered,65
ORD007712,CUST02193,REST0167,PART0108,2025-10-02,06:32:21,917,84,13,988,PAY007712,Cancelled,90
ORD007713,CUST02382,REST0050,PART0128,2026-04-09,14:25:58,1633,91,341,1383,PAY007713,Delivered,21
ORD007714,CUST00048,REST0225,PART0037,2026-06-16,17:26:13,1952,84,514,1522,PAY007714,Delivered,50
ORD007715,CUST00963,REST0010,PART0144,2025-10-31,06:42:54,277,81,42,316,PAY007715,Delivered,71
ORD007716,CUST02452,REST0217,PART0101,2026-06-07,06:12:01,448,39,97,390,PAY007716,Delivered,71
ORD007717,CUST02139,REST0224,PART0016,2026-01-17,10:13:05,721,99,80,740,PAY007717,Delivered,26
ORD007718,CUST02168,REST0191,PART0143,2025-12-14,22:24:01,1613,24,22,1615,PAY007718,Cancelled,56
ORD007719,CUST01435,REST0035,PART0112,2025-10-28,23:00:51,288,57,49,296,PAY007719,Delivered,78
ORD007720,CUST01807,REST0034,PART0082,2025-09-16,13:22:17,495,34,36,493,PAY007720,Delivered,33
ORD007721,CUST02103,REST0215,PART0121,2026-01-18,18:58:52,339,81,15,405,PAY007721,Delivered,22
ORD007722,CUST01944,REST0072,PART0007,2025-10-09,21:36:46,1031,84,123,992,PAY007722,Delivered,23
ORD007723,CUST01291,REST0133,PART0119,2026-01-02,09:27:10,672,89,166,595,PAY007723,Delivered,25
ORD007724,CUST01336,REST0284,PART0024,2026-07-02,15:12:00,598,37,170,465,PAY007724,Delivered,89
ORD007725,CUST00369,REST0117,PART0005,2025-09-06,01:58:42,577,52,141,488,PAY007725,Delivered,19
ORD007726,CUST01573,REST0074,PART0096,2025-07-22,21:36:07,1543,50,452,1141,PAY007726,Delivered,65
ORD007727,CUST02468,REST0123,PART0002,2026-05-15,13:18:44,385,62,31,416,PAY007727,Delayed,58
ORD007728,CUST01557,REST0085,PART0073,2025-10-15,06:45:13,1763,30,511,1282,PAY007728,Cancelled,15
ORD007729,CUST00261,REST0018,PART0112,2026-03-23,19:40:53,924,31,14,941,PAY007729,Delivered,23
ORD007730,CUST01540,REST0047,PART0136,2026-01-20,22:43:55,861,84,34,911,PAY007730,Delivered,40
ORD007731,CUST01329,REST0099,PART0110,2025-12-12,14:21:09,1325,89,220,1194,PAY007731,Delivered,64
ORD007732,CUST00315,REST0284,PART0019,2025-10-09,05:50:06,762,65,4,823,PAY007732,Delivered,86
ORD007733,CUST00931,REST0238,PART0078,2026-02-15,12:26:33,1295,66,29,1332,PAY007733,Delivered,40
ORD007734,CUST01391,REST0034,PART0073,2026-01-30,04:31:08,1473,29,90,1412,PAY007734,Delivered,36
ORD007735,CUST02470,REST0041,PART0034,2026-03-22,12:37:34,1942,32,538,1436,PAY007735,Delivered,54
ORD007736,CUST00638,REST0042,PART0062,2026-07-13,23:04:53,821,40,17,844,PAY007736,Delivered,42
ORD007737,CUST00185,REST0198,PART0010,2025-09-10,10:25:14,1081,46,8,1119,PAY007737,Delivered,45
ORD007738,CUST02467,REST0184,PART0119,2025-08-27,21:25:46,1822,84,454,1452,PAY007738,Delivered,44
ORD007739,CUST01785,REST0152,PART0027,2025-10-28,04:42:40,1670,79,188,1561,PAY007739,Delivered,17
ORD007740,CUST00565,REST0017,PART0123,2026-04-22,08:15:39,1358,59,189,1228,PAY007740,Delivered,31
ORD007741,CUST00026,REST0099,PART0127,2025-12-07,06:12:57,1397,54,381,1070,PAY007741,Delivered,64
ORD007742,CUST00327,REST0099,PART0061,2026-02-03,23:26:51,1346,58,355,1049,PAY007742,Cancelled,17
ORD007743,CUST01534,REST0166,PART0075,2025-10-23,04:48:15,889,39,69,859,PAY007743,Delivered,47
ORD007744,CUST00292,REST0133,PART0024,2026-04-10,04:11:57,496,85,87,494,PAY007744,Delivered,45
ORD007745,CUST01439,REST0162,PART0136,2025-08-23,14:59:49,1658,45,75,1628,PAY007745,Delivered,70
ORD007746,CUST00778,REST0110,PART0003,2025-10-29,19:15:51,631,47,188,490,PAY007746,Delayed,59
ORD007747,CUST00442,REST0040,PART0032,2026-06-16,00:14:12,353,100,29,424,PAY007747,Delivered,46
ORD007748,CUST01923,REST0028,PART0131,2026-03-28,21:32:06,436,46,107,375,PAY007748,Delayed,38
ORD007749,CUST00721,REST0078,PART0020,2026-02-01,19:44:21,582,67,161,488,PAY007749,Delayed,30
ORD007750,CUST00123,REST0294,PART0141,2026-05-22,17:18:42,362,86,74,374,PAY007750,Delivered,42
ORD007751,CUST02335,REST0110,PART0057,2025-11-13,17:13:32,1189,81,299,971,PAY007751,Delivered,41
ORD007752,CUST02115,REST0043,PART0144,2026-05-02,02:46:17,1381,28,96,1313,PAY007752,Delivered,69
ORD007753,CUST00628,REST0288,PART0145,2025-12-20,00:41:09,481,22,130,373,PAY007753,Cancelled,67
ORD007754,CUST00836,REST0163,PART0133,2025-07-24,02:59:51,394,54,30,418,PAY007754,Delivered,68
ORD007755,CUST02071,REST0288,PART0003,2025-08-09,16:41:38,1260,51,189,1122,PAY007755,Delivered,61
ORD007756,CUST02429,REST0224,PART0129,2026-02-21,12:04:03,1224,77,248,1053,PAY007756,Delivered,19
ORD007757,CUST02331,REST0027,PART0046,2026-06-24,20:48:21,985,91,253,823,PAY007757,Delivered,50
ORD007758,CUST00650,REST0103,PART0089,2025-08-26,20:12:53,1007,53,139,921,PAY007758,Delivered,88
ORD007759,CUST02107,REST0140,PART0008,2025-10-17,22:10:44,1629,68,139,1558,PAY007759,Delayed,89
ORD007760,CUST00595,REST0296,PART0011,2026-06-30,06:59:18,1555,80,14,1621,PAY007760,Delivered,77
ORD007761,CUST01080,REST0284,PART0150,2025-11-03,01:48:11,673,38,39,672,PAY007761,Delivered,85
ORD007762,CUST01585,REST0277,PART0148,2025-10-22,03:31:21,335,58,59,334,PAY007762,Delivered,85
ORD007763,CUST02486,REST0056,PART0086,2026-05-26,16:50:15,1839,71,194,1716,PAY007763,Delivered,65
ORD007764,CUST01707,REST0269,PART0028,2025-10-19,02:46:43,1715,85,384,1416,PAY007764,Delivered,49
ORD007765,CUST02207,REST0130,PART0088,2026-05-06,12:24:42,1747,51,277,1521,PAY007765,Cancelled,50
ORD007766,CUST00772,REST0089,PART0107,2026-04-01,20:10:07,1012,78,290,800,PAY007766,Delivered,39
ORD007767,CUST01823,REST0030,PART0130,2026-07-12,22:48:16,683,64,174,573,PAY007767,Delayed,24
ORD007768,CUST01548,REST0209,PART0023,2026-02-17,03:41:53,1120,65,303,882,PAY007768,Delivered,52
ORD007769,CUST01529,REST0266,PART0069,2026-06-13,14:53:36,1501,74,199,1376,PAY007769,Delivered,89
ORD007770,CUST01436,REST0241,PART0032,2026-03-11,12:54:13,1224,97,364,957,PAY007770,Cancelled,21
ORD007771,CUST01052,REST0008,PART0046,2026-02-24,07:42:55,936,34,49,921,PAY007771,Cancelled,36
ORD007772,CUST00048,REST0194,PART0090,2026-05-22,12:57:42,1981,95,427,1649,PAY007772,Delivered,81
ORD007773,CUST00729,REST0186,PART0006,2026-07-10,06:06:37,1899,65,177,1787,PAY007773,Cancelled,53
ORD007774,CUST02188,REST0264,PART0074,2026-02-07,00:59:52,1040,22,138,924,PAY007774,Delivered,83
ORD007775,CUST00448,REST0254,PART0073,2026-07-09,05:50:48,1624,28,272,1380,PAY007775,Delivered,56
ORD007776,CUST01650,REST0268,PART0034,2025-09-25,06:59:01,1681,60,225,1516,PAY007776,Cancelled,70
ORD007777,CUST00149,REST0260,PART0149,2026-03-16,22:41:45,1375,21,325,1071,PAY007777,Cancelled,75
ORD007778,CUST00144,REST0239,PART0120,2026-01-25,06:30:34,602,74,90,586,PAY007778,Delayed,50
ORD007779,CUST00800,REST0153,PART0002,2026-02-06,10:09:50,1046,52,110,988,PAY007779,Delivered,87
ORD007780,CUST01382,REST0016,PART0029,2025-07-17,13:12:37,259,61,43,277,PAY007780,Delivered,40
ORD007781,CUST00366,REST0241,PART0035,2025-09-12,03:28:12,548,57,58,547,PAY007781,Delivered,77
ORD007782,CUST00918,REST0050,PART0129,2025-07-23,20:11:52,1424,74,356,1142,PAY007782,Delayed,79
ORD007783,CUST00596,REST0201,PART0032,2025-11-20,09:09:49,630,52,5,677,PAY007783,Delivered,21
ORD007784,CUST01311,REST0078,PART0098,2026-05-10,16:40:01,829,86,216,699,PAY007784,Delivered,41
ORD007785,CUST01823,REST0267,PART0087,2026-04-10,01:40:54,576,30,11,595,PAY007785,Cancelled,75
ORD007786,CUST01716,REST0073,PART0009,2026-05-11,03:47:25,1558,90,144,1504,PAY007786,Delivered,62
ORD007787,CUST00370,REST0266,PART0108,2026-02-16,08:15:24,425,22,22,425,PAY007787,Delivered,65
ORD007788,CUST01636,REST0117,PART0078,2025-12-26,05:55:23,504,80,42,542,PAY007788,Delayed,20
ORD007789,CUST01159,REST0290,PART0113,2026-02-21,19:28:46,1748,85,94,1739,PAY007789,Delayed,71
ORD007790,CUST02061,REST0065,PART0119,2025-11-25,18:54:13,371,90,9,452,PAY007790,Delivered,25
ORD007791,CUST00451,REST0139,PART0135,2025-07-16,19:24:17,1996,33,198,1831,PAY007791,Delivered,36
ORD007792,CUST01700,REST0113,PART0070,2026-01-19,01:12:58,1297,37,239,1095,PAY007792,Delivered,41
ORD007793,CUST01521,REST0229,PART0027,2025-09-29,08:35:20,688,75,59,704,PAY007793,Delivered,83
ORD007794,CUST01300,REST0144,PART0121,2025-09-27,00:13:27,973,88,100,961,PAY007794,Delivered,44
ORD007795,CUST00455,REST0160,PART0115,2025-08-27,08:46:13,734,62,117,679,PAY007795,Delivered,38
ORD007796,CUST00828,REST0064,PART0139,2026-04-26,18:17:43,690,78,152,616,PAY007796,Delivered,18
ORD007797,CUST00779,REST0218,PART0114,2025-11-12,05:04:10,301,36,31,306,PAY007797,Delivered,80
ORD007798,CUST00441,REST0170,PART0091,2026-04-22,04:53:15,1550,38,370,1218,PAY007798,Delivered,49
ORD007799,CUST01005,REST0232,PART0116,2026-05-09,00:18:00,1851,48,449,1450,PAY007799,Delivered,17
ORD007800,CUST01378,REST0277,PART0137,2025-12-28,05:40:07,1538,33,128,1443,PAY007800,Delivered,67
ORD007801,CUST00798,REST0078,PART0063,2025-10-21,18:50:40,593,70,69,594,PAY007801,Delivered,62
ORD007802,CUST00993,REST0066,PART0130,2026-04-12,13:13:59,1690,24,204,1510,PAY007802,Delivered,73
ORD007803,CUST01066,REST0257,PART0074,2026-05-24,17:08:38,806,63,241,628,PAY007803,Delivered,19
ORD007804,CUST00016,REST0296,PART0125,2025-10-29,20:28:15,729,39,17,751,PAY007804,Cancelled,90
ORD007805,CUST02341,REST0208,PART0107,2026-02-28,21:30:02,984,20,35,969,PAY007805,Delivered,64
ORD007806,CUST02320,REST0096,PART0127,2025-10-01,16:57:23,1322,46,297,1071,PAY007806,Delivered,83
ORD007807,CUST02383,REST0266,PART0011,2026-03-17,11:04:16,945,24,252,717,PAY007807,Delivered,87
ORD007808,CUST02455,REST0094,PART0005,2025-12-19,08:16:18,1657,88,484,1261,PAY007808,Delivered,78
ORD007809,CUST00997,REST0267,PART0019,2026-04-02,09:07:06,1197,50,358,889,PAY007809,Delivered,16
ORD007810,CUST00534,REST0144,PART0002,2026-06-08,04:57:43,1700,44,206,1538,PAY007810,Delivered,79
ORD007811,CUST00614,REST0194,PART0067,2026-03-06,20:51:08,317,98,42,373,PAY007811,Delivered,65
ORD007812,CUST01685,REST0099,PART0046,2026-02-20,17:59:01,735,52,82,705,PAY007812,Delayed,33
ORD007813,CUST01565,REST0239,PART0134,2026-02-20,06:51:29,196,66,19,243,PAY007813,Delivered,81
ORD007814,CUST01534,REST0296,PART0085,2025-12-01,20:13:28,1175,91,5,1261,PAY007814,Delivered,48
ORD007815,CUST00117,REST0066,PART0137,2025-08-22,13:24:54,737,43,1,779,PAY007815,Delivered,87
ORD007816,CUST01855,REST0049,PART0076,2025-12-10,18:55:01,609,58,56,611,PAY007816,Cancelled,37
ORD007817,CUST02105,REST0031,PART0032,2026-01-15,11:47:39,1534,84,337,1281,PAY007817,Delivered,46
ORD007818,CUST02489,REST0081,PART0138,2026-03-15,19:39:54,1923,42,279,1686,PAY007818,Delivered,85
ORD007819,CUST02486,REST0215,PART0082,2025-09-30,11:08:57,1843,24,412,1455,PAY007819,Delivered,77
ORD007820,CUST01907,REST0162,PART0028,2026-06-26,23:35:21,1233,63,119,1177,PAY007820,Delivered,37
ORD007821,CUST00352,REST0163,PART0147,2025-10-19,08:16:36,174,82,8,248,PAY007821,Delivered,84
ORD007822,CUST00727,REST0095,PART0039,2025-11-19,08:21:20,825,69,1,893,PAY007822,Delivered,49
ORD007823,CUST00692,REST0044,PART0061,2025-08-03,00:42:39,1485,24,118,1391,PAY007823,Delivered,39
ORD007824,CUST01591,REST0276,PART0080,2026-06-14,09:02:03,1244,22,30,1236,PAY007824,Delivered,16
ORD007825,CUST00608,REST0294,PART0060,2025-11-23,18:55:05,1557,72,142,1487,PAY007825,Delivered,86
ORD007826,CUST01798,REST0097,PART0045,2025-12-01,20:09:38,818,66,10,874,PAY007826,Delivered,15
ORD007827,CUST00525,REST0154,PART0069,2026-01-15,07:24:27,1560,87,68,1579,PAY007827,Delivered,90
ORD007828,CUST01571,REST0052,PART0001,2026-05-06,23:29:59,600,25,160,465,PAY007828,Delivered,80
ORD007829,CUST01145,REST0063,PART0149,2025-10-17,21:37:57,800,82,14,868,PAY007829,Cancelled,39
ORD007830,CUST00404,REST0192,PART0028,2026-02-08,00:55:15,153,68,17,204,PAY007830,Delivered,30
ORD007831,CUST01178,REST0058,PART0058,2025-11-22,17:34:37,429,43,43,429,PAY007831,Delivered,36
ORD007832,CUST00105,REST0066,PART0063,2026-01-23,18:17:17,913,27,39,901,PAY007832,Cancelled,37
ORD007833,CUST02331,REST0296,PART0035,2025-10-12,14:58:10,1627,35,111,1551,PAY007833,Delivered,84
ORD007834,CUST01160,REST0096,PART0127,2025-12-30,13:21:18,1966,84,123,1927,PAY007834,Delayed,44
ORD007835,CUST00410,REST0138,PART0022,2026-02-19,16:04:07,224,42,17,249,PAY007835,Delivered,65
ORD007836,CUST02379,REST0174,PART0058,2025-07-22,14:56:36,257,30,76,211,PAY007836,Delivered,33
ORD007837,CUST01964,REST0258,PART0077,2026-04-10,02:32:05,150,62,39,173,PAY007837,Delivered,37
ORD007838,CUST01011,REST0166,PART0031,2025-08-14,20:39:49,331,57,83,305,PAY007838,Delivered,53
ORD007839,CUST02484,REST0276,PART0023,2025-08-25,07:36:53,1429,93,239,1283,PAY007839,Delivered,77
ORD007840,CUST00435,REST0053,PART0028,2026-02-20,17:27:18,644,22,170,496,PAY007840,Delivered,59
ORD007841,CUST01782,REST0229,PART0014,2026-06-29,04:25:15,1792,46,116,1722,PAY007841,Delivered,25
ORD007842,CUST02294,REST0268,PART0036,2025-09-07,10:41:05,374,20,38,356,PAY007842,Delivered,18
ORD007843,CUST00597,REST0016,PART0007,2025-10-14,01:42:19,687,64,97,654,PAY007843,Delivered,85
ORD007844,CUST02027,REST0098,PART0111,2025-12-22,18:07:20,1444,42,361,1125,PAY007844,Delivered,62
ORD007845,CUST02499,REST0234,PART0034,2026-06-17,18:38:16,1477,92,104,1465,PAY007845,Delivered,62
ORD007846,CUST01437,REST0211,PART0119,2025-08-02,06:45:10,255,60,48,267,PAY007846,Delivered,27
ORD007847,CUST01901,REST0160,PART0070,2025-10-03,20:09:05,1060,29,72,1017,PAY007847,Delivered,17
ORD007848,CUST02362,REST0231,PART0034,2026-01-13,15:19:11,617,22,89,550,PAY007848,Delivered,56
ORD007849,CUST02390,REST0233,PART0012,2025-12-23,09:15:52,658,41,79,620,PAY007849,Delivered,73
ORD007850,CUST01743,REST0281,PART0131,2026-02-09,00:10:24,183,70,35,218,PAY007850,Delivered,75
ORD007851,CUST02353,REST0094,PART0016,2026-04-29,02:11:10,1870,75,118,1827,PAY007851,Delayed,32
ORD007852,CUST00185,REST0138,PART0004,2025-08-13,10:30:35,1262,64,147,1179,PAY007852,Delivered,33
ORD007853,CUST01599,REST0267,PART0066,2025-08-25,02:14:04,1686,31,219,1498,PAY007853,Delayed,55
ORD007854,CUST01769,REST0067,PART0043,2026-04-06,16:48:22,355,60,101,314,PAY007854,Delivered,58
ORD007855,CUST00074,REST0209,PART0004,2026-02-14,06:49:00,686,86,29,743,PAY007855,Delivered,52
ORD007856,CUST01798,REST0282,PART0017,2026-01-03,14:49:50,1847,98,190,1755,PAY007856,Delivered,51
ORD007857,CUST01234,REST0237,PART0025,2026-04-21,06:03:14,222,63,55,230,PAY007857,Delivered,76
ORD007858,CUST01640,REST0289,PART0132,2025-09-06,22:48:20,1341,35,87,1289,PAY007858,Delivered,27
ORD007859,CUST01109,REST0184,PART0058,2025-10-09,23:09:53,1836,51,228,1659,PAY007859,Delivered,39
ORD007860,CUST00567,REST0214,PART0117,2026-04-28,20:40:43,759,46,5,800,PAY007860,Delivered,79
ORD007861,CUST00483,REST0026,PART0046,2025-10-07,13:23:28,1484,45,107,1422,PAY007861,Delivered,21
ORD007862,CUST01488,REST0205,PART0067,2025-10-09,02:05:03,848,39,11,876,PAY007862,Delivered,58
ORD007863,CUST01058,REST0131,PART0014,2025-12-07,06:36:57,1222,21,96,1147,PAY007863,Delivered,58
ORD007864,CUST01461,REST0187,PART0021,2025-08-22,20:33:25,1804,65,447,1422,PAY007864,Delivered,89
ORD007865,CUST00999,REST0177,PART0009,2025-07-30,11:04:35,1679,52,357,1374,PAY007865,Delivered,47
ORD007866,CUST02308,REST0072,PART0005,2025-10-23,20:08:24,1690,58,443,1305,PAY007866,Delivered,90
ORD007867,CUST01108,REST0045,PART0047,2025-07-20,18:49:24,723,60,93,690,PAY007867,Delivered,82
ORD007868,CUST02337,REST0146,PART0150,2026-07-07,20:04:06,298,32,57,273,PAY007868,Cancelled,52
ORD007869,CUST00577,REST0294,PART0086,2026-03-01,09:41:07,526,85,60,551,PAY007869,Cancelled,79
ORD007870,CUST00900,REST0002,PART0072,2025-12-22,03:14:10,468,76,105,439,PAY007870,Delivered,56
ORD007871,CUST01246,REST0227,PART0137,2025-08-31,22:51:32,197,92,50,239,PAY007871,Delivered,63
ORD007872,CUST02238,REST0284,PART0044,2025-11-02,03:24:39,287,75,25,337,PAY007872,Cancelled,79
ORD007873,CUST02309,REST0083,PART0090,2026-03-22,23:09:55,1626,63,368,1321,PAY007873,Delivered,28
ORD007874,CUST02422,REST0145,PART0098,2026-03-01,20:11:09,364,35,64,335,PAY007874,Delivered,35
ORD007875,CUST01541,REST0190,PART0095,2026-06-26,19:20:37,365,30,55,340,PAY007875,Delivered,64
ORD007876,CUST00912,REST0001,PART0013,2026-01-06,22:34:32,1974,100,436,1638,PAY007876,Delivered,52
ORD007877,CUST00167,REST0041,PART0090,2026-06-28,02:06:46,564,60,148,476,PAY007877,Delivered,65
ORD007878,CUST01496,REST0169,PART0104,2025-10-05,10:36:00,176,78,42,212,PAY007878,Delivered,87
ORD007879,CUST01598,REST0227,PART0054,2025-08-21,13:06:58,1889,31,270,1650,PAY007879,Delivered,58
ORD007880,CUST01570,REST0077,PART0095,2025-11-25,14:24:40,448,84,49,483,PAY007880,Delivered,75
ORD007881,CUST01610,REST0063,PART0109,2026-07-09,22:03:42,686,32,168,550,PAY007881,Delivered,61
ORD007882,CUST01293,REST0238,PART0103,2025-10-16,04:05:04,1557,70,384,1243,PAY007882,Delivered,54
ORD007883,CUST01569,REST0184,PART0088,2026-03-10,19:56:21,963,47,124,886,PAY007883,Delivered,80
ORD007884,CUST00346,REST0029,PART0109,2025-08-31,08:53:36,384,77,14,447,PAY007884,Delivered,88
ORD007885,CUST02455,REST0116,PART0048,2025-08-21,13:22:11,1091,93,199,985,PAY007885,Delivered,50
ORD007886,CUST00929,REST0160,PART0073,2026-05-25,00:48:40,1466,72,79,1459,PAY007886,Cancelled,40
ORD007887,CUST00343,REST0177,PART0107,2025-10-21,10:54:44,502,84,80,506,PAY007887,Delayed,38
ORD007888,CUST01166,REST0228,PART0115,2026-05-19,11:22:26,572,83,153,502,PAY007888,Delivered,52
ORD007889,CUST01013,REST0213,PART0015,2026-03-05,14:34:15,1173,47,114,1106,PAY007889,Delivered,29
ORD007890,CUST01958,REST0197,PART0012,2026-02-09,17:58:46,1112,88,217,983,PAY007890,Delivered,62
ORD007891,CUST00840,REST0169,PART0141,2026-05-02,02:54:34,729,62,9,782,PAY007891,Delivered,27
ORD007892,CUST02213,REST0029,PART0101,2026-03-17,13:29:38,1527,66,158,1435,PAY007892,Delivered,28
ORD007893,CUST01236,REST0284,PART0127,2026-07-15,15:07:05,1882,59,391,1550,PAY007893,Delivered,63
ORD007894,CUST01603,REST0157,PART0110,2026-05-07,17:59:38,1221,67,231,1057,PAY007894,Delivered,18
ORD007895,CUST00693,REST0145,PART0034,2025-10-17,22:01:55,1894,68,207,1755,PAY007895,Delivered,83
ORD007896,CUST02046,REST0051,PART0037,2025-08-02,09:29:28,978,42,73,947,PAY007896,Delivered,26
ORD007897,CUST01379,REST0223,PART0108,2026-01-17,02:32:58,608,72,99,581,PAY007897,Delivered,73
ORD007898,CUST00182,REST0251,PART0041,2026-04-09,19:42:23,1393,27,193,1227,PAY007898,Delayed,78
ORD007899,CUST00800,REST0212,PART0096,2025-10-31,20:22:43,1701,40,474,1267,PAY007899,Cancelled,72
ORD007900,CUST01772,REST0211,PART0091,2026-02-11,08:58:40,680,78,178,580,PAY007900,Cancelled,75
ORD007901,CUST00647,REST0203,PART0029,2025-09-19,02:41:47,672,23,40,655,PAY007901,Delivered,31
ORD007902,CUST01046,REST0174,PART0115,2026-03-28,12:14:39,673,94,180,587,PAY007902,Delivered,37
ORD007903,CUST00358,REST0234,PART0111,2026-05-06,08:35:08,1561,53,304,1310,PAY007903,Delivered,49
ORD007904,CUST00395,REST0155,PART0135,2026-04-12,11:45:35,1620,43,216,1447,PAY007904,Delivered,24
ORD007905,CUST01960,REST0263,PART0019,2026-04-25,05:26:17,1334,96,174,1256,PAY007905,Delivered,86
ORD007906,CUST00070,REST0252,PART0004,2025-07-18,17:02:23,567,86,163,490,PAY007906,Delivered,43
ORD007907,CUST01613,REST0214,PART0124,2026-07-10,22:51:52,1683,34,179,1538,PAY007907,Delivered,16
ORD007908,CUST02183,REST0169,PART0023,2026-06-08,06:14:13,545,51,10,586,PAY007908,Delivered,83
ORD007909,CUST01628,REST0292,PART0104,2026-01-22,08:43:24,1262,69,29,1302,PAY007909,Delivered,38
ORD007910,CUST01492,REST0214,PART0147,2026-05-29,13:23:36,1415,90,309,1196,PAY007910,Delivered,26
ORD007911,CUST02223,REST0226,PART0092,2025-10-08,06:23:59,237,44,1,280,PAY007911,Delivered,82
ORD007912,CUST00116,REST0133,PART0015,2026-05-21,06:27:40,586,91,167,510,PAY007912,Cancelled,52
ORD007913,CUST01663,REST0051,PART0052,2025-12-23,04:07:47,946,29,202,773,PAY007913,Delivered,15
ORD007914,CUST02156,REST0179,PART0050,2026-06-25,21:35:44,561,61,72,550,PAY007914,Delivered,88
ORD007915,CUST00053,REST0149,PART0132,2025-11-21,16:33:01,330,100,96,334,PAY007915,Delivered,17
ORD007916,CUST01960,REST0135,PART0150,2025-08-24,02:43:53,1300,20,161,1159,PAY007916,Delivered,81
ORD007917,CUST00220,REST0087,PART0077,2025-08-19,16:37:50,887,87,129,845,PAY007917,Delivered,90
ORD007918,CUST00883,REST0276,PART0037,2026-01-27,20:37:13,1177,78,34,1221,PAY007918,Delivered,73
ORD007919,CUST01153,REST0135,PART0069,2026-02-27,14:37:11,1559,49,173,1435,PAY007919,Delivered,58
ORD007920,CUST01401,REST0225,PART0052,2025-10-13,07:17:42,1683,99,11,1771,PAY007920,Cancelled,22
ORD007921,CUST00542,REST0203,PART0020,2026-07-10,09:39:20,1679,96,165,1610,PAY007921,Delivered,50
ORD007922,CUST00699,REST0152,PART0095,2026-02-24,19:28:11,1774,76,530,1320,PAY007922,Delivered,66
ORD007923,CUST00193,REST0184,PART0029,2025-11-01,01:51:48,617,75,54,638,PAY007923,Delivered,32
ORD007924,CUST01794,REST0300,PART0112,2025-07-16,06:39:28,321,72,25,368,PAY007924,Delivered,44
ORD007925,CUST00814,REST0287,PART0091,2025-12-29,02:42:20,1093,51,100,1044,PAY007925,Delivered,65
ORD007926,CUST02340,REST0171,PART0115,2026-04-12,16:30:55,1438,51,201,1288,PAY007926,Delivered,20
ORD007927,CUST00139,REST0125,PART0070,2025-11-28,18:19:25,1774,34,337,1471,PAY007927,Delivered,41
ORD007928,CUST02497,REST0091,PART0052,2026-07-14,05:24:22,1888,74,157,1805,PAY007928,Delivered,56
ORD007929,CUST01073,REST0100,PART0062,2025-12-01,20:20:16,527,35,61,501,PAY007929,Delayed,62
ORD007930,CUST01322,REST0250,PART0080,2026-05-04,19:18:43,331,42,2,371,PAY007930,Delivered,31
ORD007931,CUST00011,REST0195,PART0130,2026-01-07,22:03:13,598,88,108,578,PAY007931,Delayed,38
ORD007932,CUST00546,REST0262,PART0115,2026-02-17,06:45:40,1402,77,392,1087,PAY007932,Delivered,19
ORD007933,CUST01269,REST0168,PART0060,2026-04-12,12:24:49,666,67,102,631,PAY007933,Delivered,30
ORD007934,CUST02395,REST0029,PART0123,2025-09-18,01:07:34,1113,70,327,856,PAY007934,Delivered,18
ORD007935,CUST00167,REST0282,PART0147,2025-07-26,16:30:44,1718,93,394,1417,PAY007935,Delivered,70
ORD007936,CUST01323,REST0116,PART0072,2026-04-29,04:50:44,776,53,58,771,PAY007936,Delivered,61
ORD007937,CUST00463,REST0186,PART0109,2025-08-23,02:39:43,295,72,86,281,PAY007937,Cancelled,41
ORD007938,CUST00333,REST0009,PART0021,2026-03-16,19:46:47,188,72,43,217,PAY007938,Delivered,46
ORD007939,CUST00778,REST0012,PART0059,2026-02-23,06:27:41,586,28,46,568,PAY007939,Delivered,66
ORD007940,CUST01160,REST0226,PART0059,2025-07-24,12:53:40,476,74,128,422,PAY007940,Delivered,20
ORD007941,CUST00174,REST0102,PART0088,2026-04-01,09:27:56,326,72,76,322,PAY007941,Delivered,18
ORD007942,CUST00180,REST0205,PART0038,2025-10-31,03:22:54,1633,54,65,1622,PAY007942,Delivered,79
ORD007943,CUST01125,REST0070,PART0075,2025-09-29,00:26:16,853,87,4,936,PAY007943,Delivered,85
ORD007944,CUST01765,REST0270,PART0143,2025-09-21,01:35:02,1816,32,78,1770,PAY007944,Delivered,43
ORD007945,CUST01280,REST0127,PART0097,2026-05-31,14:18:51,477,29,16,490,PAY007945,Delivered,78
ORD007946,CUST00958,REST0100,PART0068,2025-09-15,04:42:38,858,87,231,714,PAY007946,Delivered,64
ORD007947,CUST02175,REST0066,PART0054,2025-10-15,04:52:35,1138,74,204,1008,PAY007947,Cancelled,21
ORD007948,CUST00984,REST0259,PART0116,2026-04-28,15:33:25,577,80,3,654,PAY007948,Delivered,78
ORD007949,CUST00952,REST0260,PART0088,2025-08-02,19:07:31,1885,75,275,1685,PAY007949,Delivered,17
ORD007950,CUST01848,REST0016,PART0073,2026-04-26,16:37:46,1211,41,190,1062,PAY007950,Delivered,49
ORD007951,CUST00671,REST0286,PART0063,2025-09-23,21:50:33,1748,64,259,1553,PAY007951,Delayed,62
ORD007952,CUST01041,REST0089,PART0025,2025-09-30,07:18:09,1254,81,321,1014,PAY007952,Delivered,21
ORD007953,CUST00184,REST0179,PART0073,2026-06-02,12:34:36,695,49,139,605,PAY007953,Delivered,73
ORD007954,CUST02093,REST0262,PART0060,2025-10-05,10:28:27,1478,53,381,1150,PAY007954,Delivered,15
ORD007955,CUST02195,REST0015,PART0120,2025-09-30,23:58:25,1217,74,25,1266,PAY007955,Delivered,62
ORD007956,CUST02417,REST0283,PART0093,2025-09-05,17:58:33,1324,49,337,1036,PAY007956,Delivered,63
ORD007957,CUST00119,REST0130,PART0047,2025-11-07,19:23:27,1711,74,9,1776,PAY007957,Delivered,76
ORD007958,CUST02467,REST0211,PART0086,2026-01-11,05:16:22,1358,85,122,1321,PAY007958,Delivered,52
ORD007959,CUST00808,REST0111,PART0132,2025-08-09,00:55:04,1947,100,307,1740,PAY007959,Cancelled,16
ORD007960,CUST01032,REST0228,PART0021,2026-03-30,04:55:19,1988,72,236,1824,PAY007960,Delivered,64
ORD007961,CUST01819,REST0284,PART0016,2026-01-06,19:07:41,1179,25,131,1073,PAY007961,Delayed,59
ORD007962,CUST02400,REST0088,PART0095,2025-10-11,20:46:15,662,64,33,693,PAY007962,Delivered,80
ORD007963,CUST01176,REST0280,PART0002,2026-03-13,11:59:33,686,94,27,753,PAY007963,Delivered,86
ORD007964,CUST00709,REST0050,PART0130,2025-09-06,11:33:46,680,61,146,595,PAY007964,Delivered,88
ORD007965,CUST02136,REST0247,PART0100,2025-07-28,11:18:30,350,25,44,331,PAY007965,Cancelled,81
ORD007966,CUST01557,REST0034,PART0141,2025-08-31,00:28:40,1643,52,411,1284,PAY007966,Delivered,50
ORD007967,CUST00257,REST0134,PART0027,2026-04-24,02:12:53,936,61,255,742,PAY007967,Delivered,78
ORD007968,CUST01279,REST0061,PART0008,2026-07-05,12:29:47,1533,77,390,1220,PAY007968,Delivered,56
ORD007969,CUST01686,REST0092,PART0071,2026-04-23,10:32:16,992,44,66,970,PAY007969,Delivered,69
ORD007970,CUST02019,REST0278,PART0107,2025-10-03,12:44:04,215,43,43,215,PAY007970,Delayed,58
ORD007971,CUST01572,REST0215,PART0101,2025-12-05,15:08:48,836,81,141,776,PAY007971,Delivered,73
ORD007972,CUST00595,REST0050,PART0029,2026-03-16,19:04:20,1023,23,112,934,PAY007972,Delayed,36
ORD007973,CUST00337,REST0184,PART0071,2026-05-06,01:42:58,808,91,109,790,PAY007973,Delivered,76
ORD007974,CUST01088,REST0052,PART0140,2026-06-23,01:32:13,1333,84,152,1265,PAY007974,Delivered,59
ORD007975,CUST02101,REST0105,PART0041,2026-05-07,19:41:21,1374,96,210,1260,PAY007975,Delivered,76
ORD007976,CUST02094,REST0074,PART0057,2025-11-09,14:12:25,439,88,14,513,PAY007976,Delivered,77
ORD007977,CUST01716,REST0006,PART0043,2026-06-05,10:11:32,206,67,37,236,PAY007977,Delivered,40
ORD007978,CUST00084,REST0142,PART0115,2026-04-08,22:51:24,1563,97,260,1400,PAY007978,Delivered,46
ORD007979,CUST01117,REST0098,PART0126,2025-12-30,22:40:10,1155,43,65,1133,PAY007979,Delivered,55
ORD007980,CUST01745,REST0069,PART0089,2025-09-14,00:31:07,1672,32,52,1652,PAY007980,Delivered,88
ORD007981,CUST01828,REST0034,PART0129,2026-04-09,09:38:39,1674,98,429,1343,PAY007981,Delivered,62
ORD007982,CUST01810,REST0227,PART0120,2025-08-09,19:29:32,393,54,85,362,PAY007982,Delivered,30
ORD007983,CUST00813,REST0269,PART0013,2026-06-04,23:41:25,564,34,80,518,PAY007983,Delayed,66
ORD007984,CUST01616,REST0057,PART0024,2026-07-01,05:10:45,1482,79,261,1300,PAY007984,Delivered,81
ORD007985,CUST02288,REST0119,PART0072,2025-09-16,00:25:16,284,92,21,355,PAY007985,Delivered,49
ORD007986,CUST00187,REST0263,PART0058,2026-01-16,05:16:33,1864,36,444,1456,PAY007986,Delivered,57
ORD007987,CUST01903,REST0145,PART0055,2025-12-10,01:48:36,1988,89,580,1497,PAY007987,Delivered,62
ORD007988,CUST02248,REST0149,PART0041,2025-07-19,04:50:29,274,85,40,319,PAY007988,Delivered,15
ORD007989,CUST01029,REST0092,PART0129,2025-09-20,19:07:26,1401,66,321,1146,PAY007989,Delivered,78
ORD007990,CUST01849,REST0162,PART0059,2025-12-08,16:43:01,1107,63,221,949,PAY007990,Delivered,81
ORD007991,CUST00313,REST0160,PART0088,2025-07-29,21:13:21,987,91,264,814,PAY007991,Delayed,42
ORD007992,CUST00357,REST0103,PART0052,2026-02-08,05:59:18,1841,36,314,1563,PAY007992,Delivered,77
ORD007993,CUST01242,REST0027,PART0134,2025-09-22,05:48:09,535,42,101,476,PAY007993,Delivered,27
ORD007994,CUST01174,REST0288,PART0147,2026-04-08,01:13:54,1451,58,158,1351,PAY007994,Cancelled,22
ORD007995,CUST01916,REST0120,PART0092,2026-06-08,14:15:40,1216,57,71,1202,PAY007995,Delayed,89
ORD007996,CUST01293,REST0244,PART0130,2026-06-28,00:13:36,1320,36,47,1309,PAY007996,Delivered,69
ORD007997,CUST02175,REST0084,PART0145,2025-12-26,11:47:59,1593,55,364,1284,PAY007997,Delivered,70
ORD007998,CUST01283,REST0076,PART0131,2025-08-27,09:18:46,1800,41,12,1829,PAY007998,Delivered,72
ORD007999,CUST01543,REST0081,PART0074,2025-08-18,04:26:23,222,35,6,251,PAY007999,Delivered,69
ORD008000,CUST00621,REST0181,PART0104,2026-05-09,02:40:48,461,28,32,457,PAY008000,Delivered,34
ORD008001,CUST01700,REST0079,PART0040,2025-09-15,10:07:05,744,48,118,674,PAY008001,Delivered,19
ORD008002,CUST01504,REST0213,PART0108,2025-10-06,11:46:22,1007,64,133,938,PAY008002,Delivered,78
ORD008003,CUST01802,REST0025,PART0018,2025-08-13,16:11:12,538,76,12,602,PAY008003,Delivered,21
ORD008004,CUST01448,REST0120,PART0130,2025-09-13,22:44:59,917,66,247,736,PAY008004,Delivered,82
ORD008005,CUST00844,REST0235,PART0024,2025-12-24,10:21:53,851,77,130,798,PAY008005,Delivered,28
ORD008006,CUST02279,REST0180,PART0104,2025-08-27,08:31:24,1475,29,431,1073,PAY008006,Delivered,28
ORD008007,CUST02239,REST0042,PART0129,2026-01-01,00:43:46,1620,80,431,1269,PAY008007,Delayed,86
ORD008008,CUST00363,REST0185,PART0141,2025-10-13,06:37:23,1791,62,517,1336,PAY008008,Delayed,90
ORD008009,CUST00570,REST0121,PART0053,2026-04-13,23:21:08,1232,100,219,1113,PAY008009,Delivered,74
ORD008010,CUST01897,REST0035,PART0148,2026-05-27,19:46:07,697,27,128,596,PAY008010,Delivered,61
ORD008011,CUST00725,REST0055,PART0003,2025-09-18,18:47:14,311,64,51,324,PAY008011,Cancelled,21
ORD008012,CUST02340,REST0150,PART0012,2025-10-27,14:23:50,2000,82,71,2011,PAY008012,Delivered,70
ORD008013,CUST01390,REST0020,PART0015,2026-04-19,09:55:48,1984,75,528,1531,PAY008013,Delayed,39
ORD008014,CUST00260,REST0155,PART0109,2026-02-03,06:59:02,158,89,26,221,PAY008014,Delivered,41
ORD008015,CUST01884,REST0151,PART0045,2026-04-19,10:09:57,318,26,18,326,PAY008015,Delivered,42
ORD008016,CUST01828,REST0217,PART0036,2026-02-16,18:44:31,1780,84,198,1666,PAY008016,Delivered,45
ORD008017,CUST00017,REST0048,PART0038,2026-06-24,11:40:18,1632,55,241,1446,PAY008017,Delayed,65
ORD008018,CUST01667,REST0081,PART0033,2026-04-05,05:12:37,1681,67,452,1296,PAY008018,Delivered,66
ORD008019,CUST01589,REST0069,PART0014,2026-02-07,09:49:11,1354,40,119,1275,PAY008019,Delivered,27
ORD008020,CUST00417,REST0129,PART0131,2026-07-01,02:55:03,742,38,222,558,PAY008020,Cancelled,78
ORD008021,CUST00537,REST0258,PART0029,2026-07-13,05:08:57,213,38,50,201,PAY008021,Delivered,25
ORD008022,CUST02409,REST0201,PART0134,2026-03-03,00:40:35,186,45,7,224,PAY008022,Delivered,84
ORD008023,CUST00283,REST0099,PART0090,2026-06-30,08:50:48,543,66,151,458,PAY008023,Delivered,79
ORD008024,CUST02040,REST0145,PART0115,2026-07-07,10:08:11,1529,74,127,1476,PAY008024,Delivered,82
ORD008025,CUST01217,REST0170,PART0032,2026-02-28,16:10:13,1914,87,144,1857,PAY008025,Delayed,81
ORD008026,CUST00888,REST0110,PART0146,2025-11-21,10:04:27,1243,34,370,907,PAY008026,Delivered,30
ORD008027,CUST02268,REST0266,PART0041,2026-06-25,11:31:43,454,45,33,466,PAY008027,Delivered,43
ORD008028,CUST01255,REST0048,PART0053,2026-01-08,04:34:19,524,78,81,521,PAY008028,Cancelled,82
ORD008029,CUST01153,REST0014,PART0086,2025-09-15,08:50:23,912,60,146,826,PAY008029,Delivered,53
ORD008030,CUST00750,REST0152,PART0029,2026-06-03,02:32:23,811,65,49,827,PAY008030,Delivered,40
ORD008031,CUST01954,REST0018,PART0041,2026-03-04,00:47:09,1858,99,41,1916,PAY008031,Delivered,53
ORD008032,CUST00431,REST0007,PART0121,2026-02-08,04:17:35,1407,35,142,1300,PAY008032,Delivered,27
ORD008033,CUST02107,REST0290,PART0108,2026-03-29,18:15:11,1825,90,470,1445,PAY008033,Delivered,78
ORD008034,CUST01568,REST0006,PART0001,2026-02-21,13:21:06,1664,46,352,1358,PAY008034,Delivered,50
ORD008035,CUST02041,REST0145,PART0036,2025-10-07,23:12:49,1687,58,175,1570,PAY008035,Delivered,78
ORD008036,CUST01863,REST0107,PART0043,2026-01-06,15:19:16,621,79,54,646,PAY008036,Delivered,65
ORD008037,CUST01848,REST0076,PART0066,2025-12-28,06:01:10,1939,64,205,1798,PAY008037,Delivered,54
ORD008038,CUST00494,REST0084,PART0041,2025-09-21,02:12:23,1316,80,370,1026,PAY008038,Delayed,63
ORD008039,CUST00992,REST0214,PART0042,2026-03-10,12:14:49,794,29,74,749,PAY008039,Delayed,20
ORD008040,CUST00589,REST0178,PART0131,2026-06-06,04:18:29,1337,32,397,972,PAY008040,Delivered,62
ORD008041,CUST00551,REST0249,PART0005,2026-05-20,21:05:13,1918,59,52,1925,PAY008041,Delivered,80
ORD008042,CUST02496,REST0242,PART0006,2026-01-05,02:11:56,876,50,259,667,PAY008042,Delivered,70
ORD008043,CUST02024,REST0138,PART0142,2025-11-01,15:53:42,221,29,26,224,PAY008043,Delivered,88
ORD008044,CUST01755,REST0114,PART0126,2025-11-15,20:36:38,1856,83,133,1806,PAY008044,Delivered,63
ORD008045,CUST00284,REST0004,PART0085,2025-10-25,07:17:56,408,53,50,411,PAY008045,Delivered,88
ORD008046,CUST02236,REST0012,PART0076,2026-03-08,16:44:36,1473,51,57,1467,PAY008046,Delayed,53
ORD008047,CUST01342,REST0020,PART0084,2025-10-07,09:47:15,1397,56,13,1440,PAY008047,Delivered,28
ORD008048,CUST00053,REST0210,PART0016,2026-07-10,22:43:25,1348,54,309,1093,PAY008048,Delayed,46
ORD008049,CUST00044,REST0198,PART0020,2026-04-27,01:42:34,1009,40,236,813,PAY008049,Delivered,17
ORD008050,CUST01989,REST0054,PART0094,2026-05-22,06:30:24,231,27,12,246,PAY008050,Delivered,46
ORD008051,CUST01890,REST0248,PART0068,2026-05-11,23:34:41,455,91,24,522,PAY008051,Delivered,15
ORD008052,CUST01276,REST0243,PART0148,2026-06-05,18:22:09,1409,91,268,1232,PAY008052,Cancelled,71
ORD008053,CUST01190,REST0166,PART0017,2025-07-24,00:27:50,303,35,46,292,PAY008053,Delivered,68
ORD008054,CUST02415,REST0271,PART0034,2025-09-30,11:09:27,589,51,176,464,PAY008054,Delivered,81
ORD008055,CUST00007,REST0021,PART0117,2025-12-20,20:16:21,631,69,118,582,PAY008055,Delivered,47
ORD008056,CUST01701,REST0283,PART0036,2025-11-08,00:22:13,1891,90,561,1420,PAY008056,Cancelled,85
ORD008057,CUST02220,REST0280,PART0118,2025-12-09,01:56:56,1152,32,300,884,PAY008057,Delivered,38
ORD008058,CUST01422,REST0243,PART0141,2026-05-12,06:33:18,256,76,43,289,PAY008058,Delivered,67
ORD008059,CUST00411,REST0101,PART0002,2026-02-09,04:31:35,927,60,129,858,PAY008059,Delivered,19
ORD008060,CUST00090,REST0209,PART0075,2026-01-12,18:40:45,568,40,42,566,PAY008060,Delivered,66
ORD008061,CUST01754,REST0250,PART0045,2026-07-11,08:21:56,194,73,41,226,PAY008061,Delivered,79
ORD008062,CUST00338,REST0015,PART0047,2025-08-20,14:12:14,1003,30,156,877,PAY008062,Delivered,79
ORD008063,CUST02093,REST0003,PART0046,2026-06-20,22:49:02,1372,71,103,1340,PAY008063,Delayed,70
ORD008064,CUST00630,REST0287,PART0014,2026-02-27,00:51:22,1701,96,446,1351,PAY008064,Delivered,44
ORD008065,CUST00696,REST0221,PART0081,2025-08-30,00:54:31,859,33,82,810,PAY008065,Delivered,82
ORD008066,CUST00716,REST0298,PART0048,2026-05-21,14:39:31,1583,76,236,1423,PAY008066,Delivered,59
ORD008067,CUST00959,REST0213,PART0136,2026-04-11,23:09:55,1237,45,217,1065,PAY008067,Delivered,28
ORD008068,CUST00902,REST0077,PART0084,2025-09-03,11:27:26,605,22,83,544,PAY008068,Delivered,32
ORD008069,CUST00364,REST0277,PART0028,2026-07-01,02:08:41,249,25,8,266,PAY008069,Delivered,38
ORD008070,CUST02151,REST0270,PART0144,2025-08-06,03:10:17,183,81,13,251,PAY008070,Delivered,22
ORD008071,CUST00358,REST0070,PART0068,2025-10-13,11:06:13,1439,38,85,1392,PAY008071,Delivered,40
ORD008072,CUST00247,REST0040,PART0009,2026-04-28,11:09:47,867,36,48,855,PAY008072,Delivered,71
ORD008073,CUST00193,REST0179,PART0014,2026-04-14,04:46:38,831,42,232,641,PAY008073,Delivered,19
ORD008074,CUST02490,REST0237,PART0030,2026-02-08,10:46:19,1330,30,34,1326,PAY008074,Delivered,56
ORD008075,CUST01522,REST0064,PART0022,2026-06-14,03:14:58,207,85,51,241,PAY008075,Delivered,23
ORD008076,CUST00679,REST0083,PART0088,2025-08-29,04:33:54,197,58,6,249,PAY008076,Delivered,22
ORD008077,CUST01867,REST0170,PART0016,2026-02-18,17:58:28,382,41,64,359,PAY008077,Delivered,81
ORD008078,CUST00800,REST0290,PART0015,2026-01-18,09:23:37,959,79,21,1017,PAY008078,Delivered,90
ORD008079,CUST01798,REST0049,PART0073,2025-12-16,11:47:46,654,91,2,743,PAY008079,Cancelled,45
ORD008080,CUST01130,REST0190,PART0029,2026-07-04,09:23:22,1379,31,16,1394,PAY008080,Delivered,53
ORD008081,CUST02204,REST0257,PART0031,2026-03-25,13:01:04,673,68,180,561,PAY008081,Delivered,78
ORD008082,CUST00173,REST0290,PART0090,2026-02-26,17:57:25,1689,72,32,1729,PAY008082,Delivered,86
ORD008083,CUST01390,REST0034,PART0041,2026-04-18,22:17:51,1775,57,245,1587,PAY008083,Delivered,74
ORD008084,CUST00758,REST0155,PART0122,2026-04-28,16:50:11,1943,49,427,1565,PAY008084,Delivered,22
ORD008085,CUST01262,REST0244,PART0087,2026-05-29,10:01:41,525,49,49,525,PAY008085,Delivered,16
ORD008086,CUST02256,REST0099,PART0092,2025-09-06,18:06:59,1892,28,495,1425,PAY008086,Delivered,68
ORD008087,CUST01107,REST0018,PART0095,2025-08-05,18:13:08,1474,68,430,1112,PAY008087,Delivered,82
ORD008088,CUST00412,REST0280,PART0096,2026-02-02,09:28:37,1186,90,37,1239,PAY008088,Delivered,59
ORD008089,CUST00096,REST0227,PART0116,2025-09-24,01:34:49,1123,30,241,912,PAY008089,Delivered,61
ORD008090,CUST01892,REST0037,PART0015,2026-02-10,13:52:21,1022,75,67,1030,PAY008090,Delivered,64
ORD008091,CUST00136,REST0128,PART0006,2026-06-21,08:49:51,219,56,22,253,PAY008091,Cancelled,75
ORD008092,CUST02167,REST0074,PART0129,2025-10-14,06:19:42,629,91,99,621,PAY008092,Delayed,23
ORD008093,CUST00087,REST0005,PART0120,2026-05-22,12:28:46,1425,79,274,1230,PAY008093,Delivered,86
ORD008094,CUST02478,REST0001,PART0016,2025-09-03,08:10:39,1972,34,439,1567,PAY008094,Delivered,81
ORD008095,CUST01911,REST0168,PART0081,2025-10-17,15:15:18,652,53,182,523,PAY008095,Delivered,22
ORD008096,CUST01059,REST0154,PART0079,2026-07-03,20:58:37,759,87,25,821,PAY008096,Delivered,45
ORD008097,CUST02467,REST0087,PART0103,2025-08-04,22:53:32,686,55,105,636,PAY008097,Delayed,66
ORD008098,CUST00393,REST0300,PART0134,2026-01-29,16:34:20,998,47,176,869,PAY008098,Delivered,28
ORD008099,CUST01145,REST0156,PART0021,2026-06-14,13:45:25,1244,49,96,1197,PAY008099,Delivered,55
ORD008100,CUST00653,REST0237,PART0119,2026-03-08,22:31:22,1996,43,587,1452,PAY008100,Delivered,75
ORD008101,CUST02185,REST0211,PART0031,2026-02-12,09:10:06,332,44,47,329,PAY008101,Cancelled,65
ORD008102,CUST00478,REST0125,PART0127,2026-06-24,17:11:35,315,46,13,348,PAY008102,Delivered,79
ORD008103,CUST02481,REST0237,PART0135,2025-08-14,01:08:01,288,89,60,317,PAY008103,Delivered,89
ORD008104,CUST02353,REST0030,PART0116,2025-10-18,00:41:09,1320,50,29,1341,PAY008104,Delivered,75
ORD008105,CUST00200,REST0027,PART0002,2026-02-10,13:39:46,1827,60,305,1582,PAY008105,Delivered,68
ORD008106,CUST02399,REST0140,PART0105,2026-02-15,17:23:22,1447,62,13,1496,PAY008106,Delivered,64
ORD008107,CUST01706,REST0265,PART0146,2025-08-17,16:42:03,157,62,0,219,PAY008107,Delivered,18
ORD008108,CUST00641,REST0259,PART0134,2025-11-24,22:32:40,1818,66,378,1506,PAY008108,Delivered,73
ORD008109,CUST00105,REST0227,PART0003,2026-02-05,03:51:13,1092,91,134,1049,PAY008109,Delivered,48
ORD008110,CUST01099,REST0062,PART0106,2026-02-10,00:16:28,1340,23,88,1275,PAY008110,Delivered,28
ORD008111,CUST02042,REST0292,PART0113,2025-08-21,13:36:56,1067,37,97,1007,PAY008111,Delivered,44
ORD008112,CUST00919,REST0100,PART0015,2025-10-25,01:58:55,1313,21,168,1166,PAY008112,Delivered,29
ORD008113,CUST02159,REST0219,PART0073,2025-10-25,15:47:41,478,62,31,509,PAY008113,Delivered,72
ORD008114,CUST01301,REST0024,PART0044,2025-11-22,04:57:47,679,87,95,671,PAY008114,Delivered,41
ORD008115,CUST01204,REST0139,PART0126,2026-02-14,09:58:48,658,77,193,542,PAY008115,Delivered,30
ORD008116,CUST00894,REST0243,PART0026,2025-09-07,03:04:51,924,65,26,963,PAY008116,Delayed,56
ORD008117,CUST02273,REST0264,PART0057,2026-06-02,20:20:15,171,81,16,236,PAY008117,Delivered,80
ORD008118,CUST00227,REST0042,PART0037,2025-09-23,11:45:43,1043,88,74,1057,PAY008118,Delivered,19
ORD008119,CUST01306,REST0074,PART0104,2025-08-02,08:04:28,1619,33,466,1186,PAY008119,Delivered,37
ORD008120,CUST02346,REST0187,PART0127,2025-12-29,08:26:16,1140,74,241,973,PAY008120,Delivered,55
ORD008121,CUST02457,REST0230,PART0037,2026-01-22,17:39:40,362,84,55,391,PAY008121,Delivered,62
ORD008122,CUST02439,REST0239,PART0063,2026-06-11,10:38:59,1802,23,446,1379,PAY008122,Delivered,69
ORD008123,CUST02388,REST0134,PART0038,2026-06-06,15:35:57,1764,85,459,1390,PAY008123,Delivered,41
ORD008124,CUST00451,REST0005,PART0143,2025-10-03,23:19:48,1445,64,55,1454,PAY008124,Delivered,25
ORD008125,CUST00935,REST0169,PART0118,2025-09-08,12:00:22,1199,45,40,1204,PAY008125,Delivered,24
ORD008126,CUST01679,REST0218,PART0029,2026-05-24,01:04:59,270,95,25,340,PAY008126,Delivered,76
ORD008127,CUST00352,REST0270,PART0131,2026-05-19,01:23:16,888,84,259,713,PAY008127,Delivered,45
ORD008128,CUST01725,REST0035,PART0116,2025-10-09,21:04:25,1858,68,22,1904,PAY008128,Delivered,24
ORD008129,CUST01847,REST0177,PART0139,2026-04-13,14:51:06,877,63,28,912,PAY008129,Delivered,48
ORD008130,CUST01961,REST0275,PART0041,2026-03-20,08:03:57,550,98,29,619,PAY008130,Delivered,68
ORD008131,CUST01105,REST0140,PART0079,2025-08-19,22:54:09,269,90,25,334,PAY008131,Cancelled,41
ORD008132,CUST01372,REST0161,PART0022,2026-02-02,09:28:59,524,86,133,477,PAY008132,Delivered,22
ORD008133,CUST02001,REST0161,PART0112,2025-09-11,15:35:41,1085,77,55,1107,PAY008133,Cancelled,63
ORD008134,CUST00798,REST0260,PART0018,2026-03-15,21:43:23,1153,94,0,1247,PAY008134,Delivered,83
ORD008135,CUST00662,REST0032,PART0003,2026-01-04,00:46:15,1707,86,206,1587,PAY008135,Delivered,74
ORD008136,CUST01188,REST0120,PART0114,2025-08-12,23:36:59,1283,70,168,1185,PAY008136,Cancelled,15
ORD008137,CUST02437,REST0300,PART0046,2025-12-27,04:15:28,420,70,103,387,PAY008137,Delivered,82
ORD008138,CUST01074,REST0293,PART0114,2026-04-22,05:15:06,1090,37,68,1059,PAY008138,Delivered,67
ORD008139,CUST02192,REST0254,PART0122,2026-03-19,09:44:37,1400,48,158,1290,PAY008139,Delivered,63
ORD008140,CUST00092,REST0274,PART0110,2026-02-13,13:39:00,347,48,13,382,PAY008140,Delivered,31
ORD008141,CUST00506,REST0161,PART0127,2025-08-16,08:54:29,894,45,40,899,PAY008141,Delayed,28
ORD008142,CUST00551,REST0093,PART0117,2026-04-28,18:02:14,435,69,85,419,PAY008142,Delivered,29
ORD008143,CUST01677,REST0217,PART0112,2026-05-07,10:48:23,974,87,133,928,PAY008143,Delivered,60
ORD008144,CUST00134,REST0146,PART0048,2025-11-18,05:34:50,899,89,128,860,PAY008144,Delivered,89
ORD008145,CUST01813,REST0137,PART0150,2026-01-11,05:41:02,1470,27,110,1387,PAY008145,Cancelled,72
ORD008146,CUST02031,REST0038,PART0041,2025-09-18,04:17:52,763,66,106,723,PAY008146,Delivered,25
ORD008147,CUST01826,REST0222,PART0078,2026-04-06,20:19:52,763,97,141,719,PAY008147,Delivered,24
ORD008148,CUST00497,REST0127,PART0017,2025-10-31,13:11:58,870,80,69,881,PAY008148,Delivered,25
ORD008149,CUST00991,REST0025,PART0044,2026-06-10,06:30:33,1343,68,269,1142,PAY008149,Delivered,79
ORD008150,CUST01990,REST0091,PART0046,2025-11-24,09:12:41,1331,77,221,1187,PAY008150,Cancelled,17
ORD008151,CUST01499,REST0015,PART0059,2025-07-27,21:02:25,1727,29,220,1536,PAY008151,Delivered,39
ORD008152,CUST02492,REST0148,PART0037,2025-07-29,02:21:48,995,86,147,934,PAY008152,Delivered,78
ORD008153,CUST01972,REST0143,PART0076,2026-05-09,12:34:39,571,74,121,524,PAY008153,Delayed,77
ORD008154,CUST01850,REST0059,PART0147,2025-07-20,17:15:20,496,57,84,469,PAY008154,Delivered,57
ORD008155,CUST01783,REST0277,PART0065,2026-05-15,04:21:43,705,92,194,603,PAY008155,Delivered,75
ORD008156,CUST01068,REST0036,PART0045,2025-07-26,20:26:58,1085,71,21,1135,PAY008156,Delivered,84
ORD008157,CUST01991,REST0047,PART0099,2026-05-13,08:09:04,1129,83,56,1156,PAY008157,Delivered,89
ORD008158,CUST01270,REST0095,PART0144,2026-03-31,10:56:33,1874,56,278,1652,PAY008158,Delivered,39
ORD008159,CUST01115,REST0253,PART0011,2026-04-10,13:17:35,925,47,88,884,PAY008159,Cancelled,16
ORD008160,CUST01111,REST0241,PART0030,2025-07-25,15:25:10,1347,67,164,1250,PAY008160,Delivered,36
ORD008161,CUST00362,REST0197,PART0143,2026-06-16,08:28:13,224,76,29,271,PAY008161,Delivered,20
ORD008162,CUST00743,REST0139,PART0037,2026-05-26,15:47:14,239,68,71,236,PAY008162,Delivered,46
ORD008163,CUST01794,REST0201,PART0124,2026-04-23,01:28:46,1449,96,242,1303,PAY008163,Delivered,55
ORD008164,CUST02321,REST0275,PART0057,2025-07-28,00:39:01,410,99,72,437,PAY008164,Delayed,88
ORD008165,CUST01395,REST0294,PART0014,2025-08-17,17:18:55,1278,81,359,1000,PAY008165,Cancelled,61
ORD008166,CUST00752,REST0142,PART0107,2025-11-18,11:40:41,1345,59,262,1142,PAY008166,Delivered,52
ORD008167,CUST00017,REST0119,PART0070,2025-09-18,06:59:39,286,87,66,307,PAY008167,Delivered,66
ORD008168,CUST00439,REST0217,PART0055,2026-05-06,10:44:56,243,22,54,211,PAY008168,Delivered,84
ORD008169,CUST00299,REST0016,PART0102,2026-04-30,11:34:44,1154,50,261,943,PAY008169,Delivered,46
ORD008170,CUST00689,REST0037,PART0144,2026-05-26,00:38:17,1889,20,449,1460,PAY008170,Delayed,62
ORD008171,CUST01611,REST0034,PART0103,2026-03-20,15:25:39,1298,36,70,1264,PAY008171,Delivered,46
ORD008172,CUST01597,REST0147,PART0130,2026-02-28,18:13:17,244,63,36,271,PAY008172,Delivered,56
ORD008173,CUST01423,REST0088,PART0080,2025-08-16,17:21:20,191,34,30,195,PAY008173,Delivered,22
ORD008174,CUST01484,REST0013,PART0075,2025-08-17,07:59:01,297,78,46,329,PAY008174,Delivered,90
ORD008175,CUST00472,REST0148,PART0024,2026-04-09,10:00:37,816,77,140,753,PAY008175,Delivered,34
ORD008176,CUST01478,REST0123,PART0050,2025-09-28,04:39:13,1144,23,38,1129,PAY008176,Delivered,81
ORD008177,CUST02208,REST0123,PART0044,2026-01-18,22:59:06,1373,37,338,1072,PAY008177,Delivered,30
ORD008178,CUST00507,REST0042,PART0142,2026-05-25,00:24:53,1836,50,514,1372,PAY008178,Delivered,77
ORD008179,CUST02031,REST0130,PART0058,2025-08-23,09:38:49,1974,25,56,1943,PAY008179,Delivered,33
ORD008180,CUST00869,REST0086,PART0058,2026-01-02,17:22:23,486,88,64,510,PAY008180,Delivered,77
ORD008181,CUST01309,REST0194,PART0122,2026-05-16,13:56:10,234,100,27,307,PAY008181,Delivered,32
ORD008182,CUST01171,REST0247,PART0045,2026-06-28,13:13:08,721,55,37,739,PAY008182,Delayed,32
ORD008183,CUST01962,REST0077,PART0129,2026-02-10,13:55:41,1998,74,293,1779,PAY008183,Delayed,46
ORD008184,CUST00650,REST0194,PART0012,2026-03-24,17:22:26,599,59,60,598,PAY008184,Delivered,42
ORD008185,CUST01353,REST0193,PART0026,2025-12-07,12:47:27,428,39,114,353,PAY008185,Delivered,78
ORD008186,CUST01115,REST0037,PART0117,2025-08-07,11:22:40,1230,47,156,1121,PAY008186,Delivered,43
ORD008187,CUST00343,REST0264,PART0022,2026-05-18,01:30:18,1426,84,410,1100,PAY008187,Delivered,88
ORD008188,CUST00449,REST0088,PART0112,2026-03-18,05:42:11,741,38,71,708,PAY008188,Delivered,43
ORD008189,CUST01518,REST0083,PART0036,2026-05-02,22:03:15,1810,97,504,1403,PAY008189,Cancelled,80
ORD008190,CUST02412,REST0251,PART0068,2026-03-08,03:35:46,213,99,28,284,PAY008190,Delivered,85
ORD008191,CUST00945,REST0209,PART0114,2025-07-26,06:38:59,1824,23,180,1667,PAY008191,Delivered,71
ORD008192,CUST01432,REST0176,PART0070,2026-04-21,13:27:31,903,30,141,792,PAY008192,Delivered,54
ORD008193,CUST02460,REST0238,PART0057,2025-09-12,09:47:54,709,59,36,732,PAY008193,Delivered,77
ORD008194,CUST00671,REST0119,PART0053,2025-11-30,11:07:47,1027,91,96,1022,PAY008194,Delivered,47
ORD008195,CUST01446,REST0191,PART0115,2025-11-14,17:42:34,586,45,124,507,PAY008195,Delivered,43
ORD008196,CUST00950,REST0101,PART0020,2025-12-10,10:44:52,1258,63,47,1274,PAY008196,Delivered,28
ORD008197,CUST00595,REST0216,PART0065,2026-04-03,06:57:00,825,47,29,843,PAY008197,Delivered,59
ORD008198,CUST01822,REST0181,PART0114,2025-08-29,23:08:17,1572,98,193,1477,PAY008198,Delivered,19
ORD008199,CUST00384,REST0186,PART0023,2026-05-20,20:50:07,1128,33,245,916,PAY008199,Delivered,84
ORD008200,CUST01500,REST0203,PART0043,2026-07-06,07:18:12,621,48,59,610,PAY008200,Delivered,62
ORD008201,CUST01374,REST0283,PART0079,2026-01-27,23:35:58,185,35,13,207,PAY008201,Delivered,29
ORD008202,CUST01067,REST0043,PART0020,2026-03-23,23:17:08,1597,51,373,1275,PAY008202,Delivered,44
ORD008203,CUST00525,REST0068,PART0009,2025-11-05,19:29:58,544,37,6,575,PAY008203,Cancelled,25
ORD008204,CUST00517,REST0221,PART0011,2026-05-04,11:52:25,1827,89,179,1737,PAY008204,Delivered,65
ORD008205,CUST01696,REST0216,PART0059,2025-11-06,16:42:53,956,100,284,772,PAY008205,Delivered,15
ORD008206,CUST01693,REST0146,PART0140,2025-10-25,12:39:43,183,99,39,243,PAY008206,Delivered,84
ORD008207,CUST01856,REST0161,PART0110,2025-09-16,02:20:14,1793,49,521,1321,PAY008207,Delivered,86
ORD008208,CUST02332,REST0170,PART0147,2025-08-18,06:25:34,1329,41,319,1051,PAY008208,Delivered,25
ORD008209,CUST02153,REST0157,PART0149,2026-02-13,04:47:08,186,36,39,183,PAY008209,Delivered,41
ORD008210,CUST00059,REST0292,PART0063,2026-05-27,21:19:08,1912,44,327,1629,PAY008210,Delivered,33
ORD008211,CUST01592,REST0149,PART0129,2025-09-11,16:43:34,905,44,65,884,PAY008211,Delivered,65
ORD008212,CUST00335,REST0125,PART0004,2026-03-06,09:26:36,1937,36,56,1917,PAY008212,Cancelled,65
ORD008213,CUST02460,REST0201,PART0019,2026-04-01,17:20:28,562,41,60,543,PAY008213,Delivered,27
ORD008214,CUST00455,REST0038,PART0087,2026-02-25,02:05:22,922,68,158,832,PAY008214,Delivered,26
ORD008215,CUST01365,REST0076,PART0050,2026-02-10,23:04:52,750,52,105,697,PAY008215,Delivered,68
ORD008216,CUST00620,REST0222,PART0150,2026-01-17,09:41:17,1368,80,287,1161,PAY008216,Cancelled,17
ORD008217,CUST01866,REST0002,PART0051,2025-11-04,18:32:20,180,20,18,182,PAY008217,Cancelled,38
ORD008218,CUST02065,REST0273,PART0079,2026-01-22,23:32:27,232,21,67,186,PAY008218,Delivered,39
ORD008219,CUST01096,REST0236,PART0063,2026-02-04,01:15:18,315,45,88,272,PAY008219,Delivered,30
ORD008220,CUST02167,REST0114,PART0026,2026-07-04,17:58:13,897,47,265,679,PAY008220,Cancelled,35
ORD008221,CUST02060,REST0075,PART0061,2026-05-10,11:57:02,1938,54,165,1827,PAY008221,Cancelled,68
ORD008222,CUST02016,REST0076,PART0144,2025-08-14,23:47:30,218,30,2,246,PAY008222,Delivered,41
ORD008223,CUST00388,REST0021,PART0025,2025-09-12,17:16:25,501,28,32,497,PAY008223,Delivered,61
ORD008224,CUST02456,REST0251,PART0132,2025-09-22,11:40:02,161,73,3,231,PAY008224,Delivered,53
ORD008225,CUST00633,REST0018,PART0149,2026-06-01,09:21:22,1137,23,144,1016,PAY008225,Delivered,71
ORD008226,CUST00988,REST0053,PART0009,2026-05-08,15:35:55,1856,71,436,1491,PAY008226,Delivered,21
ORD008227,CUST00315,REST0143,PART0036,2025-11-05,11:15:16,784,62,51,795,PAY008227,Delivered,32
ORD008228,CUST00674,REST0243,PART0021,2026-01-26,23:19:20,935,61,122,874,PAY008228,Delivered,48
ORD008229,CUST00054,REST0247,PART0097,2026-03-14,16:02:10,1738,42,354,1426,PAY008229,Delivered,34
ORD008230,CUST01526,REST0021,PART0149,2026-05-18,09:22:20,617,36,117,536,PAY008230,Delayed,49
ORD008231,CUST00910,REST0043,PART0127,2025-08-01,17:32:46,1825,53,526,1352,PAY008231,Cancelled,51
ORD008232,CUST00335,REST0224,PART0132,2025-11-15,05:32:35,168,29,25,172,PAY008232,Delivered,75
ORD008233,CUST00820,REST0239,PART0042,2025-12-10,14:28:41,607,23,124,506,PAY008233,Delivered,34
ORD008234,CUST01071,REST0272,PART0062,2026-01-14,08:01:04,1135,67,279,923,PAY008234,Delivered,66
ORD008235,CUST00134,REST0053,PART0055,2025-07-31,22:11:25,1378,35,227,1186,PAY008235,Delivered,80
ORD008236,CUST00025,REST0074,PART0146,2026-01-29,04:42:49,1291,89,52,1328,PAY008236,Delivered,56
ORD008237,CUST00710,REST0107,PART0060,2026-01-01,01:23:44,1287,86,64,1309,PAY008237,Delivered,58
ORD008238,CUST01121,REST0073,PART0034,2026-01-13,17:27:45,1029,37,109,957,PAY008238,Delivered,44
ORD008239,CUST01712,REST0155,PART0020,2025-07-26,10:28:20,1709,36,147,1598,PAY008239,Delivered,17
ORD008240,CUST00788,REST0003,PART0093,2025-08-02,09:15:58,679,55,36,698,PAY008240,Delivered,63
ORD008241,CUST01852,REST0216,PART0004,2026-03-05,22:50:57,1755,63,448,1370,PAY008241,Delivered,66
ORD008242,CUST00509,REST0249,PART0067,2025-08-04,05:08:10,1444,39,182,1301,PAY008242,Delivered,45
ORD008243,CUST02218,REST0160,PART0061,2025-07-17,07:50:55,503,35,7,531,PAY008243,Delivered,83
ORD008244,CUST02323,REST0014,PART0064,2026-03-30,08:25:30,1302,45,357,990,PAY008244,Delivered,27
ORD008245,CUST01597,REST0222,PART0133,2025-10-25,17:08:50,1388,72,133,1327,PAY008245,Delayed,16
ORD008246,CUST01196,REST0287,PART0089,2026-06-25,05:58:44,1841,70,486,1425,PAY008246,Delivered,29
ORD008247,CUST00470,REST0076,PART0072,2025-10-19,15:04:10,1062,74,218,918,PAY008247,Delayed,77
ORD008248,CUST02400,REST0234,PART0097,2025-12-10,00:02:07,1465,90,166,1389,PAY008248,Cancelled,69
ORD008249,CUST01506,REST0021,PART0047,2025-11-27,08:42:26,1304,40,221,1123,PAY008249,Delivered,85
ORD008250,CUST01682,REST0143,PART0140,2026-03-20,11:58:01,1118,78,152,1044,PAY008250,Delivered,38
ORD008251,CUST01284,REST0240,PART0098,2025-11-25,20:42:05,1612,57,411,1258,PAY008251,Delivered,46
ORD008252,CUST02288,REST0088,PART0011,2025-08-19,16:25:45,753,77,171,659,PAY008252,Delivered,21
ORD008253,CUST02096,REST0127,PART0093,2025-12-03,14:54:22,542,82,98,526,PAY008253,Delayed,35
ORD008254,CUST00529,REST0136,PART0045,2026-04-23,09:01:18,308,50,62,296,PAY008254,Delivered,20
ORD008255,CUST01283,REST0082,PART0018,2026-02-01,14:14:30,1009,66,116,959,PAY008255,Delivered,78
ORD008256,CUST01549,REST0254,PART0117,2025-10-31,01:43:01,841,80,34,887,PAY008256,Delivered,88
ORD008257,CUST00595,REST0026,PART0050,2026-02-07,02:04:41,545,25,12,558,PAY008257,Delivered,19
ORD008258,CUST01990,REST0238,PART0145,2025-09-12,11:30:26,540,45,12,573,PAY008258,Delivered,17
ORD008259,CUST00365,REST0185,PART0050,2025-12-20,14:22:28,1454,31,66,1419,PAY008259,Delivered,38
ORD008260,CUST00256,REST0292,PART0087,2025-12-09,22:24:30,1179,89,158,1110,PAY008260,Delivered,62
ORD008261,CUST01989,REST0063,PART0143,2026-02-19,21:20:46,170,74,10,234,PAY008261,Delivered,30
ORD008262,CUST02441,REST0274,PART0094,2025-09-01,23:41:51,936,45,36,945,PAY008262,Delivered,51
ORD008263,CUST01770,REST0200,PART0116,2025-10-15,19:37:25,1677,89,27,1739,PAY008263,Delivered,63
ORD008264,CUST00135,REST0216,PART0083,2025-12-23,14:58:25,1595,75,71,1599,PAY008264,Delayed,23
ORD008265,CUST01644,REST0164,PART0065,2025-09-12,05:07:03,862,30,67,825,PAY008265,Cancelled,75
ORD008266,CUST00265,REST0156,PART0031,2026-05-22,00:53:45,226,54,21,259,PAY008266,Delivered,61
ORD008267,CUST01797,REST0271,PART0127,2025-10-28,20:52:06,632,91,115,608,PAY008267,Delivered,22
ORD008268,CUST01398,REST0139,PART0089,2026-01-30,23:01:09,162,92,33,221,PAY008268,Delivered,22
ORD008269,CUST01395,REST0244,PART0103,2025-10-12,17:27:32,1454,96,105,1445,PAY008269,Delivered,45
ORD008270,CUST00796,REST0166,PART0077,2025-11-18,03:41:52,1204,34,95,1143,PAY008270,Delivered,39
ORD008271,CUST00634,REST0003,PART0053,2025-12-06,18:23:58,1030,25,201,854,PAY008271,Delayed,78
ORD008272,CUST02041,REST0017,PART0115,2026-03-30,01:46:39,264,36,4,296,PAY008272,Delivered,46
ORD008273,CUST02200,REST0023,PART0062,2025-08-04,06:29:08,636,70,107,599,PAY008273,Delivered,26
ORD008274,CUST01784,REST0009,PART0115,2025-12-05,11:07:21,1859,97,452,1504,PAY008274,Delivered,16
ORD008275,CUST00090,REST0023,PART0087,2025-11-13,16:22:45,1986,69,441,1614,PAY008275,Delayed,57
ORD008276,CUST00266,REST0299,PART0149,2026-05-31,07:27:21,1703,50,378,1375,PAY008276,Delivered,50
ORD008277,CUST02490,REST0035,PART0100,2025-09-20,08:30:11,535,55,68,522,PAY008277,Delivered,25
ORD008278,CUST02292,REST0225,PART0144,2026-05-17,03:49:34,1414,25,95,1344,PAY008278,Delivered,34
ORD008279,CUST01329,REST0173,PART0086,2026-02-25,06:11:32,1493,42,71,1464,PAY008279,Delivered,72
ORD008280,CUST01413,REST0023,PART0134,2025-12-09,00:04:45,1954,33,267,1720,PAY008280,Delayed,19
ORD008281,CUST01703,REST0120,PART0069,2026-04-25,14:09:14,936,23,118,841,PAY008281,Delivered,16
ORD008282,CUST01560,REST0041,PART0107,2025-08-01,12:04:40,1471,31,363,1139,PAY008282,Delivered,87
ORD008283,CUST00810,REST0128,PART0097,2026-02-15,19:52:08,402,51,118,335,PAY008283,Delivered,40
ORD008284,CUST00128,REST0138,PART0057,2026-04-19,15:26:22,811,42,136,717,PAY008284,Delivered,39
ORD008285,CUST01137,REST0137,PART0096,2025-07-31,12:48:10,1666,69,131,1604,PAY008285,Delivered,80
ORD008286,CUST01704,REST0050,PART0085,2026-03-15,23:22:18,979,58,139,898,PAY008286,Delayed,35
ORD008287,CUST01343,REST0056,PART0093,2026-01-14,16:21:30,989,90,58,1021,PAY008287,Delivered,67
ORD008288,CUST01994,REST0130,PART0147,2025-08-05,20:07:48,767,22,161,628,PAY008288,Delivered,27
ORD008289,CUST00120,REST0217,PART0005,2025-12-21,04:48:29,1489,98,353,1234,PAY008289,Delivered,84
ORD008290,CUST00255,REST0202,PART0008,2025-10-04,23:42:51,435,64,112,387,PAY008290,Delivered,34
ORD008291,CUST01088,REST0282,PART0150,2025-10-17,14:23:16,1237,41,75,1203,PAY008291,Delivered,71
ORD008292,CUST01679,REST0250,PART0090,2025-12-22,12:58:44,789,80,13,856,PAY008292,Delivered,65
ORD008293,CUST00748,REST0058,PART0146,2026-03-07,01:47:38,217,22,2,237,PAY008293,Delivered,72
ORD008294,CUST01823,REST0004,PART0080,2026-06-13,16:31:44,1062,73,155,980,PAY008294,Delivered,86
ORD008295,CUST01653,REST0175,PART0102,2026-03-11,18:37:58,1507,23,42,1488,PAY008295,Delivered,23
ORD008296,CUST00551,REST0171,PART0106,2026-02-18,01:10:27,785,75,105,755,PAY008296,Delayed,89
ORD008297,CUST00273,REST0217,PART0035,2026-01-10,21:31:23,281,38,47,272,PAY008297,Delayed,79
ORD008298,CUST01126,REST0092,PART0039,2026-03-13,06:49:06,508,68,27,549,PAY008298,Delivered,82
ORD008299,CUST02401,REST0250,PART0134,2025-12-01,03:21:00,1172,56,196,1032,PAY008299,Delivered,59
ORD008300,CUST00302,REST0141,PART0139,2026-05-17,16:43:10,581,74,135,520,PAY008300,Delivered,17
ORD008301,CUST01379,REST0282,PART0010,2025-07-22,20:11:27,695,68,59,704,PAY008301,Delivered,20
ORD008302,CUST00384,REST0229,PART0027,2026-05-12,04:46:09,1762,77,140,1699,PAY008302,Delivered,49
ORD008303,CUST00740,REST0021,PART0089,2026-03-15,17:36:15,366,37,13,390,PAY008303,Delivered,81
ORD008304,CUST00277,REST0299,PART0051,2026-05-14,14:59:54,1643,84,149,1578,PAY008304,Delivered,65
ORD008305,CUST00372,REST0114,PART0078,2026-03-20,08:01:29,918,100,107,911,PAY008305,Delivered,89
ORD008306,CUST02098,REST0036,PART0131,2026-07-15,18:09:00,1018,23,238,803,PAY008306,Delivered,35
ORD008307,CUST02415,REST0121,PART0140,2026-06-13,17:44:50,841,36,27,850,PAY008307,Delivered,58
ORD008308,CUST00499,REST0034,PART0080,2026-07-10,08:05:00,424,41,55,410,PAY008308,Delivered,38
ORD008309,CUST01274,REST0248,PART0149,2026-02-05,10:48:23,312,30,46,296,PAY008309,Delivered,72
ORD008310,CUST02341,REST0274,PART0131,2025-09-25,23:56:23,677,99,187,589,PAY008310,Delivered,44
ORD008311,CUST01552,REST0019,PART0081,2025-09-03,02:01:20,1768,42,17,1793,PAY008311,Delivered,44
ORD008312,CUST00684,REST0264,PART0071,2025-08-10,07:06:39,850,59,125,784,PAY008312,Delivered,59
ORD008313,CUST02309,REST0108,PART0138,2025-08-08,19:39:59,416,96,85,427,PAY008313,Cancelled,73
ORD008314,CUST01199,REST0293,PART0021,2025-10-28,05:58:06,307,20,56,271,PAY008314,Delivered,48
ORD008315,CUST00732,REST0227,PART0056,2026-05-23,16:54:54,1073,73,143,1003,PAY008315,Delivered,15
ORD008316,CUST00416,REST0273,PART0144,2025-08-03,11:44:19,1347,41,26,1362,PAY008316,Delivered,77
ORD008317,CUST00808,REST0076,PART0147,2026-07-11,16:40:14,1956,73,557,1472,PAY008317,Delivered,33
ORD008318,CUST01546,REST0089,PART0131,2025-09-01,18:44:24,264,30,14,280,PAY008318,Delayed,17
ORD008319,CUST01902,REST0124,PART0044,2026-06-17,06:31:07,1739,73,35,1777,PAY008319,Delivered,81
ORD008320,CUST01503,REST0017,PART0117,2025-12-15,08:28:55,1819,93,474,1438,PAY008320,Cancelled,77
ORD008321,CUST00076,REST0221,PART0108,2025-10-22,10:11:58,1181,91,317,955,PAY008321,Delivered,59
ORD008322,CUST01482,REST0190,PART0060,2026-06-05,11:36:26,1509,62,217,1354,PAY008322,Delivered,50
ORD008323,CUST02020,REST0043,PART0106,2026-02-06,12:28:31,252,39,55,236,PAY008323,Delivered,23
ORD008324,CUST01301,REST0120,PART0145,2025-09-02,12:01:14,426,78,113,391,PAY008324,Delivered,57
ORD008325,CUST01753,REST0049,PART0019,2026-06-26,23:06:13,1947,46,95,1898,PAY008325,Delivered,84
ORD008326,CUST01143,REST0089,PART0030,2026-02-17,02:09:44,1359,86,56,1389,PAY008326,Delivered,79
ORD008327,CUST00990,REST0027,PART0007,2026-07-06,16:23:59,1330,43,290,1083,PAY008327,Cancelled,52
ORD008328,CUST01691,REST0283,PART0120,2026-02-06,19:07:43,446,40,68,418,PAY008328,Delivered,66
ORD008329,CUST00478,REST0275,PART0096,2026-04-29,01:10:07,984,72,63,993,PAY008329,Delivered,74
ORD008330,CUST00084,REST0294,PART0041,2025-07-18,04:07:54,1677,26,47,1656,PAY008330,Cancelled,22
ORD008331,CUST01646,REST0165,PART0092,2025-10-25,20:09:12,1057,90,223,924,PAY008331,Delivered,75
ORD008332,CUST01977,REST0085,PART0146,2026-03-16,04:36:19,1396,63,169,1290,PAY008332,Delivered,20
ORD008333,CUST00941,REST0280,PART0108,2026-04-27,00:30:12,693,28,167,554,PAY008333,Delivered,55
ORD008334,CUST00943,REST0245,PART0039,2025-10-24,16:41:34,1100,69,254,915,PAY008334,Delivered,77
ORD008335,CUST01632,REST0098,PART0089,2026-06-14,01:06:19,855,95,14,936,PAY008335,Delivered,43
ORD008336,CUST00305,REST0024,PART0008,2026-03-23,06:13:56,470,35,92,413,PAY008336,Delivered,28
ORD008337,CUST00745,REST0140,PART0134,2025-09-23,03:41:59,1429,95,269,1255,PAY008337,Delivered,70
ORD008338,CUST00001,REST0098,PART0084,2026-02-13,20:39:13,596,30,24,602,PAY008338,Delivered,81
ORD008339,CUST00233,REST0048,PART0043,2026-01-16,04:27:11,1081,79,43,1117,PAY008339,Cancelled,22
ORD008340,CUST02095,REST0244,PART0093,2026-01-25,19:39:24,1873,94,235,1732,PAY008340,Delivered,63
ORD008341,CUST01024,REST0167,PART0071,2026-06-23,04:13:04,1218,58,164,1112,PAY008341,Delivered,65
ORD008342,CUST01574,REST0089,PART0050,2026-07-12,18:24:24,382,99,53,428,PAY008342,Delayed,21
ORD008343,CUST01602,REST0101,PART0120,2025-10-20,22:46:59,540,76,59,557,PAY008343,Delivered,59
ORD008344,CUST00286,REST0170,PART0017,2026-02-01,12:07:21,1691,24,265,1450,PAY008344,Delivered,83
ORD008345,CUST02216,REST0116,PART0055,2025-09-29,12:39:45,1646,78,253,1471,PAY008345,Delayed,69
ORD008346,CUST01191,REST0156,PART0102,2025-12-10,01:49:36,529,72,16,585,PAY008346,Delivered,48
ORD008347,CUST00910,REST0035,PART0016,2026-04-21,03:43:39,896,77,179,794,PAY008347,Delivered,20
ORD008348,CUST02495,REST0228,PART0080,2026-05-08,21:24:58,990,74,286,778,PAY008348,Delivered,38
ORD008349,CUST00291,REST0140,PART0134,2025-09-27,03:08:01,803,76,239,640,PAY008349,Delayed,23
ORD008350,CUST00401,REST0208,PART0089,2026-02-06,10:06:12,913,64,67,910,PAY008350,Delivered,40
ORD008351,CUST01129,REST0232,PART0065,2026-03-24,19:11:24,1828,83,256,1655,PAY008351,Delivered,16
ORD008352,CUST01692,REST0214,PART0135,2025-08-10,03:51:42,1515,62,282,1295,PAY008352,Delivered,51
ORD008353,CUST00655,REST0185,PART0066,2025-12-18,11:20:49,1821,41,455,1407,PAY008353,Delivered,57
ORD008354,CUST00611,REST0141,PART0008,2025-10-28,05:51:49,1935,87,193,1829,PAY008354,Delivered,32
ORD008355,CUST00559,REST0083,PART0149,2025-10-18,07:30:46,216,86,9,293,PAY008355,Delivered,51
ORD008356,CUST01282,REST0019,PART0028,2025-09-14,09:12:01,1410,76,53,1433,PAY008356,Delayed,21
ORD008357,CUST00476,REST0159,PART0034,2026-04-03,14:36:16,1867,51,305,1613,PAY008357,Delivered,90
ORD008358,CUST00166,REST0063,PART0114,2025-08-10,16:34:51,276,92,38,330,PAY008358,Delivered,76
ORD008359,CUST00717,REST0261,PART0052,2025-09-09,04:40:35,1427,32,290,1169,PAY008359,Delivered,32
ORD008360,CUST00459,REST0004,PART0110,2026-04-12,18:59:22,1309,67,49,1327,PAY008360,Cancelled,72
ORD008361,CUST00301,REST0213,PART0148,2025-12-18,14:49:56,1966,57,65,1958,PAY008361,Delivered,43
ORD008362,CUST02283,REST0232,PART0119,2026-03-13,15:59:10,1627,78,329,1376,PAY008362,Delivered,68
ORD008363,CUST01595,REST0226,PART0054,2026-04-05,12:18:22,1395,80,139,1336,PAY008363,Delivered,15
ORD008364,CUST02272,REST0090,PART0019,2025-11-07,20:47:58,450,35,124,361,PAY008364,Delivered,89
ORD008365,CUST00228,REST0208,PART0132,2026-04-24,04:30:20,1140,97,14,1223,PAY008365,Delayed,47
ORD008366,CUST02047,REST0127,PART0078,2025-09-20,14:25:34,745,42,136,651,PAY008366,Delivered,61
ORD008367,CUST02101,REST0236,PART0050,2026-02-03,20:36:25,942,44,187,799,PAY008367,Delayed,27
ORD008368,CUST01182,REST0093,PART0081,2026-02-23,03:48:58,324,47,46,325,PAY008368,Delivered,86
ORD008369,CUST01671,REST0149,PART0080,2026-03-23,19:21:43,1112,55,163,1004,PAY008369,Cancelled,43
ORD008370,CUST01531,REST0198,PART0020,2026-04-02,05:56:21,485,88,28,545,PAY008370,Delivered,40
ORD008371,CUST00965,REST0075,PART0009,2026-04-01,06:29:11,1174,43,112,1105,PAY008371,Delivered,52
ORD008372,CUST01582,REST0227,PART0077,2026-04-25,23:01:40,157,86,18,225,PAY008372,Delivered,19
ORD008373,CUST02166,REST0024,PART0028,2025-11-12,15:52:04,422,56,104,374,PAY008373,Delayed,80
ORD008374,CUST01980,REST0053,PART0125,2025-12-21,13:17:00,1428,99,309,1218,PAY008374,Delivered,17
ORD008375,CUST01306,REST0082,PART0126,2025-11-08,19:30:04,1785,52,83,1754,PAY008375,Cancelled,72
ORD008376,CUST01318,REST0008,PART0120,2025-09-15,19:59:04,885,40,252,673,PAY008376,Delivered,41
ORD008377,CUST00146,REST0156,PART0015,2025-07-24,06:49:02,319,50,23,346,PAY008377,Delivered,65
ORD008378,CUST00795,REST0199,PART0045,2025-10-18,12:04:15,1736,40,174,1602,PAY008378,Delivered,79
ORD008379,CUST01870,REST0289,PART0021,2026-06-22,18:49:25,1465,94,412,1147,PAY008379,Cancelled,28
ORD008380,CUST01723,REST0199,PART0024,2025-12-26,06:36:31,203,80,14,269,PAY008380,Delivered,66
ORD008381,CUST01801,REST0221,PART0113,2026-05-06,00:41:29,1988,34,592,1430,PAY008381,Delivered,82
ORD008382,CUST01556,REST0251,PART0025,2026-04-20,16:38:00,929,42,205,766,PAY008382,Delivered,49
ORD008383,CUST01668,REST0187,PART0149,2025-09-04,22:14:12,1037,89,88,1038,PAY008383,Cancelled,78
ORD008384,CUST00455,REST0071,PART0116,2025-12-06,06:11:29,1061,47,82,1026,PAY008384,Delivered,24
ORD008385,CUST01820,REST0010,PART0104,2026-04-22,17:38:41,324,65,15,374,PAY008385,Delivered,34
ORD008386,CUST01946,REST0105,PART0065,2026-04-23,21:24:42,598,33,109,522,PAY008386,Delivered,87
ORD008387,CUST00592,REST0221,PART0125,2026-06-09,10:07:54,456,90,66,480,PAY008387,Delivered,81
ORD008388,CUST01833,REST0257,PART0072,2026-02-06,10:06:03,1655,31,422,1264,PAY008388,Delivered,16
ORD008389,CUST00463,REST0066,PART0005,2025-12-30,13:58:08,764,89,89,764,PAY008389,Delayed,67
ORD008390,CUST01951,REST0128,PART0121,2025-10-07,07:14:42,409,68,65,412,PAY008390,Delivered,16
ORD008391,CUST02058,REST0234,PART0124,2025-08-25,16:00:28,703,54,158,599,PAY008391,Delivered,27
ORD008392,CUST02018,REST0285,PART0026,2025-11-13,11:20:00,1227,97,64,1260,PAY008392,Delivered,33
ORD008393,CUST00881,REST0289,PART0145,2026-05-14,12:01:32,1370,84,119,1335,PAY008393,Delivered,24
ORD008394,CUST01720,REST0257,PART0108,2025-10-22,01:12:12,1156,94,109,1141,PAY008394,Delivered,49
ORD008395,CUST00331,REST0069,PART0101,2025-08-17,03:39:20,390,60,8,442,PAY008395,Delivered,23
ORD008396,CUST00554,REST0271,PART0039,2026-01-11,15:37:13,1353,28,370,1011,PAY008396,Delivered,76
ORD008397,CUST01440,REST0098,PART0146,2026-06-20,10:52:54,795,68,168,695,PAY008397,Delivered,86
ORD008398,CUST01914,REST0117,PART0041,2025-08-01,01:52:42,1155,74,320,909,PAY008398,Delivered,68
ORD008399,CUST01844,REST0227,PART0055,2026-05-31,11:43:52,481,75,106,450,PAY008399,Cancelled,18
ORD008400,CUST00561,REST0249,PART0069,2025-12-14,18:34:16,422,45,43,424,PAY008400,Delivered,45
ORD008401,CUST01664,REST0073,PART0125,2025-11-06,11:56:12,226,78,9,295,PAY008401,Delivered,66
ORD008402,CUST01260,REST0268,PART0112,2026-03-18,13:01:54,681,81,135,627,PAY008402,Cancelled,18
ORD008403,CUST00327,REST0012,PART0103,2025-12-14,15:44:41,663,35,58,640,PAY008403,Delivered,66
ORD008404,CUST02032,REST0074,PART0078,2025-09-15,02:04:51,1744,25,157,1612,PAY008404,Delivered,57
ORD008405,CUST00027,REST0027,PART0020,2025-11-30,23:36:45,564,65,105,524,PAY008405,Delivered,48
ORD008406,CUST00294,REST0030,PART0110,2026-05-03,15:01:45,179,71,35,215,PAY008406,Cancelled,58
ORD008407,CUST00603,REST0221,PART0044,2025-12-08,08:36:06,567,71,55,583,PAY008407,Delivered,44
ORD008408,CUST01204,REST0108,PART0040,2026-05-06,11:40:35,810,22,85,747,PAY008408,Delivered,38
ORD008409,CUST02295,REST0141,PART0100,2025-11-06,02:29:27,170,40,30,180,PAY008409,Delivered,38
ORD008410,CUST02117,REST0105,PART0116,2026-06-17,16:02:44,1906,27,384,1549,PAY008410,Delivered,57
ORD008411,CUST01461,REST0269,PART0124,2026-06-20,11:05:38,1684,53,367,1370,PAY008411,Delivered,21
ORD008412,CUST00267,REST0023,PART0085,2025-08-01,16:14:07,587,22,120,489,PAY008412,Delivered,63
ORD008413,CUST01844,REST0157,PART0028,2025-09-26,16:55:41,234,22,52,204,PAY008413,Delivered,62
ORD008414,CUST00538,REST0147,PART0006,2025-12-19,20:37:34,938,83,162,859,PAY008414,Delivered,83
ORD008415,CUST00408,REST0162,PART0095,2026-05-18,12:37:36,1587,54,428,1213,PAY008415,Delayed,17
ORD008416,CUST01699,REST0133,PART0079,2025-10-13,04:57:48,829,82,248,663,PAY008416,Delivered,88
ORD008417,CUST02345,REST0094,PART0025,2026-04-22,07:09:21,1432,51,397,1086,PAY008417,Delivered,53
ORD008418,CUST01273,REST0086,PART0071,2026-04-04,16:14:48,1783,35,403,1415,PAY008418,Delivered,22
ORD008419,CUST01499,REST0149,PART0083,2025-12-06,13:33:54,1719,45,410,1354,PAY008419,Delivered,25
ORD008420,CUST00207,REST0091,PART0036,2025-11-25,06:10:33,302,74,6,370,PAY008420,Delivered,34
ORD008421,CUST01729,REST0253,PART0041,2026-02-12,07:17:31,1545,62,364,1243,PAY008421,Delivered,68
ORD008422,CUST01139,REST0050,PART0119,2026-04-07,13:31:21,425,58,58,425,PAY008422,Delayed,84
ORD008423,CUST00174,REST0276,PART0100,2025-09-26,20:20:30,1889,58,535,1412,PAY008423,Delivered,61
ORD008424,CUST01669,REST0078,PART0030,2025-11-07,08:30:53,932,33,152,813,PAY008424,Delivered,24
ORD008425,CUST01902,REST0186,PART0123,2025-09-28,16:18:17,605,68,137,536,PAY008425,Delayed,50
ORD008426,CUST01940,REST0220,PART0125,2026-06-17,08:32:19,499,42,130,411,PAY008426,Delivered,16
ORD008427,CUST00291,REST0276,PART0100,2026-07-05,04:57:45,696,59,121,634,PAY008427,Delivered,87
ORD008428,CUST02469,REST0027,PART0066,2026-04-25,10:51:36,1500,28,116,1412,PAY008428,Delivered,19
ORD008429,CUST00576,REST0267,PART0060,2025-07-25,06:37:44,257,84,52,289,PAY008429,Delivered,55
ORD008430,CUST01154,REST0095,PART0120,2026-04-01,22:11:44,1449,81,51,1479,PAY008430,Cancelled,19
ORD008431,CUST00749,REST0033,PART0039,2025-08-18,02:23:06,1369,30,372,1027,PAY008431,Delivered,57
ORD008432,CUST01373,REST0110,PART0035,2026-01-14,16:56:38,1820,62,234,1648,PAY008432,Cancelled,51
ORD008433,CUST01652,REST0092,PART0012,2025-12-09,18:12:49,1917,74,424,1567,PAY008433,Delivered,69
ORD008434,CUST01690,REST0023,PART0001,2025-11-12,18:02:18,1979,61,401,1639,PAY008434,Delivered,34
ORD008435,CUST00282,REST0036,PART0020,2025-12-22,22:22:32,1272,62,155,1179,PAY008435,Cancelled,30
ORD008436,CUST00634,REST0193,PART0024,2026-05-19,20:38:27,334,65,4,395,PAY008436,Delivered,57
ORD008437,CUST01900,REST0229,PART0024,2025-11-01,21:36:06,1937,52,154,1835,PAY008437,Delivered,49
ORD008438,CUST01466,REST0070,PART0134,2026-06-16,10:19:10,1979,26,319,1686,PAY008438,Delivered,83
ORD008439,CUST02077,REST0262,PART0006,2025-11-06,02:23:14,982,57,221,818,PAY008439,Delivered,18
ORD008440,CUST01560,REST0015,PART0086,2026-01-31,11:06:48,1428,61,79,1410,PAY008440,Delayed,28
ORD008441,CUST01133,REST0049,PART0052,2026-02-24,19:47:33,905,57,196,766,PAY008441,Delivered,77
ORD008442,CUST00433,REST0066,PART0043,2026-05-28,15:33:02,1819,91,109,1801,PAY008442,Delivered,41
ORD008443,CUST02185,REST0208,PART0059,2026-02-07,05:03:29,770,53,142,681,PAY008443,Delivered,68
ORD008444,CUST02492,REST0163,PART0095,2026-01-28,10:44:58,1182,24,89,1117,PAY008444,Cancelled,49
ORD008445,CUST01349,REST0095,PART0106,2026-07-07,02:05:19,1591,96,228,1459,PAY008445,Delivered,59
ORD008446,CUST01682,REST0072,PART0135,2026-07-07,18:39:05,227,27,44,210,PAY008446,Delayed,52
ORD008447,CUST00134,REST0278,PART0023,2025-07-24,23:25:56,1915,44,149,1810,PAY008447,Delivered,26
ORD008448,CUST00730,REST0127,PART0145,2026-05-12,01:41:50,238,96,52,282,PAY008448,Delivered,56
ORD008449,CUST00382,REST0167,PART0027,2025-10-11,23:01:09,337,44,48,333,PAY008449,Delivered,16
ORD008450,CUST02343,REST0076,PART0032,2026-04-26,01:09:21,566,83,66,583,PAY008450,Delivered,34
ORD008451,CUST02100,REST0198,PART0010,2025-08-27,13:25:15,1418,73,314,1177,PAY008451,Delivered,21
ORD008452,CUST00382,REST0186,PART0093,2025-12-06,07:15:57,1105,61,228,938,PAY008452,Delivered,57
ORD008453,CUST02035,REST0214,PART0080,2025-10-18,00:12:26,433,44,72,405,PAY008453,Delivered,67
ORD008454,CUST01871,REST0262,PART0096,2026-02-17,04:55:45,278,56,43,291,PAY008454,Cancelled,15
ORD008455,CUST02403,REST0161,PART0016,2026-04-13,02:05:18,1383,90,14,1459,PAY008455,Cancelled,60
ORD008456,CUST01597,REST0208,PART0035,2026-01-26,19:10:09,1896,47,131,1812,PAY008456,Delivered,58
ORD008457,CUST01492,REST0128,PART0007,2026-02-02,16:51:48,262,49,12,299,PAY008457,Delivered,80
ORD008458,CUST00930,REST0001,PART0042,2025-09-23,13:06:34,1813,24,244,1593,PAY008458,Delivered,50
ORD008459,CUST01721,REST0284,PART0143,2026-06-03,17:49:35,1141,81,214,1008,PAY008459,Delivered,72
ORD008460,CUST00232,REST0261,PART0014,2025-10-31,05:00:55,1020,57,45,1032,PAY008460,Delayed,23
ORD008461,CUST01778,REST0254,PART0044,2025-11-22,00:04:24,1112,39,288,863,PAY008461,Cancelled,37
ORD008462,CUST01398,REST0230,PART0010,2026-04-23,23:53:32,843,64,29,878,PAY008462,Delivered,40
ORD008463,CUST00380,REST0225,PART0020,2025-09-06,09:07:42,565,56,146,475,PAY008463,Delivered,21
ORD008464,CUST02017,REST0021,PART0086,2026-01-13,02:16:09,627,100,87,640,PAY008464,Delivered,83
ORD008465,CUST01262,REST0144,PART0063,2026-03-10,04:17:30,1486,48,331,1203,PAY008465,Delivered,77
ORD008466,CUST01760,REST0107,PART0103,2026-06-04,06:17:42,1154,67,30,1191,PAY008466,Cancelled,86
ORD008467,CUST00754,REST0260,PART0103,2026-04-13,00:04:44,1304,99,352,1051,PAY008467,Delayed,41
ORD008468,CUST00328,REST0033,PART0094,2025-08-09,03:17:37,1342,49,128,1263,PAY008468,Delivered,32
ORD008469,CUST01636,REST0182,PART0013,2026-04-03,20:55:26,1007,54,51,1010,PAY008469,Cancelled,70
ORD008470,CUST00106,REST0177,PART0076,2026-04-09,12:48:53,1595,49,425,1219,PAY008470,Delivered,22
ORD008471,CUST00410,REST0142,PART0131,2025-11-25,06:09:35,1317,74,189,1202,PAY008471,Delivered,33
ORD008472,CUST01869,REST0073,PART0087,2025-07-30,19:41:57,1900,91,180,1811,PAY008472,Delivered,67
ORD008473,CUST00256,REST0298,PART0038,2025-11-05,17:57:22,1429,51,18,1462,PAY008473,Delivered,34
ORD008474,CUST01943,REST0243,PART0031,2026-04-08,23:29:16,1914,29,93,1850,PAY008474,Delivered,62
ORD008475,CUST02010,REST0124,PART0029,2026-03-21,10:27:40,1590,44,219,1415,PAY008475,Delivered,76
ORD008476,CUST01402,REST0068,PART0027,2025-08-07,13:56:56,471,28,26,473,PAY008476,Delivered,89
ORD008477,CUST01720,REST0004,PART0148,2026-06-12,12:00:20,1827,75,243,1659,PAY008477,Cancelled,90
ORD008478,CUST01520,REST0187,PART0026,2025-11-06,09:36:55,1112,44,315,841,PAY008478,Cancelled,44
ORD008479,CUST02217,REST0267,PART0110,2025-10-16,23:43:43,1783,50,438,1395,PAY008479,Delayed,39
ORD008480,CUST00577,REST0116,PART0003,2025-10-03,17:10:25,1368,57,51,1374,PAY008480,Delivered,75
ORD008481,CUST01281,REST0128,PART0120,2026-07-07,04:03:35,925,77,154,848,PAY008481,Cancelled,77
ORD008482,CUST00560,REST0188,PART0106,2025-10-08,04:18:06,959,52,79,932,PAY008482,Delivered,41
ORD008483,CUST01781,REST0015,PART0051,2025-10-05,09:13:39,1738,66,69,1735,PAY008483,Delivered,29
ORD008484,CUST01229,REST0136,PART0034,2026-05-09,08:32:29,280,99,10,369,PAY008484,Delivered,39
ORD008485,CUST01130,REST0030,PART0063,2026-06-01,05:26:48,311,59,42,328,PAY008485,Delivered,32
ORD008486,CUST01404,REST0131,PART0111,2025-12-01,03:13:23,1613,54,52,1615,PAY008486,Delivered,47
ORD008487,CUST02328,REST0072,PART0035,2025-09-29,17:04:07,467,66,94,439,PAY008487,Delayed,78
ORD008488,CUST00039,REST0241,PART0078,2026-06-03,00:12:36,1994,99,187,1906,PAY008488,Delivered,50
ORD008489,CUST02122,REST0198,PART0042,2026-02-05,14:26:53,1523,33,150,1406,PAY008489,Delivered,77
ORD008490,CUST02065,REST0147,PART0083,2025-10-24,07:53:21,1863,44,134,1773,PAY008490,Delivered,39
ORD008491,CUST02344,REST0064,PART0112,2026-03-01,06:09:41,386,41,97,330,PAY008491,Delivered,70
ORD008492,CUST00113,REST0297,PART0143,2025-11-15,14:29:33,1907,54,12,1949,PAY008492,Delivered,89
ORD008493,CUST01840,REST0022,PART0017,2026-06-24,08:25:28,1654,74,277,1451,PAY008493,Delayed,75
ORD008494,CUST00356,REST0273,PART0068,2026-04-17,13:00:51,305,67,88,284,PAY008494,Delivered,74
ORD008495,CUST00248,REST0163,PART0065,2025-09-01,16:35:45,680,25,15,690,PAY008495,Delivered,46
ORD008496,CUST00670,REST0214,PART0077,2025-12-16,12:50:56,1523,40,65,1498,PAY008496,Cancelled,89
ORD008497,CUST01217,REST0158,PART0092,2026-04-25,03:26:51,468,76,42,502,PAY008497,Delayed,19
ORD008498,CUST01248,REST0247,PART0109,2025-10-10,09:51:08,1181,93,106,1168,PAY008498,Delivered,50
ORD008499,CUST00769,REST0078,PART0082,2026-05-25,12:49:38,1347,61,93,1315,PAY008499,Delivered,40
ORD008500,CUST00646,REST0211,PART0114,2025-09-09,03:53:07,1123,57,92,1088,PAY008500,Delivered,23
ORD008501,CUST00989,REST0177,PART0032,2026-05-25,05:46:18,739,90,65,764,PAY008501,Delivered,51
ORD008502,CUST01597,REST0021,PART0083,2025-08-24,22:08:17,736,71,34,773,PAY008502,Delivered,58
ORD008503,CUST01433,REST0278,PART0129,2025-08-20,05:11:23,1180,66,181,1065,PAY008503,Delivered,58
ORD008504,CUST02169,REST0290,PART0016,2025-08-21,23:17:37,1357,32,375,1014,PAY008504,Delivered,43
ORD008505,CUST01121,REST0296,PART0090,2026-04-18,11:38:24,1116,78,129,1065,PAY008505,Delivered,86
ORD008506,CUST00507,REST0036,PART0058,2026-03-06,04:50:51,583,97,26,654,PAY008506,Delivered,21
ORD008507,CUST00336,REST0096,PART0027,2026-01-08,20:18:44,1829,46,148,1727,PAY008507,Delivered,69
ORD008508,CUST00571,REST0183,PART0024,2026-02-05,14:26:16,1978,77,429,1626,PAY008508,Cancelled,88
ORD008509,CUST00607,REST0265,PART0064,2026-01-13,09:25:16,1870,32,30,1872,PAY008509,Delayed,42
ORD008510,CUST00579,REST0257,PART0025,2026-04-22,08:20:42,443,75,83,435,PAY008510,Delivered,15
ORD008511,CUST02239,REST0281,PART0138,2026-06-22,10:54:18,1999,76,290,1785,PAY008511,Delivered,76
ORD008512,CUST01048,REST0268,PART0075,2026-05-18,00:38:27,1992,21,364,1649,PAY008512,Delivered,19
ORD008513,CUST00235,REST0278,PART0098,2025-09-02,07:29:38,1754,51,54,1751,PAY008513,Delayed,67
ORD008514,CUST00317,REST0162,PART0054,2026-02-12,15:45:42,827,86,244,669,PAY008514,Delivered,46
ORD008515,CUST00987,REST0108,PART0099,2025-08-04,00:15:47,468,38,61,445,PAY008515,Delivered,50
ORD008516,CUST02325,REST0160,PART0111,2026-03-08,18:22:34,1323,64,136,1251,PAY008516,Delayed,61
ORD008517,CUST01486,REST0154,PART0134,2025-10-01,09:03:14,1906,38,15,1929,PAY008517,Delivered,86
ORD008518,CUST00870,REST0077,PART0095,2025-10-17,20:58:21,891,26,239,678,PAY008518,Delivered,74
ORD008519,CUST00234,REST0247,PART0123,2026-03-03,15:54:49,329,72,23,378,PAY008519,Delivered,36
ORD008520,CUST00764,REST0108,PART0034,2025-08-20,17:52:33,1391,36,186,1241,PAY008520,Delivered,20
ORD008521,CUST00600,REST0232,PART0035,2026-03-18,05:57:36,1405,71,213,1263,PAY008521,Delivered,58
ORD008522,CUST00555,REST0020,PART0004,2026-04-05,20:30:27,1147,21,35,1133,PAY008522,Delivered,85
ORD008523,CUST02126,REST0263,PART0042,2025-10-01,03:11:38,243,80,46,277,PAY008523,Delivered,31
ORD008524,CUST02100,REST0165,PART0058,2026-01-23,12:58:48,1130,36,159,1007,PAY008524,Delayed,23
ORD008525,CUST01929,REST0259,PART0124,2025-10-08,10:20:56,1202,62,258,1006,PAY008525,Delivered,41
ORD008526,CUST02213,REST0203,PART0123,2025-09-06,13:21:06,258,64,29,293,PAY008526,Delivered,66
ORD008527,CUST01970,REST0098,PART0114,2025-12-20,12:36:51,1083,21,96,1008,PAY008527,Delivered,87
ORD008528,CUST00161,REST0104,PART0105,2026-03-23,08:34:12,1123,38,284,877,PAY008528,Delivered,71
ORD008529,CUST02363,REST0296,PART0065,2025-11-18,16:33:29,1602,93,473,1222,PAY008529,Delivered,66
ORD008530,CUST00764,REST0099,PART0087,2025-10-11,21:37:57,1841,24,90,1775,PAY008530,Delivered,76
ORD008531,CUST01114,REST0237,PART0010,2025-07-31,11:15:58,448,42,50,440,PAY008531,Delivered,84
ORD008532,CUST00622,REST0193,PART0037,2026-06-23,22:11:43,776,26,111,691,PAY008532,Cancelled,62
ORD008533,CUST01111,REST0276,PART0122,2025-12-21,04:00:57,789,59,18,830,PAY008533,Cancelled,77
ORD008534,CUST02320,REST0142,PART0032,2026-06-13,05:13:53,843,92,187,748,PAY008534,Delivered,79
ORD008535,CUST00022,REST0278,PART0149,2025-07-29,17:45:18,615,68,131,552,PAY008535,Delivered,82
ORD008536,CUST00791,REST0086,PART0006,2026-04-23,04:00:12,1591,27,300,1318,PAY008536,Delayed,71
ORD008537,CUST02158,REST0034,PART0122,2025-08-15,01:59:54,948,56,149,855,PAY008537,Delayed,60
ORD008538,CUST00943,REST0034,PART0047,2025-08-17,19:28:23,415,62,106,371,PAY008538,Cancelled,59
ORD008539,CUST00113,REST0099,PART0014,2026-07-07,19:23:14,807,23,230,600,PAY008539,Delivered,84
ORD008540,CUST01949,REST0210,PART0013,2026-05-03,12:41:38,1560,79,102,1537,PAY008540,Delivered,37
ORD008541,CUST00815,REST0128,PART0035,2026-03-10,20:52:54,1211,80,28,1263,PAY008541,Delivered,29
ORD008542,CUST01656,REST0107,PART0011,2026-05-07,22:07:18,1941,84,214,1811,PAY008542,Delivered,40
ORD008543,CUST01413,REST0269,PART0110,2026-01-28,07:40:28,407,85,105,387,PAY008543,Delivered,74
ORD008544,CUST00093,REST0150,PART0129,2026-01-25,03:03:29,608,100,98,610,PAY008544,Delivered,82
ORD008545,CUST00563,REST0281,PART0030,2026-05-06,18:34:36,630,50,100,580,PAY008545,Delivered,71
ORD008546,CUST02419,REST0151,PART0119,2025-11-20,09:45:49,163,75,2,236,PAY008546,Delivered,23
ORD008547,CUST00053,REST0200,PART0089,2025-12-14,10:42:36,1795,85,529,1351,PAY008547,Delivered,24
ORD008548,CUST01129,REST0084,PART0145,2025-08-22,06:07:29,322,94,15,401,PAY008548,Delivered,67
ORD008549,CUST01036,REST0201,PART0141,2026-01-11,13:16:12,560,21,114,467,PAY008549,Delivered,64
ORD008550,CUST01593,REST0040,PART0016,2026-01-26,16:30:01,1253,68,151,1170,PAY008550,Delivered,73
ORD008551,CUST01850,REST0234,PART0066,2026-06-14,14:27:32,1563,32,87,1508,PAY008551,Delivered,30
ORD008552,CUST02099,REST0283,PART0131,2025-12-21,09:08:51,1019,61,163,917,PAY008552,Delivered,31
ORD008553,CUST01677,REST0075,PART0124,2026-05-14,17:47:25,1976,96,66,2006,PAY008553,Delivered,19
ORD008554,CUST00488,REST0268,PART0093,2026-02-15,19:55:46,1429,32,145,1316,PAY008554,Delivered,68
ORD008555,CUST02179,REST0122,PART0029,2026-04-21,23:20:40,636,50,52,634,PAY008555,Delayed,66
ORD008556,CUST00143,REST0121,PART0116,2026-06-16,19:00:12,517,94,12,599,PAY008556,Delivered,32
ORD008557,CUST02395,REST0131,PART0031,2026-02-04,22:14:40,1464,82,30,1516,PAY008557,Delayed,60
ORD008558,CUST01219,REST0168,PART0094,2026-06-27,14:11:35,550,26,125,451,PAY008558,Delivered,33
ORD008559,CUST01437,REST0087,PART0006,2025-07-19,11:55:02,220,21,25,216,PAY008559,Delivered,61
ORD008560,CUST02268,REST0101,PART0149,2025-07-20,09:15:41,1474,24,436,1062,PAY008560,Delayed,31
ORD008561,CUST00843,REST0028,PART0128,2026-07-05,05:41:21,1001,50,1,1050,PAY008561,Delivered,79
ORD008562,CUST01678,REST0134,PART0038,2025-09-26,00:31:16,1433,83,33,1483,PAY008562,Delivered,50
ORD008563,CUST01446,REST0251,PART0138,2025-10-05,07:03:00,356,38,80,314,PAY008563,Delivered,30
ORD008564,CUST01728,REST0015,PART0051,2026-05-30,19:59:51,536,44,30,550,PAY008564,Delivered,21
ORD008565,CUST00758,REST0191,PART0104,2025-07-26,13:26:07,1610,98,307,1401,PAY008565,Cancelled,45
ORD008566,CUST00697,REST0049,PART0090,2026-05-27,01:56:39,747,22,219,550,PAY008566,Delivered,41
ORD008567,CUST00227,REST0083,PART0118,2025-07-27,15:48:11,1192,21,144,1069,PAY008567,Delivered,67
ORD008568,CUST00416,REST0087,PART0132,2026-02-28,20:32:57,1105,82,279,908,PAY008568,Delivered,90
ORD008569,CUST01130,REST0192,PART0066,2025-08-26,16:44:05,652,36,56,632,PAY008569,Delivered,32
ORD008570,CUST00350,REST0245,PART0128,2025-11-23,04:22:57,1702,46,342,1406,PAY008570,Delivered,81
ORD008571,CUST01124,REST0082,PART0122,2026-05-14,15:10:39,945,42,57,930,PAY008571,Cancelled,68
ORD008572,CUST00089,REST0245,PART0109,2025-12-24,10:05:01,843,76,212,707,PAY008572,Delivered,34
ORD008573,CUST00495,REST0210,PART0056,2025-08-28,17:50:38,1561,52,451,1162,PAY008573,Delivered,55
ORD008574,CUST01163,REST0096,PART0022,2026-02-14,17:44:39,1539,37,32,1544,PAY008574,Delivered,17
ORD008575,CUST01080,REST0036,PART0012,2025-09-03,21:58:18,1483,35,62,1456,PAY008575,Delivered,64
ORD008576,CUST00763,REST0004,PART0007,2026-06-06,12:45:34,808,63,128,743,PAY008576,Delivered,88
ORD008577,CUST00521,REST0139,PART0065,2026-03-05,04:04:05,1699,28,354,1373,PAY008577,Delivered,60
ORD008578,CUST01670,REST0171,PART0064,2026-02-04,16:36:42,918,32,157,793,PAY008578,Delivered,74
ORD008579,CUST02096,REST0242,PART0133,2026-07-10,05:08:21,1429,39,111,1357,PAY008579,Delivered,45
ORD008580,CUST00999,REST0195,PART0113,2025-07-21,08:04:51,1430,48,86,1392,PAY008580,Delivered,71
ORD008581,CUST01519,REST0105,PART0077,2025-10-19,03:37:58,1373,90,290,1173,PAY008581,Delivered,33
ORD008582,CUST00246,REST0063,PART0050,2026-04-09,14:06:51,1569,28,254,1343,PAY008582,Delivered,55
ORD008583,CUST00644,REST0062,PART0096,2025-12-09,18:24:00,1242,31,347,926,PAY008583,Delivered,62
ORD008584,CUST00006,REST0259,PART0121,2025-11-22,21:31:03,425,53,63,415,PAY008584,Delivered,30
ORD008585,CUST00376,REST0285,PART0134,2026-01-15,15:41:43,176,33,25,184,PAY008585,Cancelled,18
ORD008586,CUST00535,REST0198,PART0032,2026-03-20,13:30:35,362,43,8,397,PAY008586,Delayed,21
ORD008587,CUST00485,REST0025,PART0036,2026-04-15,04:43:21,1523,20,217,1326,PAY008587,Delivered,88
ORD008588,CUST02434,REST0241,PART0113,2026-01-25,09:26:43,1115,54,214,955,PAY008588,Delivered,80
ORD008589,CUST00797,REST0054,PART0112,2025-10-26,17:23:54,546,56,146,456,PAY008589,Delivered,44
ORD008590,CUST00965,REST0188,PART0093,2026-04-25,10:59:54,590,58,139,509,PAY008590,Delayed,71
ORD008591,CUST01400,REST0226,PART0077,2025-11-03,09:35:38,1330,23,277,1076,PAY008591,Delivered,77
ORD008592,CUST01310,REST0172,PART0105,2026-05-31,21:05:21,1155,76,54,1177,PAY008592,Delayed,52
ORD008593,CUST00966,REST0079,PART0039,2026-03-04,17:35:12,1328,68,129,1267,PAY008593,Delayed,48
ORD008594,CUST00438,REST0274,PART0026,2025-08-31,17:29:08,1352,69,119,1302,PAY008594,Delivered,56
ORD008595,CUST00008,REST0101,PART0041,2026-04-23,17:12:32,1369,98,215,1252,PAY008595,Delivered,64
ORD008596,CUST02454,REST0077,PART0111,2026-07-03,20:22:36,665,45,13,697,PAY008596,Delivered,35
ORD008597,CUST00554,REST0129,PART0006,2025-12-24,14:38:03,1814,56,524,1346,PAY008597,Delivered,29
ORD008598,CUST00850,REST0277,PART0029,2026-07-07,05:47:43,447,28,115,360,PAY008598,Delivered,21
ORD008599,CUST01822,REST0123,PART0053,2025-07-17,10:26:40,1499,86,419,1166,PAY008599,Delivered,38
ORD008600,CUST01402,REST0084,PART0088,2026-06-23,21:14:57,1766,81,100,1747,PAY008600,Delivered,86
ORD008601,CUST01633,REST0244,PART0060,2026-03-14,10:28:22,1410,97,358,1149,PAY008601,Delivered,22
ORD008602,CUST01826,REST0091,PART0134,2026-04-06,08:58:36,361,69,72,358,PAY008602,Delayed,28
ORD008603,CUST02188,REST0129,PART0010,2025-10-07,05:38:12,1735,85,378,1442,PAY008603,Delayed,73
ORD008604,CUST00340,REST0293,PART0006,2025-12-15,09:16:22,1773,57,234,1596,PAY008604,Delivered,85
ORD008605,CUST00870,REST0142,PART0101,2025-12-06,02:54:49,1435,77,358,1154,PAY008605,Cancelled,81
ORD008606,CUST02436,REST0243,PART0016,2026-03-10,01:00:18,845,90,208,727,PAY008606,Delivered,26
ORD008607,CUST00623,REST0069,PART0127,2026-05-19,20:32:10,1615,56,473,1198,PAY008607,Cancelled,20
ORD008608,CUST00642,REST0018,PART0013,2025-11-27,12:48:44,1124,78,333,869,PAY008608,Delivered,56
ORD008609,CUST02441,REST0027,PART0142,2025-09-06,06:04:31,999,90,268,821,PAY008609,Delivered,88
ORD008610,CUST01008,REST0279,PART0046,2026-06-25,06:49:43,709,48,80,677,PAY008610,Delivered,19
ORD008611,CUST01692,REST0232,PART0021,2025-08-07,17:52:44,1254,80,250,1084,PAY008611,Delivered,35
ORD008612,CUST00316,REST0036,PART0095,2025-08-14,20:30:41,700,52,186,566,PAY008612,Delivered,43
ORD008613,CUST02023,REST0029,PART0114,2025-11-14,02:38:44,1410,33,76,1367,PAY008613,Delivered,39
ORD008614,CUST01678,REST0078,PART0128,2026-03-07,16:36:13,969,42,26,985,PAY008614,Delivered,31
ORD008615,CUST00049,REST0291,PART0149,2025-08-12,18:44:45,1971,55,465,1561,PAY008615,Delivered,69
ORD008616,CUST01858,REST0034,PART0111,2026-05-26,05:41:06,682,66,3,745,PAY008616,Delayed,33
ORD008617,CUST00546,REST0223,PART0089,2025-09-02,01:51:12,1360,39,182,1217,PAY008617,Delivered,61
ORD008618,CUST01388,REST0228,PART0105,2026-06-19,10:37:26,1566,100,227,1439,PAY008618,Delivered,80
ORD008619,CUST00032,REST0019,PART0092,2026-02-05,12:06:27,377,40,107,310,PAY008619,Delivered,68
ORD008620,CUST00999,REST0025,PART0065,2026-03-21,12:23:32,1555,60,177,1438,PAY008620,Delivered,17
ORD008621,CUST02440,REST0105,PART0136,2026-05-12,00:07:03,1784,55,203,1636,PAY008621,Delivered,73
ORD008622,CUST01948,REST0186,PART0055,2026-02-24,13:26:35,1965,77,9,2033,PAY008622,Delivered,44
ORD008623,CUST00685,REST0100,PART0143,2025-11-04,15:17:55,1418,42,146,1314,PAY008623,Delivered,53
ORD008624,CUST00617,REST0279,PART0004,2025-08-27,12:24:16,1284,36,126,1194,PAY008624,Delivered,27
ORD008625,CUST00825,REST0250,PART0135,2026-02-10,15:46:24,278,24,50,252,PAY008625,Delayed,24
ORD008626,CUST02408,REST0125,PART0140,2025-11-06,17:41:55,1267,75,267,1075,PAY008626,Delayed,42
ORD008627,CUST01067,REST0098,PART0071,2025-10-11,22:48:41,1553,63,393,1223,PAY008627,Delivered,57
ORD008628,CUST02289,REST0146,PART0015,2025-10-14,02:07:32,1573,29,68,1534,PAY008628,Delivered,42
ORD008629,CUST02264,REST0272,PART0119,2025-12-17,10:07:12,688,27,94,621,PAY008629,Cancelled,15
ORD008630,CUST00814,REST0059,PART0141,2026-02-07,00:42:39,1655,31,290,1396,PAY008630,Delivered,74
ORD008631,CUST00787,REST0168,PART0027,2026-01-17,14:59:14,415,49,94,370,PAY008631,Delivered,87
ORD008632,CUST00576,REST0097,PART0064,2025-11-26,10:19:13,256,98,53,301,PAY008632,Delivered,54
ORD008633,CUST02321,REST0126,PART0142,2026-06-06,17:07:33,202,66,54,214,PAY008633,Delivered,84
ORD008634,CUST01826,REST0267,PART0125,2025-07-26,11:38:07,647,45,53,639,PAY008634,Delivered,41
ORD008635,CUST01337,REST0282,PART0042,2026-03-01,00:54:00,818,87,15,890,PAY008635,Delayed,89
ORD008636,CUST02064,REST0035,PART0073,2025-09-08,08:06:10,1383,63,291,1155,PAY008636,Delivered,81
ORD008637,CUST01370,REST0035,PART0090,2026-05-06,01:04:49,174,61,39,196,PAY008637,Delivered,58
ORD008638,CUST01233,REST0069,PART0047,2025-12-21,09:54:27,1149,55,206,998,PAY008638,Delivered,74
ORD008639,CUST00982,REST0201,PART0076,2025-09-29,20:34:57,257,24,53,228,PAY008639,Delivered,74
ORD008640,CUST00246,REST0151,PART0036,2025-09-20,11:54:20,719,87,122,684,PAY008640,Delivered,82
ORD008641,CUST00446,REST0073,PART0075,2026-05-28,17:38:35,705,89,156,638,PAY008641,Delivered,49
ORD008642,CUST01866,REST0251,PART0147,2026-04-23,00:12:43,1014,47,100,961,PAY008642,Delivered,45
ORD008643,CUST01837,REST0021,PART0030,2025-09-15,11:27:30,188,52,49,191,PAY008643,Cancelled,46
ORD008644,CUST01108,REST0056,PART0026,2025-10-07,23:11:43,1079,75,5,1149,PAY008644,Delivered,78
ORD008645,CUST01359,REST0234,PART0149,2026-03-08,19:25:06,1307,79,10,1376,PAY008645,Delivered,72
ORD008646,CUST00214,REST0089,PART0125,2026-03-07,00:30:30,354,22,64,312,PAY008646,Delivered,23
ORD008647,CUST01301,REST0189,PART0125,2026-01-28,16:40:47,1014,41,93,962,PAY008647,Delivered,81
ORD008648,CUST01021,REST0077,PART0033,2025-09-11,16:09:18,297,92,1,388,PAY008648,Delivered,32
ORD008649,CUST02077,REST0261,PART0110,2025-08-13,18:52:33,389,48,105,332,PAY008649,Delivered,23
ORD008650,CUST01935,REST0008,PART0079,2025-10-17,12:04:52,979,75,15,1039,PAY008650,Delayed,25
ORD008651,CUST01036,REST0046,PART0106,2026-01-07,12:08:15,809,83,40,852,PAY008651,Cancelled,86
ORD008652,CUST00855,REST0200,PART0146,2025-10-31,01:09:39,1503,52,179,1376,PAY008652,Delayed,80
ORD008653,CUST00818,REST0159,PART0003,2025-11-23,10:00:03,1431,24,178,1277,PAY008653,Cancelled,61
ORD008654,CUST00749,REST0109,PART0011,2025-11-24,09:20:04,1167,56,291,932,PAY008654,Delivered,84
ORD008655,CUST02389,REST0119,PART0070,2025-12-25,16:20:29,1724,26,482,1268,PAY008655,Delivered,60
ORD008656,CUST02416,REST0014,PART0121,2025-08-15,01:06:13,882,29,114,797,PAY008656,Delayed,36
ORD008657,CUST01021,REST0116,PART0097,2025-08-21,01:23:19,1081,58,165,974,PAY008657,Delivered,31
ORD008658,CUST02315,REST0041,PART0113,2025-10-23,07:56:14,1639,93,303,1429,PAY008658,Delivered,85
ORD008659,CUST00404,REST0163,PART0048,2026-07-13,21:13:57,1488,43,246,1285,PAY008659,Cancelled,32
ORD008660,CUST01695,REST0103,PART0136,2025-07-30,09:50:12,1136,40,71,1105,PAY008660,Delivered,69
ORD008661,CUST02303,REST0033,PART0050,2026-04-12,07:32:56,1108,34,194,948,PAY008661,Delivered,85
ORD008662,CUST02017,REST0260,PART0025,2026-05-01,23:09:43,844,87,26,905,PAY008662,Delivered,18
ORD008663,CUST00051,REST0097,PART0081,2026-06-14,04:11:43,464,58,82,440,PAY008663,Delivered,73
ORD008664,CUST00729,REST0037,PART0030,2026-04-26,00:39:48,583,66,79,570,PAY008664,Delivered,40
ORD008665,CUST00376,REST0159,PART0068,2025-11-07,09:35:22,1119,99,202,1016,PAY008665,Delivered,52
ORD008666,CUST02394,REST0292,PART0125,2025-09-04,17:58:07,273,62,58,277,PAY008666,Cancelled,85
ORD008667,CUST00667,REST0249,PART0022,2026-02-03,01:33:46,319,63,21,361,PAY008667,Delivered,29
ORD008668,CUST01782,REST0180,PART0088,2026-02-09,10:39:10,1539,79,156,1462,PAY008668,Delivered,20
ORD008669,CUST00736,REST0004,PART0007,2025-12-21,09:37:03,906,50,4,952,PAY008669,Delivered,69
ORD008670,CUST01422,REST0084,PART0049,2026-05-02,09:41:27,1683,71,404,1350,PAY008670,Delivered,35
ORD008671,CUST00091,REST0148,PART0041,2025-08-01,21:12:53,771,37,213,595,PAY008671,Delivered,33
ORD008672,CUST00642,REST0268,PART0076,2026-06-03,10:03:59,1102,21,133,990,PAY008672,Delivered,79
ORD008673,CUST01653,REST0248,PART0036,2025-12-05,16:57:03,249,29,25,253,PAY008673,Delivered,52
ORD008674,CUST00971,REST0073,PART0014,2026-03-18,02:16:20,190,91,39,242,PAY008674,Delivered,17
ORD008675,CUST01814,REST0166,PART0038,2025-07-24,11:53:43,799,90,174,715,PAY008675,Delivered,23
ORD008676,CUST02483,REST0153,PART0071,2026-05-14,09:26:57,613,40,98,555,PAY008676,Delivered,63
ORD008677,CUST00516,REST0060,PART0035,2026-05-19,20:04:01,599,32,5,626,PAY008677,Delivered,18
ORD008678,CUST01399,REST0267,PART0055,2025-11-24,07:26:37,1152,75,334,893,PAY008678,Delivered,60
ORD008679,CUST02135,REST0217,PART0035,2025-10-16,12:50:16,383,80,113,350,PAY008679,Cancelled,16
ORD008680,CUST00787,REST0129,PART0143,2026-01-23,11:03:52,1335,93,253,1175,PAY008680,Delivered,42
ORD008681,CUST00068,REST0253,PART0068,2026-07-14,14:08:40,1317,52,266,1103,PAY008681,Delivered,33
ORD008682,CUST00489,REST0230,PART0091,2025-12-16,20:05:13,1179,99,4,1274,PAY008682,Delivered,22
ORD008683,CUST01138,REST0232,PART0090,2025-12-29,17:16:53,1104,81,178,1007,PAY008683,Delivered,19
ORD008684,CUST02110,REST0063,PART0092,2026-01-01,07:44:45,1470,29,214,1285,PAY008684,Delivered,73
ORD008685,CUST00058,REST0214,PART0144,2026-05-19,07:56:51,1025,74,159,940,PAY008685,Cancelled,15
ORD008686,CUST02320,REST0011,PART0136,2026-05-01,02:06:39,203,22,13,212,PAY008686,Delivered,30
ORD008687,CUST01815,REST0208,PART0087,2025-08-03,05:53:00,1093,27,157,963,PAY008687,Delivered,57
ORD008688,CUST02289,REST0277,PART0143,2026-02-02,22:23:04,1940,56,38,1958,PAY008688,Delivered,79
ORD008689,CUST02010,REST0084,PART0018,2026-04-11,15:25:01,1959,21,201,1779,PAY008689,Delayed,88
ORD008690,CUST00377,REST0285,PART0005,2025-08-22,12:26:24,205,59,55,209,PAY008690,Delivered,81
ORD008691,CUST01671,REST0009,PART0073,2025-08-30,11:46:06,1291,36,300,1027,PAY008691,Delivered,68
ORD008692,CUST00951,REST0282,PART0079,2026-05-02,02:12:43,264,90,63,291,PAY008692,Delivered,43
ORD008693,CUST01603,REST0119,PART0076,2025-09-04,06:10:07,493,32,93,432,PAY008693,Delivered,40
ORD008694,CUST02064,REST0074,PART0090,2025-12-28,21:12:32,1954,82,430,1606,PAY008694,Delivered,31
ORD008695,CUST01154,REST0243,PART0079,2026-05-15,06:46:41,1188,32,175,1045,PAY008695,Delayed,41
ORD008696,CUST01333,REST0230,PART0091,2026-06-10,00:05:18,1766,97,364,1499,PAY008696,Delivered,55
ORD008697,CUST01485,REST0016,PART0112,2025-07-23,05:16:24,1765,87,234,1618,PAY008697,Delivered,59
ORD008698,CUST00124,REST0242,PART0071,2026-07-15,20:27:49,297,44,73,268,PAY008698,Delivered,47
ORD008699,CUST02330,REST0068,PART0001,2025-08-01,14:44:16,411,93,62,442,PAY008699,Delivered,38
ORD008700,CUST00963,REST0232,PART0003,2025-09-29,04:06:35,530,35,36,529,PAY008700,Cancelled,44
ORD008701,CUST02489,REST0243,PART0016,2026-06-20,23:47:24,1225,84,273,1036,PAY008701,Delivered,38
ORD008702,CUST00570,REST0032,PART0109,2025-08-06,18:02:25,212,27,45,194,PAY008702,Delivered,29
ORD008703,CUST00448,REST0013,PART0099,2026-02-03,06:56:04,1695,87,147,1635,PAY008703,Delivered,89
ORD008704,CUST00771,REST0072,PART0063,2026-06-24,22:00:20,1120,79,172,1027,PAY008704,Delayed,85
ORD008705,CUST00842,REST0207,PART0076,2025-10-03,03:35:14,542,81,120,503,PAY008705,Delivered,33
ORD008706,CUST01931,REST0083,PART0044,2025-12-03,13:33:28,1055,89,171,973,PAY008706,Delivered,80
ORD008707,CUST01623,REST0046,PART0113,2025-12-14,22:21:07,1815,54,228,1641,PAY008707,Delivered,52
ORD008708,CUST00218,REST0275,PART0112,2025-12-17,17:50:21,1661,47,283,1425,PAY008708,Delayed,26
ORD008709,CUST02349,REST0276,PART0027,2026-06-24,18:17:54,319,86,6,399,PAY008709,Delivered,75
ORD008710,CUST00537,REST0231,PART0082,2026-03-09,03:25:32,803,62,179,686,PAY008710,Cancelled,40
ORD008711,CUST00455,REST0018,PART0045,2025-08-19,13:33:03,1970,23,257,1736,PAY008711,Delivered,40
ORD008712,CUST02300,REST0194,PART0074,2026-05-29,23:42:37,1882,69,163,1788,PAY008712,Delivered,25
ORD008713,CUST02011,REST0242,PART0013,2026-06-19,14:17:33,953,97,64,986,PAY008713,Delivered,46
ORD008714,CUST00291,REST0115,PART0110,2026-05-08,11:00:30,1367,49,347,1069,PAY008714,Delayed,48
ORD008715,CUST01341,REST0231,PART0020,2025-07-26,19:57:44,192,51,27,216,PAY008715,Delivered,69
ORD008716,CUST00605,REST0114,PART0019,2025-12-13,06:13:15,1213,96,250,1059,PAY008716,Delivered,18
ORD008717,CUST01445,REST0140,PART0003,2025-09-14,01:05:58,229,30,44,215,PAY008717,Delivered,62
ORD008718,CUST02114,REST0249,PART0006,2026-04-08,05:35:53,1693,53,146,1600,PAY008718,Delivered,43
ORD008719,CUST01982,REST0138,PART0124,2026-01-09,04:33:35,325,83,12,396,PAY008719,Delayed,52
ORD008720,CUST00748,REST0125,PART0037,2025-08-13,11:12:47,1957,22,485,1494,PAY008720,Cancelled,82
ORD008721,CUST01625,REST0075,PART0051,2025-11-17,15:55:59,630,81,63,648,PAY008721,Delivered,18
ORD008722,CUST00619,REST0026,PART0119,2026-07-16,10:06:33,1705,76,410,1371,PAY008722,Delivered,36
ORD008723,CUST00501,REST0273,PART0094,2026-05-01,15:11:55,982,97,124,955,PAY008723,Delivered,79
ORD008724,CUST01784,REST0073,PART0095,2025-10-06,21:43:47,504,32,133,403,PAY008724,Delivered,43
ORD008725,CUST02380,REST0136,PART0138,2025-08-24,01:21:13,883,69,109,843,PAY008725,Delivered,77
ORD008726,CUST00835,REST0150,PART0150,2025-09-22,09:38:47,530,37,65,502,PAY008726,Delivered,22
ORD008727,CUST00584,REST0198,PART0150,2026-05-10,08:17:33,1855,45,260,1640,PAY008727,Delivered,35
ORD008728,CUST01227,REST0288,PART0054,2025-10-09,03:19:46,603,59,65,597,PAY008728,Delivered,15
ORD008729,CUST01518,REST0158,PART0087,2025-10-22,21:29:39,378,22,108,292,PAY008729,Delivered,82
ORD008730,CUST02440,REST0116,PART0117,2026-06-29,19:02:19,948,21,35,934,PAY008730,Delivered,77
ORD008731,CUST01299,REST0223,PART0104,2025-11-25,11:47:35,1278,69,255,1092,PAY008731,Delivered,83
ORD008732,CUST01269,REST0174,PART0118,2025-12-01,10:02:41,1766,82,199,1649,PAY008732,Delivered,30
ORD008733,CUST02101,REST0012,PART0105,2025-08-05,10:57:08,1100,33,234,899,PAY008733,Delivered,60
ORD008734,CUST01751,REST0156,PART0122,2026-05-29,16:29:25,1883,24,176,1731,PAY008734,Delivered,32
ORD008735,CUST01689,REST0151,PART0040,2025-12-30,03:45:25,563,29,66,526,PAY008735,Delivered,20
ORD008736,CUST01468,REST0250,PART0147,2026-01-29,22:43:20,176,77,25,228,PAY008736,Delivered,70
ORD008737,CUST02139,REST0042,PART0053,2026-02-14,22:52:46,1698,78,178,1598,PAY008737,Delivered,53
ORD008738,CUST01899,REST0227,PART0098,2025-09-25,11:14:24,1718,57,277,1498,PAY008738,Delivered,36
ORD008739,CUST01671,REST0127,PART0115,2026-01-01,15:50:51,962,92,197,857,PAY008739,Delivered,85
ORD008740,CUST01069,REST0181,PART0127,2026-02-23,09:36:18,395,43,0,438,PAY008740,Delivered,78
ORD008741,CUST01035,REST0179,PART0008,2025-08-27,11:38:10,1136,52,29,1159,PAY008741,Delivered,65
ORD008742,CUST02474,REST0064,PART0023,2026-01-20,17:55:06,491,64,21,534,PAY008742,Delivered,59
ORD008743,CUST00577,REST0234,PART0143,2026-03-16,12:03:38,1028,63,90,1001,PAY008743,Delivered,30
ORD008744,CUST02249,REST0006,PART0069,2026-06-10,08:25:40,979,38,132,885,PAY008744,Delivered,70
ORD008745,CUST00816,REST0285,PART0061,2026-01-20,16:50:15,1111,97,112,1096,PAY008745,Delivered,89
ORD008746,CUST01900,REST0287,PART0099,2025-12-28,02:10:20,1763,26,154,1635,PAY008746,Delivered,35
ORD008747,CUST00368,REST0117,PART0082,2026-05-08,13:57:06,563,33,67,529,PAY008747,Delivered,19
ORD008748,CUST02146,REST0161,PART0021,2026-02-19,06:08:51,1561,97,230,1428,PAY008748,Delivered,53
ORD008749,CUST00304,REST0298,PART0007,2026-03-23,09:42:49,511,22,17,516,PAY008749,Delivered,64
ORD008750,CUST02231,REST0164,PART0045,2026-07-01,16:56:09,1146,49,213,982,PAY008750,Cancelled,45
ORD008751,CUST00474,REST0172,PART0088,2025-09-09,14:52:51,1100,73,62,1111,PAY008751,Delivered,83
ORD008752,CUST00782,REST0260,PART0078,2026-03-14,11:35:48,1346,81,393,1034,PAY008752,Cancelled,16
ORD008753,CUST00255,REST0183,PART0037,2025-10-06,03:08:11,377,29,106,300,PAY008753,Delivered,26
ORD008754,CUST01961,REST0217,PART0106,2026-02-04,22:24:46,691,22,170,543,PAY008754,Cancelled,76
ORD008755,CUST01562,REST0149,PART0091,2026-06-04,02:55:21,1407,88,199,1296,PAY008755,Delivered,40
ORD008756,CUST00930,REST0105,PART0032,2025-10-26,16:25:41,1208,45,233,1020,PAY008756,Delayed,20
ORD008757,CUST01794,REST0205,PART0007,2025-11-06,00:31:25,1834,100,308,1626,PAY008757,Delivered,39
ORD008758,CUST01876,REST0098,PART0095,2026-05-03,09:09:38,231,80,56,255,PAY008758,Delivered,46
ORD008759,CUST00325,REST0139,PART0080,2025-07-31,21:48:18,1333,72,135,1270,PAY008759,Delivered,26
ORD008760,CUST02330,REST0275,PART0142,2025-08-30,05:23:32,1134,67,245,956,PAY008760,Delayed,16
ORD008761,CUST02496,REST0101,PART0085,2025-10-18,06:19:42,1087,37,29,1095,PAY008761,Delivered,35
ORD008762,CUST02173,REST0233,PART0092,2025-11-11,07:20:06,297,39,0,336,PAY008762,Delivered,58
ORD008763,CUST00231,REST0006,PART0074,2026-06-29,08:28:38,1679,71,255,1495,PAY008763,Delivered,75
ORD008764,CUST00178,REST0051,PART0034,2026-02-16,14:23:34,1549,90,235,1404,PAY008764,Delivered,81
ORD008765,CUST00785,REST0141,PART0026,2025-07-18,04:00:47,1300,78,16,1362,PAY008765,Delivered,30
ORD008766,CUST00303,REST0019,PART0024,2026-05-20,12:39:00,551,88,107,532,PAY008766,Delivered,16
ORD008767,CUST01522,REST0100,PART0088,2026-02-06,05:20:11,559,26,26,559,PAY008767,Delayed,32
ORD008768,CUST01339,REST0210,PART0010,2026-01-06,00:08:30,1289,22,23,1288,PAY008768,Delivered,80
ORD008769,CUST01182,REST0044,PART0099,2026-05-15,06:11:10,985,44,285,744,PAY008769,Delivered,32
ORD008770,CUST02453,REST0134,PART0068,2025-09-29,14:38:52,788,33,207,614,PAY008770,Delivered,71
ORD008771,CUST01474,REST0254,PART0149,2025-11-26,07:08:30,946,99,14,1031,PAY008771,Delivered,36
ORD008772,CUST00811,REST0293,PART0083,2025-11-09,03:27:24,494,28,138,384,PAY008772,Delivered,76
ORD008773,CUST01411,REST0101,PART0136,2025-10-16,10:45:34,1592,89,454,1227,PAY008773,Delivered,44
ORD008774,CUST01096,REST0058,PART0089,2026-01-17,10:41:59,820,68,32,856,PAY008774,Delivered,25
ORD008775,CUST00962,REST0051,PART0140,2026-06-16,07:59:05,2000,91,411,1680,PAY008775,Cancelled,89
ORD008776,CUST02291,REST0188,PART0106,2026-04-01,07:40:40,1211,68,316,963,PAY008776,Delivered,80
ORD008777,CUST01861,REST0104,PART0120,2026-07-05,16:59:55,1629,92,196,1525,PAY008777,Delivered,61
ORD008778,CUST02121,REST0166,PART0105,2026-02-14,22:50:59,1244,86,16,1314,PAY008778,Delivered,70
ORD008779,CUST00895,REST0156,PART0135,2026-04-28,07:56:35,442,35,97,380,PAY008779,Delivered,75
ORD008780,CUST02136,REST0013,PART0032,2026-06-28,07:54:41,1824,68,275,1617,PAY008780,Delivered,21
ORD008781,CUST01166,REST0072,PART0097,2026-02-06,12:46:30,388,31,64,355,PAY008781,Delivered,53
ORD008782,CUST00600,REST0026,PART0094,2025-09-07,06:01:12,1667,20,80,1607,PAY008782,Delivered,83
ORD008783,CUST01324,REST0244,PART0142,2025-12-21,11:34:07,809,94,214,689,PAY008783,Delivered,81
ORD008784,CUST01419,REST0069,PART0097,2025-08-03,03:40:00,1574,88,114,1548,PAY008784,Cancelled,37
ORD008785,CUST01810,REST0203,PART0005,2025-10-06,13:24:33,1510,88,92,1506,PAY008785,Delivered,70
ORD008786,CUST01500,REST0003,PART0021,2025-10-15,00:28:34,223,70,18,275,PAY008786,Delivered,75
ORD008787,CUST00386,REST0276,PART0016,2026-03-23,18:53:28,493,71,25,539,PAY008787,Delivered,56
ORD008788,CUST01542,REST0294,PART0061,2025-12-08,14:32:42,1589,27,403,1213,PAY008788,Delayed,38
ORD008789,CUST02009,REST0123,PART0103,2026-03-11,21:25:36,433,44,110,367,PAY008789,Delivered,58
ORD008790,CUST02306,REST0245,PART0055,2026-04-23,08:37:52,1627,26,41,1612,PAY008790,Delivered,30
ORD008791,CUST00581,REST0238,PART0044,2025-09-02,10:50:01,333,41,2,372,PAY008791,Delayed,37
ORD008792,CUST02001,REST0152,PART0025,2025-08-05,23:31:09,957,50,34,973,PAY008792,Delayed,43
ORD008793,CUST01845,REST0125,PART0058,2025-08-25,00:55:32,1314,36,338,1012,PAY008793,Delivered,50
ORD008794,CUST01619,REST0126,PART0082,2026-04-01,06:55:21,1391,62,275,1178,PAY008794,Delivered,52
ORD008795,CUST00571,REST0197,PART0110,2025-12-07,03:41:16,1349,43,127,1265,PAY008795,Delivered,32
ORD008796,CUST01542,REST0115,PART0005,2026-01-07,14:23:34,461,94,108,447,PAY008796,Delivered,72
ORD008797,CUST00835,REST0108,PART0129,2026-04-10,15:22:59,419,69,54,434,PAY008797,Cancelled,25
ORD008798,CUST00759,REST0114,PART0121,2026-04-11,18:02:05,1230,23,4,1249,PAY008798,Delivered,22
ORD008799,CUST00801,REST0037,PART0074,2025-07-23,06:04:08,193,99,51,241,PAY008799,Delivered,23
ORD008800,CUST01020,REST0200,PART0029,2026-03-08,11:09:28,1520,51,353,1218,PAY008800,Delivered,35
ORD008801,CUST02243,REST0047,PART0141,2026-05-31,13:46:53,1355,47,103,1299,PAY008801,Delivered,90
ORD008802,CUST02389,REST0227,PART0090,2025-08-03,16:26:33,853,100,143,810,PAY008802,Cancelled,25
ORD008803,CUST01399,REST0288,PART0148,2026-01-29,07:05:52,643,87,174,556,PAY008803,Delayed,71
ORD008804,CUST01872,REST0039,PART0058,2025-12-06,06:03:49,862,22,195,689,PAY008804,Delivered,33
ORD008805,CUST00066,REST0297,PART0005,2026-02-20,10:57:25,1925,48,461,1512,PAY008805,Delivered,45
ORD008806,CUST01280,REST0150,PART0059,2026-02-26,19:38:48,641,59,100,600,PAY008806,Delayed,16
ORD008807,CUST02368,REST0172,PART0144,2026-04-17,00:36:36,823,49,56,816,PAY008807,Delayed,43
ORD008808,CUST01736,REST0185,PART0011,2025-08-10,10:08:37,1567,37,416,1188,PAY008808,Delivered,16
ORD008809,CUST02070,REST0158,PART0137,2026-05-24,04:57:54,507,87,18,576,PAY008809,Delivered,43
ORD008810,CUST00256,REST0127,PART0014,2025-11-05,14:43:32,763,62,153,672,PAY008810,Delivered,22
ORD008811,CUST00279,REST0104,PART0073,2025-11-04,05:18:33,1103,93,303,893,PAY008811,Delivered,67
ORD008812,CUST00113,REST0197,PART0089,2026-02-24,04:40:30,1660,25,195,1490,PAY008812,Delivered,65
ORD008813,CUST01275,REST0242,PART0036,2025-09-24,20:05:09,446,34,126,354,PAY008813,Delivered,67
ORD008814,CUST00159,REST0223,PART0139,2026-07-14,08:15:56,518,47,77,488,PAY008814,Cancelled,84
ORD008815,CUST00813,REST0281,PART0107,2025-07-22,08:48:34,455,81,86,450,PAY008815,Delivered,64
ORD008816,CUST00227,REST0228,PART0054,2026-04-19,18:50:18,1368,82,362,1088,PAY008816,Delivered,53
ORD008817,CUST02091,REST0105,PART0028,2026-01-08,05:03:50,359,88,2,445,PAY008817,Delivered,65
ORD008818,CUST02042,REST0296,PART0096,2025-10-23,08:50:18,1184,37,102,1119,PAY008818,Cancelled,46
ORD008819,CUST01683,REST0208,PART0129,2026-02-27,14:48:19,1542,23,168,1397,PAY008819,Delivered,17
ORD008820,CUST01623,REST0231,PART0082,2026-05-25,18:36:17,609,65,43,631,PAY008820,Delivered,64
ORD008821,CUST00031,REST0192,PART0063,2025-09-18,13:18:19,1954,42,552,1444,PAY008821,Delivered,19
ORD008822,CUST00068,REST0138,PART0112,2025-12-19,16:40:23,963,35,4,994,PAY008822,Cancelled,17
ORD008823,CUST02310,REST0175,PART0001,2026-05-05,22:15:40,154,22,6,170,PAY008823,Delivered,20
ORD008824,CUST00695,REST0203,PART0070,2026-03-05,10:09:40,1796,91,480,1407,PAY008824,Delivered,68
ORD008825,CUST01867,REST0180,PART0034,2026-04-16,11:41:43,1070,33,213,890,PAY008825,Delivered,16
ORD008826,CUST01366,REST0135,PART0021,2026-02-23,16:33:26,1324,51,390,985,PAY008826,Delivered,62
ORD008827,CUST02373,REST0254,PART0067,2026-03-15,11:48:05,1647,40,120,1567,PAY008827,Delivered,38
ORD008828,CUST00611,REST0167,PART0139,2026-03-16,08:11:05,1778,79,289,1568,PAY008828,Delivered,90
ORD008829,CUST01294,REST0252,PART0080,2025-12-26,15:21:12,1428,94,362,1160,PAY008829,Delivered,69
ORD008830,CUST01215,REST0217,PART0096,2026-05-09,23:17:14,333,93,68,358,PAY008830,Delivered,63
ORD008831,CUST01622,REST0016,PART0053,2026-03-15,18:24:13,1673,34,402,1305,PAY008831,Cancelled,38
ORD008832,CUST01241,REST0054,PART0127,2026-02-23,15:53:06,1322,81,285,1118,PAY008832,Delayed,31
ORD008833,CUST00548,REST0266,PART0142,2026-05-26,01:33:02,1716,48,364,1400,PAY008833,Delivered,32
ORD008834,CUST00880,REST0050,PART0080,2025-12-09,05:08:08,171,87,10,248,PAY008834,Delivered,39
ORD008835,CUST00611,REST0021,PART0003,2026-06-18,22:51:53,1507,39,178,1368,PAY008835,Delivered,31
ORD008836,CUST00125,REST0149,PART0042,2026-05-15,08:45:12,1694,86,319,1461,PAY008836,Delivered,68
ORD008837,CUST02222,REST0245,PART0140,2026-03-28,07:20:35,1573,90,23,1640,PAY008837,Delayed,37
ORD008838,CUST02029,REST0001,PART0150,2025-11-08,08:32:56,634,53,96,591,PAY008838,Delivered,71
ORD008839,CUST00152,REST0223,PART0019,2026-06-03,16:34:58,1683,62,332,1413,PAY008839,Delivered,64
ORD008840,CUST00620,REST0063,PART0118,2026-02-15,21:18:57,660,35,166,529,PAY008840,Delayed,82
ORD008841,CUST02132,REST0045,PART0112,2026-03-22,11:19:44,1506,88,367,1227,PAY008841,Delayed,38
ORD008842,CUST01952,REST0138,PART0036,2026-03-08,01:37:55,1015,71,260,826,PAY008842,Delivered,35
ORD008843,CUST01177,REST0156,PART0080,2026-05-07,04:47:42,1946,49,542,1453,PAY008843,Delivered,66
ORD008844,CUST01299,REST0155,PART0095,2026-03-06,09:05:35,336,78,72,342,PAY008844,Delivered,73
ORD008845,CUST00043,REST0151,PART0066,2026-05-01,23:11:35,1543,30,225,1348,PAY008845,Delivered,54
ORD008846,CUST00499,REST0132,PART0086,2026-04-25,15:37:51,894,44,197,741,PAY008846,Delivered,24
ORD008847,CUST00939,REST0078,PART0025,2026-04-04,17:43:00,1954,47,75,1926,PAY008847,Cancelled,82
ORD008848,CUST01236,REST0299,PART0027,2026-04-05,15:48:47,1794,80,40,1834,PAY008848,Delivered,61
ORD008849,CUST00240,REST0250,PART0033,2026-05-07,19:36:45,1860,33,11,1882,PAY008849,Delivered,70
ORD008850,CUST01441,REST0037,PART0108,2026-06-12,23:31:59,1105,68,262,911,PAY008850,Delivered,52
ORD008851,CUST00137,REST0027,PART0087,2026-01-09,09:54:18,1462,74,147,1389,PAY008851,Delivered,85
ORD008852,CUST00551,REST0258,PART0044,2025-08-20,01:26:02,752,64,26,790,PAY008852,Delivered,76
ORD008853,CUST00655,REST0275,PART0140,2026-06-26,13:17:00,1423,53,406,1070,PAY008853,Delivered,24
ORD008854,CUST01163,REST0244,PART0042,2026-02-04,01:09:52,1879,74,442,1511,PAY008854,Delivered,49
ORD008855,CUST00635,REST0162,PART0083,2025-11-08,00:29:40,1679,51,407,1323,PAY008855,Delivered,78
ORD008856,CUST00445,REST0113,PART0053,2025-09-10,14:58:38,1581,90,187,1484,PAY008856,Delivered,78
ORD008857,CUST00813,REST0115,PART0066,2026-02-09,02:49:10,1339,94,395,1038,PAY008857,Delivered,61
ORD008858,CUST02184,REST0046,PART0129,2026-05-16,12:49:40,533,46,140,439,PAY008858,Delayed,77
ORD008859,CUST01570,REST0225,PART0089,2025-12-05,10:50:29,963,95,129,929,PAY008859,Cancelled,70
ORD008860,CUST01869,REST0209,PART0133,2026-02-26,05:04:08,1436,43,158,1321,PAY008860,Delivered,19
ORD008861,CUST02337,REST0227,PART0092,2025-12-12,09:51:09,428,62,120,370,PAY008861,Delivered,24
ORD008862,CUST01141,REST0215,PART0049,2026-03-20,12:59:01,340,61,95,306,PAY008862,Delivered,69
ORD008863,CUST00426,REST0112,PART0112,2026-02-22,03:01:50,1492,74,77,1489,PAY008863,Delivered,16
ORD008864,CUST02418,REST0142,PART0069,2025-10-20,15:11:28,452,98,72,478,PAY008864,Delivered,74
ORD008865,CUST01276,REST0182,PART0083,2025-09-11,07:17:45,1763,83,138,1708,PAY008865,Delayed,77
ORD008866,CUST02189,REST0256,PART0081,2025-11-21,12:54:45,1377,95,299,1173,PAY008866,Delayed,23
ORD008867,CUST02426,REST0128,PART0052,2026-02-20,19:08:29,1428,56,270,1214,PAY008867,Delivered,43
ORD008868,CUST02319,REST0221,PART0008,2025-08-25,05:17:57,1690,46,315,1421,PAY008868,Delivered,23
ORD008869,CUST01493,REST0296,PART0147,2025-11-07,13:52:07,706,83,29,760,PAY008869,Delivered,73
ORD008870,CUST01060,REST0140,PART0085,2025-07-24,12:04:26,1498,29,294,1233,PAY008870,Delivered,61
ORD008871,CUST00159,REST0233,PART0117,2026-05-12,04:08:42,954,30,134,850,PAY008871,Delivered,54
ORD008872,CUST00584,REST0195,PART0065,2026-01-26,14:12:56,1190,56,52,1194,PAY008872,Delivered,18
ORD008873,CUST00554,REST0114,PART0045,2026-06-25,20:23:07,1889,51,370,1570,PAY008873,Delivered,32
ORD008874,CUST00781,REST0031,PART0084,2025-11-13,11:24:38,980,95,248,827,PAY008874,Delayed,73
ORD008875,CUST01143,REST0173,PART0057,2026-02-22,09:44:40,394,85,55,424,PAY008875,Cancelled,31
ORD008876,CUST01920,REST0132,PART0147,2026-03-13,13:16:23,1843,71,78,1836,PAY008876,Delivered,87
ORD008877,CUST01414,REST0084,PART0043,2026-05-19,22:32:58,1459,98,142,1415,PAY008877,Delivered,72
ORD008878,CUST00045,REST0182,PART0081,2026-06-14,00:04:10,1778,32,529,1281,PAY008878,Delivered,48
ORD008879,CUST02289,REST0271,PART0125,2025-09-29,18:12:23,254,27,53,228,PAY008879,Delivered,45
ORD008880,CUST02305,REST0214,PART0034,2025-09-22,06:03:45,1430,37,415,1052,PAY008880,Delivered,18
ORD008881,CUST01009,REST0120,PART0101,2026-06-27,02:13:24,1658,72,331,1399,PAY008881,Delivered,48
ORD008882,CUST01672,REST0076,PART0140,2025-09-28,04:13:20,1730,94,463,1361,PAY008882,Delayed,35
ORD008883,CUST02285,REST0282,PART0046,2025-08-27,07:43:57,324,40,95,269,PAY008883,Delivered,67
ORD008884,CUST02328,REST0208,PART0140,2025-09-26,01:41:37,401,22,93,330,PAY008884,Delivered,73
ORD008885,CUST01803,REST0253,PART0065,2026-06-07,03:34:33,915,58,23,950,PAY008885,Delivered,83
ORD008886,CUST01702,REST0260,PART0039,2026-05-15,07:02:27,1629,29,450,1208,PAY008886,Delivered,16
ORD008887,CUST00376,REST0070,PART0119,2026-05-25,16:17:55,592,40,132,500,PAY008887,Delivered,77
ORD008888,CUST01900,REST0152,PART0044,2026-05-30,10:49:59,381,78,96,363,PAY008888,Delayed,76
ORD008889,CUST01959,REST0279,PART0143,2025-10-10,20:33:45,1387,53,96,1344,PAY008889,Delivered,75
ORD008890,CUST01431,REST0257,PART0021,2025-11-07,14:05:37,702,37,118,621,PAY008890,Delivered,49
ORD008891,CUST00235,REST0170,PART0140,2026-05-15,08:50:28,1570,68,167,1471,PAY008891,Delivered,16
ORD008892,CUST00441,REST0219,PART0077,2025-09-09,02:43:51,1457,67,109,1415,PAY008892,Delivered,71
ORD008893,CUST02253,REST0285,PART0120,2026-05-13,17:08:28,915,98,134,879,PAY008893,Cancelled,58
ORD008894,CUST00738,REST0276,PART0076,2025-12-30,04:30:48,223,81,27,277,PAY008894,Delivered,59
ORD008895,CUST02351,REST0121,PART0037,2025-12-20,05:19:20,1838,89,523,1404,PAY008895,Delivered,32
ORD008896,CUST00145,REST0281,PART0048,2026-02-20,05:51:43,283,81,11,353,PAY008896,Delivered,33
ORD008897,CUST00230,REST0110,PART0052,2026-02-18,15:57:38,395,92,34,453,PAY008897,Delivered,47
ORD008898,CUST01470,REST0127,PART0055,2026-07-15,08:11:45,1580,81,234,1427,PAY008898,Delivered,64
ORD008899,CUST01463,REST0264,PART0142,2025-08-06,12:18:31,1744,89,237,1596,PAY008899,Cancelled,51
ORD008900,CUST02229,REST0210,PART0125,2025-12-21,14:56:29,1340,24,344,1020,PAY008900,Delivered,82
ORD008901,CUST00577,REST0119,PART0027,2026-03-14,21:16:58,579,84,172,491,PAY008901,Delivered,27
ORD008902,CUST01152,REST0232,PART0081,2026-04-13,23:15:35,984,83,203,864,PAY008902,Delivered,81
ORD008903,CUST01548,REST0195,PART0064,2025-07-25,03:48:03,1968,51,364,1655,PAY008903,Delivered,81
ORD008904,CUST00678,REST0093,PART0115,2026-02-17,21:52:35,1524,41,261,1304,PAY008904,Delivered,16
ORD008905,CUST01934,REST0256,PART0117,2026-01-15,22:15:44,1539,100,297,1342,PAY008905,Delivered,77
ORD008906,CUST00739,REST0297,PART0130,2025-09-14,10:30:15,217,88,39,266,PAY008906,Delivered,55
ORD008907,CUST00574,REST0109,PART0111,2025-12-17,19:21:46,1072,76,19,1129,PAY008907,Delivered,84
ORD008908,CUST01062,REST0217,PART0060,2026-03-21,21:15:22,1526,26,368,1184,PAY008908,Delivered,64
ORD008909,CUST01411,REST0154,PART0097,2025-08-30,22:59:26,439,22,22,439,PAY008909,Cancelled,24
ORD008910,CUST00720,REST0094,PART0138,2026-01-09,19:01:56,674,95,23,746,PAY008910,Delivered,68
ORD008911,CUST01066,REST0062,PART0148,2026-05-08,20:50:44,537,33,151,419,PAY008911,Delivered,47
ORD008912,CUST00425,REST0061,PART0137,2025-12-25,11:04:19,455,73,81,447,PAY008912,Delivered,57
ORD008913,CUST00742,REST0109,PART0024,2026-06-27,12:10:34,263,42,0,305,PAY008913,Delivered,56
ORD008914,CUST02333,REST0211,PART0018,2025-07-28,02:15:43,357,89,1,445,PAY008914,Delayed,34
ORD008915,CUST00460,REST0282,PART0077,2026-03-22,13:04:07,1402,39,31,1410,PAY008915,Delivered,44
ORD008916,CUST00920,REST0007,PART0134,2026-01-03,21:25:52,1653,96,242,1507,PAY008916,Delivered,21
ORD008917,CUST01978,REST0097,PART0134,2025-09-21,18:47:37,804,80,37,847,PAY008917,Delayed,21
ORD008918,CUST01257,REST0186,PART0108,2026-05-03,05:33:20,1002,63,282,783,PAY008918,Delivered,39
ORD008919,CUST01418,REST0148,PART0002,2025-10-08,02:11:22,1548,52,426,1174,PAY008919,Delivered,61
ORD008920,CUST01341,REST0217,PART0130,2025-11-13,10:33:26,1034,20,204,850,PAY008920,Delayed,27
ORD008921,CUST02464,REST0267,PART0094,2026-02-19,08:50:21,684,100,2,782,PAY008921,Delivered,35
ORD008922,CUST02319,REST0224,PART0034,2026-04-23,13:42:04,1072,80,93,1059,PAY008922,Delivered,34
ORD008923,CUST01689,REST0247,PART0028,2025-10-12,19:56:04,530,49,72,507,PAY008923,Delivered,84
ORD008924,CUST01803,REST0098,PART0036,2026-02-03,04:29:06,707,73,19,761,PAY008924,Delivered,72
ORD008925,CUST01819,REST0202,PART0099,2026-03-08,20:56:07,648,23,168,503,PAY008925,Delivered,72
ORD008926,CUST00408,REST0266,PART0077,2025-10-09,20:02:38,1441,20,6,1455,PAY008926,Cancelled,74
ORD008927,CUST01498,REST0098,PART0089,2025-11-19,18:15:49,1349,96,381,1064,PAY008927,Delivered,88
ORD008928,CUST00598,REST0141,PART0014,2026-04-02,12:00:38,198,76,5,269,PAY008928,Delivered,85
ORD008929,CUST01470,REST0080,PART0008,2026-03-30,13:08:35,1524,80,195,1409,PAY008929,Delivered,59
ORD008930,CUST01860,REST0064,PART0137,2026-03-07,04:34:04,506,43,76,473,PAY008930,Delivered,22
ORD008931,CUST00289,REST0149,PART0062,2026-07-03,19:39:38,1455,86,270,1271,PAY008931,Delivered,73
ORD008932,CUST02143,REST0096,PART0098,2025-12-03,18:01:42,273,56,40,289,PAY008932,Delayed,22
ORD008933,CUST01864,REST0162,PART0015,2026-03-25,17:59:53,973,24,13,984,PAY008933,Delivered,73
ORD008934,CUST00660,REST0038,PART0117,2025-10-18,23:40:50,1079,63,74,1068,PAY008934,Delivered,79
ORD008935,CUST01819,REST0156,PART0129,2026-06-30,04:37:22,995,72,252,815,PAY008935,Cancelled,23
ORD008936,CUST01634,REST0104,PART0111,2026-02-03,06:29:12,1597,100,34,1663,PAY008936,Delayed,79
ORD008937,CUST00989,REST0109,PART0112,2025-09-08,00:55:13,406,74,112,368,PAY008937,Delivered,25
ORD008938,CUST00976,REST0163,PART0088,2026-03-28,11:53:29,1903,95,96,1902,PAY008938,Delivered,70
ORD008939,CUST00593,REST0282,PART0127,2026-06-29,15:03:03,1086,40,238,888,PAY008939,Delivered,85
ORD008940,CUST01048,REST0059,PART0078,2026-02-19,04:07:10,1495,84,404,1175,PAY008940,Delivered,74
ORD008941,CUST00151,REST0081,PART0101,2026-05-06,05:39:25,528,50,130,448,PAY008941,Delivered,77
ORD008942,CUST01668,REST0036,PART0143,2025-07-23,00:53:49,1754,96,296,1554,PAY008942,Delivered,69
ORD008943,CUST01668,REST0143,PART0019,2026-06-05,21:36:31,1539,81,44,1576,PAY008943,Delivered,81
ORD008944,CUST01047,REST0295,PART0149,2026-05-30,05:18:33,688,73,13,748,PAY008944,Cancelled,26
ORD008945,CUST00820,REST0075,PART0038,2025-11-03,19:24:05,1503,48,219,1332,PAY008945,Delivered,81
ORD008946,CUST02462,REST0262,PART0002,2026-06-02,19:26:17,1989,41,458,1572,PAY008946,Delayed,24
ORD008947,CUST00619,REST0022,PART0145,2025-07-17,10:25:38,1711,58,497,1272,PAY008947,Delayed,70
ORD008948,CUST01729,REST0199,PART0124,2026-06-29,16:46:31,650,88,185,553,PAY008948,Delivered,59
ORD008949,CUST00860,REST0228,PART0100,2025-11-27,02:28:09,1427,75,191,1311,PAY008949,Delivered,73
ORD008950,CUST00709,REST0247,PART0078,2025-12-21,11:42:28,646,99,184,561,PAY008950,Delivered,25
ORD008951,CUST01813,REST0164,PART0001,2026-06-25,19:51:58,624,89,60,653,PAY008951,Delivered,58
ORD008952,CUST00787,REST0109,PART0097,2026-03-30,22:49:57,178,90,40,228,PAY008952,Delivered,19
ORD008953,CUST02007,REST0058,PART0090,2025-08-30,23:49:00,750,74,213,611,PAY008953,Delivered,24
ORD008954,CUST02298,REST0265,PART0143,2025-09-09,13:34:50,1452,89,346,1195,PAY008954,Delivered,38
ORD008955,CUST00696,REST0152,PART0130,2026-07-01,15:21:27,257,50,20,287,PAY008955,Cancelled,23
ORD008956,CUST01840,REST0138,PART0089,2026-04-12,04:59:41,229,59,24,264,PAY008956,Cancelled,62
ORD008957,CUST01243,REST0010,PART0138,2026-02-21,03:47:26,1043,51,291,803,PAY008957,Delivered,25
ORD008958,CUST02077,REST0141,PART0134,2026-03-10,03:28:09,416,83,42,457,PAY008958,Delivered,35
ORD008959,CUST01243,REST0232,PART0048,2025-12-31,20:20:47,1052,67,303,816,PAY008959,Delivered,36
ORD008960,CUST02421,REST0078,PART0066,2025-11-25,19:18:31,1522,26,42,1506,PAY008960,Delivered,63
ORD008961,CUST01983,REST0197,PART0053,2025-07-27,20:51:07,877,98,161,814,PAY008961,Delivered,46
ORD008962,CUST00823,REST0164,PART0031,2026-02-14,13:11:36,395,29,76,348,PAY008962,Delayed,74
ORD008963,CUST01706,REST0161,PART0014,2026-05-24,17:04:12,1281,78,56,1303,PAY008963,Delivered,82
ORD008964,CUST01800,REST0203,PART0018,2026-06-10,22:46:55,1107,26,104,1029,PAY008964,Delivered,42
ORD008965,CUST02258,REST0053,PART0110,2026-05-16,17:54:37,483,56,39,500,PAY008965,Delivered,89
ORD008966,CUST02228,REST0133,PART0081,2025-09-11,10:11:25,824,50,205,669,PAY008966,Delivered,58
ORD008967,CUST01141,REST0140,PART0113,2025-12-21,00:08:19,482,79,34,527,PAY008967,Delivered,59
ORD008968,CUST02387,REST0069,PART0009,2026-03-02,13:45:50,1771,99,458,1412,PAY008968,Delivered,26
ORD008969,CUST00688,REST0102,PART0124,2026-05-08,14:26:54,1969,86,151,1904,PAY008969,Delivered,38
ORD008970,CUST02460,REST0196,PART0137,2025-12-02,13:19:30,1537,93,374,1256,PAY008970,Delivered,67
ORD008971,CUST00105,REST0062,PART0022,2026-02-12,16:54:13,167,68,26,209,PAY008971,Delivered,66
ORD008972,CUST01634,REST0182,PART0025,2026-04-04,23:44:02,839,87,239,687,PAY008972,Delivered,25
ORD008973,CUST01492,REST0190,PART0142,2025-09-11,04:19:02,209,50,20,239,PAY008973,Delivered,28
ORD008974,CUST00210,REST0213,PART0103,2025-12-31,20:19:19,1537,27,344,1220,PAY008974,Cancelled,18
ORD008975,CUST00761,REST0054,PART0049,2026-03-29,21:59:59,1888,81,491,1478,PAY008975,Delivered,70
ORD008976,CUST00876,REST0277,PART0009,2025-10-27,13:27:03,232,88,34,286,PAY008976,Delivered,18
ORD008977,CUST00959,REST0253,PART0136,2025-08-21,13:15:02,653,97,154,596,PAY008977,Delayed,32
ORD008978,CUST00055,REST0256,PART0135,2026-05-16,13:28:52,1014,94,58,1050,PAY008978,Cancelled,72
ORD008979,CUST00811,REST0004,PART0029,2026-02-15,01:53:09,1330,32,196,1166,PAY008979,Delivered,70
ORD008980,CUST00172,REST0016,PART0070,2025-12-11,18:20:02,337,73,69,341,PAY008980,Delivered,76
ORD008981,CUST01354,REST0242,PART0009,2026-02-23,17:43:50,358,61,25,394,PAY008981,Delivered,17
ORD008982,CUST01844,REST0042,PART0125,2025-12-10,03:46:02,575,62,130,507,PAY008982,Delivered,22
ORD008983,CUST01440,REST0168,PART0094,2025-11-27,02:47:28,170,26,42,154,PAY008983,Delivered,16
ORD008984,CUST02167,REST0297,PART0004,2025-12-21,06:36:26,1685,89,230,1544,PAY008984,Delivered,22
ORD008985,CUST01080,REST0074,PART0058,2026-03-18,01:06:22,533,95,155,473,PAY008985,Delivered,31
ORD008986,CUST00807,REST0132,PART0044,2025-08-13,12:22:33,858,53,103,808,PAY008986,Delivered,41
ORD008987,CUST01239,REST0102,PART0002,2026-07-09,21:04:34,1470,30,88,1412,PAY008987,Delivered,33
ORD008988,CUST00068,REST0112,PART0103,2026-06-03,06:37:59,1205,45,126,1124,PAY008988,Delivered,24
ORD008989,CUST01731,REST0297,PART0004,2025-10-08,08:56:58,426,37,125,338,PAY008989,Delivered,47
ORD008990,CUST02034,REST0118,PART0004,2025-07-22,00:58:42,1491,53,152,1392,PAY008990,Delayed,80
ORD008991,CUST01823,REST0285,PART0004,2026-02-19,10:05:31,397,23,107,313,PAY008991,Cancelled,86
ORD008992,CUST02162,REST0157,PART0087,2026-01-19,09:41:47,1839,68,492,1415,PAY008992,Delayed,41
ORD008993,CUST00993,REST0180,PART0118,2026-05-26,07:48:54,744,44,186,602,PAY008993,Delivered,80
ORD008994,CUST00286,REST0038,PART0130,2025-12-28,15:58:09,598,78,10,666,PAY008994,Delivered,20
ORD008995,CUST00839,REST0201,PART0055,2025-08-23,09:34:27,555,71,21,605,PAY008995,Cancelled,76
ORD008996,CUST00247,REST0113,PART0063,2026-04-03,05:23:39,1013,22,160,875,PAY008996,Delivered,62
ORD008997,CUST00968,REST0246,PART0143,2026-06-03,19:40:38,1989,34,404,1619,PAY008997,Delivered,51
ORD008998,CUST00963,REST0212,PART0044,2026-04-08,12:42:34,1543,77,320,1300,PAY008998,Delivered,59
ORD008999,CUST00515,REST0222,PART0001,2026-06-23,21:18:06,176,51,17,210,PAY008999,Delivered,36
ORD009000,CUST00526,REST0206,PART0034,2025-09-10,19:58:40,1861,50,191,1720,PAY009000,Delivered,72
ORD009001,CUST00107,REST0067,PART0048,2026-05-09,22:00:21,1453,86,237,1302,PAY009001,Delivered,53
ORD009002,CUST02004,REST0170,PART0021,2025-09-28,03:23:30,183,95,45,233,PAY009002,Delivered,23
ORD009003,CUST02480,REST0136,PART0003,2026-05-25,17:44:37,1745,43,242,1546,PAY009003,Delivered,88
ORD009004,CUST01917,REST0286,PART0146,2026-02-06,11:48:43,995,65,214,846,PAY009004,Delivered,60
ORD009005,CUST02147,REST0047,PART0114,2025-11-15,01:38:17,712,65,155,622,PAY009005,Delivered,23
ORD009006,CUST00660,REST0075,PART0144,2026-02-23,04:37:24,1944,24,227,1741,PAY009006,Delivered,52
ORD009007,CUST00869,REST0279,PART0075,2025-11-24,01:29:04,505,41,27,519,PAY009007,Delivered,41
ORD009008,CUST00995,REST0118,PART0010,2026-07-10,00:28:27,411,31,98,344,PAY009008,Delivered,22
ORD009009,CUST01356,REST0193,PART0001,2026-05-03,16:13:47,742,41,159,624,PAY009009,Delivered,39
ORD009010,CUST00815,REST0001,PART0149,2025-08-31,22:00:21,1690,36,305,1421,PAY009010,Delivered,58
ORD009011,CUST00696,REST0013,PART0116,2025-10-22,01:57:17,1154,43,13,1184,PAY009011,Delivered,60
ORD009012,CUST01334,REST0183,PART0101,2026-06-08,17:59:26,252,22,22,252,PAY009012,Delayed,42
ORD009013,CUST01783,REST0083,PART0058,2025-09-28,19:44:34,1197,75,3,1269,PAY009013,Delivered,29
ORD009014,CUST01153,REST0155,PART0060,2026-05-14,01:59:40,645,87,122,610,PAY009014,Cancelled,78
ORD009015,CUST01720,REST0068,PART0125,2025-10-27,22:51:03,867,49,180,736,PAY009015,Delivered,67
ORD009016,CUST02404,REST0251,PART0098,2025-12-18,01:40:12,179,24,47,156,PAY009016,Delayed,44
ORD009017,CUST01001,REST0226,PART0099,2026-02-11,12:38:25,816,37,117,736,PAY009017,Delivered,77
ORD009018,CUST00949,REST0297,PART0025,2025-09-12,02:07:32,1275,90,45,1320,PAY009018,Delivered,50
ORD009019,CUST02044,REST0186,PART0101,2025-10-17,16:21:14,1937,21,236,1722,PAY009019,Delivered,54
ORD009020,CUST00287,REST0153,PART0008,2026-03-01,10:43:31,1778,59,254,1583,PAY009020,Delivered,28
ORD009021,CUST01932,REST0288,PART0080,2026-05-21,11:41:33,1356,87,287,1156,PAY009021,Delivered,35
ORD009022,CUST01893,REST0053,PART0132,2026-05-12,12:01:27,903,50,103,850,PAY009022,Delivered,90
ORD009023,CUST01155,REST0007,PART0138,2025-11-13,22:07:25,1968,43,548,1463,PAY009023,Delivered,83
ORD009024,CUST02056,REST0005,PART0047,2026-06-11,06:09:43,901,72,113,860,PAY009024,Delivered,84
ORD009025,CUST00210,REST0026,PART0074,2026-01-29,22:18:25,454,28,38,444,PAY009025,Delivered,26
ORD009026,CUST01474,REST0048,PART0095,2025-10-29,20:05:49,696,90,179,607,PAY009026,Delivered,60
ORD009027,CUST02214,REST0245,PART0009,2026-03-16,08:55:10,1903,71,267,1707,PAY009027,Delayed,39
ORD009028,CUST00062,REST0123,PART0094,2026-06-30,09:01:20,397,86,59,424,PAY009028,Delayed,20
ORD009029,CUST00675,REST0119,PART0093,2025-07-31,23:51:28,1750,90,286,1554,PAY009029,Delayed,48
ORD009030,CUST02357,REST0277,PART0012,2026-06-13,03:35:07,426,28,105,349,PAY009030,Delivered,69
ORD009031,CUST01596,REST0105,PART0099,2025-07-27,16:19:26,292,49,43,298,PAY009031,Delivered,33
ORD009032,CUST00753,REST0220,PART0086,2026-06-04,13:32:00,703,56,110,649,PAY009032,Delivered,61
ORD009033,CUST02012,REST0231,PART0033,2025-09-18,00:40:14,399,66,85,380,PAY009033,Delivered,44
ORD009034,CUST00345,REST0246,PART0034,2026-01-18,00:57:52,1500,64,435,1129,PAY009034,Delivered,74
ORD009035,CUST01866,REST0096,PART0120,2026-05-04,10:02:32,1560,90,151,1499,PAY009035,Cancelled,20
ORD009036,CUST01548,REST0051,PART0116,2025-10-11,03:09:01,1376,53,142,1287,PAY009036,Delayed,43
ORD009037,CUST01717,REST0257,PART0074,2025-07-16,14:54:33,613,71,14,670,PAY009037,Delivered,52
ORD009038,CUST02005,REST0158,PART0002,2025-07-18,18:30:02,1652,20,216,1456,PAY009038,Delivered,23
ORD009039,CUST02078,REST0234,PART0014,2026-04-01,13:21:33,939,23,78,884,PAY009039,Delivered,17
ORD009040,CUST00106,REST0220,PART0076,2026-06-12,04:56:38,1699,28,55,1672,PAY009040,Delivered,80
ORD009041,CUST00594,REST0183,PART0131,2026-01-31,19:40:26,1974,38,199,1813,PAY009041,Delivered,65
ORD009042,CUST00066,REST0032,PART0139,2025-12-31,21:16:40,1422,100,261,1261,PAY009042,Delivered,83
ORD009043,CUST02217,REST0160,PART0100,2026-03-06,09:51:18,732,87,76,743,PAY009043,Delivered,57
ORD009044,CUST01136,REST0090,PART0037,2025-12-14,23:07:40,300,28,23,305,PAY009044,Delivered,67
ORD009045,CUST01023,REST0285,PART0047,2026-07-03,14:48:16,1019,99,42,1076,PAY009045,Delivered,30
ORD009046,CUST01282,REST0074,PART0020,2026-06-25,00:46:07,1607,40,379,1268,PAY009046,Delivered,86
ORD009047,CUST00588,REST0109,PART0149,2025-12-14,10:12:11,1031,76,264,843,PAY009047,Delivered,67
ORD009048,CUST01861,REST0211,PART0095,2025-08-09,13:18:44,811,75,184,702,PAY009048,Delivered,89
ORD009049,CUST00919,REST0231,PART0143,2025-08-06,15:50:08,1552,91,203,1440,PAY009049,Delivered,75
ORD009050,CUST00451,REST0042,PART0134,2025-08-30,14:17:49,865,62,227,700,PAY009050,Delivered,76
ORD009051,CUST02172,REST0228,PART0005,2026-06-05,00:32:05,728,86,29,785,PAY009051,Delivered,70
ORD009052,CUST02201,REST0234,PART0067,2026-05-08,15:50:04,595,81,161,515,PAY009052,Delivered,71
ORD009053,CUST01814,REST0109,PART0043,2025-12-13,14:38:25,1601,72,392,1281,PAY009053,Delivered,64
ORD009054,CUST00269,REST0173,PART0057,2026-01-27,22:28:26,374,49,53,370,PAY009054,Delivered,66
ORD009055,CUST00547,REST0024,PART0046,2025-10-02,17:06:55,247,81,50,278,PAY009055,Delivered,83
ORD009056,CUST01260,REST0165,PART0105,2025-08-14,09:22:17,1843,23,493,1373,PAY009056,Delivered,38
ORD009057,CUST00586,REST0144,PART0088,2025-08-16,18:45:44,332,51,99,284,PAY009057,Delayed,28
ORD009058,CUST00344,REST0139,PART0044,2026-04-01,18:56:22,641,29,73,597,PAY009058,Delayed,25
ORD009059,CUST01046,REST0176,PART0031,2025-09-29,07:47:06,1216,38,175,1079,PAY009059,Delivered,47
ORD009060,CUST00608,REST0177,PART0016,2026-05-28,11:44:46,776,47,138,685,PAY009060,Delivered,22
ORD009061,CUST02475,REST0065,PART0010,2026-03-10,21:01:07,1638,68,484,1222,PAY009061,Delivered,59
ORD009062,CUST00307,REST0185,PART0078,2025-11-23,06:44:09,272,44,32,284,PAY009062,Delivered,32
ORD009063,CUST01161,REST0078,PART0133,2026-06-01,01:55:57,534,56,148,442,PAY009063,Delivered,46
ORD009064,CUST00249,REST0215,PART0003,2026-05-31,23:44:06,1853,37,453,1437,PAY009064,Delivered,72
ORD009065,CUST02460,REST0246,PART0102,2026-06-13,01:50:27,1475,29,140,1364,PAY009065,Delivered,52
ORD009066,CUST00438,REST0253,PART0012,2025-07-26,03:19:56,624,70,156,538,PAY009066,Delivered,45
ORD009067,CUST00929,REST0145,PART0018,2025-08-03,20:24:10,789,42,46,785,PAY009067,Delivered,73
ORD009068,CUST00327,REST0054,PART0118,2025-08-10,23:01:47,1352,39,390,1001,PAY009068,Delivered,22
ORD009069,CUST01288,REST0202,PART0004,2025-12-08,22:49:46,897,40,147,790,PAY009069,Delivered,18
ORD009070,CUST01972,REST0088,PART0010,2026-02-06,05:21:35,476,80,30,526,PAY009070,Cancelled,87
ORD009071,CUST02356,REST0139,PART0051,2025-08-06,23:37:17,470,76,8,538,PAY009071,Delayed,26
ORD009072,CUST02490,REST0251,PART0032,2026-03-10,22:40:32,498,34,23,509,PAY009072,Delivered,75
ORD009073,CUST01414,REST0206,PART0024,2026-03-25,00:14:52,1818,73,187,1704,PAY009073,Delivered,62
ORD009074,CUST02224,REST0205,PART0070,2025-11-01,16:33:48,643,74,142,575,PAY009074,Delivered,64
ORD009075,CUST01328,REST0193,PART0148,2025-08-16,08:25:09,1475,22,145,1352,PAY009075,Delayed,64
ORD009076,CUST02121,REST0180,PART0059,2025-11-07,01:04:19,1718,73,163,1628,PAY009076,Delivered,64
ORD009077,CUST02289,REST0035,PART0136,2026-03-17,20:31:53,1829,59,174,1714,PAY009077,Delivered,75
ORD009078,CUST01683,REST0120,PART0090,2026-03-08,19:05:44,1809,29,206,1632,PAY009078,Delivered,51
ORD009079,CUST00482,REST0048,PART0037,2025-08-13,15:43:07,390,49,31,408,PAY009079,Delivered,77
ORD009080,CUST01269,REST0246,PART0136,2026-06-14,09:24:38,1044,56,163,937,PAY009080,Delivered,41
ORD009081,CUST00081,REST0143,PART0149,2026-04-28,17:56:13,1676,92,429,1339,PAY009081,Delivered,75
ORD009082,CUST00980,REST0021,PART0054,2025-11-18,01:23:23,1611,31,9,1633,PAY009082,Cancelled,43
ORD009083,CUST00291,REST0263,PART0086,2025-08-06,08:07:26,1397,34,207,1224,PAY009083,Delivered,15
ORD009084,CUST01799,REST0027,PART0110,2026-01-08,05:20:02,1411,79,204,1286,PAY009084,Delivered,47
ORD009085,CUST00122,REST0164,PART0124,2025-12-21,14:40:47,1884,20,214,1690,PAY009085,Delivered,71
ORD009086,CUST00051,REST0197,PART0150,2026-05-12,16:46:22,1877,31,297,1611,PAY009086,Delivered,34
ORD009087,CUST01165,REST0080,PART0143,2025-09-23,01:18:54,195,25,22,198,PAY009087,Delivered,68
ORD009088,CUST00157,REST0286,PART0129,2026-06-16,08:35:19,861,82,143,800,PAY009088,Delivered,58
ORD009089,CUST01217,REST0149,PART0020,2026-03-17,17:30:15,1057,59,135,981,PAY009089,Delivered,46
ORD009090,CUST02216,REST0093,PART0063,2026-02-03,21:23:32,1267,36,161,1142,PAY009090,Delivered,59
ORD009091,CUST01884,REST0106,PART0063,2025-09-30,07:42:27,446,70,58,458,PAY009091,Delivered,83
ORD009092,CUST02029,REST0246,PART0132,2026-06-19,19:56:08,1887,69,102,1854,PAY009092,Delivered,87
ORD009093,CUST00355,REST0028,PART0003,2026-02-27,10:44:07,728,46,136,638,PAY009093,Delivered,65
ORD009094,CUST02442,REST0181,PART0008,2026-01-04,09:46:27,370,20,40,350,PAY009094,Delivered,74
ORD009095,CUST01077,REST0264,PART0110,2026-03-22,14:20:53,404,52,0,456,PAY009095,Cancelled,79
ORD009096,CUST01972,REST0124,PART0058,2025-12-22,21:50:51,1914,75,60,1929,PAY009096,Cancelled,86
ORD009097,CUST00219,REST0024,PART0028,2026-03-16,17:38:50,266,96,23,339,PAY009097,Delivered,29
ORD009098,CUST00565,REST0060,PART0098,2025-09-10,00:41:22,1384,87,308,1163,PAY009098,Delivered,86
ORD009099,CUST02467,REST0144,PART0119,2025-08-04,18:36:51,1952,22,523,1451,PAY009099,Delivered,39
ORD009100,CUST01577,REST0132,PART0101,2026-04-25,17:39:53,1216,48,343,921,PAY009100,Cancelled,16
ORD009101,CUST00146,REST0114,PART0060,2025-12-06,07:09:57,178,98,27,249,PAY009101,Delivered,81
ORD009102,CUST02264,REST0085,PART0047,2025-10-09,21:06:04,1734,38,214,1558,PAY009102,Delivered,45
ORD009103,CUST01335,REST0255,PART0035,2026-03-20,19:44:58,583,78,81,580,PAY009103,Delivered,74
ORD009104,CUST01299,REST0015,PART0017,2025-11-01,21:43:08,832,98,33,897,PAY009104,Delivered,84
ORD009105,CUST01677,REST0206,PART0093,2025-10-29,03:30:24,1059,39,23,1075,PAY009105,Delivered,71
ORD009106,CUST02240,REST0259,PART0121,2025-07-22,18:32:46,981,82,238,825,PAY009106,Delivered,30
ORD009107,CUST01042,REST0258,PART0054,2026-06-29,02:29:35,1898,21,524,1395,PAY009107,Delivered,78
ORD009108,CUST01742,REST0109,PART0034,2026-01-24,14:01:54,153,25,25,153,PAY009108,Delivered,57
ORD009109,CUST01540,REST0182,PART0113,2026-01-03,08:56:36,1190,92,276,1006,PAY009109,Delivered,54
ORD009110,CUST01642,REST0239,PART0005,2026-01-04,04:00:28,1732,95,248,1579,PAY009110,Delivered,70
ORD009111,CUST00034,REST0002,PART0056,2026-03-05,19:20:43,1311,83,183,1211,PAY009111,Cancelled,82
ORD009112,CUST00840,REST0286,PART0139,2025-11-02,13:34:15,1477,27,131,1373,PAY009112,Delivered,15
ORD009113,CUST01447,REST0004,PART0003,2025-12-14,23:44:01,874,46,35,885,PAY009113,Delivered,61
ORD009114,CUST00780,REST0155,PART0139,2025-09-17,06:39:07,580,67,171,476,PAY009114,Delivered,56
ORD009115,CUST01345,REST0204,PART0018,2025-08-07,20:05:14,750,43,84,709,PAY009115,Delivered,50
ORD009116,CUST02133,REST0155,PART0056,2026-04-19,15:41:37,1654,76,484,1246,PAY009116,Delivered,72
ORD009117,CUST02137,REST0102,PART0048,2026-01-06,15:00:32,207,32,49,190,PAY009117,Delivered,60
ORD009118,CUST00482,REST0197,PART0091,2026-06-25,02:38:56,1541,93,261,1373,PAY009118,Delivered,44
ORD009119,CUST02430,REST0098,PART0110,2025-09-08,12:10:28,456,53,104,405,PAY009119,Delivered,21
ORD009120,CUST02346,REST0298,PART0006,2026-04-24,04:48:00,1706,43,335,1414,PAY009120,Delivered,48
ORD009121,CUST02349,REST0161,PART0144,2025-12-19,20:04:03,291,98,30,359,PAY009121,Delivered,88
ORD009122,CUST01192,REST0121,PART0048,2026-05-08,13:09:13,313,85,93,305,PAY009122,Delivered,50
ORD009123,CUST01273,REST0120,PART0080,2026-06-16,09:41:12,1972,66,508,1530,PAY009123,Delivered,38
ORD009124,CUST00310,REST0081,PART0040,2025-12-23,02:36:42,1360,65,322,1103,PAY009124,Delivered,86
ORD009125,CUST00584,REST0300,PART0057,2026-04-02,23:37:56,1703,94,170,1627,PAY009125,Delivered,79
ORD009126,CUST00632,REST0276,PART0098,2025-09-04,17:44:52,361,26,55,332,PAY009126,Delivered,85
ORD009127,CUST00163,REST0235,PART0058,2026-03-04,19:49:21,427,32,10,449,PAY009127,Delivered,58
ORD009128,CUST00752,REST0181,PART0119,2025-09-07,12:31:27,216,29,25,220,PAY009128,Cancelled,17
ORD009129,CUST02088,REST0074,PART0039,2025-11-27,01:14:06,1785,30,265,1550,PAY009129,Delivered,50
ORD009130,CUST01390,REST0167,PART0130,2025-07-23,19:11:43,1778,22,187,1613,PAY009130,Delivered,81
ORD009131,CUST00856,REST0113,PART0126,2026-02-16,23:05:46,896,61,227,730,PAY009131,Delivered,49
ORD009132,CUST02227,REST0184,PART0091,2026-05-22,09:54:28,1460,71,3,1528,PAY009132,Delayed,20
ORD009133,CUST01535,REST0057,PART0069,2025-08-20,23:56:31,1509,70,80,1499,PAY009133,Delayed,45
ORD009134,CUST02439,REST0164,PART0105,2026-05-01,21:44:20,595,93,92,596,PAY009134,Delivered,30
ORD009135,CUST00253,REST0127,PART0112,2026-06-20,01:35:59,481,21,120,382,PAY009135,Delivered,77
ORD009136,CUST00834,REST0243,PART0050,2026-01-23,08:26:29,1291,84,307,1068,PAY009136,Delivered,64
ORD009137,CUST01414,REST0094,PART0121,2026-04-23,19:10:17,1990,26,98,1918,PAY009137,Cancelled,76
ORD009138,CUST00382,REST0063,PART0137,2026-03-16,02:50:46,729,89,202,616,PAY009138,Delivered,53
ORD009139,CUST02375,REST0009,PART0092,2026-06-02,00:43:34,1268,83,273,1078,PAY009139,Delayed,34
ORD009140,CUST01186,REST0026,PART0146,2026-01-16,09:05:27,356,89,36,409,PAY009140,Delivered,17
ORD009141,CUST01317,REST0265,PART0117,2026-07-09,15:10:50,1890,41,350,1581,PAY009141,Delivered,80
ORD009142,CUST00449,REST0109,PART0006,2025-12-12,13:20:30,813,79,50,842,PAY009142,Delivered,37
ORD009143,CUST01855,REST0126,PART0089,2026-07-09,17:36:53,1921,23,237,1707,PAY009143,Delivered,53
ORD009144,CUST00824,REST0130,PART0001,2025-08-03,18:20:33,1905,66,238,1733,PAY009144,Delivered,27
ORD009145,CUST01480,REST0032,PART0107,2025-09-16,18:09:28,719,78,139,658,PAY009145,Delivered,19
ORD009146,CUST02046,REST0036,PART0138,2026-02-20,19:54:03,1980,49,202,1827,PAY009146,Cancelled,63
ORD009147,CUST00536,REST0036,PART0074,2026-04-13,19:33:24,804,29,5,828,PAY009147,Delivered,66
ORD009148,CUST02310,REST0106,PART0045,2026-07-13,09:11:01,682,88,26,744,PAY009148,Delayed,36
ORD009149,CUST01446,REST0088,PART0082,2026-03-06,22:57:27,1768,70,68,1770,PAY009149,Delivered,18
ORD009150,CUST01976,REST0262,PART0114,2025-08-11,04:21:29,1378,30,224,1184,PAY009150,Delayed,87
ORD009151,CUST00130,REST0006,PART0103,2026-05-10,22:26:45,192,58,29,221,PAY009151,Delivered,38
ORD009152,CUST01850,REST0253,PART0086,2026-05-14,06:51:10,810,25,19,816,PAY009152,Delivered,24
ORD009153,CUST02239,REST0020,PART0046,2025-10-26,14:13:03,1554,56,411,1199,PAY009153,Delivered,40
ORD009154,CUST00071,REST0158,PART0072,2025-07-25,01:41:53,1759,48,418,1389,PAY009154,Delivered,77
ORD009155,CUST01719,REST0222,PART0014,2025-12-17,12:41:58,1100,100,9,1191,PAY009155,Delivered,60
ORD009156,CUST00525,REST0242,PART0053,2026-07-14,23:17:55,1413,68,164,1317,PAY009156,Delivered,88
ORD009157,CUST00392,REST0082,PART0084,2026-02-04,17:39:10,654,29,187,496,PAY009157,Delivered,90
ORD009158,CUST00351,REST0264,PART0138,2026-04-04,05:49:18,1916,40,142,1814,PAY009158,Delayed,72
ORD009159,CUST01193,REST0131,PART0069,2026-02-08,10:42:29,375,75,19,431,PAY009159,Delivered,59
ORD009160,CUST00338,REST0111,PART0126,2025-10-26,07:15:24,960,97,210,847,PAY009160,Delivered,16
ORD009161,CUST01154,REST0244,PART0134,2025-08-11,07:45:02,685,23,138,570,PAY009161,Delivered,56
ORD009162,CUST00182,REST0072,PART0117,2025-09-30,01:49:35,399,60,91,368,PAY009162,Delayed,52
ORD009163,CUST00475,REST0289,PART0026,2025-10-01,07:22:47,1303,51,310,1044,PAY009163,Delivered,63
ORD009164,CUST01152,REST0277,PART0007,2025-10-02,22:46:48,718,60,151,627,PAY009164,Delivered,67
ORD009165,CUST00538,REST0254,PART0086,2026-01-08,12:08:01,262,93,40,315,PAY009165,Delivered,79
ORD009166,CUST01450,REST0032,PART0049,2025-10-14,09:14:34,271,77,20,328,PAY009166,Delayed,39
ORD009167,CUST00206,REST0214,PART0141,2025-08-19,21:04:24,1764,22,151,1635,PAY009167,Delivered,38
ORD009168,CUST02090,REST0145,PART0087,2026-07-15,05:31:03,177,61,13,225,PAY009168,Delivered,35
ORD009169,CUST02347,REST0240,PART0132,2025-09-05,18:19:32,378,46,32,392,PAY009169,Delivered,55
ORD009170,CUST00916,REST0075,PART0097,2026-07-12,22:56:40,802,39,215,626,PAY009170,Delayed,63
ORD009171,CUST00463,REST0061,PART0135,2025-11-15,06:20:58,216,46,19,243,PAY009171,Delivered,67
ORD009172,CUST00177,REST0066,PART0096,2025-12-02,05:27:55,165,60,48,177,PAY009172,Delivered,55
ORD009173,CUST02404,REST0201,PART0045,2026-04-19,21:19:08,646,26,144,528,PAY009173,Delivered,53
ORD009174,CUST02041,REST0252,PART0005,2026-07-12,15:42:56,1753,72,297,1528,PAY009174,Delivered,75
ORD009175,CUST01548,REST0090,PART0019,2025-09-20,17:56:36,597,57,86,568,PAY009175,Delivered,60
ORD009176,CUST01049,REST0079,PART0029,2025-10-02,22:20:02,826,37,124,739,PAY009176,Delivered,66
ORD009177,CUST01987,REST0182,PART0146,2025-11-27,03:00:43,360,94,45,409,PAY009177,Delivered,53
ORD009178,CUST00063,REST0129,PART0083,2026-07-06,21:50:50,1507,92,373,1226,PAY009178,Delivered,48
ORD009179,CUST01234,REST0255,PART0135,2025-12-19,02:17:37,250,75,41,284,PAY009179,Delivered,33
ORD009180,CUST02056,REST0268,PART0100,2025-08-27,11:04:23,450,58,14,494,PAY009180,Delivered,69
ORD009181,CUST01819,REST0030,PART0004,2026-01-13,16:20:39,301,33,67,267,PAY009181,Delivered,71
ORD009182,CUST00052,REST0007,PART0107,2026-02-12,18:37:40,1405,90,310,1185,PAY009182,Delivered,26
ORD009183,CUST00777,REST0059,PART0096,2026-07-11,07:36:46,230,39,4,265,PAY009183,Delivered,62
ORD009184,CUST01299,REST0096,PART0030,2025-08-15,23:31:52,1993,79,472,1600,PAY009184,Delivered,67
ORD009185,CUST01052,REST0144,PART0078,2026-01-12,12:57:45,902,99,80,921,PAY009185,Delivered,60
ORD009186,CUST01256,REST0234,PART0136,2025-07-20,08:58:36,1072,75,165,982,PAY009186,Delivered,80
ORD009187,CUST01522,REST0124,PART0138,2025-10-03,19:45:25,349,60,101,308,PAY009187,Delivered,89
ORD009188,CUST00482,REST0158,PART0035,2026-06-11,04:07:47,1155,66,341,880,PAY009188,Delivered,55
ORD009189,CUST01212,REST0075,PART0041,2026-06-30,10:08:28,193,83,47,229,PAY009189,Cancelled,29
ORD009190,CUST00875,REST0212,PART0004,2026-07-03,17:35:25,1749,44,480,1313,PAY009190,Delivered,16
ORD009191,CUST00992,REST0091,PART0063,2025-09-18,00:55:33,768,61,47,782,PAY009191,Delivered,31
ORD009192,CUST00139,REST0136,PART0026,2026-04-05,13:30:53,373,56,17,412,PAY009192,Delivered,77
ORD009193,CUST00900,REST0262,PART0075,2025-08-24,17:17:59,584,93,83,594,PAY009193,Cancelled,39
ORD009194,CUST01682,REST0221,PART0003,2025-08-15,18:20:47,294,85,38,341,PAY009194,Delivered,18
ORD009195,CUST01104,REST0027,PART0054,2026-03-07,09:28:49,1615,62,56,1621,PAY009195,Delivered,42
ORD009196,CUST00800,REST0196,PART0010,2025-09-17,16:37:48,348,51,72,327,PAY009196,Delayed,60
ORD009197,CUST00826,REST0046,PART0019,2025-07-16,10:07:15,453,26,115,364,PAY009197,Delivered,61
ORD009198,CUST00975,REST0258,PART0110,2025-12-10,18:03:35,1152,72,89,1135,PAY009198,Delivered,60
ORD009199,CUST00108,REST0050,PART0097,2025-08-28,23:29:12,421,71,29,463,PAY009199,Delivered,24
ORD009200,CUST00882,REST0269,PART0113,2025-10-09,05:49:05,265,44,4,305,PAY009200,Delivered,89
ORD009201,CUST01158,REST0004,PART0091,2026-05-03,15:26:45,472,70,54,488,PAY009201,Delayed,52
ORD009202,CUST01363,REST0206,PART0134,2025-12-27,02:10:51,882,67,37,912,PAY009202,Delivered,43
ORD009203,CUST00296,REST0281,PART0018,2025-10-16,15:51:39,533,97,148,482,PAY009203,Delivered,35
ORD009204,CUST02493,REST0035,PART0145,2026-06-01,16:54:33,1943,100,7,2036,PAY009204,Delivered,25
ORD009205,CUST02357,REST0270,PART0048,2026-01-31,14:02:33,1112,23,41,1094,PAY009205,Delivered,77
ORD009206,CUST02420,REST0173,PART0104,2026-04-02,07:13:21,1473,34,233,1274,PAY009206,Cancelled,78
ORD009207,CUST00504,REST0080,PART0021,2025-11-16,15:29:31,1046,70,223,893,PAY009207,Delivered,72
ORD009208,CUST01058,REST0160,PART0028,2025-09-05,15:26:30,1613,56,372,1297,PAY009208,Delivered,59
ORD009209,CUST00878,REST0247,PART0086,2026-01-13,21:19:48,887,77,146,818,PAY009209,Delivered,82
ORD009210,CUST00884,REST0075,PART0138,2026-01-24,18:29:56,750,88,19,819,PAY009210,Delivered,29
ORD009211,CUST01500,REST0181,PART0129,2026-02-13,07:55:55,178,32,11,199,PAY009211,Delayed,49
ORD009212,CUST00776,REST0167,PART0043,2026-02-23,22:35:58,798,77,237,638,PAY009212,Delivered,64
ORD009213,CUST01248,REST0293,PART0022,2025-11-27,05:06:03,221,77,13,285,PAY009213,Delivered,40
ORD009214,CUST01523,REST0074,PART0128,2025-12-09,06:11:23,235,53,55,233,PAY009214,Delivered,54
ORD009215,CUST01769,REST0129,PART0083,2025-09-01,08:03:22,1641,53,182,1512,PAY009215,Delivered,50
ORD009216,CUST00231,REST0122,PART0136,2025-09-28,04:19:45,287,42,73,256,PAY009216,Cancelled,37
ORD009217,CUST02404,REST0131,PART0116,2025-10-09,00:03:50,353,39,96,296,PAY009217,Delivered,38
ORD009218,CUST00918,REST0100,PART0116,2026-01-06,00:41:42,1342,36,207,1171,PAY009218,Delivered,19
ORD009219,CUST00285,REST0112,PART0022,2025-08-14,02:39:14,1376,64,62,1378,PAY009219,Delayed,38
ORD009220,CUST00405,REST0180,PART0142,2026-06-27,10:14:49,469,76,110,435,PAY009220,Cancelled,47
ORD009221,CUST02218,REST0243,PART0076,2026-04-01,14:50:55,1579,30,44,1565,PAY009221,Delivered,38
ORD009222,CUST01345,REST0260,PART0056,2026-02-12,23:19:11,638,35,143,530,PAY009222,Delayed,26
ORD009223,CUST01437,REST0252,PART0007,2025-11-08,11:29:55,500,99,123,476,PAY009223,Delivered,40
ORD009224,CUST00481,REST0275,PART0024,2025-11-12,12:09:18,1968,23,453,1538,PAY009224,Delivered,49
ORD009225,CUST01647,REST0075,PART0113,2025-10-27,00:01:49,906,59,117,848,PAY009225,Delivered,49
ORD009226,CUST00777,REST0060,PART0123,2026-03-03,08:48:18,1879,33,475,1437,PAY009226,Delivered,85
ORD009227,CUST01770,REST0149,PART0042,2025-08-04,08:13:19,426,95,122,399,PAY009227,Cancelled,80
ORD009228,CUST02420,REST0079,PART0104,2026-04-24,04:28:40,1276,60,63,1273,PAY009228,Delivered,23
ORD009229,CUST02212,REST0205,PART0039,2025-09-19,18:07:48,1563,65,351,1277,PAY009229,Delivered,72
ORD009230,CUST00218,REST0115,PART0031,2026-06-17,00:03:22,479,98,12,565,PAY009230,Delivered,65
ORD009231,CUST00336,REST0056,PART0028,2026-02-26,00:39:35,234,37,65,206,PAY009231,Delivered,27
ORD009232,CUST01187,REST0255,PART0140,2025-11-18,16:34:53,218,58,2,274,PAY009232,Delivered,75
ORD009233,CUST00202,REST0192,PART0035,2025-08-03,19:11:10,1124,58,261,921,PAY009233,Delayed,30
ORD009234,CUST00191,REST0256,PART0062,2025-09-08,22:37:10,1641,20,65,1596,PAY009234,Delivered,87
ORD009235,CUST01705,REST0117,PART0032,2026-06-16,20:00:01,1722,27,81,1668,PAY009235,Delivered,69
ORD009236,CUST00268,REST0027,PART0116,2025-12-16,20:56:39,1335,60,263,1132,PAY009236,Delivered,76
ORD009237,CUST02031,REST0223,PART0126,2025-11-07,10:13:27,1341,70,336,1075,PAY009237,Cancelled,47
ORD009238,CUST01092,REST0281,PART0087,2026-01-30,09:50:24,937,26,207,756,PAY009238,Delivered,85
ORD009239,CUST01279,REST0137,PART0035,2025-08-01,22:35:33,1257,56,323,990,PAY009239,Delayed,51
ORD009240,CUST02078,REST0262,PART0104,2026-05-29,17:05:01,269,54,78,245,PAY009240,Delivered,52
ORD009241,CUST02290,REST0150,PART0081,2025-08-21,22:44:49,604,84,108,580,PAY009241,Delivered,28
ORD009242,CUST02022,REST0213,PART0108,2025-12-30,16:29:31,1003,62,90,975,PAY009242,Delivered,71
ORD009243,CUST00705,REST0162,PART0070,2025-10-31,04:37:45,372,63,47,388,PAY009243,Delivered,26
ORD009244,CUST00748,REST0046,PART0021,2025-11-03,19:57:11,1849,89,217,1721,PAY009244,Delivered,34
ORD009245,CUST01690,REST0265,PART0095,2025-08-05,18:51:24,1253,33,283,1003,PAY009245,Delivered,18
ORD009246,CUST02160,REST0175,PART0107,2025-10-16,02:12:06,589,58,83,564,PAY009246,Delivered,90
ORD009247,CUST01184,REST0189,PART0097,2026-01-07,16:18:04,1142,28,0,1170,PAY009247,Delivered,79
ORD009248,CUST01240,REST0091,PART0078,2025-10-03,19:30:29,525,75,60,540,PAY009248,Delivered,38
ORD009249,CUST02173,REST0267,PART0122,2026-04-07,02:56:49,886,98,94,890,PAY009249,Delivered,16
ORD009250,CUST00337,REST0108,PART0101,2025-10-21,09:08:04,829,37,89,777,PAY009250,Delivered,38
ORD009251,CUST02188,REST0207,PART0031,2026-06-04,08:35:52,1897,42,335,1604,PAY009251,Delivered,79
ORD009252,CUST01053,REST0006,PART0141,2025-08-24,16:54:59,351,28,80,299,PAY009252,Delivered,49
ORD009253,CUST01692,REST0059,PART0089,2025-12-17,22:46:20,1106,53,79,1080,PAY009253,Cancelled,54
ORD009254,CUST01539,REST0065,PART0121,2026-01-14,22:13:09,1792,41,70,1763,PAY009254,Delivered,62
ORD009255,CUST00754,REST0017,PART0007,2026-02-08,16:43:38,1441,44,123,1362,PAY009255,Delivered,68
ORD009256,CUST00915,REST0223,PART0142,2025-08-27,07:03:32,381,98,100,379,PAY009256,Delivered,59
ORD009257,CUST01162,REST0277,PART0003,2026-07-11,12:25:59,1406,80,398,1088,PAY009257,Delivered,36
ORD009258,CUST00983,REST0164,PART0133,2025-09-09,07:12:51,623,65,40,648,PAY009258,Delivered,47
ORD009259,CUST02288,REST0110,PART0133,2026-07-02,17:24:07,1373,75,120,1328,PAY009259,Delivered,54
ORD009260,CUST02389,REST0037,PART0101,2026-01-12,03:10:34,277,77,36,318,PAY009260,Delivered,81
ORD009261,CUST01785,REST0053,PART0050,2026-04-29,23:38:01,798,61,82,777,PAY009261,Delivered,69
ORD009262,CUST01325,REST0060,PART0002,2026-05-19,09:51:26,1776,59,483,1352,PAY009262,Delivered,52
ORD009263,CUST02280,REST0134,PART0101,2026-01-26,06:56:41,700,37,82,655,PAY009263,Delivered,62
ORD009264,CUST00820,REST0126,PART0087,2026-04-01,09:15:30,1363,94,107,1350,PAY009264,Delivered,76
ORD009265,CUST01476,REST0099,PART0130,2026-01-31,14:56:27,1067,75,280,862,PAY009265,Delivered,49
ORD009266,CUST02144,REST0139,PART0116,2025-09-20,09:16:21,1411,54,11,1454,PAY009266,Delayed,74
ORD009267,CUST00632,REST0262,PART0007,2026-07-06,15:47:58,1110,98,231,977,PAY009267,Delivered,32
ORD009268,CUST00002,REST0013,PART0073,2025-09-26,17:28:49,1086,29,152,963,PAY009268,Delivered,63
ORD009269,CUST02464,REST0278,PART0026,2025-08-14,10:30:25,257,87,63,281,PAY009269,Cancelled,75
ORD009270,CUST01381,REST0231,PART0088,2025-07-21,16:24:26,375,85,67,393,PAY009270,Delivered,34
ORD009271,CUST00469,REST0200,PART0075,2026-06-05,02:50:33,1964,66,165,1865,PAY009271,Delivered,36
ORD009272,CUST02119,REST0026,PART0135,2025-09-16,22:51:57,1568,31,56,1543,PAY009272,Delivered,36
ORD009273,CUST02302,REST0164,PART0035,2026-03-21,10:17:09,817,52,161,708,PAY009273,Delivered,25
ORD009274,CUST01494,REST0296,PART0080,2025-08-21,01:47:49,1482,37,57,1462,PAY009274,Delivered,69
ORD009275,CUST00440,REST0243,PART0146,2026-06-22,07:02:11,535,51,143,443,PAY009275,Delivered,83
ORD009276,CUST02430,REST0024,PART0026,2026-01-23,03:36:21,452,76,107,421,PAY009276,Delivered,74
ORD009277,CUST00213,REST0169,PART0059,2026-06-28,12:57:26,203,68,39,232,PAY009277,Delayed,40
ORD009278,CUST00968,REST0195,PART0059,2026-05-30,22:39:47,275,35,76,234,PAY009278,Delivered,81
ORD009279,CUST00258,REST0133,PART0056,2026-03-01,23:36:19,1654,63,470,1247,PAY009279,Delivered,67
ORD009280,CUST01561,REST0293,PART0015,2026-02-09,11:56:53,1030,43,291,782,PAY009280,Delivered,59
ORD009281,CUST00306,REST0021,PART0150,2026-06-02,12:59:57,1620,63,92,1591,PAY009281,Delivered,36
ORD009282,CUST01307,REST0275,PART0071,2025-09-25,01:48:31,1121,35,95,1061,PAY009282,Delivered,16
ORD009283,CUST00239,REST0260,PART0064,2025-08-24,23:39:03,1787,83,424,1446,PAY009283,Delivered,18
ORD009284,CUST01722,REST0025,PART0004,2026-03-17,05:39:07,655,62,71,646,PAY009284,Delivered,77
ORD009285,CUST01931,REST0224,PART0133,2025-09-29,08:16:28,1092,52,30,1114,PAY009285,Delivered,59
ORD009286,CUST02435,REST0078,PART0081,2025-10-25,15:24:18,702,53,193,562,PAY009286,Delayed,58
ORD009287,CUST02181,REST0258,PART0098,2026-02-02,23:10:44,622,51,64,609,PAY009287,Delivered,87
ORD009288,CUST00248,REST0003,PART0033,2026-07-12,15:28:40,781,72,139,714,PAY009288,Delivered,37
ORD009289,CUST01729,REST0141,PART0100,2025-12-26,07:14:34,1512,98,226,1384,PAY009289,Delivered,61
ORD009290,CUST01532,REST0174,PART0145,2025-09-20,21:24:09,291,83,85,289,PAY009290,Delivered,68
ORD009291,CUST01083,REST0066,PART0056,2026-02-23,14:03:47,1555,100,242,1413,PAY009291,Delivered,44
ORD009292,CUST00627,REST0280,PART0062,2026-02-13,08:02:47,1499,35,431,1103,PAY009292,Delivered,51
ORD009293,CUST00988,REST0237,PART0088,2025-11-25,08:06:13,1454,80,11,1523,PAY009293,Delivered,38
ORD009294,CUST02100,REST0192,PART0123,2026-04-27,12:16:30,1926,98,426,1598,PAY009294,Delivered,60
ORD009295,CUST02494,REST0054,PART0049,2026-06-03,11:35:53,1372,28,195,1205,PAY009295,Delivered,48
ORD009296,CUST00964,REST0066,PART0124,2026-01-23,01:05:39,1278,97,118,1257,PAY009296,Delivered,65
ORD009297,CUST00892,REST0257,PART0072,2026-05-16,20:52:44,1822,31,385,1468,PAY009297,Delivered,82
ORD009298,CUST00622,REST0077,PART0087,2026-04-26,05:20:08,1761,35,469,1327,PAY009298,Delivered,30
ORD009299,CUST01249,REST0266,PART0031,2026-04-08,23:02:18,1789,61,492,1358,PAY009299,Delivered,59
ORD009300,CUST00213,REST0194,PART0059,2026-03-08,18:43:35,517,59,110,466,PAY009300,Delivered,80
ORD009301,CUST02157,REST0170,PART0090,2026-01-02,07:36:17,1431,87,2,1516,PAY009301,Delayed,49
ORD009302,CUST02481,REST0128,PART0102,2025-10-15,01:34:01,221,70,0,291,PAY009302,Delivered,21
ORD009303,CUST02346,REST0133,PART0148,2026-05-06,13:43:52,1594,82,280,1396,PAY009303,Delivered,42
ORD009304,CUST00402,REST0250,PART0117,2025-12-28,16:35:26,1723,20,410,1333,PAY009304,Delivered,38
ORD009305,CUST00130,REST0234,PART0090,2026-06-17,18:56:09,1985,85,137,1933,PAY009305,Delivered,24
ORD009306,CUST01764,REST0174,PART0116,2026-06-02,03:46:49,640,58,143,555,PAY009306,Delivered,90
ORD009307,CUST00050,REST0125,PART0048,2025-10-14,04:43:43,1596,91,57,1630,PAY009307,Delivered,22
ORD009308,CUST00406,REST0250,PART0057,2026-06-20,22:53:48,484,53,0,537,PAY009308,Delivered,35
ORD009309,CUST01320,REST0158,PART0054,2026-05-31,16:27:31,319,60,78,301,PAY009309,Cancelled,23
ORD009310,CUST01025,REST0005,PART0002,2026-02-10,16:59:26,1448,72,250,1270,PAY009310,Delivered,51
ORD009311,CUST02248,REST0052,PART0073,2025-10-18,14:59:24,765,51,114,702,PAY009311,Delivered,23
ORD009312,CUST01914,REST0115,PART0108,2026-06-21,16:41:51,1345,67,270,1142,PAY009312,Delivered,21
ORD009313,CUST00164,REST0191,PART0021,2025-08-29,21:32:02,1579,49,135,1493,PAY009313,Delivered,40
ORD009314,CUST00763,REST0120,PART0145,2026-06-10,14:26:01,244,64,59,249,PAY009314,Delivered,62
ORD009315,CUST00468,REST0260,PART0044,2026-02-01,08:44:20,533,77,144,466,PAY009315,Delivered,44
ORD009316,CUST01992,REST0061,PART0108,2025-09-23,01:34:13,1827,35,418,1444,PAY009316,Delivered,32
ORD009317,CUST02255,REST0034,PART0120,2026-02-12,07:41:19,1949,94,425,1618,PAY009317,Cancelled,57
ORD009318,CUST00530,REST0127,PART0057,2026-04-06,22:07:41,341,56,37,360,PAY009318,Delivered,59
ORD009319,CUST01661,REST0026,PART0037,2025-11-16,21:52:59,1514,32,161,1385,PAY009319,Delivered,42
ORD009320,CUST01624,REST0270,PART0123,2025-12-21,20:35:25,766,83,78,771,PAY009320,Delivered,87
ORD009321,CUST01435,REST0182,PART0019,2025-07-27,13:33:16,1161,30,282,909,PAY009321,Delivered,44
ORD009322,CUST02381,REST0232,PART0118,2025-11-24,16:34:22,261,46,44,263,PAY009322,Delivered,84
ORD009323,CUST01188,REST0052,PART0118,2025-10-13,03:22:18,1294,83,259,1118,PAY009323,Delivered,80
ORD009324,CUST00884,REST0223,PART0057,2026-02-23,13:10:58,1980,80,229,1831,PAY009324,Delivered,88
ORD009325,CUST01349,REST0252,PART0048,2026-05-03,14:49:35,1661,96,300,1457,PAY009325,Delivered,18
ORD009326,CUST00670,REST0063,PART0016,2026-01-06,20:46:15,255,46,40,261,PAY009326,Delivered,53
ORD009327,CUST01063,REST0214,PART0136,2026-04-29,03:46:17,347,35,104,278,PAY009327,Delivered,26
ORD009328,CUST00999,REST0038,PART0055,2025-07-25,03:24:34,1959,88,232,1815,PAY009328,Delivered,82
ORD009329,CUST00556,REST0111,PART0083,2026-01-23,15:15:50,557,56,147,466,PAY009329,Delayed,32
ORD009330,CUST00458,REST0023,PART0072,2026-05-17,08:11:10,1393,45,249,1189,PAY009330,Delivered,27
ORD009331,CUST01362,REST0054,PART0002,2026-04-15,04:32:34,964,43,284,723,PAY009331,Delivered,46
ORD009332,CUST01124,REST0022,PART0069,2026-03-01,20:02:58,1759,29,421,1367,PAY009332,Delivered,18
ORD009333,CUST01640,REST0067,PART0030,2026-02-12,17:48:59,1406,79,385,1100,PAY009333,Delivered,29
ORD009334,CUST00152,REST0142,PART0063,2026-04-21,13:03:45,1288,22,223,1087,PAY009334,Delivered,79
ORD009335,CUST02100,REST0076,PART0018,2026-03-20,11:48:05,313,33,38,308,PAY009335,Delivered,88
ORD009336,CUST00601,REST0130,PART0074,2025-12-29,17:27:53,497,20,96,421,PAY009336,Delivered,23
ORD009337,CUST01707,REST0215,PART0075,2025-12-19,15:59:11,796,22,17,801,PAY009337,Delivered,25
ORD009338,CUST02026,REST0170,PART0099,2026-04-06,14:47:53,1833,22,376,1479,PAY009338,Delivered,82
ORD009339,CUST00910,REST0040,PART0087,2026-07-11,07:02:26,301,49,32,318,PAY009339,Delivered,43
ORD009340,CUST01062,REST0300,PART0060,2025-08-31,10:54:19,1381,48,48,1381,PAY009340,Delivered,32
ORD009341,CUST00641,REST0107,PART0094,2026-01-08,09:24:19,1473,39,398,1114,PAY009341,Delivered,66
ORD009342,CUST00685,REST0220,PART0043,2026-01-18,00:04:08,717,81,211,587,PAY009342,Delivered,49
ORD009343,CUST00957,REST0293,PART0025,2026-04-14,03:18:16,363,96,97,362,PAY009343,Delayed,68
ORD009344,CUST01812,REST0102,PART0002,2025-08-08,23:10:55,1976,41,454,1563,PAY009344,Cancelled,84
ORD009345,CUST00042,REST0120,PART0102,2025-12-19,14:50:56,1533,52,449,1136,PAY009345,Delivered,51
ORD009346,CUST00677,REST0182,PART0074,2026-06-15,13:59:56,1687,25,6,1706,PAY009346,Delivered,16
ORD009347,CUST01564,REST0233,PART0109,2026-07-15,14:23:50,1602,54,461,1195,PAY009347,Delivered,61
ORD009348,CUST02045,REST0161,PART0057,2026-01-25,01:10:32,1157,38,247,948,PAY009348,Delivered,35
ORD009349,CUST01571,REST0167,PART0086,2025-10-15,21:00:16,381,36,26,391,PAY009349,Delivered,70
ORD009350,CUST02403,REST0101,PART0002,2026-06-30,21:18:46,679,33,66,646,PAY009350,Delivered,18
ORD009351,CUST00005,REST0112,PART0144,2025-12-20,13:27:17,1658,67,315,1410,PAY009351,Delivered,38
ORD009352,CUST02394,REST0085,PART0036,2026-02-02,12:29:13,175,50,3,222,PAY009352,Delivered,79
ORD009353,CUST01582,REST0140,PART0077,2026-05-15,02:51:18,1751,59,206,1604,PAY009353,Delivered,62
ORD009354,CUST02431,REST0023,PART0097,2026-05-25,21:13:20,1019,45,11,1053,PAY009354,Delivered,69
ORD009355,CUST01176,REST0139,PART0005,2025-09-11,03:40:57,790,90,13,867,PAY009355,Delivered,65
ORD009356,CUST01672,REST0189,PART0018,2026-06-15,06:30:53,1866,58,318,1606,PAY009356,Delivered,57
ORD009357,CUST02366,REST0078,PART0060,2026-05-19,23:31:57,342,82,84,340,PAY009357,Delayed,21
ORD009358,CUST00831,REST0143,PART0148,2025-07-22,05:54:23,430,87,128,389,PAY009358,Delivered,31
ORD009359,CUST01344,REST0022,PART0122,2025-12-05,00:38:34,696,57,84,669,PAY009359,Delivered,54
ORD009360,CUST00581,REST0279,PART0006,2026-05-09,03:47:03,1824,99,527,1396,PAY009360,Delivered,40
ORD009361,CUST00124,REST0027,PART0003,2025-07-17,02:46:37,1338,55,137,1256,PAY009361,Delivered,23
ORD009362,CUST02173,REST0296,PART0124,2025-12-09,07:27:17,1960,62,443,1579,PAY009362,Delivered,75
ORD009363,CUST01055,REST0193,PART0078,2026-02-11,04:44:29,253,48,55,246,PAY009363,Delivered,53
ORD009364,CUST00472,REST0207,PART0150,2025-09-10,00:30:56,1521,39,427,1133,PAY009364,Delivered,67
ORD009365,CUST02049,REST0222,PART0145,2025-08-18,00:00:51,1392,41,355,1078,PAY009365,Delivered,77
ORD009366,CUST01202,REST0257,PART0082,2026-03-29,03:16:59,1808,78,239,1647,PAY009366,Delivered,70
ORD009367,CUST00513,REST0066,PART0052,2026-06-07,17:30:13,1897,66,485,1478,PAY009367,Delivered,25
ORD009368,CUST01476,REST0235,PART0074,2025-09-20,15:04:14,409,71,4,476,PAY009368,Delivered,85
ORD009369,CUST02172,REST0062,PART0007,2025-09-24,07:41:53,791,78,81,788,PAY009369,Delivered,19
ORD009370,CUST01264,REST0236,PART0093,2025-10-11,04:46:03,1680,67,157,1590,PAY009370,Delivered,23
ORD009371,CUST00963,REST0245,PART0146,2026-03-17,14:07:38,684,67,125,626,PAY009371,Delivered,84
ORD009372,CUST00601,REST0003,PART0058,2025-11-28,21:32:22,1196,24,29,1191,PAY009372,Delivered,36
ORD009373,CUST02140,REST0296,PART0099,2025-11-20,13:57:13,1162,26,226,962,PAY009373,Delivered,23
ORD009374,CUST00546,REST0192,PART0015,2026-04-03,22:50:13,1228,50,76,1202,PAY009374,Delivered,28
ORD009375,CUST00940,REST0082,PART0046,2025-09-16,01:48:12,1624,66,231,1459,PAY009375,Delivered,33
ORD009376,CUST00152,REST0047,PART0117,2025-08-18,17:07:58,646,37,102,581,PAY009376,Delivered,60
ORD009377,CUST00845,REST0086,PART0016,2025-12-16,00:08:33,444,70,133,381,PAY009377,Delivered,88
ORD009378,CUST00854,REST0160,PART0142,2026-04-05,20:10:25,428,54,38,444,PAY009378,Delivered,39
ORD009379,CUST01713,REST0041,PART0133,2026-06-20,10:56:33,1477,24,368,1133,PAY009379,Delivered,49
ORD009380,CUST01796,REST0262,PART0090,2026-03-29,09:17:29,980,81,73,988,PAY009380,Delivered,76
ORD009381,CUST00861,REST0149,PART0143,2025-12-05,09:32:12,197,37,45,189,PAY009381,Cancelled,52
ORD009382,CUST01929,REST0120,PART0053,2025-07-22,00:02:15,312,54,50,316,PAY009382,Delivered,90
ORD009383,CUST00995,REST0227,PART0011,2026-05-14,02:37:40,1425,39,62,1402,PAY009383,Delivered,29
ORD009384,CUST01075,REST0006,PART0050,2025-11-23,08:41:37,584,40,124,500,PAY009384,Delivered,29
ORD009385,CUST01958,REST0138,PART0062,2026-02-10,14:19:50,1358,56,327,1087,PAY009385,Delivered,48
ORD009386,CUST01477,REST0229,PART0110,2026-01-05,22:45:55,1252,87,56,1283,PAY009386,Delivered,62
ORD009387,CUST00397,REST0262,PART0103,2026-07-15,03:48:45,915,27,72,870,PAY009387,Delayed,48
ORD009388,CUST00353,REST0295,PART0078,2025-08-25,23:32:21,1395,91,71,1415,PAY009388,Delivered,29
ORD009389,CUST01008,REST0262,PART0105,2026-04-08,22:44:33,322,80,52,350,PAY009389,Delivered,26
ORD009390,CUST02248,REST0180,PART0078,2025-10-27,02:55:08,1489,98,13,1574,PAY009390,Delivered,16
ORD009391,CUST00588,REST0184,PART0057,2025-12-20,12:03:24,1965,27,199,1793,PAY009391,Delivered,62
ORD009392,CUST01478,REST0101,PART0115,2026-02-22,09:16:51,825,95,154,766,PAY009392,Delivered,38
ORD009393,CUST00065,REST0002,PART0107,2025-09-12,15:04:01,1725,61,423,1363,PAY009393,Delayed,52
ORD009394,CUST00583,REST0186,PART0146,2026-04-26,17:05:25,154,97,11,240,PAY009394,Delivered,77
ORD009395,CUST00194,REST0229,PART0023,2025-08-13,12:54:59,1415,73,237,1251,PAY009395,Delivered,20
ORD009396,CUST00350,REST0120,PART0002,2026-02-04,06:59:24,1596,22,51,1567,PAY009396,Delivered,43
ORD009397,CUST01024,REST0182,PART0079,2026-03-26,04:21:49,482,47,40,489,PAY009397,Delivered,43
ORD009398,CUST01063,REST0164,PART0054,2026-05-11,07:33:10,1559,83,369,1273,PAY009398,Delivered,70
ORD009399,CUST01599,REST0244,PART0080,2026-07-15,03:53:25,967,24,70,921,PAY009399,Delivered,27
ORD009400,CUST02082,REST0085,PART0065,2025-09-21,21:35:27,315,70,28,357,PAY009400,Delivered,55
ORD009401,CUST00930,REST0250,PART0037,2025-08-13,11:54:05,933,43,85,891,PAY009401,Delivered,50
ORD009402,CUST02344,REST0219,PART0013,2026-02-22,20:20:22,1822,53,223,1652,PAY009402,Delivered,90
ORD009403,CUST01879,REST0299,PART0049,2025-09-08,02:58:50,1579,26,407,1198,PAY009403,Delayed,89
ORD009404,CUST01447,REST0016,PART0118,2025-11-20,09:18:41,158,64,6,216,PAY009404,Delivered,23
ORD009405,CUST01518,REST0103,PART0088,2026-02-21,18:41:46,1237,29,211,1055,PAY009405,Delivered,88
ORD009406,CUST00824,REST0080,PART0016,2025-12-17,18:46:20,891,28,186,733,PAY009406,Delivered,36
ORD009407,CUST01115,REST0078,PART0071,2026-01-09,14:47:03,617,67,60,624,PAY009407,Delivered,57
ORD009408,CUST00698,REST0273,PART0004,2026-05-05,10:33:26,1592,30,163,1459,PAY009408,Delayed,21
ORD009409,CUST00501,REST0161,PART0115,2026-03-03,23:52:06,688,87,104,671,PAY009409,Delivered,73
ORD009410,CUST00758,REST0138,PART0104,2025-07-31,13:21:03,1341,47,346,1042,PAY009410,Delivered,66
ORD009411,CUST02414,REST0222,PART0052,2026-02-17,18:18:53,1389,41,267,1163,PAY009411,Delivered,82
ORD009412,CUST01687,REST0261,PART0003,2026-03-02,14:53:16,1481,92,295,1278,PAY009412,Delivered,28
ORD009413,CUST02336,REST0099,PART0014,2026-02-08,17:27:05,1604,73,193,1484,PAY009413,Delivered,19
ORD009414,CUST01146,REST0087,PART0074,2026-05-12,06:40:28,787,77,103,761,PAY009414,Delivered,49
ORD009415,CUST02213,REST0047,PART0132,2026-04-07,01:12:23,440,91,45,486,PAY009415,Delivered,39
ORD009416,CUST00649,REST0193,PART0102,2025-10-28,12:33:22,840,66,21,885,PAY009416,Delivered,23
ORD009417,CUST01798,REST0081,PART0118,2025-10-15,14:11:37,1477,88,93,1472,PAY009417,Delivered,38
ORD009418,CUST00091,REST0286,PART0101,2025-12-30,05:19:10,639,75,157,557,PAY009418,Delivered,69
ORD009419,CUST00938,REST0038,PART0106,2026-03-15,08:38:45,494,36,102,428,PAY009419,Delivered,60
ORD009420,CUST00245,REST0152,PART0003,2026-03-09,17:43:20,389,43,35,397,PAY009420,Delivered,41
ORD009421,CUST01711,REST0003,PART0125,2026-02-11,16:16:16,1990,32,491,1531,PAY009421,Delivered,29
ORD009422,CUST00888,REST0267,PART0097,2025-11-05,09:38:28,1173,81,245,1009,PAY009422,Delivered,53
ORD009423,CUST01113,REST0078,PART0012,2026-05-16,11:08:12,686,79,7,758,PAY009423,Delivered,84
ORD009424,CUST02022,REST0272,PART0108,2026-02-13,13:38:55,1791,71,304,1558,PAY009424,Cancelled,39
ORD009425,CUST00057,REST0039,PART0039,2026-06-18,08:51:43,1555,54,127,1482,PAY009425,Delivered,31
ORD009426,CUST01329,REST0125,PART0083,2025-07-22,12:28:21,1387,58,60,1385,PAY009426,Delivered,47
ORD009427,CUST00053,REST0178,PART0011,2025-09-15,17:35:57,399,84,60,423,PAY009427,Cancelled,85
ORD009428,CUST01536,REST0114,PART0045,2025-09-03,12:20:38,283,72,17,338,PAY009428,Delivered,38
ORD009429,CUST00068,REST0255,PART0076,2026-06-27,17:28:48,167,86,18,235,PAY009429,Delivered,88
ORD009430,CUST00328,REST0209,PART0036,2026-07-07,23:38:02,1237,51,135,1153,PAY009430,Delivered,46
ORD009431,CUST02047,REST0142,PART0079,2025-07-30,22:00:10,806,37,130,713,PAY009431,Delivered,18
ORD009432,CUST00864,REST0070,PART0039,2026-06-11,16:29:53,1316,34,100,1250,PAY009432,Delivered,76
ORD009433,CUST02402,REST0093,PART0032,2025-11-21,17:49:56,1905,22,211,1716,PAY009433,Delivered,87
ORD009434,CUST00155,REST0199,PART0067,2026-05-22,07:16:49,991,61,256,796,PAY009434,Delivered,42
ORD009435,CUST00569,REST0298,PART0130,2025-07-29,09:51:56,910,62,32,940,PAY009435,Cancelled,69
ORD009436,CUST00124,REST0166,PART0131,2026-03-08,06:21:10,1900,34,529,1405,PAY009436,Delivered,46
ORD009437,CUST02395,REST0015,PART0076,2026-04-10,21:46:21,1407,77,200,1284,PAY009437,Delayed,63
ORD009438,CUST02040,REST0243,PART0060,2026-04-25,14:29:59,1863,60,23,1900,PAY009438,Delayed,28
ORD009439,CUST00967,REST0240,PART0118,2025-10-13,11:40:28,1835,88,345,1578,PAY009439,Delivered,61
ORD009440,CUST01056,REST0023,PART0146,2026-03-30,11:00:06,596,64,152,508,PAY009440,Delivered,55
ORD009441,CUST01089,REST0127,PART0051,2026-06-08,03:36:00,1825,44,173,1696,PAY009441,Delivered,56
ORD009442,CUST01189,REST0156,PART0063,2026-02-11,20:13:46,955,93,269,779,PAY009442,Delivered,42
ORD009443,CUST01327,REST0137,PART0128,2025-12-31,11:03:02,1418,22,82,1358,PAY009443,Delivered,26
ORD009444,CUST01613,REST0194,PART0065,2026-04-21,13:07:07,1119,89,2,1206,PAY009444,Delivered,54
ORD009445,CUST02241,REST0193,PART0132,2026-03-05,13:38:00,897,72,247,722,PAY009445,Delivered,36
ORD009446,CUST01295,REST0057,PART0038,2026-04-20,14:23:45,1683,84,182,1585,PAY009446,Delivered,76
ORD009447,CUST02161,REST0105,PART0108,2026-04-10,18:10:01,1665,32,52,1645,PAY009447,Delivered,22
ORD009448,CUST01313,REST0173,PART0079,2025-10-21,15:08:59,613,83,3,693,PAY009448,Delivered,60
ORD009449,CUST01370,REST0140,PART0023,2026-01-29,06:44:28,1605,63,53,1615,PAY009449,Delivered,50
ORD009450,CUST00312,REST0157,PART0081,2025-11-06,14:11:42,601,88,107,582,PAY009450,Delivered,17
ORD009451,CUST02274,REST0088,PART0040,2026-03-25,01:02:40,774,35,57,752,PAY009451,Delivered,60
ORD009452,CUST00348,REST0005,PART0028,2025-09-04,17:22:10,281,54,4,331,PAY009452,Cancelled,30
ORD009453,CUST00700,REST0278,PART0027,2025-11-09,00:37:57,221,58,39,240,PAY009453,Delivered,68
ORD009454,CUST00144,REST0271,PART0028,2026-06-23,23:12:20,799,84,176,707,PAY009454,Delivered,19
ORD009455,CUST01358,REST0183,PART0026,2026-03-08,10:22:15,1584,48,465,1167,PAY009455,Delivered,89
ORD009456,CUST00780,REST0150,PART0070,2025-11-24,09:34:45,1751,38,408,1381,PAY009456,Delivered,60
ORD009457,CUST00650,REST0149,PART0127,2026-06-09,20:20:48,1002,67,282,787,PAY009457,Delivered,68
ORD009458,CUST01463,REST0256,PART0035,2026-04-27,20:26:49,428,60,64,424,PAY009458,Delivered,34
ORD009459,CUST00352,REST0197,PART0006,2026-03-10,00:53:13,908,25,61,872,PAY009459,Delivered,17
ORD009460,CUST02396,REST0224,PART0122,2026-01-31,03:53:40,1026,86,154,958,PAY009460,Delivered,73
ORD009461,CUST00725,REST0025,PART0034,2026-02-16,05:10:00,1036,35,299,772,PAY009461,Cancelled,89
ORD009462,CUST01399,REST0178,PART0093,2026-03-17,17:18:23,657,76,114,619,PAY009462,Delivered,71
ORD009463,CUST00425,REST0097,PART0099,2025-08-10,21:07:02,1902,58,237,1723,PAY009463,Delayed,63
ORD009464,CUST01640,REST0085,PART0092,2026-03-24,14:47:33,1951,31,93,1889,PAY009464,Delivered,40
ORD009465,CUST02289,REST0204,PART0043,2025-08-17,20:51:37,516,37,58,495,PAY009465,Delayed,88
ORD009466,CUST02396,REST0103,PART0120,2025-11-03,08:49:04,1248,80,326,1002,PAY009466,Delivered,58
ORD009467,CUST00538,REST0245,PART0091,2025-11-27,22:00:35,1730,51,464,1317,PAY009467,Cancelled,27
ORD009468,CUST00585,REST0012,PART0121,2026-01-07,17:27:59,1746,61,388,1419,PAY009468,Delivered,24
ORD009469,CUST01950,REST0239,PART0142,2026-03-16,09:08:54,1898,87,257,1728,PAY009469,Delivered,58
ORD009470,CUST02398,REST0134,PART0089,2026-02-13,04:00:49,1453,26,227,1252,PAY009470,Delivered,46
ORD009471,CUST00423,REST0095,PART0056,2026-01-29,08:21:36,584,55,21,618,PAY009471,Delivered,67
ORD009472,CUST02225,REST0166,PART0013,2026-01-10,01:35:37,1835,72,185,1722,PAY009472,Delivered,63
ORD009473,CUST00026,REST0204,PART0069,2026-05-26,21:57:24,967,78,79,966,PAY009473,Delivered,73
ORD009474,CUST00067,REST0115,PART0122,2026-05-03,23:14:40,161,63,23,201,PAY009474,Cancelled,55
ORD009475,CUST01323,REST0187,PART0126,2026-07-05,18:48:40,1989,72,0,2061,PAY009475,Delivered,20
ORD009476,CUST01827,REST0033,PART0034,2025-07-30,03:28:02,1893,81,520,1454,PAY009476,Delivered,44
ORD009477,CUST01921,REST0122,PART0093,2026-04-12,06:16:28,1644,42,284,1402,PAY009477,Delivered,77
ORD009478,CUST01778,REST0130,PART0039,2026-03-27,13:16:36,1854,86,366,1574,PAY009478,Delayed,67
ORD009479,CUST02422,REST0032,PART0081,2026-01-03,15:59:23,584,99,148,535,PAY009479,Delivered,51
ORD009480,CUST01797,REST0130,PART0025,2025-08-20,20:10:41,317,83,88,312,PAY009480,Delivered,69
ORD009481,CUST01138,REST0270,PART0145,2025-12-01,20:41:38,1015,82,144,953,PAY009481,Cancelled,65
ORD009482,CUST00059,REST0009,PART0143,2026-07-09,22:49:40,1883,33,442,1474,PAY009482,Delivered,16
ORD009483,CUST02195,REST0117,PART0088,2025-09-23,18:35:13,731,46,93,684,PAY009483,Cancelled,28
ORD009484,CUST01829,REST0222,PART0007,2025-10-15,14:46:08,1003,80,17,1066,PAY009484,Delivered,46
ORD009485,CUST00080,REST0017,PART0118,2026-06-28,21:37:26,1703,66,113,1656,PAY009485,Delivered,39
ORD009486,CUST01966,REST0142,PART0040,2026-02-12,11:56:58,329,66,19,376,PAY009486,Delayed,25
ORD009487,CUST00823,REST0031,PART0076,2025-12-19,05:28:20,1250,35,125,1160,PAY009487,Cancelled,45
ORD009488,CUST00225,REST0277,PART0126,2026-01-06,01:31:55,1695,90,443,1342,PAY009488,Cancelled,60
ORD009489,CUST00713,REST0214,PART0005,2025-12-14,21:28:48,758,33,225,566,PAY009489,Delivered,18
ORD009490,CUST01092,REST0176,PART0132,2026-01-17,17:21:35,1017,100,224,893,PAY009490,Delivered,64
ORD009491,CUST00536,REST0016,PART0099,2025-09-30,08:32:22,1836,86,263,1659,PAY009491,Delivered,34
ORD009492,CUST02057,REST0067,PART0008,2026-02-10,16:09:12,1247,88,233,1102,PAY009492,Delivered,35
ORD009493,CUST01760,REST0179,PART0082,2026-05-10,22:23:29,443,64,49,458,PAY009493,Cancelled,34
ORD009494,CUST02205,REST0147,PART0135,2026-03-28,06:55:43,792,44,207,629,PAY009494,Cancelled,22
ORD009495,CUST01410,REST0239,PART0030,2025-09-26,18:31:51,506,65,26,545,PAY009495,Delayed,65
ORD009496,CUST01220,REST0210,PART0118,2025-07-26,10:09:37,1383,63,365,1081,PAY009496,Delivered,34
ORD009497,CUST01183,REST0156,PART0028,2026-07-13,22:24:41,1373,21,389,1005,PAY009497,Delivered,84
ORD009498,CUST00287,REST0040,PART0054,2026-03-12,07:26:24,1557,24,227,1354,PAY009498,Delayed,79
ORD009499,CUST01066,REST0224,PART0064,2026-01-07,18:47:49,1868,64,68,1864,PAY009499,Delayed,61
ORD009500,CUST02195,REST0142,PART0138,2025-10-31,00:02:45,1094,71,188,977,PAY009500,Cancelled,85
ORD009501,CUST00730,REST0001,PART0109,2025-12-10,23:49:37,1728,78,418,1388,PAY009501,Delivered,87
ORD009502,CUST02091,REST0200,PART0125,2026-05-15,06:13:47,1597,56,399,1254,PAY009502,Delivered,42
ORD009503,CUST02445,REST0245,PART0101,2025-08-15,12:43:43,184,43,6,221,PAY009503,Delivered,30
ORD009504,CUST00568,REST0216,PART0078,2026-03-11,16:54:44,1843,53,205,1691,PAY009504,Delivered,25
ORD009505,CUST01485,REST0062,PART0075,2025-08-09,21:28:42,477,43,92,428,PAY009505,Delivered,59
ORD009506,CUST00092,REST0064,PART0139,2026-04-21,15:10:02,1807,85,336,1556,PAY009506,Cancelled,38
ORD009507,CUST00230,REST0088,PART0097,2026-03-17,01:29:20,340,21,13,348,PAY009507,Delivered,46
ORD009508,CUST00419,REST0299,PART0008,2026-03-30,23:51:05,1543,25,6,1562,PAY009508,Delivered,72
ORD009509,CUST02281,REST0127,PART0079,2026-01-11,10:24:26,1312,54,287,1079,PAY009509,Delivered,15
ORD009510,CUST00004,REST0232,PART0122,2026-01-24,10:34:40,1380,24,216,1188,PAY009510,Delivered,23
ORD009511,CUST02437,REST0249,PART0013,2026-03-10,07:25:47,1822,79,180,1721,PAY009511,Delivered,39
ORD009512,CUST01526,REST0280,PART0129,2026-02-07,22:13:49,793,27,173,647,PAY009512,Delivered,36
ORD009513,CUST01638,REST0146,PART0054,2026-01-23,11:57:21,501,52,64,489,PAY009513,Delayed,75
ORD009514,CUST02009,REST0252,PART0131,2025-12-12,13:21:11,519,39,83,475,PAY009514,Delivered,43
ORD009515,CUST01125,REST0165,PART0053,2026-02-11,17:22:54,783,36,26,793,PAY009515,Delivered,80
ORD009516,CUST00691,REST0047,PART0056,2025-09-12,11:07:13,1794,45,245,1594,PAY009516,Delivered,19
ORD009517,CUST02250,REST0197,PART0132,2026-06-14,01:49:56,1878,95,223,1750,PAY009517,Delivered,35
ORD009518,CUST01012,REST0176,PART0108,2026-03-15,10:32:58,963,79,88,954,PAY009518,Delivered,27
ORD009519,CUST01682,REST0051,PART0073,2026-02-24,09:23:07,1373,56,98,1331,PAY009519,Delivered,77
ORD009520,CUST02285,REST0279,PART0039,2026-07-06,17:10:35,944,37,229,752,PAY009520,Delivered,46
ORD009521,CUST00290,REST0273,PART0066,2026-01-01,17:56:11,844,46,246,644,PAY009521,Delivered,52
ORD009522,CUST00174,REST0154,PART0132,2026-01-28,16:14:27,1596,69,307,1358,PAY009522,Delivered,82
ORD009523,CUST01167,REST0251,PART0026,2026-01-25,08:16:29,837,70,51,856,PAY009523,Delayed,70
ORD009524,CUST00436,REST0242,PART0118,2026-04-21,07:04:03,1468,87,29,1526,PAY009524,Cancelled,26
ORD009525,CUST01608,REST0188,PART0067,2026-06-09,14:31:41,1659,75,304,1430,PAY009525,Cancelled,20
ORD009526,CUST00809,REST0190,PART0104,2025-09-14,00:23:12,204,26,9,221,PAY009526,Delayed,53
ORD009527,CUST01858,REST0057,PART0065,2026-06-06,07:37:00,761,24,120,665,PAY009527,Delivered,33
ORD009528,CUST01260,REST0126,PART0085,2026-06-05,04:03:23,1605,22,162,1465,PAY009528,Delivered,25
ORD009529,CUST00958,REST0134,PART0126,2025-09-04,12:42:11,1056,32,259,829,PAY009529,Delayed,89
ORD009530,CUST00241,REST0280,PART0011,2025-11-17,13:29:30,455,39,26,468,PAY009530,Delivered,71
ORD009531,CUST02078,REST0166,PART0022,2026-02-01,16:20:59,1259,67,343,983,PAY009531,Delivered,37
ORD009532,CUST01893,REST0223,PART0110,2026-02-25,05:59:50,1356,39,60,1335,PAY009532,Delivered,22
ORD009533,CUST02012,REST0269,PART0111,2025-09-30,10:04:33,1238,50,133,1155,PAY009533,Delivered,34
ORD009534,CUST00344,REST0203,PART0031,2026-01-24,01:20:25,712,74,201,585,PAY009534,Cancelled,57
ORD009535,CUST01383,REST0007,PART0061,2026-05-03,10:06:12,1239,72,11,1300,PAY009535,Delivered,56
ORD009536,CUST02044,REST0274,PART0104,2025-07-31,01:39:16,1960,99,13,2046,PAY009536,Delivered,23
ORD009537,CUST01901,REST0221,PART0116,2026-05-19,06:02:49,1579,52,11,1620,PAY009537,Delivered,17
ORD009538,CUST00140,REST0260,PART0034,2026-03-23,01:50:06,766,79,5,840,PAY009538,Delivered,65
ORD009539,CUST01158,REST0193,PART0039,2026-02-07,21:42:08,1139,58,209,988,PAY009539,Delivered,32
ORD009540,CUST01873,REST0223,PART0043,2025-11-16,20:07:58,238,77,33,282,PAY009540,Delivered,26
ORD009541,CUST00996,REST0279,PART0056,2026-04-06,22:25:01,1271,93,377,987,PAY009541,Delivered,55
ORD009542,CUST01609,REST0260,PART0066,2026-02-04,21:25:51,620,21,19,622,PAY009542,Delivered,87
ORD009543,CUST02417,REST0066,PART0093,2025-07-16,11:53:36,275,76,8,343,PAY009543,Delivered,76
ORD009544,CUST00318,REST0130,PART0076,2025-12-18,00:57:14,394,33,58,369,PAY009544,Delivered,18
ORD009545,CUST01869,REST0164,PART0104,2026-03-23,04:06:27,734,42,137,639,PAY009545,Delivered,71
ORD009546,CUST00436,REST0025,PART0032,2025-09-26,13:38:53,1572,34,374,1232,PAY009546,Delivered,74
ORD009547,CUST01803,REST0047,PART0034,2026-04-07,05:38:59,939,20,93,866,PAY009547,Cancelled,68
ORD009548,CUST02103,REST0188,PART0103,2026-03-16,01:04:47,717,24,158,583,PAY009548,Delivered,25
ORD009549,CUST01222,REST0287,PART0032,2026-05-19,23:32:38,619,95,51,663,PAY009549,Delivered,22
ORD009550,CUST01394,REST0108,PART0147,2025-10-16,11:16:52,646,44,79,611,PAY009550,Delivered,39
ORD009551,CUST00532,REST0074,PART0024,2025-12-06,10:08:49,1450,80,158,1372,PAY009551,Delivered,70
ORD009552,CUST00348,REST0185,PART0123,2025-08-05,09:16:27,1343,84,49,1378,PAY009552,Delayed,87
ORD009553,CUST02140,REST0175,PART0064,2026-04-12,08:20:13,556,69,113,512,PAY009553,Delivered,71
ORD009554,CUST01599,REST0124,PART0098,2025-10-28,20:06:12,447,89,15,521,PAY009554,Delayed,84
ORD009555,CUST02017,REST0096,PART0127,2026-06-24,04:08:21,684,86,19,751,PAY009555,Delivered,28
ORD009556,CUST02110,REST0087,PART0084,2025-07-27,20:27:33,288,31,41,278,PAY009556,Delivered,21
ORD009557,CUST00754,REST0048,PART0031,2026-03-30,22:42:49,747,47,71,723,PAY009557,Delivered,35
ORD009558,CUST00750,REST0276,PART0135,2026-06-28,17:09:22,1568,89,441,1216,PAY009558,Delivered,36
ORD009559,CUST01273,REST0240,PART0012,2026-06-18,06:09:28,343,53,44,352,PAY009559,Delivered,55
ORD009560,CUST00383,REST0079,PART0083,2025-12-03,04:33:54,658,46,45,659,PAY009560,Delivered,90
ORD009561,CUST00577,REST0142,PART0075,2026-05-05,16:11:17,1489,57,98,1448,PAY009561,Delayed,42
ORD009562,CUST01911,REST0264,PART0029,2025-12-14,18:17:41,525,42,15,552,PAY009562,Delivered,18
ORD009563,CUST02246,REST0299,PART0143,2025-12-11,04:24:09,1632,23,429,1226,PAY009563,Delivered,49
ORD009564,CUST00339,REST0208,PART0119,2026-04-24,20:20:28,1674,89,352,1411,PAY009564,Delivered,35
ORD009565,CUST02396,REST0126,PART0096,2026-03-13,20:18:55,1717,47,411,1353,PAY009565,Delivered,27
ORD009566,CUST01532,REST0033,PART0082,2025-11-22,03:06:32,1100,47,262,885,PAY009566,Delivered,42
ORD009567,CUST01738,REST0245,PART0074,2026-04-08,12:09:46,1437,47,185,1299,PAY009567,Delivered,24
ORD009568,CUST01236,REST0215,PART0025,2026-01-09,13:56:34,739,20,157,602,PAY009568,Cancelled,71
ORD009569,CUST02002,REST0285,PART0010,2026-02-22,07:03:35,803,72,50,825,PAY009569,Delivered,30
ORD009570,CUST00368,REST0117,PART0003,2025-07-31,02:55:15,1142,32,166,1008,PAY009570,Delivered,15
ORD009571,CUST02426,REST0215,PART0025,2025-07-28,03:19:22,537,57,9,585,PAY009571,Delivered,37
ORD009572,CUST00610,REST0117,PART0100,2026-04-03,14:42:41,1324,41,193,1172,PAY009572,Delivered,29
ORD009573,CUST01799,REST0239,PART0114,2025-09-02,17:14:59,1723,34,374,1383,PAY009573,Delivered,67
ORD009574,CUST02174,REST0257,PART0081,2025-09-19,10:54:59,419,45,59,405,PAY009574,Delivered,19
ORD009575,CUST01260,REST0236,PART0096,2025-11-01,19:49:32,1303,23,328,998,PAY009575,Delivered,59
ORD009576,CUST00854,REST0161,PART0006,2026-06-30,16:13:33,553,21,62,512,PAY009576,Delivered,28
ORD009577,CUST00024,REST0026,PART0027,2026-02-11,15:27:18,616,41,145,512,PAY009577,Delivered,29
ORD009578,CUST01148,REST0055,PART0091,2025-09-22,13:21:57,1802,54,241,1615,PAY009578,Cancelled,79
ORD009579,CUST01519,REST0039,PART0027,2026-05-14,12:48:38,321,41,10,352,PAY009579,Cancelled,20
ORD009580,CUST00202,REST0199,PART0105,2026-05-02,03:25:21,1260,92,175,1177,PAY009580,Delivered,62
ORD009581,CUST01621,REST0049,PART0070,2025-11-26,07:20:55,1763,48,350,1461,PAY009581,Delivered,22
ORD009582,CUST01435,REST0067,PART0142,2026-06-12,07:29:46,1273,32,154,1151,PAY009582,Delivered,65
ORD009583,CUST00360,REST0248,PART0079,2025-12-08,16:39:29,974,88,79,983,PAY009583,Delivered,48
ORD009584,CUST01970,REST0129,PART0086,2025-10-28,10:44:18,1631,22,474,1179,PAY009584,Delivered,37
ORD009585,CUST01082,REST0280,PART0149,2025-10-21,19:11:56,757,97,158,696,PAY009585,Delivered,71
ORD009586,CUST00496,REST0194,PART0008,2025-09-25,03:20:15,1973,49,582,1440,PAY009586,Delivered,21
ORD009587,CUST00338,REST0215,PART0084,2026-07-14,01:27:16,959,92,147,904,PAY009587,Delivered,86
ORD009588,CUST00517,REST0179,PART0014,2026-02-04,13:57:24,204,29,22,211,PAY009588,Delivered,68
ORD009589,CUST00452,REST0222,PART0114,2025-12-15,22:25:59,1700,63,152,1611,PAY009589,Delivered,82
ORD009590,CUST01247,REST0161,PART0100,2026-01-11,03:41:41,605,23,70,558,PAY009590,Delivered,74
ORD009591,CUST00259,REST0285,PART0104,2026-03-03,18:29:51,1470,94,262,1302,PAY009591,Delivered,46
ORD009592,CUST00857,REST0102,PART0082,2025-12-16,06:45:45,1460,58,387,1131,PAY009592,Delivered,16
ORD009593,CUST00472,REST0066,PART0119,2025-09-30,09:38:38,1492,65,45,1512,PAY009593,Delivered,48
ORD009594,CUST00585,REST0216,PART0136,2025-09-08,17:59:15,1482,32,196,1318,PAY009594,Delivered,62
ORD009595,CUST01695,REST0004,PART0086,2025-11-30,08:10:34,200,63,27,236,PAY009595,Cancelled,88
ORD009596,CUST01116,REST0206,PART0096,2026-06-02,05:02:09,1948,28,473,1503,PAY009596,Delivered,65
ORD009597,CUST01524,REST0210,PART0012,2026-05-28,20:15:15,1442,87,75,1454,PAY009597,Delivered,35
ORD009598,CUST01799,REST0212,PART0138,2026-03-10,16:20:08,1058,70,46,1082,PAY009598,Delivered,26
ORD009599,CUST00089,REST0067,PART0011,2025-11-07,11:35:52,1187,92,59,1220,PAY009599,Delivered,84
ORD009600,CUST00718,REST0273,PART0150,2025-09-26,08:32:16,1615,59,16,1658,PAY009600,Delayed,44
ORD009601,CUST01021,REST0033,PART0006,2026-03-21,03:11:25,831,22,10,843,PAY009601,Delivered,83
ORD009602,CUST00652,REST0163,PART0135,2025-10-20,00:30:05,1085,91,284,892,PAY009602,Delivered,49
ORD009603,CUST01545,REST0183,PART0033,2026-03-19,10:37:30,527,22,131,418,PAY009603,Delivered,21
ORD009604,CUST01595,REST0025,PART0047,2025-09-05,22:21:15,1170,57,267,960,PAY009604,Delivered,60
ORD009605,CUST02083,REST0048,PART0023,2026-04-07,16:42:43,1980,49,486,1543,PAY009605,Delivered,64
ORD009606,CUST00610,REST0227,PART0063,2026-02-08,02:56:41,258,97,56,299,PAY009606,Delivered,37
ORD009607,CUST01892,REST0244,PART0069,2026-04-29,09:07:53,909,67,252,724,PAY009607,Delivered,86
ORD009608,CUST01478,REST0085,PART0047,2026-02-24,22:59:48,1678,20,267,1431,PAY009608,Delivered,82
ORD009609,CUST00514,REST0225,PART0038,2026-06-10,02:00:35,326,96,67,355,PAY009609,Delivered,67
ORD009610,CUST01777,REST0261,PART0041,2025-10-28,19:24:24,922,63,244,741,PAY009610,Delivered,70
ORD009611,CUST01260,REST0054,PART0119,2026-05-18,20:47:32,450,86,45,491,PAY009611,Delivered,79
ORD009612,CUST00691,REST0270,PART0138,2025-12-15,05:46:04,1187,25,134,1078,PAY009612,Delayed,77
ORD009613,CUST01341,REST0292,PART0135,2026-06-03,16:49:36,1546,96,82,1560,PAY009613,Delivered,65
ORD009614,CUST01215,REST0063,PART0092,2026-06-17,16:58:20,1565,39,355,1249,PAY009614,Delivered,51
ORD009615,CUST00285,REST0244,PART0112,2025-10-10,12:49:10,1430,66,242,1254,PAY009615,Delivered,36
ORD009616,CUST00720,REST0274,PART0145,2026-06-17,16:13:11,1316,68,236,1148,PAY009616,Delivered,32
ORD009617,CUST01361,REST0173,PART0017,2025-09-29,19:17:43,1144,74,178,1040,PAY009617,Delayed,48
ORD009618,CUST00940,REST0034,PART0069,2026-02-13,08:34:40,889,97,258,728,PAY009618,Delivered,40
ORD009619,CUST00938,REST0082,PART0027,2026-07-01,08:32:51,1367,96,176,1287,PAY009619,Delivered,84
ORD009620,CUST01487,REST0128,PART0012,2026-07-09,23:57:48,1939,50,108,1881,PAY009620,Cancelled,56
ORD009621,CUST00947,REST0258,PART0144,2026-02-23,14:45:33,688,89,53,724,PAY009621,Delivered,20
ORD009622,CUST00425,REST0253,PART0073,2026-07-14,04:18:06,1172,33,309,896,PAY009622,Delivered,37
ORD009623,CUST01746,REST0239,PART0085,2025-08-25,06:46:40,318,85,84,319,PAY009623,Delivered,67
ORD009624,CUST01852,REST0187,PART0033,2025-11-25,08:33:21,1518,80,51,1547,PAY009624,Delivered,53
ORD009625,CUST01437,REST0265,PART0097,2025-12-20,11:44:36,1406,78,358,1126,PAY009625,Delivered,28
ORD009626,CUST01121,REST0241,PART0067,2025-09-18,02:18:42,1490,92,117,1465,PAY009626,Delayed,89
ORD009627,CUST01217,REST0157,PART0017,2025-10-25,11:57:24,1828,25,49,1804,PAY009627,Delivered,84
ORD009628,CUST01758,REST0019,PART0050,2025-08-16,03:46:56,1444,27,4,1467,PAY009628,Delivered,16
ORD009629,CUST00977,REST0193,PART0060,2026-04-08,01:30:28,1745,96,314,1527,PAY009629,Delivered,50
ORD009630,CUST01755,REST0164,PART0140,2026-04-06,12:47:11,968,30,165,833,PAY009630,Delivered,80
ORD009631,CUST00127,REST0132,PART0142,2026-07-06,23:30:14,1383,44,149,1278,PAY009631,Delivered,65
ORD009632,CUST01084,REST0037,PART0052,2025-11-20,13:51:40,1660,51,277,1434,PAY009632,Delivered,75
ORD009633,CUST00118,REST0118,PART0049,2025-09-26,17:02:48,1056,86,240,902,PAY009633,Delivered,21
ORD009634,CUST02075,REST0077,PART0100,2026-02-08,06:05:13,722,28,28,722,PAY009634,Delivered,22
ORD009635,CUST01592,REST0271,PART0043,2026-05-07,23:28:10,1569,25,398,1196,PAY009635,Delivered,25
ORD009636,CUST01120,REST0205,PART0128,2025-11-24,11:08:08,1418,76,214,1280,PAY009636,Delivered,17
ORD009637,CUST00692,REST0001,PART0089,2026-04-22,19:14:31,1948,83,305,1726,PAY009637,Delivered,19
ORD009638,CUST00150,REST0033,PART0136,2026-07-13,06:09:47,1241,24,4,1261,PAY009638,Delivered,34
ORD009639,CUST00255,REST0061,PART0032,2026-01-19,22:30:03,158,71,11,218,PAY009639,Delivered,16
ORD009640,CUST00020,REST0021,PART0150,2025-09-23,07:55:36,1855,88,491,1452,PAY009640,Cancelled,21
ORD009641,CUST01695,REST0115,PART0072,2026-07-06,04:27:33,653,39,104,588,PAY009641,Delivered,59
ORD009642,CUST01087,REST0018,PART0123,2025-11-26,14:03:07,782,63,9,836,PAY009642,Cancelled,90
ORD009643,CUST02449,REST0073,PART0033,2025-12-14,08:14:53,1469,64,433,1100,PAY009643,Delivered,16
ORD009644,CUST01339,REST0067,PART0007,2025-09-19,08:40:35,278,49,79,248,PAY009644,Delayed,75
ORD009645,CUST01408,REST0291,PART0056,2026-02-24,17:18:56,1996,53,254,1795,PAY009645,Delivered,34
ORD009646,CUST00829,REST0241,PART0011,2025-09-20,23:37:01,1010,35,260,785,PAY009646,Delivered,30
ORD009647,CUST01274,REST0044,PART0108,2025-12-20,00:05:44,1079,81,156,1004,PAY009647,Delivered,69
ORD009648,CUST01334,REST0289,PART0132,2026-03-02,00:49:40,389,56,89,356,PAY009648,Delivered,54
ORD009649,CUST01966,REST0041,PART0110,2025-10-10,07:44:22,1830,100,275,1655,PAY009649,Delivered,88
ORD009650,CUST01319,REST0193,PART0142,2026-06-18,11:15:15,1012,32,252,792,PAY009650,Delivered,36
ORD009651,CUST00480,REST0188,PART0085,2026-04-11,23:54:41,1245,28,132,1141,PAY009651,Delivered,18
ORD009652,CUST01865,REST0008,PART0004,2025-10-10,13:30:09,1450,57,171,1336,PAY009652,Delivered,51
ORD009653,CUST00777,REST0117,PART0118,2025-11-26,13:48:47,1912,32,496,1448,PAY009653,Delayed,57
ORD009654,CUST00698,REST0270,PART0108,2026-02-06,23:20:06,335,33,81,287,PAY009654,Delivered,24
ORD009655,CUST00861,REST0174,PART0085,2026-03-09,08:10:50,395,86,66,415,PAY009655,Delivered,72
ORD009656,CUST00399,REST0219,PART0023,2026-05-15,19:36:05,335,73,3,405,PAY009656,Delivered,62
ORD009657,CUST01023,REST0167,PART0036,2026-04-08,19:51:10,758,41,88,711,PAY009657,Delivered,61
ORD009658,CUST01232,REST0080,PART0008,2025-12-06,22:55:31,1071,21,313,779,PAY009658,Cancelled,64
ORD009659,CUST01149,REST0141,PART0001,2025-08-24,22:33:29,1846,94,331,1609,PAY009659,Delivered,85
ORD009660,CUST01299,REST0287,PART0040,2025-10-11,01:27:46,1647,94,297,1444,PAY009660,Delivered,81
ORD009661,CUST01256,REST0297,PART0110,2026-06-15,09:46:08,1824,34,342,1516,PAY009661,Delivered,39
ORD009662,CUST01961,REST0245,PART0036,2026-07-16,03:18:25,1183,50,311,922,PAY009662,Delivered,58
ORD009663,CUST00793,REST0288,PART0086,2026-01-28,03:53:52,1259,84,117,1226,PAY009663,Delivered,46
ORD009664,CUST00139,REST0092,PART0100,2025-08-26,11:44:48,1823,95,80,1838,PAY009664,Delivered,43
ORD009665,CUST02426,REST0113,PART0095,2026-02-18,16:45:02,1267,73,147,1193,PAY009665,Delivered,52
ORD009666,CUST01989,REST0007,PART0115,2026-04-18,05:12:23,1364,99,331,1132,PAY009666,Delayed,58
ORD009667,CUST02185,REST0280,PART0044,2025-12-15,04:13:12,744,66,48,762,PAY009667,Delivered,34
ORD009668,CUST02316,REST0062,PART0115,2025-12-06,15:16:41,1475,54,15,1514,PAY009668,Delivered,19
ORD009669,CUST01988,REST0157,PART0055,2025-12-05,07:20:03,1571,92,164,1499,PAY009669,Delivered,82
ORD009670,CUST00614,REST0287,PART0041,2025-07-26,04:57:13,1026,83,270,839,PAY009670,Delivered,71
ORD009671,CUST01542,REST0269,PART0012,2026-03-24,01:16:42,1338,86,231,1193,PAY009671,Delivered,74
ORD009672,CUST01459,REST0063,PART0060,2026-01-22,09:29:38,1285,28,23,1290,PAY009672,Delivered,28
ORD009673,CUST02381,REST0113,PART0053,2026-02-02,18:36:59,1044,94,80,1058,PAY009673,Delivered,79
ORD009674,CUST01467,REST0259,PART0125,2025-10-26,07:43:31,1670,47,135,1582,PAY009674,Cancelled,36
ORD009675,CUST00615,REST0269,PART0085,2025-12-13,06:10:26,1761,51,384,1428,PAY009675,Delivered,79
ORD009676,CUST00303,REST0055,PART0067,2026-06-11,09:30:20,1981,95,557,1519,PAY009676,Delivered,62
ORD009677,CUST00916,REST0273,PART0105,2026-02-18,05:06:45,889,87,235,741,PAY009677,Delayed,84
ORD009678,CUST01878,REST0155,PART0081,2025-11-19,05:11:55,210,66,6,270,PAY009678,Cancelled,27
ORD009679,CUST00305,REST0270,PART0113,2025-07-22,07:29:47,514,57,118,453,PAY009679,Delayed,25
ORD009680,CUST00813,REST0001,PART0014,2026-03-10,02:19:17,1488,24,12,1500,PAY009680,Cancelled,46
ORD009681,CUST00402,REST0238,PART0045,2025-11-17,16:31:20,1906,80,332,1654,PAY009681,Delivered,82
ORD009682,CUST01253,REST0282,PART0127,2026-05-05,20:06:35,604,36,71,569,PAY009682,Delivered,79
ORD009683,CUST00605,REST0259,PART0078,2026-01-21,16:07:21,1018,24,21,1021,PAY009683,Delivered,62
ORD009684,CUST02065,REST0037,PART0076,2026-05-12,10:42:15,1651,89,94,1646,PAY009684,Delivered,66
ORD009685,CUST00128,REST0043,PART0143,2026-04-06,08:48:43,1103,41,240,904,PAY009685,Delivered,87
ORD009686,CUST02027,REST0065,PART0030,2025-11-04,19:39:58,579,85,142,522,PAY009686,Delivered,77
ORD009687,CUST01650,REST0002,PART0112,2026-06-01,14:03:46,1553,89,125,1517,PAY009687,Delayed,63
ORD009688,CUST01120,REST0129,PART0140,2025-10-25,21:04:41,1888,88,517,1459,PAY009688,Delivered,78
ORD009689,CUST00357,REST0232,PART0050,2025-10-11,07:32:59,739,98,62,775,PAY009689,Delivered,40
ORD009690,CUST00720,REST0143,PART0142,2025-07-19,04:39:02,416,23,52,387,PAY009690,Delivered,18
ORD009691,CUST00889,REST0172,PART0131,2025-09-29,15:29:24,478,78,72,484,PAY009691,Delivered,61
ORD009692,CUST02059,REST0251,PART0068,2025-11-12,07:41:28,1318,47,65,1300,PAY009692,Delivered,46
ORD009693,CUST00069,REST0084,PART0074,2026-03-17,04:22:00,430,26,84,372,PAY009693,Delayed,22
ORD009694,CUST00169,REST0287,PART0054,2026-03-15,06:15:11,1852,20,361,1511,PAY009694,Delivered,51
ORD009695,CUST00955,REST0191,PART0004,2025-08-31,20:03:57,266,45,57,254,PAY009695,Delivered,37
ORD009696,CUST01405,REST0083,PART0110,2026-06-22,03:00:55,1743,92,176,1659,PAY009696,Delivered,23
ORD009697,CUST01047,REST0045,PART0134,2026-04-04,13:13:30,910,30,187,753,PAY009697,Delivered,84
ORD009698,CUST01850,REST0017,PART0015,2026-06-28,09:14:14,1962,42,519,1485,PAY009698,Delivered,33
ORD009699,CUST00361,REST0111,PART0149,2026-01-31,04:52:08,1917,47,439,1525,PAY009699,Cancelled,87
ORD009700,CUST01820,REST0144,PART0075,2026-06-01,09:05:28,467,47,129,385,PAY009700,Delivered,57
ORD009701,CUST01914,REST0216,PART0001,2026-02-25,07:29:29,1909,40,149,1800,PAY009701,Delivered,72
ORD009702,CUST01831,REST0207,PART0075,2025-08-14,04:16:19,1008,74,3,1079,PAY009702,Delivered,51
ORD009703,CUST00154,REST0253,PART0126,2026-07-10,23:42:26,1710,20,464,1266,PAY009703,Cancelled,28
ORD009704,CUST00639,REST0121,PART0064,2026-06-04,12:17:43,1531,93,313,1311,PAY009704,Delivered,26
ORD009705,CUST02050,REST0162,PART0030,2025-08-29,04:51:48,1270,99,298,1071,PAY009705,Delivered,26
ORD009706,CUST00012,REST0178,PART0069,2026-07-06,03:46:28,1664,75,376,1363,PAY009706,Delivered,31
ORD009707,CUST00675,REST0194,PART0036,2026-01-19,03:03:45,304,32,83,253,PAY009707,Delivered,60
ORD009708,CUST01151,REST0203,PART0103,2026-03-05,20:53:10,704,85,152,637,PAY009708,Delivered,78
ORD009709,CUST00099,REST0186,PART0116,2026-01-20,07:19:14,941,61,175,827,PAY009709,Delivered,55
ORD009710,CUST01043,REST0066,PART0087,2025-09-18,05:58:41,1314,54,118,1250,PAY009710,Delayed,50
ORD009711,CUST02195,REST0187,PART0017,2025-08-03,10:50:12,438,60,2,496,PAY009711,Delivered,25
ORD009712,CUST01845,REST0192,PART0003,2025-10-01,13:59:02,777,93,67,803,PAY009712,Delivered,52
ORD009713,CUST01049,REST0088,PART0088,2026-02-03,18:55:16,1903,67,220,1750,PAY009713,Delivered,53
ORD009714,CUST00935,REST0079,PART0108,2026-06-04,18:08:35,458,84,5,537,PAY009714,Cancelled,15
ORD009715,CUST00100,REST0166,PART0117,2026-04-15,21:56:33,1132,57,287,902,PAY009715,Delivered,69
ORD009716,CUST01412,REST0084,PART0010,2025-11-22,19:18:37,1070,45,106,1009,PAY009716,Delivered,27
ORD009717,CUST01617,REST0047,PART0022,2026-02-27,06:12:37,1277,97,232,1142,PAY009717,Delivered,21
ORD009718,CUST00159,REST0084,PART0133,2025-10-15,21:38:21,1065,75,102,1038,PAY009718,Delivered,69
ORD009719,CUST01494,REST0285,PART0020,2025-10-28,18:18:02,1934,64,249,1749,PAY009719,Delivered,85
ORD009720,CUST01904,REST0055,PART0114,2026-05-20,09:17:45,1844,90,362,1572,PAY009720,Delivered,35
ORD009721,CUST02282,REST0275,PART0043,2025-07-30,21:05:35,693,86,102,677,PAY009721,Cancelled,45
ORD009722,CUST00120,REST0300,PART0063,2025-08-18,15:27:53,397,64,13,448,PAY009722,Delayed,47
ORD009723,CUST00201,REST0260,PART0139,2026-06-06,21:45:50,1016,76,120,972,PAY009723,Delivered,15
ORD009724,CUST00377,REST0089,PART0125,2025-12-04,16:36:09,1261,20,270,1011,PAY009724,Delivered,31
ORD009725,CUST00058,REST0022,PART0021,2025-10-05,20:51:58,1575,55,220,1410,PAY009725,Delivered,30
ORD009726,CUST00965,REST0062,PART0017,2025-12-16,11:05:06,898,75,212,761,PAY009726,Delivered,18
ORD009727,CUST01397,REST0234,PART0050,2025-11-12,16:38:59,697,89,94,692,PAY009727,Delivered,43
ORD009728,CUST00080,REST0054,PART0074,2025-08-19,11:56:35,357,38,32,363,PAY009728,Delivered,77
ORD009729,CUST01132,REST0281,PART0068,2025-11-19,13:18:15,940,94,203,831,PAY009729,Delivered,70
ORD009730,CUST00112,REST0059,PART0077,2025-11-07,06:48:29,1846,62,108,1800,PAY009730,Delayed,55
ORD009731,CUST00420,REST0234,PART0052,2026-01-08,10:21:56,1325,76,335,1066,PAY009731,Cancelled,16
ORD009732,CUST00286,REST0098,PART0130,2025-08-26,23:58:31,1529,32,392,1169,PAY009732,Delivered,71
ORD009733,CUST00299,REST0002,PART0106,2025-11-20,03:29:19,164,92,12,244,PAY009733,Delivered,28
ORD009734,CUST01414,REST0251,PART0032,2026-06-02,15:34:36,612,63,179,496,PAY009734,Delivered,76
ORD009735,CUST01757,REST0196,PART0074,2025-11-20,12:47:37,1054,40,58,1036,PAY009735,Delivered,22
ORD009736,CUST01313,REST0289,PART0088,2025-10-02,19:20:18,1803,69,182,1690,PAY009736,Delayed,40
ORD009737,CUST01938,REST0072,PART0137,2025-08-26,21:10:31,886,54,232,708,PAY009737,Delayed,18
ORD009738,CUST02028,REST0080,PART0083,2025-10-08,08:36:42,1865,96,199,1762,PAY009738,Delivered,88
ORD009739,CUST01605,REST0274,PART0144,2026-04-25,07:56:06,1821,74,109,1786,PAY009739,Delivered,40
ORD009740,CUST00434,REST0157,PART0142,2025-09-21,15:01:09,1521,60,8,1573,PAY009740,Delivered,30
ORD009741,CUST00979,REST0204,PART0071,2025-12-05,10:11:08,496,83,7,572,PAY009741,Delivered,66
ORD009742,CUST00277,REST0023,PART0093,2026-03-13,18:49:39,1586,80,203,1463,PAY009742,Delivered,32
ORD009743,CUST01413,REST0159,PART0051,2026-06-25,08:49:55,504,44,127,421,PAY009743,Cancelled,56
ORD009744,CUST00488,REST0164,PART0045,2025-10-07,12:46:29,1137,91,28,1200,PAY009744,Delivered,70
ORD009745,CUST01577,REST0290,PART0056,2026-05-29,17:48:21,1153,57,273,937,PAY009745,Delivered,58
ORD009746,CUST01986,REST0283,PART0069,2025-12-26,03:39:48,1219,44,292,971,PAY009746,Delivered,72
ORD009747,CUST01323,REST0293,PART0021,2026-01-17,01:05:16,379,71,51,399,PAY009747,Delivered,51
ORD009748,CUST00928,REST0092,PART0051,2026-04-24,21:46:04,680,65,4,741,PAY009748,Delivered,30
ORD009749,CUST02320,REST0058,PART0066,2026-06-09,17:55:19,688,85,164,609,PAY009749,Cancelled,35
ORD009750,CUST02312,REST0053,PART0093,2026-02-04,22:43:02,412,62,64,410,PAY009750,Delivered,63
ORD009751,CUST02221,REST0078,PART0124,2025-08-23,01:25:10,763,62,228,597,PAY009751,Cancelled,42
ORD009752,CUST01787,REST0260,PART0052,2025-10-16,17:29:59,197,53,7,243,PAY009752,Delivered,49
ORD009753,CUST01312,REST0010,PART0075,2026-05-22,11:10:56,695,35,134,596,PAY009753,Delivered,82
ORD009754,CUST01588,REST0011,PART0102,2025-12-28,18:43:50,1924,27,11,1940,PAY009754,Delivered,78
ORD009755,CUST01634,REST0065,PART0069,2026-01-05,23:10:49,1903,87,506,1484,PAY009755,Delivered,18
ORD009756,CUST00884,REST0027,PART0008,2026-06-11,22:54:00,411,91,27,475,PAY009756,Delivered,88
ORD009757,CUST02133,REST0165,PART0040,2025-11-16,11:25:51,1110,47,118,1039,PAY009757,Delivered,86
ORD009758,CUST02024,REST0013,PART0037,2025-08-03,00:36:21,1870,42,324,1588,PAY009758,Delivered,66
ORD009759,CUST00688,REST0181,PART0126,2025-07-22,11:27:06,473,28,138,363,PAY009759,Delivered,24
ORD009760,CUST00504,REST0246,PART0085,2026-03-14,07:47:42,1076,82,118,1040,PAY009760,Delivered,45
ORD009761,CUST02208,REST0196,PART0011,2025-10-27,10:48:09,614,97,113,598,PAY009761,Delivered,43
ORD009762,CUST01152,REST0123,PART0105,2026-06-10,00:43:23,388,87,111,364,PAY009762,Delivered,83
ORD009763,CUST00771,REST0107,PART0106,2025-09-12,08:58:16,477,94,131,440,PAY009763,Delivered,89
ORD009764,CUST00443,REST0244,PART0141,2026-04-12,23:28:35,1350,63,225,1188,PAY009764,Delivered,41
ORD009765,CUST01508,REST0195,PART0080,2026-06-16,21:16:05,254,44,3,295,PAY009765,Delivered,47
ORD009766,CUST01656,REST0281,PART0149,2026-03-23,01:53:41,808,90,152,746,PAY009766,Delivered,77
ORD009767,CUST02238,REST0233,PART0082,2026-05-23,20:32:21,1217,39,336,920,PAY009767,Delivered,83
ORD009768,CUST00399,REST0280,PART0063,2025-08-27,14:43:17,1550,44,386,1208,PAY009768,Delivered,17
ORD009769,CUST02016,REST0123,PART0040,2025-11-03,08:00:21,1888,31,334,1585,PAY009769,Delivered,15
ORD009770,CUST01547,REST0095,PART0037,2026-05-11,04:28:09,578,72,25,625,PAY009770,Delivered,79
ORD009771,CUST00955,REST0045,PART0017,2026-05-20,00:00:03,1357,56,241,1172,PAY009771,Delivered,16
ORD009772,CUST01207,REST0267,PART0029,2025-08-19,01:58:04,1184,36,30,1190,PAY009772,Delivered,67
ORD009773,CUST01758,REST0089,PART0143,2025-07-29,21:48:24,280,44,31,293,PAY009773,Delivered,85
ORD009774,CUST01527,REST0279,PART0105,2026-05-13,17:44:47,1129,27,52,1104,PAY009774,Delivered,75
ORD009775,CUST00654,REST0222,PART0062,2025-11-30,16:00:05,1315,73,178,1210,PAY009775,Delivered,16
ORD009776,CUST02153,REST0024,PART0053,2025-09-23,02:34:42,1523,72,215,1380,PAY009776,Delivered,32
ORD009777,CUST02315,REST0209,PART0112,2026-01-09,13:55:11,1624,46,288,1382,PAY009777,Delivered,64
ORD009778,CUST00280,REST0105,PART0117,2025-12-11,22:58:49,1329,22,295,1056,PAY009778,Delivered,51
ORD009779,CUST00857,REST0037,PART0114,2026-03-12,08:42:24,1864,40,558,1346,PAY009779,Cancelled,59
ORD009780,CUST02185,REST0090,PART0034,2026-02-06,18:24:22,587,63,11,639,PAY009780,Delivered,16
ORD009781,CUST00390,REST0067,PART0068,2025-09-01,15:02:31,1161,48,11,1198,PAY009781,Delivered,88
ORD009782,CUST02089,REST0272,PART0046,2026-04-12,13:43:02,1887,77,286,1678,PAY009782,Delivered,50
ORD009783,CUST00887,REST0181,PART0108,2026-03-03,01:09:36,1928,90,218,1800,PAY009783,Delivered,74
ORD009784,CUST02410,REST0010,PART0028,2026-02-04,15:13:31,213,80,8,285,PAY009784,Delivered,49
ORD009785,CUST01916,REST0089,PART0045,2026-01-15,21:25:29,607,55,35,627,PAY009785,Delayed,21
ORD009786,CUST00043,REST0014,PART0027,2026-02-19,07:13:01,1318,67,275,1110,PAY009786,Delivered,61
ORD009787,CUST02430,REST0259,PART0105,2025-08-08,14:21:32,1099,56,276,879,PAY009787,Delivered,31
ORD009788,CUST01720,REST0247,PART0063,2026-03-08,05:28:10,189,72,34,227,PAY009788,Delivered,67
ORD009789,CUST02443,REST0137,PART0017,2026-04-26,17:12:12,638,100,136,602,PAY009789,Delivered,62
ORD009790,CUST02133,REST0094,PART0016,2026-06-05,11:44:14,659,65,150,574,PAY009790,Delivered,32
ORD009791,CUST01615,REST0206,PART0095,2025-09-05,08:42:48,1446,25,35,1436,PAY009791,Delivered,28
ORD009792,CUST02016,REST0226,PART0041,2026-05-06,12:40:18,293,79,33,339,PAY009792,Delivered,46
ORD009793,CUST01715,REST0145,PART0113,2026-01-17,21:12:13,578,75,100,553,PAY009793,Delivered,82
ORD009794,CUST00032,REST0112,PART0062,2025-07-18,20:29:15,1445,75,171,1349,PAY009794,Delivered,60
ORD009795,CUST00193,REST0053,PART0083,2025-10-29,18:03:07,695,69,129,635,PAY009795,Delivered,32
ORD009796,CUST00155,REST0202,PART0009,2025-12-03,10:25:51,1778,71,357,1492,PAY009796,Cancelled,46
ORD009797,CUST01406,REST0210,PART0052,2025-09-04,15:23:27,1840,66,513,1393,PAY009797,Cancelled,68
ORD009798,CUST02491,REST0133,PART0087,2025-10-15,12:14:35,1823,42,125,1740,PAY009798,Cancelled,77
ORD009799,CUST01015,REST0298,PART0128,2026-06-09,06:59:13,1478,52,111,1419,PAY009799,Delivered,23
ORD009800,CUST00153,REST0224,PART0031,2026-01-31,23:00:11,651,72,56,667,PAY009800,Cancelled,43
ORD009801,CUST00489,REST0259,PART0122,2026-02-05,19:45:58,1471,27,202,1296,PAY009801,Delivered,83
ORD009802,CUST01908,REST0034,PART0106,2026-02-17,20:54:34,1462,30,281,1211,PAY009802,Delivered,64
ORD009803,CUST00360,REST0029,PART0085,2026-06-13,20:30:58,1317,45,136,1226,PAY009803,Delivered,58
ORD009804,CUST00525,REST0231,PART0071,2026-05-10,02:37:08,1148,41,135,1054,PAY009804,Delivered,31
ORD009805,CUST02100,REST0152,PART0046,2025-11-28,12:20:05,1460,76,418,1118,PAY009805,Delivered,74
ORD009806,CUST00787,REST0225,PART0088,2025-12-19,10:30:29,1710,78,64,1724,PAY009806,Delivered,66
ORD009807,CUST00461,REST0135,PART0057,2025-09-17,11:06:00,1290,73,225,1138,PAY009807,Delivered,67
ORD009808,CUST01537,REST0043,PART0119,2026-06-26,22:55:11,1240,93,118,1215,PAY009808,Delayed,55
ORD009809,CUST01956,REST0007,PART0016,2025-09-07,09:19:27,172,84,32,224,PAY009809,Delayed,34
ORD009810,CUST00701,REST0286,PART0029,2026-07-14,10:14:42,370,87,71,386,PAY009810,Delivered,65
ORD009811,CUST00966,REST0135,PART0075,2025-11-21,17:56:25,492,61,63,490,PAY009811,Delivered,23
ORD009812,CUST00137,REST0038,PART0058,2026-02-17,17:11:52,152,41,11,182,PAY009812,Delayed,87
ORD009813,CUST02350,REST0072,PART0039,2026-05-26,11:07:50,296,72,3,365,PAY009813,Delayed,82
ORD009814,CUST02446,REST0250,PART0045,2026-07-05,18:34:12,537,78,0,615,PAY009814,Delayed,68
ORD009815,CUST00802,REST0114,PART0014,2026-05-26,13:52:11,643,39,144,538,PAY009815,Cancelled,16
ORD009816,CUST00668,REST0062,PART0037,2026-05-13,13:19:23,498,89,82,505,PAY009816,Delivered,49
ORD009817,CUST00535,REST0139,PART0025,2025-12-29,12:27:20,233,69,17,285,PAY009817,Delayed,76
ORD009818,CUST00180,REST0012,PART0103,2025-12-24,19:58:03,1670,87,207,1550,PAY009818,Delivered,49
ORD009819,CUST00646,REST0129,PART0117,2025-08-07,21:49:54,1551,85,257,1379,PAY009819,Delivered,70
ORD009820,CUST00064,REST0090,PART0119,2025-11-19,05:55:59,201,41,37,205,PAY009820,Delivered,66
ORD009821,CUST00089,REST0138,PART0081,2026-06-16,19:10:35,1598,97,297,1398,PAY009821,Delivered,20
ORD009822,CUST01773,REST0068,PART0118,2026-05-12,09:58:48,531,22,43,510,PAY009822,Delivered,85
ORD009823,CUST00661,REST0170,PART0055,2026-02-27,21:01:54,1829,99,502,1426,PAY009823,Delivered,88
ORD009824,CUST01296,REST0116,PART0114,2026-01-28,22:08:58,537,82,74,545,PAY009824,Delivered,49
ORD009825,CUST02222,REST0137,PART0010,2025-12-24,14:39:02,303,43,49,297,PAY009825,Delivered,83
ORD009826,CUST00585,REST0005,PART0106,2026-05-19,22:31:19,1002,57,101,958,PAY009826,Delivered,57
ORD009827,CUST01080,REST0266,PART0062,2026-05-05,04:17:03,614,35,37,612,PAY009827,Cancelled,83
ORD009828,CUST01296,REST0156,PART0087,2026-01-06,22:02:32,1396,26,199,1223,PAY009828,Delivered,72
ORD009829,CUST01347,REST0140,PART0031,2026-02-10,12:50:34,689,91,189,591,PAY009829,Delivered,42
ORD009830,CUST00295,REST0214,PART0047,2026-01-03,23:24:30,627,75,97,605,PAY009830,Cancelled,62
ORD009831,CUST02447,REST0237,PART0056,2025-11-01,19:16:32,215,90,8,297,PAY009831,Delivered,39
ORD009832,CUST00594,REST0008,PART0065,2025-11-09,05:24:47,1409,58,170,1297,PAY009832,Delivered,60
ORD009833,CUST00244,REST0182,PART0043,2026-06-16,05:44:18,723,38,167,594,PAY009833,Delivered,67
ORD009834,CUST02092,REST0007,PART0116,2025-09-19,07:50:33,563,86,165,484,PAY009834,Delayed,63
ORD009835,CUST02246,REST0244,PART0099,2025-09-07,22:05:13,659,35,161,533,PAY009835,Cancelled,44
ORD009836,CUST00702,REST0071,PART0003,2026-01-23,14:11:57,1619,25,12,1632,PAY009836,Delivered,35
ORD009837,CUST02397,REST0185,PART0027,2026-04-16,11:08:10,1726,78,428,1376,PAY009837,Cancelled,35
ORD009838,CUST00118,REST0082,PART0124,2025-11-24,11:09:35,1878,60,500,1438,PAY009838,Delivered,39
ORD009839,CUST00241,REST0028,PART0003,2026-01-30,09:16:42,1728,49,187,1590,PAY009839,Delivered,19
ORD009840,CUST00449,REST0032,PART0144,2025-11-24,05:31:08,1353,21,45,1329,PAY009840,Delivered,21
ORD009841,CUST00690,REST0058,PART0001,2026-04-29,22:33:57,1311,42,286,1067,PAY009841,Delayed,40
ORD009842,CUST02096,REST0054,PART0086,2026-06-28,02:44:55,1877,87,492,1472,PAY009842,Delayed,29
ORD009843,CUST02378,REST0083,PART0109,2026-04-02,04:15:27,365,79,64,380,PAY009843,Delivered,61
ORD009844,CUST00722,REST0145,PART0036,2025-11-01,19:58:51,263,30,50,243,PAY009844,Delivered,60
ORD009845,CUST01976,REST0026,PART0147,2026-02-11,11:32:04,904,48,261,691,PAY009845,Delivered,76
ORD009846,CUST01240,REST0082,PART0045,2026-03-18,18:03:56,332,60,84,308,PAY009846,Cancelled,21
ORD009847,CUST02131,REST0117,PART0121,2025-11-25,02:29:55,1505,45,70,1480,PAY009847,Cancelled,23
ORD009848,CUST01043,REST0208,PART0055,2026-04-26,20:48:04,1137,62,159,1040,PAY009848,Delivered,38
ORD009849,CUST01606,REST0208,PART0015,2026-03-01,17:20:35,1878,39,298,1619,PAY009849,Delivered,54
ORD009850,CUST02092,REST0137,PART0040,2025-12-27,02:47:14,521,96,65,552,PAY009850,Delivered,38
ORD009851,CUST00060,REST0055,PART0075,2025-12-04,11:48:45,1865,98,23,1940,PAY009851,Delayed,43
ORD009852,CUST00249,REST0227,PART0007,2026-05-21,14:39:53,231,28,55,204,PAY009852,Delivered,70
ORD009853,CUST01001,REST0006,PART0042,2026-06-17,20:53:40,1479,25,130,1374,PAY009853,Delivered,49
ORD009854,CUST00129,REST0258,PART0004,2025-11-16,11:29:47,1411,47,178,1280,PAY009854,Delivered,62
ORD009855,CUST00904,REST0180,PART0128,2026-05-18,02:49:42,1871,42,209,1704,PAY009855,Delivered,51
ORD009856,CUST00962,REST0129,PART0046,2026-04-19,00:24:54,879,35,62,852,PAY009856,Delivered,84
ORD009857,CUST01145,REST0227,PART0062,2026-06-08,01:51:07,380,66,10,436,PAY009857,Delivered,87
ORD009858,CUST01902,REST0297,PART0149,2026-03-11,13:24:15,169,61,14,216,PAY009858,Delivered,87
ORD009859,CUST01372,REST0254,PART0039,2025-11-05,02:27:02,1620,64,337,1347,PAY009859,Delivered,85
ORD009860,CUST00408,REST0268,PART0027,2025-09-23,06:46:33,942,90,154,878,PAY009860,Delivered,69
ORD009861,CUST01589,REST0059,PART0051,2026-01-27,05:03:41,1632,91,95,1628,PAY009861,Delivered,65
ORD009862,CUST01196,REST0061,PART0148,2025-09-04,07:11:51,683,49,162,570,PAY009862,Delivered,25
ORD009863,CUST02351,REST0164,PART0145,2025-11-11,12:19:35,1523,100,101,1522,PAY009863,Delivered,44
ORD009864,CUST01091,REST0015,PART0086,2026-03-11,20:15:07,1363,66,156,1273,PAY009864,Cancelled,55
ORD009865,CUST02269,REST0094,PART0114,2026-07-04,20:08:36,634,37,22,649,PAY009865,Delivered,17
ORD009866,CUST01759,REST0284,PART0108,2025-08-31,07:45:45,1912,70,142,1840,PAY009866,Delivered,27
ORD009867,CUST01934,REST0215,PART0010,2025-08-17,11:12:06,1293,58,152,1199,PAY009867,Cancelled,77
ORD009868,CUST02306,REST0198,PART0041,2026-05-27,18:04:31,1191,94,269,1016,PAY009868,Delivered,81
ORD009869,CUST00949,REST0102,PART0142,2026-04-11,10:42:00,1170,57,111,1116,PAY009869,Delivered,81
ORD009870,CUST02278,REST0263,PART0015,2025-12-29,12:02:27,1829,39,327,1541,PAY009870,Delivered,54
ORD009871,CUST00663,REST0183,PART0043,2025-11-22,07:00:13,1493,70,354,1209,PAY009871,Delivered,60
ORD009872,CUST01014,REST0058,PART0084,2025-07-26,02:29:50,1955,91,30,2016,PAY009872,Cancelled,43
ORD009873,CUST00869,REST0183,PART0034,2025-09-07,02:34:17,282,44,9,317,PAY009873,Cancelled,23
ORD009874,CUST00312,REST0231,PART0069,2026-07-13,10:00:59,833,81,86,828,PAY009874,Delivered,45
ORD009875,CUST01682,REST0066,PART0021,2026-06-11,17:48:33,1392,43,322,1113,PAY009875,Delivered,90
ORD009876,CUST01223,REST0187,PART0116,2025-07-18,16:06:59,1734,51,107,1678,PAY009876,Cancelled,38
ORD009877,CUST02107,REST0218,PART0101,2026-06-23,23:11:41,767,43,82,728,PAY009877,Delivered,15
ORD009878,CUST00422,REST0062,PART0109,2025-07-31,13:02:49,1317,53,205,1165,PAY009878,Delayed,15
ORD009879,CUST01220,REST0173,PART0041,2025-08-01,21:24:55,384,22,62,344,PAY009879,Delivered,60
ORD009880,CUST00483,REST0169,PART0011,2025-09-14,19:17:14,1459,89,206,1342,PAY009880,Delivered,82
ORD009881,CUST00201,REST0276,PART0005,2026-05-23,13:26:44,818,34,23,829,PAY009881,Delayed,39
ORD009882,CUST01211,REST0245,PART0024,2025-11-12,09:45:35,971,34,177,828,PAY009882,Delivered,22
ORD009883,CUST00249,REST0127,PART0119,2025-12-07,21:46:37,1098,88,238,948,PAY009883,Cancelled,28
ORD009884,CUST00548,REST0234,PART0020,2026-03-21,11:14:30,330,94,39,385,PAY009884,Cancelled,20
ORD009885,CUST00038,REST0223,PART0054,2025-10-13,09:34:15,1007,69,220,856,PAY009885,Delayed,34
ORD009886,CUST02146,REST0286,PART0017,2026-02-28,22:47:45,1589,80,317,1352,PAY009886,Cancelled,59
ORD009887,CUST02344,REST0174,PART0083,2026-03-24,15:26:18,1027,27,201,853,PAY009887,Delivered,90
ORD009888,CUST00728,REST0137,PART0047,2026-06-22,09:08:43,1811,33,338,1506,PAY009888,Delivered,75
ORD009889,CUST00126,REST0053,PART0097,2025-10-14,09:01:24,1513,27,311,1229,PAY009889,Delayed,28
ORD009890,CUST01050,REST0143,PART0057,2025-08-13,11:51:14,553,100,100,553,PAY009890,Delivered,23
ORD009891,CUST00107,REST0128,PART0002,2025-10-16,01:23:51,486,48,3,531,PAY009891,Delivered,18
ORD009892,CUST00699,REST0023,PART0135,2025-09-05,03:59:33,1530,64,397,1197,PAY009892,Delivered,35
ORD009893,CUST01552,REST0263,PART0137,2026-03-22,19:43:43,790,20,221,589,PAY009893,Delivered,80
ORD009894,CUST00359,REST0149,PART0104,2026-06-21,23:29:21,1645,49,34,1660,PAY009894,Delivered,40
ORD009895,CUST02220,REST0131,PART0068,2026-06-01,22:58:06,993,83,208,868,PAY009895,Delivered,50
ORD009896,CUST02439,REST0035,PART0124,2026-06-24,04:43:55,1497,39,57,1479,PAY009896,Delayed,21
ORD009897,CUST02047,REST0278,PART0150,2026-06-02,10:42:03,452,38,28,462,PAY009897,Delivered,54
ORD009898,CUST00806,REST0078,PART0004,2025-08-30,04:30:24,1717,72,3,1786,PAY009898,Delivered,15
ORD009899,CUST00654,REST0059,PART0086,2026-05-22,15:55:14,1506,93,11,1588,PAY009899,Delivered,54
ORD009900,CUST00625,REST0260,PART0064,2025-11-19,20:08:00,870,97,159,808,PAY009900,Cancelled,89
ORD009901,CUST01374,REST0253,PART0004,2026-06-18,12:39:35,441,34,8,467,PAY009901,Delivered,25
ORD009902,CUST01150,REST0078,PART0051,2025-11-16,11:57:33,1551,53,345,1259,PAY009902,Delivered,65
ORD009903,CUST01701,REST0251,PART0061,2025-08-12,03:10:46,1581,38,163,1456,PAY009903,Cancelled,37
ORD009904,CUST00673,REST0128,PART0048,2025-10-05,03:41:53,401,77,13,465,PAY009904,Delivered,21
ORD009905,CUST01354,REST0157,PART0001,2025-07-18,09:42:19,1623,61,423,1261,PAY009905,Delivered,39
ORD009906,CUST02092,REST0277,PART0107,2025-11-19,01:28:21,619,68,183,504,PAY009906,Delayed,88
ORD009907,CUST00881,REST0015,PART0101,2025-11-25,06:10:01,722,90,14,798,PAY009907,Delayed,67
ORD009908,CUST00081,REST0014,PART0010,2026-01-18,20:38:55,1910,70,203,1777,PAY009908,Cancelled,46
ORD009909,CUST01841,REST0197,PART0021,2025-07-29,08:43:51,1463,62,212,1313,PAY009909,Delivered,44
ORD009910,CUST00947,REST0099,PART0071,2026-02-03,21:11:54,522,91,33,580,PAY009910,Cancelled,49
ORD009911,CUST00370,REST0158,PART0045,2025-10-03,12:03:37,1572,52,243,1381,PAY009911,Delivered,77
ORD009912,CUST00331,REST0099,PART0092,2026-03-19,05:40:27,1638,21,177,1482,PAY009912,Delayed,51
ORD009913,CUST00455,REST0218,PART0031,2026-03-19,01:49:38,745,92,223,614,PAY009913,Delayed,26
ORD009914,CUST00603,REST0164,PART0106,2025-12-28,13:26:36,456,87,65,478,PAY009914,Delivered,26
ORD009915,CUST00552,REST0207,PART0137,2026-02-16,23:51:23,958,42,123,877,PAY009915,Delivered,68
ORD009916,CUST01917,REST0245,PART0037,2026-04-28,21:53:46,902,31,98,835,PAY009916,Delivered,75
ORD009917,CUST01456,REST0186,PART0092,2025-09-24,23:32:38,1518,96,2,1612,PAY009917,Delivered,16
ORD009918,CUST00441,REST0008,PART0056,2026-04-07,02:26:43,727,86,52,761,PAY009918,Delivered,49
ORD009919,CUST00883,REST0030,PART0116,2025-08-24,05:18:08,989,96,136,949,PAY009919,Delivered,51
ORD009920,CUST02481,REST0243,PART0104,2025-11-03,12:01:12,1178,42,24,1196,PAY009920,Delivered,79
ORD009921,CUST02053,REST0265,PART0001,2025-11-11,00:24:09,447,79,131,395,PAY009921,Delivered,23
ORD009922,CUST00362,REST0027,PART0108,2025-11-03,16:14:48,450,71,90,431,PAY009922,Delivered,36
ORD009923,CUST00584,REST0014,PART0095,2026-06-11,18:49:30,1700,58,154,1604,PAY009923,Delivered,37
ORD009924,CUST01729,REST0173,PART0125,2026-02-03,02:45:47,1828,45,38,1835,PAY009924,Delivered,28
ORD009925,CUST00850,REST0112,PART0074,2026-02-05,01:12:24,1296,83,181,1198,PAY009925,Cancelled,79
ORD009926,CUST00805,REST0224,PART0015,2026-03-12,19:47:47,1731,22,75,1678,PAY009926,Delayed,54
ORD009927,CUST00531,REST0062,PART0071,2025-12-12,00:14:25,753,83,66,770,PAY009927,Delayed,37
ORD009928,CUST01859,REST0051,PART0144,2025-12-13,01:56:51,687,88,46,729,PAY009928,Delivered,90
ORD009929,CUST01877,REST0202,PART0150,2026-02-28,23:44:54,212,57,40,229,PAY009929,Delivered,37
ORD009930,CUST01460,REST0288,PART0077,2026-03-14,00:15:32,1307,74,80,1301,PAY009930,Delivered,75
ORD009931,CUST01925,REST0219,PART0094,2026-04-20,14:16:10,1135,39,59,1115,PAY009931,Delivered,22
ORD009932,CUST01098,REST0114,PART0023,2026-01-22,18:47:22,612,25,67,570,PAY009932,Delivered,74
ORD009933,CUST01013,REST0185,PART0013,2025-09-10,04:38:37,1881,27,402,1506,PAY009933,Delivered,76
ORD009934,CUST01176,REST0032,PART0120,2026-01-26,06:15:23,1948,25,455,1518,PAY009934,Delivered,46
ORD009935,CUST01338,REST0059,PART0007,2026-06-11,11:33:15,1314,82,111,1285,PAY009935,Delivered,89
ORD009936,CUST00862,REST0046,PART0134,2026-04-10,08:25:10,1997,94,204,1887,PAY009936,Delivered,68
ORD009937,CUST01323,REST0295,PART0017,2026-07-15,00:01:54,1875,50,536,1389,PAY009937,Delivered,47
ORD009938,CUST01542,REST0200,PART0060,2025-10-10,11:46:44,1417,51,201,1267,PAY009938,Delivered,89
ORD009939,CUST00205,REST0022,PART0150,2025-12-27,13:06:42,1537,90,294,1333,PAY009939,Delivered,30
ORD009940,CUST01954,REST0120,PART0042,2026-01-06,14:48:57,1582,20,454,1148,PAY009940,Delivered,27
ORD009941,CUST00508,REST0140,PART0017,2026-06-30,07:51:21,1360,100,181,1279,PAY009941,Delivered,77
ORD009942,CUST00132,REST0232,PART0023,2026-03-20,18:03:42,718,87,100,705,PAY009942,Delivered,73
ORD009943,CUST00075,REST0249,PART0093,2026-05-18,14:11:54,790,57,93,754,PAY009943,Delivered,65
ORD009944,CUST00109,REST0151,PART0126,2026-01-03,12:48:17,1497,74,280,1291,PAY009944,Delivered,78
ORD009945,CUST00779,REST0287,PART0137,2026-04-21,14:43:13,259,27,11,275,PAY009945,Delivered,61
ORD009946,CUST00294,REST0297,PART0024,2025-11-06,21:39:25,1060,89,235,914,PAY009946,Delivered,46
ORD009947,CUST01999,REST0029,PART0084,2026-03-23,00:20:36,533,28,30,531,PAY009947,Cancelled,89
ORD009948,CUST00437,REST0133,PART0122,2025-12-23,17:50:08,920,95,199,816,PAY009948,Delivered,89
ORD009949,CUST02089,REST0298,PART0036,2025-09-12,09:08:26,1520,92,101,1511,PAY009949,Delivered,65
ORD009950,CUST00926,REST0127,PART0096,2026-05-02,07:24:20,696,87,23,760,PAY009950,Delivered,31
ORD009951,CUST01142,REST0030,PART0008,2025-07-18,17:07:17,1516,65,377,1204,PAY009951,Delivered,59
ORD009952,CUST01267,REST0069,PART0028,2025-09-04,15:01:27,826,49,7,868,PAY009952,Delivered,51
ORD009953,CUST01679,REST0179,PART0030,2025-12-05,11:54:01,1829,30,428,1431,PAY009953,Delivered,86
ORD009954,CUST00101,REST0102,PART0102,2026-06-09,18:44:27,1955,95,260,1790,PAY009954,Delivered,48
ORD009955,CUST01775,REST0260,PART0125,2026-02-01,08:52:00,435,94,23,506,PAY009955,Delivered,86
ORD009956,CUST00648,REST0063,PART0005,2026-04-29,03:25:35,584,43,97,530,PAY009956,Delivered,17
ORD009957,CUST02082,REST0137,PART0122,2026-04-15,12:36:18,1523,89,172,1440,PAY009957,Delivered,31
ORD009958,CUST00412,REST0165,PART0045,2025-09-19,08:57:09,395,62,47,410,PAY009958,Delivered,28
ORD009959,CUST00581,REST0110,PART0008,2026-07-08,05:44:24,1233,44,208,1069,PAY009959,Delivered,83
ORD009960,CUST01631,REST0009,PART0124,2025-12-06,11:34:37,1720,79,144,1655,PAY009960,Delivered,70
ORD009961,CUST00206,REST0159,PART0067,2025-11-05,01:20:17,406,55,16,445,PAY009961,Delivered,24
ORD009962,CUST00246,REST0242,PART0040,2025-10-05,11:13:07,957,89,69,977,PAY009962,Delivered,76
ORD009963,CUST02331,REST0151,PART0147,2025-08-12,06:26:51,1315,99,325,1089,PAY009963,Delivered,50
ORD009964,CUST02136,REST0296,PART0045,2026-02-05,10:51:39,1781,35,528,1288,PAY009964,Delayed,64
ORD009965,CUST01562,REST0231,PART0065,2025-10-09,01:47:15,521,93,58,556,PAY009965,Cancelled,22
ORD009966,CUST00676,REST0092,PART0150,2026-05-25,00:31:19,989,24,15,998,PAY009966,Delivered,58
ORD009967,CUST02419,REST0099,PART0089,2026-05-28,04:47:17,200,48,19,229,PAY009967,Delayed,62
ORD009968,CUST01593,REST0031,PART0123,2025-09-21,09:05:36,703,35,121,617,PAY009968,Cancelled,81
ORD009969,CUST00996,REST0215,PART0142,2026-04-17,00:46:59,1123,96,311,908,PAY009969,Delivered,30
ORD009970,CUST02401,REST0272,PART0079,2026-02-12,06:19:05,883,43,22,904,PAY009970,Delivered,63
ORD009971,CUST01916,REST0132,PART0027,2026-05-25,22:22:23,732,82,113,701,PAY009971,Delivered,59
ORD009972,CUST00804,REST0112,PART0078,2026-05-29,06:46:53,1696,74,447,1323,PAY009972,Delivered,53
ORD009973,CUST00725,REST0284,PART0008,2025-08-26,08:29:23,1404,24,44,1384,PAY009973,Delivered,37
ORD009974,CUST02357,REST0133,PART0038,2026-04-28,11:33:36,285,58,25,318,PAY009974,Delivered,21
ORD009975,CUST00280,REST0172,PART0093,2025-09-06,04:12:23,679,84,14,749,PAY009975,Delivered,73
ORD009976,CUST01288,REST0070,PART0044,2025-09-28,04:40:10,266,64,49,281,PAY009976,Delivered,73
ORD009977,CUST01718,REST0282,PART0005,2026-06-06,01:01:59,1388,37,383,1042,PAY009977,Delivered,74
ORD009978,CUST01874,REST0003,PART0132,2025-08-09,16:12:27,222,26,49,199,PAY009978,Delivered,45
ORD009979,CUST02160,REST0005,PART0110,2025-09-03,06:57:02,1973,86,540,1519,PAY009979,Delivered,87
ORD009980,CUST00527,REST0260,PART0124,2025-10-01,23:36:53,632,45,135,542,PAY009980,Cancelled,80
ORD009981,CUST00746,REST0286,PART0138,2026-03-08,19:31:12,459,45,86,418,PAY009981,Cancelled,28
ORD009982,CUST02481,REST0087,PART0130,2025-09-09,20:37:48,539,75,152,462,PAY009982,Delivered,78
ORD009983,CUST00736,REST0108,PART0149,2026-06-22,11:32:03,1593,23,12,1604,PAY009983,Delivered,75
ORD009984,CUST00906,REST0035,PART0054,2026-06-07,22:02:13,1859,22,275,1606,PAY009984,Cancelled,52
ORD009985,CUST02171,REST0263,PART0130,2026-03-23,19:00:22,279,72,26,325,PAY009985,Delivered,46
ORD009986,CUST01812,REST0059,PART0011,2025-07-18,23:49:20,1182,98,312,968,PAY009986,Delivered,62
ORD009987,CUST02236,REST0040,PART0030,2026-03-16,17:02:05,808,53,176,685,PAY009987,Delivered,24
ORD009988,CUST00370,REST0210,PART0112,2025-11-11,15:22:52,178,98,35,241,PAY009988,Delivered,16
ORD009989,CUST02470,REST0056,PART0031,2026-03-15,14:31:33,1316,90,335,1071,PAY009989,Delivered,34
ORD009990,CUST00404,REST0137,PART0061,2025-08-21,04:55:28,378,58,61,375,PAY009990,Delivered,85
ORD009991,CUST01389,REST0146,PART0008,2025-08-08,03:34:02,216,33,11,238,PAY009991,Cancelled,40
ORD009992,CUST00225,REST0032,PART0118,2025-12-09,17:08:37,1404,74,298,1180,PAY009992,Delivered,20
ORD009993,CUST01755,REST0069,PART0126,2026-04-28,23:12:49,792,46,4,834,PAY009993,Delivered,72
ORD009994,CUST02118,REST0211,PART0138,2025-07-19,09:25:40,1281,73,299,1055,PAY009994,Delivered,40
ORD009995,CUST01730,REST0091,PART0104,2026-06-25,03:05:01,377,76,63,390,PAY009995,Delivered,21
ORD009996,CUST00597,REST0246,PART0079,2025-08-20,03:15:49,1528,52,375,1205,PAY009996,Delivered,62
ORD009997,CUST01645,REST0214,PART0141,2026-02-03,00:43:38,1112,96,190,1018,PAY009997,Delivered,36
ORD009998,CUST02474,REST0074,PART0144,2025-10-19,07:00:47,1803,27,412,1418,PAY009998,Delivered,17
ORD009999,CUST01530,REST0285,PART0138,2025-12-24,13:18:08,392,77,78,391,PAY009999,Delivered,42
ORD010000,CUST00210,REST0014,PART0056,2025-10-26,03:26:50,635,48,87,596,PAY010000,Delivered,71
