payment_id,order_id,payment_method,payment_status
PAY000001,ORD000001,UPI,Refunded
PAY000002,ORD000002,Cash,Success
PAY000003,ORD000003,Credit Card,Success
PAY000004,ORD000004,Debit Card,Success
PAY000005,ORD000005,UPI,Success
PAY000006,ORD000006,Credit Card,Refunded
PAY000007,ORD000007,Credit Card,Failed
PAY000008,ORD000008,UPI,Success
PAY000009,ORD000009,Debit Card,Success
PAY000010,ORD000010,Cash,Success
PAY000011,ORD000011,UPI,Success
PAY000012,ORD000012,Debit Card,Success
PAY000013,ORD000013,UPI,Success
PAY000014,ORD000014,Wallet,Success
PAY000015,ORD000015,Cash,Success
PAY000016,ORD000016,Credit Card,Success
PAY000017,ORD000017,Wallet,Success
PAY000018,ORD000018,Wallet,Refunded
PAY000019,ORD000019,Cash,Refunded
PAY000020,ORD000020,Cash,Success
PAY000021,ORD000021,Cash,Success
PAY000022,ORD000022,Credit Card,Success
PAY000023,ORD000023,Wallet,Failed
PAY000024,ORD000024,Debit Card,Success
PAY000025,ORD000025,Debit Card,Success
PAY000026,ORD000026,Credit Card,Success
PAY000027,ORD000027,Debit Card,Success
PAY000028,ORD000028,Debit Card,Success
PAY000029,ORD000029,Debit Card,Failed
PAY000030,ORD000030,Wallet,Success
PAY000031,ORD000031,Credit Card,Success
PAY000032,ORD000032,Wallet,Success
PAY000033,ORD000033,Debit Card,Failed
PAY000034,ORD000034,Debit Card,Success
PAY000035,ORD000035,Debit Card,Success
PAY000036,ORD000036,Cash,Refunded
PAY000037,ORD000037,Cash,Refunded
PAY000038,ORD000038,Debit Card,Success
PAY000039,ORD000039,Cash,Success
PAY000040,ORD000040,Cash,Success
PAY000041,ORD000041,Cash,Success
PAY000042,ORD000042,Cash,Success
PAY000043,ORD000043,Debit Card,Failed
PAY000044,ORD000044,Cash,Success
PAY000045,ORD000045,Credit Card,Success
PAY000046,ORD000046,Wallet,Success
PAY000047,ORD000047,Credit Card,Success
PAY000048,ORD000048,Debit Card,Success
PAY000049,ORD000049,Debit Card,Success
PAY000050,ORD000050,Cash,Success
PAY000051,ORD000051,Credit Card,Success
PAY000052,ORD000052,Debit Card,Success
PAY000053,ORD000053,UPI,Success
PAY000054,ORD000054,Wallet,Success
PAY000055,ORD000055,Debit Card,Failed
PAY000056,ORD000056,Debit Card,Success
PAY000057,ORD000057,Credit Card,Success
PAY000058,ORD000058,Credit Card,Success
PAY000059,ORD000059,UPI,Failed
PAY000060,ORD000060,Credit Card,Refunded
PAY000061,ORD000061,Credit Card,Success
PAY000062,ORD000062,UPI,Refunded
PAY000063,ORD000063,Cash,Success
PAY000064,ORD000064,Cash,Success
PAY000065,ORD000065,Wallet,Failed
PAY000066,ORD000066,Debit Card,Success
PAY000067,ORD000067,Cash,Success
PAY000068,ORD000068,Credit Card,Failed
PAY000069,ORD000069,Debit Card,Failed
PAY000070,ORD000070,Debit Card,Success
PAY000071,ORD000071,Cash,Success
PAY000072,ORD000072,Wallet,Success
PAY000073,ORD000073,Cash,Success
PAY000074,ORD000074,Credit Card,Success
PAY000075,ORD000075,Debit Card,Refunded
PAY000076,ORD000076,Credit Card,Success
PAY000077,ORD000077,Cash,Success
PAY000078,ORD000078,UPI,Success
PAY000079,ORD000079,UPI,Success
PAY000080,ORD000080,Wallet,Success
PAY000081,ORD000081,Wallet,Success
PAY000082,ORD000082,Debit Card,Success
PAY000083,ORD000083,Credit Card,Success
PAY000084,ORD000084,Credit Card,Success
PAY000085,ORD000085,Cash,Success
PAY000086,ORD000086,Cash,Success
PAY000087,ORD000087,UPI,Success
PAY000088,ORD000088,Cash,Success
PAY000089,ORD000089,Debit Card,Success
PAY000090,ORD000090,Wallet,Success
PAY000091,ORD000091,Cash,Success
PAY000092,ORD000092,UPI,Success
PAY000093,ORD000093,Credit Card,Success
PAY000094,ORD000094,Cash,Success
PAY000095,ORD000095,Cash,Success
PAY000096,ORD000096,Wallet,Success
PAY000097,ORD000097,Debit Card,Success
PAY000098,ORD000098,Cash,Success
PAY000099,ORD000099,Cash,Failed
PAY000100,ORD000100,Credit Card,Success
PAY000101,ORD000101,Wallet,Success
PAY000102,ORD000102,UPI,Failed
PAY000103,ORD000103,Wallet,Success
PAY000104,ORD000104,Wallet,Success
PAY000105,ORD000105,UPI,Success
PAY000106,ORD000106,Wallet,Failed
PAY000107,ORD000107,UPI,Success
PAY000108,ORD000108,Debit Card,Success
PAY000109,ORD000109,Debit Card,Failed
PAY000110,ORD000110,Cash,Success
PAY000111,ORD000111,Debit Card,Success
PAY000112,ORD000112,Debit Card,Success
PAY000113,ORD000113,Debit Card,Success
PAY000114,ORD000114,Cash,Success
PAY000115,ORD000115,Credit Card,Success
PAY000116,ORD000116,Wallet,Success
PAY000117,ORD000117,UPI,Success
PAY000118,ORD000118,Wallet,Success
PAY000119,ORD000119,UPI,Success
PAY000120,ORD000120,UPI,Success
PAY000121,ORD000121,Credit Card,Success
PAY000122,ORD000122,Wallet,Failed
PAY000123,ORD000123,Credit Card,Success
PAY000124,ORD000124,Wallet,Success
PAY000125,ORD000125,Wallet,Success
PAY000126,ORD000126,Cash,Success
PAY000127,ORD000127,Wallet,Success
PAY000128,ORD000128,Cash,Failed
PAY000129,ORD000129,Cash,Failed
PAY000130,ORD000130,Cash,Success
PAY000131,ORD000131,Cash,Success
PAY000132,ORD000132,Wallet,Refunded
PAY000133,ORD000133,Cash,Refunded
PAY000134,ORD000134,UPI,Success
PAY000135,ORD000135,Wallet,Refunded
PAY000136,ORD000136,Debit Card,Success
PAY000137,ORD000137,Debit Card,Failed
PAY000138,ORD000138,UPI,Success
PAY000139,ORD000139,UPI,Success
PAY000140,ORD000140,Cash,Success
PAY000141,ORD000141,Debit Card,Success
PAY000142,ORD000142,Wallet,Success
PAY000143,ORD000143,Wallet,Success
PAY000144,ORD000144,UPI,Success
PAY000145,ORD000145,Cash,Refunded
PAY000146,ORD000146,Credit Card,Refunded
PAY000147,ORD000147,Debit Card,Success
PAY000148,ORD000148,Cash,Success
PAY000149,ORD000149,UPI,Success
PAY000150,ORD000150,Cash,Success
PAY000151,ORD000151,UPI,Success
PAY000152,ORD000152,Wallet,Success
PAY000153,ORD000153,Credit Card,Success
PAY000154,ORD000154,Credit Card,Success
PAY000155,ORD000155,Debit Card,Success
PAY000156,ORD000156,UPI,Success
PAY000157,ORD000157,Wallet,Success
PAY000158,ORD000158,Cash,Success
PAY000159,ORD000159,Wallet,Success
PAY000160,ORD000160,Cash,Success
PAY000161,ORD000161,Wallet,Success
PAY000162,ORD000162,Debit Card,Success
PAY000163,ORD000163,Debit Card,Success
PAY000164,ORD000164,Debit Card,Success
PAY000165,ORD000165,Wallet,Success
PAY000166,ORD000166,Credit Card,Success
PAY000167,ORD000167,Debit Card,Success
PAY000168,ORD000168,UPI,Success
PAY000169,ORD000169,UPI,Success
PAY000170,ORD000170,UPI,Success
PAY000171,ORD000171,Wallet,Success
PAY000172,ORD000172,Credit Card,Refunded
PAY000173,ORD000173,Wallet,Success
PAY000174,ORD000174,UPI,Success
PAY000175,ORD000175,UPI,Success
PAY000176,ORD000176,Wallet,Success
PAY000177,ORD000177,Cash,Success
PAY000178,ORD000178,Credit Card,Success
PAY000179,ORD000179,Cash,Success
PAY000180,ORD000180,Credit Card,Success
PAY000181,ORD000181,Cash,Success
PAY000182,ORD000182,UPI,Success
PAY000183,ORD000183,Credit Card,Success
PAY000184,ORD000184,UPI,Success
PAY000185,ORD000185,Debit Card,Success
PAY000186,ORD000186,Debit Card,Refunded
PAY000187,ORD000187,Cash,Success
PAY000188,ORD000188,Wallet,Success
PAY000189,ORD000189,Cash,Success
PAY000190,ORD000190,UPI,Success
PAY000191,ORD000191,Credit Card,Success
PAY000192,ORD000192,Wallet,Success
PAY000193,ORD000193,Cash,Success
PAY000194,ORD000194,Credit Card,Failed
PAY000195,ORD000195,Cash,Success
PAY000196,ORD000196,UPI,Success
PAY000197,ORD000197,UPI,Success
PAY000198,ORD000198,Cash,Success
PAY000199,ORD000199,Cash,Failed
PAY000200,ORD000200,Credit Card,Success
PAY000201,ORD000201,Debit Card,Success
PAY000202,ORD000202,Debit Card,Success
PAY000203,ORD000203,Wallet,Failed
PAY000204,ORD000204,Debit Card,Success
PAY000205,ORD000205,Debit Card,Success
PAY000206,ORD000206,Cash,Success
PAY000207,ORD000207,Wallet,Success
PAY000208,ORD000208,Wallet,Success
PAY000209,ORD000209,Debit Card,Failed
PAY000210,ORD000210,UPI,Failed
PAY000211,ORD000211,Credit Card,Success
PAY000212,ORD000212,Cash,Success
PAY000213,ORD000213,UPI,Success
PAY000214,ORD000214,UPI,Refunded
PAY000215,ORD000215,Credit Card,Success
PAY000216,ORD000216,UPI,Success
PAY000217,ORD000217,UPI,Success
PAY000218,ORD000218,UPI,Refunded
PAY000219,ORD000219,Cash,Success
PAY000220,ORD000220,Debit Card,Success
PAY000221,ORD000221,Wallet,Success
PAY000222,ORD000222,Cash,Success
PAY000223,ORD000223,Debit Card,Success
PAY000224,ORD000224,Debit Card,Success
PAY000225,ORD000225,Wallet,Success
PAY000226,ORD000226,UPI,Success
PAY000227,ORD000227,Credit Card,Success
PAY000228,ORD000228,UPI,Success
PAY000229,ORD000229,Credit Card,Success
PAY000230,ORD000230,Cash,Success
PAY000231,ORD000231,Cash,Success
PAY000232,ORD000232,Debit Card,Success
PAY000233,ORD000233,Cash,Refunded
PAY000234,ORD000234,Credit Card,Success
PAY000235,ORD000235,Debit Card,Failed
PAY000236,ORD000236,Debit Card,Refunded
PAY000237,ORD000237,Cash,Success
PAY000238,ORD000238,UPI,Success
PAY000239,ORD000239,UPI,Success
PAY000240,ORD000240,Wallet,Success
PAY000241,ORD000241,Debit Card,Success
PAY000242,ORD000242,UPI,Success
PAY000243,ORD000243,Debit Card,Success
PAY000244,ORD000244,Debit Card,Success
PAY000245,ORD000245,Cash,Refunded
PAY000246,ORD000246,Cash,Success
PAY000247,ORD000247,UPI,Failed
PAY000248,ORD000248,Credit Card,Refunded
PAY000249,ORD000249,Cash,Refunded
PAY000250,ORD000250,Credit Card,Success
PAY000251,ORD000251,Cash,Refunded
PAY000252,ORD000252,Debit Card,Success
PAY000253,ORD000253,Cash,Success
PAY000254,ORD000254,Credit Card,Success
PAY000255,ORD000255,Wallet,Success
PAY000256,ORD000256,Debit Card,Failed
PAY000257,ORD000257,Cash,Success
PAY000258,ORD000258,UPI,Success
PAY000259,ORD000259,Cash,Success
PAY000260,ORD000260,Credit Card,Success
PAY000261,ORD000261,Cash,Success
PAY000262,ORD000262,UPI,Success
PAY000263,ORD000263,Cash,Refunded
PAY000264,ORD000264,Debit Card,Success
PAY000265,ORD000265,Cash,Success
PAY000266,ORD000266,Credit Card,Success
PAY000267,ORD000267,UPI,Success
PAY000268,ORD000268,Cash,Success
PAY000269,ORD000269,Credit Card,Success
PAY000270,ORD000270,Wallet,Success
PAY000271,ORD000271,UPI,Success
PAY000272,ORD000272,Wallet,Success
PAY000273,ORD000273,Credit Card,Success
PAY000274,ORD000274,Wallet,Success
PAY000275,ORD000275,Debit Card,Success
PAY000276,ORD000276,Wallet,Failed
PAY000277,ORD000277,UPI,Success
PAY000278,ORD000278,Credit Card,Success
PAY000279,ORD000279,Credit Card,Failed
PAY000280,ORD000280,Credit Card,Refunded
PAY000281,ORD000281,Debit Card,Refunded
PAY000282,ORD000282,Cash,Success
PAY000283,ORD000283,Debit Card,Success
PAY000284,ORD000284,Cash,Success
PAY000285,ORD000285,UPI,Refunded
PAY000286,ORD000286,Credit Card,Success
PAY000287,ORD000287,Debit Card,Success
PAY000288,ORD000288,Wallet,Success
PAY000289,ORD000289,Wallet,Success
PAY000290,ORD000290,Wallet,Success
PAY000291,ORD000291,Credit Card,Failed
PAY000292,ORD000292,Cash,Success
PAY000293,ORD000293,Credit Card,Failed
PAY000294,ORD000294,Credit Card,Success
PAY000295,ORD000295,Wallet,Success
PAY000296,ORD000296,Cash,Success
PAY000297,ORD000297,Debit Card,Success
PAY000298,ORD000298,UPI,Success
PAY000299,ORD000299,Wallet,Success
PAY000300,ORD000300,UPI,Failed
PAY000301,ORD000301,Cash,Success
PAY000302,ORD000302,Credit Card,Success
PAY000303,ORD000303,Debit Card,Success
PAY000304,ORD000304,UPI,Success
PAY000305,ORD000305,Cash,Success
PAY000306,ORD000306,Wallet,Success
PAY000307,ORD000307,UPI,Success
PAY000308,ORD000308,Debit Card,Success
PAY000309,ORD000309,Cash,Success
PAY000310,ORD000310,UPI,Success
PAY000311,ORD000311,Debit Card,Success
PAY000312,ORD000312,Debit Card,Success
PAY000313,ORD000313,Cash,Success
PAY000314,ORD000314,Debit Card,Success
PAY000315,ORD000315,UPI,Success
PAY000316,ORD000316,Debit Card,Success
PAY000317,ORD000317,Credit Card,Success
PAY000318,ORD000318,Wallet,Success
PAY000319,ORD000319,UPI,Success
PAY000320,ORD000320,Wallet,Success
PAY000321,ORD000321,UPI,Success
PAY000322,ORD000322,Debit Card,Success
PAY000323,ORD000323,Credit Card,Success
PAY000324,ORD000324,Cash,Success
PAY000325,ORD000325,Wallet,Success
PAY000326,ORD000326,Debit Card,Success
PAY000327,ORD000327,Debit Card,Success
PAY000328,ORD000328,Cash,Success
PAY000329,ORD000329,Credit Card,Success
PAY000330,ORD000330,Wallet,Success
PAY000331,ORD000331,UPI,Success
PAY000332,ORD000332,Wallet,Failed
PAY000333,ORD000333,Cash,Success
PAY000334,ORD000334,Wallet,Success
PAY000335,ORD000335,Wallet,Success
PAY000336,ORD000336,Cash,Success
PAY000337,ORD000337,UPI,Success
PAY000338,ORD000338,Cash,Success
PAY000339,ORD000339,Credit Card,Success
PAY000340,ORD000340,UPI,Success
PAY000341,ORD000341,Debit Card,Success
PAY000342,ORD000342,UPI,Success
PAY000343,ORD000343,UPI,Success
PAY000344,ORD000344,UPI,Success
PAY000345,ORD000345,UPI,Success
PAY000346,ORD000346,Wallet,Success
PAY000347,ORD000347,Debit Card,Refunded
PAY000348,ORD000348,Cash,Success
PAY000349,ORD000349,Cash,Success
PAY000350,ORD000350,Credit Card,Success
PAY000351,ORD000351,Cash,Success
PAY000352,ORD000352,Wallet,Success
PAY000353,ORD000353,Debit Card,Success
PAY000354,ORD000354,Cash,Refunded
PAY000355,ORD000355,Cash,Success
PAY000356,ORD000356,UPI,Success
PAY000357,ORD000357,UPI,Failed
PAY000358,ORD000358,Wallet,Success
PAY000359,ORD000359,UPI,Failed
PAY000360,ORD000360,Credit Card,Success
PAY000361,ORD000361,UPI,Success
PAY000362,ORD000362,Debit Card,Success
PAY000363,ORD000363,Cash,Success
PAY000364,ORD000364,UPI,Success
PAY000365,ORD000365,Wallet,Success
PAY000366,ORD000366,Credit Card,Success
PAY000367,ORD000367,Wallet,Success
PAY000368,ORD000368,Debit Card,Success
PAY000369,ORD000369,UPI,Success
PAY000370,ORD000370,Cash,Success
PAY000371,ORD000371,Credit Card,Refunded
PAY000372,ORD000372,Wallet,Success
PAY000373,ORD000373,Credit Card,Success
PAY000374,ORD000374,UPI,Success
PAY000375,ORD000375,Credit Card,Failed
PAY000376,ORD000376,Wallet,Refunded
PAY000377,ORD000377,UPI,Success
PAY000378,ORD000378,Debit Card,Failed
PAY000379,ORD000379,UPI,Success
PAY000380,ORD000380,Wallet,Success
PAY000381,ORD000381,Cash,Failed
PAY000382,ORD000382,Cash,Success
PAY000383,ORD000383,Debit Card,Success
PAY000384,ORD000384,Cash,Success
PAY000385,ORD000385,Credit Card,Success
PAY000386,ORD000386,Cash,Success
PAY000387,ORD000387,Debit Card,Success
PAY000388,ORD000388,Credit Card,Success
PAY000389,ORD000389,Debit Card,Success
PAY000390,ORD000390,Wallet,Success
PAY000391,ORD000391,Debit Card,Success
PAY000392,ORD000392,Cash,Success
PAY000393,ORD000393,Credit Card,Success
PAY000394,ORD000394,Cash,Failed
PAY000395,ORD000395,UPI,Success
PAY000396,ORD000396,UPI,Success
PAY000397,ORD000397,Debit Card,Success
PAY000398,ORD000398,Debit Card,Failed
PAY000399,ORD000399,Wallet,Success
PAY000400,ORD000400,Credit Card,Success
PAY000401,ORD000401,Cash,Success
PAY000402,ORD000402,Wallet,Success
PAY000403,ORD000403,Debit Card,Refunded
PAY000404,ORD000404,Credit Card,Success
PAY000405,ORD000405,Wallet,Success
PAY000406,ORD000406,Wallet,Success
PAY000407,ORD000407,Credit Card,Success
PAY000408,ORD000408,Debit Card,Success
PAY000409,ORD000409,Credit Card,Success
PAY000410,ORD000410,Credit Card,Success
PAY000411,ORD000411,Debit Card,Success
PAY000412,ORD000412,Debit Card,Failed
PAY000413,ORD000413,UPI,Success
PAY000414,ORD000414,Credit Card,Failed
PAY000415,ORD000415,UPI,Success
PAY000416,ORD000416,Wallet,Success
PAY000417,ORD000417,Credit Card,Success
PAY000418,ORD000418,Credit Card,Success
PAY000419,ORD000419,Cash,Failed
PAY000420,ORD000420,Wallet,Success
PAY000421,ORD000421,Credit Card,Success
PAY000422,ORD000422,UPI,Success
PAY000423,ORD000423,Debit Card,Failed
PAY000424,ORD000424,Debit Card,Success
PAY000425,ORD000425,UPI,Success
PAY000426,ORD000426,Cash,Failed
PAY000427,ORD000427,Debit Card,Failed
PAY000428,ORD000428,Debit Card,Success
PAY000429,ORD000429,Cash,Success
PAY000430,ORD000430,Credit Card,Success
PAY000431,ORD000431,Credit Card,Success
PAY000432,ORD000432,Credit Card,Success
PAY000433,ORD000433,Debit Card,Success
PAY000434,ORD000434,Debit Card,Success
PAY000435,ORD000435,Credit Card,Success
PAY000436,ORD000436,Wallet,Success
PAY000437,ORD000437,Cash,Success
PAY000438,ORD000438,Wallet,Failed
PAY000439,ORD000439,Credit Card,Success
PAY000440,ORD000440,Cash,Success
PAY000441,ORD000441,Wallet,Success
PAY000442,ORD000442,Wallet,Success
PAY000443,ORD000443,Cash,Success
PAY000444,ORD000444,Wallet,Success
PAY000445,ORD000445,Cash,Success
PAY000446,ORD000446,Credit Card,Success
PAY000447,ORD000447,Debit Card,Failed
PAY000448,ORD000448,Debit Card,Success
PAY000449,ORD000449,Credit Card,Success
PAY000450,ORD000450,Credit Card,Success
PAY000451,ORD000451,Credit Card,Success
PAY000452,ORD000452,UPI,Success
PAY000453,ORD000453,Wallet,Success
PAY000454,ORD000454,Wallet,Success
PAY000455,ORD000455,Debit Card,Failed
PAY000456,ORD000456,Wallet,Success
PAY000457,ORD000457,Credit Card,Success
PAY000458,ORD000458,Debit Card,Success
PAY000459,ORD000459,Wallet,Success
PAY000460,ORD000460,Credit Card,Success
PAY000461,ORD000461,Wallet,Success
PAY000462,ORD000462,Credit Card,Success
PAY000463,ORD000463,Debit Card,Success
PAY000464,ORD000464,Cash,Success
PAY000465,ORD000465,Wallet,Success
PAY000466,ORD000466,Credit Card,Success
PAY000467,ORD000467,Wallet,Failed
PAY000468,ORD000468,Debit Card,Failed
PAY000469,ORD000469,Cash,Success
PAY000470,ORD000470,Credit Card,Success
PAY000471,ORD000471,Credit Card,Refunded
PAY000472,ORD000472,Credit Card,Success
PAY000473,ORD000473,Cash,Success
PAY000474,ORD000474,Credit Card,Success
PAY000475,ORD000475,Debit Card,Success
PAY000476,ORD000476,Debit Card,Refunded
PAY000477,ORD000477,UPI,Success
PAY000478,ORD000478,Credit Card,Success
PAY000479,ORD000479,UPI,Success
PAY000480,ORD000480,UPI,Success
PAY000481,ORD000481,Cash,Success
PAY000482,ORD000482,Cash,Success
PAY000483,ORD000483,Cash,Success
PAY000484,ORD000484,UPI,Success
PAY000485,ORD000485,UPI,Success
PAY000486,ORD000486,Wallet,Success
PAY000487,ORD000487,Debit Card,Success
PAY000488,ORD000488,Credit Card,Success
PAY000489,ORD000489,Debit Card,Refunded
PAY000490,ORD000490,Wallet,Success
PAY000491,ORD000491,Wallet,Success
PAY000492,ORD000492,Wallet,Failed
PAY000493,ORD000493,Credit Card,Success
PAY000494,ORD000494,Debit Card,Success
PAY000495,ORD000495,Cash,Success
PAY000496,ORD000496,Wallet,Success
PAY000497,ORD000497,Cash,Failed
PAY000498,ORD000498,Debit Card,Refunded
PAY000499,ORD000499,UPI,Success
PAY000500,ORD000500,Debit Card,Success
PAY000501,ORD000501,UPI,Success
PAY000502,ORD000502,Wallet,Success
PAY000503,ORD000503,Cash,Success
PAY000504,ORD000504,UPI,Success
PAY000505,ORD000505,Wallet,Success
PAY000506,ORD000506,Wallet,Success
PAY000507,ORD000507,UPI,Success
PAY000508,ORD000508,UPI,Success
PAY000509,ORD000509,Debit Card,Success
PAY000510,ORD000510,Credit Card,Success
PAY000511,ORD000511,Cash,Success
PAY000512,ORD000512,Debit Card,Success
PAY000513,ORD000513,Credit Card,Success
PAY000514,ORD000514,UPI,Success
PAY000515,ORD000515,Cash,Success
PAY000516,ORD000516,UPI,Success
PAY000517,ORD000517,UPI,Success
PAY000518,ORD000518,Wallet,Success
PAY000519,ORD000519,UPI,Failed
PAY000520,ORD000520,Cash,Success
PAY000521,ORD000521,Debit Card,Success
PAY000522,ORD000522,Cash,Success
PAY000523,ORD000523,UPI,Success
PAY000524,ORD000524,Wallet,Success
PAY000525,ORD000525,Credit Card,Success
PAY000526,ORD000526,Cash,Refunded
PAY000527,ORD000527,Cash,Success
PAY000528,ORD000528,Credit Card,Success
PAY000529,ORD000529,Cash,Refunded
PAY000530,ORD000530,Cash,Success
PAY000531,ORD000531,Debit Card,Refunded
PAY000532,ORD000532,Credit Card,Success
PAY000533,ORD000533,Wallet,Failed
PAY000534,ORD000534,Credit Card,Success
PAY000535,ORD000535,Debit Card,Success
PAY000536,ORD000536,Credit Card,Success
PAY000537,ORD000537,Wallet,Refunded
PAY000538,ORD000538,UPI,Success
PAY000539,ORD000539,Debit Card,Failed
PAY000540,ORD000540,Credit Card,Failed
PAY000541,ORD000541,Cash,Success
PAY000542,ORD000542,Wallet,Success
PAY000543,ORD000543,UPI,Success
PAY000544,ORD000544,Cash,Success
PAY000545,ORD000545,UPI,Success
PAY000546,ORD000546,Credit Card,Success
PAY000547,ORD000547,UPI,Success
PAY000548,ORD000548,Credit Card,Success
PAY000549,ORD000549,Credit Card,Refunded
PAY000550,ORD000550,Credit Card,Success
PAY000551,ORD000551,Cash,Success
PAY000552,ORD000552,Wallet,Success
PAY000553,ORD000553,Debit Card,Failed
PAY000554,ORD000554,UPI,Refunded
PAY000555,ORD000555,Wallet,Success
PAY000556,ORD000556,Cash,Success
PAY000557,ORD000557,Wallet,Success
PAY000558,ORD000558,Credit Card,Success
PAY000559,ORD000559,Debit Card,Success
PAY000560,ORD000560,Credit Card,Success
PAY000561,ORD000561,Debit Card,Success
PAY000562,ORD000562,Cash,Success
PAY000563,ORD000563,Credit Card,Success
PAY000564,ORD000564,Cash,Refunded
PAY000565,ORD000565,UPI,Success
PAY000566,ORD000566,Credit Card,Success
PAY000567,ORD000567,Credit Card,Success
PAY000568,ORD000568,Debit Card,Success
PAY000569,ORD000569,UPI,Refunded
PAY000570,ORD000570,Wallet,Success
PAY000571,ORD000571,UPI,Success
PAY000572,ORD000572,Wallet,Success
PAY000573,ORD000573,Credit Card,Success
PAY000574,ORD000574,Cash,Success
PAY000575,ORD000575,UPI,Success
PAY000576,ORD000576,Cash,Success
PAY000577,ORD000577,Debit Card,Success
PAY000578,ORD000578,Wallet,Refunded
PAY000579,ORD000579,UPI,Failed
PAY000580,ORD000580,Debit Card,Refunded
PAY000581,ORD000581,Wallet,Success
PAY000582,ORD000582,Credit Card,Success
PAY000583,ORD000583,Debit Card,Success
PAY000584,ORD000584,Credit Card,Success
PAY000585,ORD000585,Cash,Success
PAY000586,ORD000586,Wallet,Success
PAY000587,ORD000587,Wallet,Failed
PAY000588,ORD000588,UPI,Success
PAY000589,ORD000589,Debit Card,Failed
PAY000590,ORD000590,UPI,Success
PAY000591,ORD000591,Wallet,Refunded
PAY000592,ORD000592,Cash,Success
PAY000593,ORD000593,Debit Card,Success
PAY000594,ORD000594,Credit Card,Success
PAY000595,ORD000595,Wallet,Success
PAY000596,ORD000596,Cash,Success
PAY000597,ORD000597,UPI,Success
PAY000598,ORD000598,Debit Card,Failed
PAY000599,ORD000599,Credit Card,Success
PAY000600,ORD000600,Debit Card,Success
PAY000601,ORD000601,Credit Card,Success
PAY000602,ORD000602,Wallet,Success
PAY000603,ORD000603,UPI,Failed
PAY000604,ORD000604,Cash,Success
PAY000605,ORD000605,UPI,Failed
PAY000606,ORD000606,Credit Card,Failed
PAY000607,ORD000607,Wallet,Success
PAY000608,ORD000608,Wallet,Success
PAY000609,ORD000609,Credit Card,Success
PAY000610,ORD000610,UPI,Success
PAY000611,ORD000611,Wallet,Refunded
PAY000612,ORD000612,Wallet,Success
PAY000613,ORD000613,UPI,Success
PAY000614,ORD000614,Wallet,Success
PAY000615,ORD000615,Debit Card,Failed
PAY000616,ORD000616,Credit Card,Failed
PAY000617,ORD000617,Wallet,Success
PAY000618,ORD000618,UPI,Success
PAY000619,ORD000619,Cash,Success
PAY000620,ORD000620,UPI,Success
PAY000621,ORD000621,UPI,Success
PAY000622,ORD000622,Debit Card,Success
PAY000623,ORD000623,UPI,Refunded
PAY000624,ORD000624,Credit Card,Success
PAY000625,ORD000625,Credit Card,Success
PAY000626,ORD000626,UPI,Success
PAY000627,ORD000627,Debit Card,Success
PAY000628,ORD000628,Wallet,Success
PAY000629,ORD000629,Wallet,Success
PAY000630,ORD000630,Wallet,Success
PAY000631,ORD000631,Wallet,Failed
PAY000632,ORD000632,Debit Card,Refunded
PAY000633,ORD000633,Cash,Success
PAY000634,ORD000634,Wallet,Success
PAY000635,ORD000635,Cash,Success
PAY000636,ORD000636,Cash,Success
PAY000637,ORD000637,UPI,Success
PAY000638,ORD000638,Debit Card,Refunded
PAY000639,ORD000639,Credit Card,Success
PAY000640,ORD000640,UPI,Success
PAY000641,ORD000641,UPI,Success
PAY000642,ORD000642,Wallet,Success
PAY000643,ORD000643,Debit Card,Success
PAY000644,ORD000644,UPI,Success
PAY000645,ORD000645,Cash,Failed
PAY000646,ORD000646,UPI,Success
PAY000647,ORD000647,Wallet,Success
PAY000648,ORD000648,Cash,Success
PAY000649,ORD000649,Wallet,Refunded
PAY000650,ORD000650,Cash,Success
PAY000651,ORD000651,Wallet,Success
PAY000652,ORD000652,Wallet,Success
PAY000653,ORD000653,Debit Card,Refunded
PAY000654,ORD000654,Credit Card,Success
PAY000655,ORD000655,UPI,Success
PAY000656,ORD000656,Credit Card,Failed
PAY000657,ORD000657,UPI,Success
PAY000658,ORD000658,Wallet,Success
PAY000659,ORD000659,Wallet,Success
PAY000660,ORD000660,Debit Card,Success
PAY000661,ORD000661,UPI,Success
PAY000662,ORD000662,Wallet,Success
PAY000663,ORD000663,Wallet,Success
PAY000664,ORD000664,Debit Card,Success
PAY000665,ORD000665,Credit Card,Success
PAY000666,ORD000666,Wallet,Success
PAY000667,ORD000667,Credit Card,Success
PAY000668,ORD000668,Cash,Success
PAY000669,ORD000669,Cash,Success
PAY000670,ORD000670,Credit Card,Success
PAY000671,ORD000671,UPI,Success
PAY000672,ORD000672,UPI,Success
PAY000673,ORD000673,UPI,Refunded
PAY000674,ORD000674,Debit Card,Success
PAY000675,ORD000675,Cash,Success
PAY000676,ORD000676,Cash,Success
PAY000677,ORD000677,UPI,Success
PAY000678,ORD000678,Cash,Success
PAY000679,ORD000679,Debit Card,Success
PAY000680,ORD000680,Wallet,Success
PAY000681,ORD000681,Cash,Success
PAY000682,ORD000682,Credit Card,Refunded
PAY000683,ORD000683,UPI,Success
PAY000684,ORD000684,Debit Card,Success
PAY000685,ORD000685,Debit Card,Success
PAY000686,ORD000686,Cash,Success
PAY000687,ORD000687,Wallet,Success
PAY000688,ORD000688,Debit Card,Failed
PAY000689,ORD000689,Debit Card,Success
PAY000690,ORD000690,Debit Card,Success
PAY000691,ORD000691,Cash,Success
PAY000692,ORD000692,Credit Card,Success
PAY000693,ORD000693,UPI,Success
PAY000694,ORD000694,Debit Card,Success
PAY000695,ORD000695,Wallet,Success
PAY000696,ORD000696,UPI,Success
PAY000697,ORD000697,UPI,Refunded
PAY000698,ORD000698,Wallet,Refunded
PAY000699,ORD000699,Debit Card,Success
PAY000700,ORD000700,UPI,Success
PAY000701,ORD000701,Credit Card,Success
PAY000702,ORD000702,Cash,Success
PAY000703,ORD000703,Debit Card,Refunded
PAY000704,ORD000704,UPI,Success
PAY000705,ORD000705,UPI,Success
PAY000706,ORD000706,Cash,Success
PAY000707,ORD000707,Wallet,Success
PAY000708,ORD000708,Cash,Success
PAY000709,ORD000709,UPI,Success
PAY000710,ORD000710,Wallet,Refunded
PAY000711,ORD000711,Wallet,Success
PAY000712,ORD000712,Credit Card,Success
PAY000713,ORD000713,UPI,Success
PAY000714,ORD000714,Debit Card,Refunded
PAY000715,ORD000715,Cash,Success
PAY000716,ORD000716,Wallet,Success
PAY000717,ORD000717,Credit Card,Success
PAY000718,ORD000718,UPI,Success
PAY000719,ORD000719,UPI,Success
PAY000720,ORD000720,UPI,Failed
PAY000721,ORD000721,UPI,Success
PAY000722,ORD000722,Wallet,Success
PAY000723,ORD000723,Credit Card,Refunded
PAY000724,ORD000724,UPI,Success
PAY000725,ORD000725,Credit Card,Failed
PAY000726,ORD000726,Wallet,Success
PAY000727,ORD000727,Credit Card,Success
PAY000728,ORD000728,Debit Card,Success
PAY000729,ORD000729,UPI,Success
PAY000730,ORD000730,Wallet,Success
PAY000731,ORD000731,Credit Card,Success
PAY000732,ORD000732,Wallet,Success
PAY000733,ORD000733,Credit Card,Success
PAY000734,ORD000734,Credit Card,Success
PAY000735,ORD000735,Credit Card,Success
PAY000736,ORD000736,Debit Card,Success
PAY000737,ORD000737,Debit Card,Success
PAY000738,ORD000738,UPI,Success
PAY000739,ORD000739,Debit Card,Success
PAY000740,ORD000740,Debit Card,Success
PAY000741,ORD000741,Cash,Refunded
PAY000742,ORD000742,Credit Card,Refunded
PAY000743,ORD000743,Credit Card,Success
PAY000744,ORD000744,UPI,Success
PAY000745,ORD000745,Credit Card,Success
PAY000746,ORD000746,Cash,Failed
PAY000747,ORD000747,Wallet,Success
PAY000748,ORD000748,Credit Card,Failed
PAY000749,ORD000749,Cash,Success
PAY000750,ORD000750,UPI,Success
PAY000751,ORD000751,UPI,Refunded
PAY000752,ORD000752,Credit Card,Refunded
PAY000753,ORD000753,UPI,Success
PAY000754,ORD000754,Debit Card,Success
PAY000755,ORD000755,Wallet,Success
PAY000756,ORD000756,UPI,Success
PAY000757,ORD000757,UPI,Success
PAY000758,ORD000758,Debit Card,Success
PAY000759,ORD000759,Credit Card,Success
PAY000760,ORD000760,Debit Card,Success
PAY000761,ORD000761,Credit Card,Failed
PAY000762,ORD000762,Credit Card,Success
PAY000763,ORD000763,Credit Card,Refunded
PAY000764,ORD000764,Debit Card,Success
PAY000765,ORD000765,UPI,Success
PAY000766,ORD000766,UPI,Failed
PAY000767,ORD000767,UPI,Success
PAY000768,ORD000768,Wallet,Success
PAY000769,ORD000769,Wallet,Success
PAY000770,ORD000770,Cash,Success
PAY000771,ORD000771,Credit Card,Success
PAY000772,ORD000772,Cash,Refunded
PAY000773,ORD000773,Wallet,Refunded
PAY000774,ORD000774,UPI,Success
PAY000775,ORD000775,Wallet,Success
PAY000776,ORD000776,Wallet,Success
PAY000777,ORD000777,Wallet,Success
PAY000778,ORD000778,Wallet,Success
PAY000779,ORD000779,Credit Card,Success
PAY000780,ORD000780,Cash,Success
PAY000781,ORD000781,Cash,Success
PAY000782,ORD000782,Credit Card,Success
PAY000783,ORD000783,Debit Card,Success
PAY000784,ORD000784,UPI,Success
PAY000785,ORD000785,Wallet,Success
PAY000786,ORD000786,Wallet,Success
PAY000787,ORD000787,Cash,Success
PAY000788,ORD000788,Wallet,Success
PAY000789,ORD000789,Wallet,Success
PAY000790,ORD000790,Credit Card,Refunded
PAY000791,ORD000791,Cash,Success
PAY000792,ORD000792,Cash,Success
PAY000793,ORD000793,UPI,Success
PAY000794,ORD000794,Cash,Success
PAY000795,ORD000795,Debit Card,Success
PAY000796,ORD000796,Cash,Failed
PAY000797,ORD000797,UPI,Refunded
PAY000798,ORD000798,UPI,Success
PAY000799,ORD000799,Wallet,Success
PAY000800,ORD000800,UPI,Failed
PAY000801,ORD000801,Wallet,Failed
PAY000802,ORD000802,UPI,Failed
PAY000803,ORD000803,UPI,Success
PAY000804,ORD000804,UPI,Success
PAY000805,ORD000805,Cash,Success
PAY000806,ORD000806,Cash,Failed
PAY000807,ORD000807,Debit Card,Success
PAY000808,ORD000808,Credit Card,Success
PAY000809,ORD000809,Debit Card,Success
PAY000810,ORD000810,Cash,Success
PAY000811,ORD000811,Credit Card,Success
PAY000812,ORD000812,Wallet,Success
PAY000813,ORD000813,Credit Card,Success
PAY000814,ORD000814,Credit Card,Refunded
PAY000815,ORD000815,Debit Card,Success
PAY000816,ORD000816,Cash,Success
PAY000817,ORD000817,UPI,Refunded
PAY000818,ORD000818,Debit Card,Success
PAY000819,ORD000819,Credit Card,Refunded
PAY000820,ORD000820,UPI,Success
PAY000821,ORD000821,Credit Card,Success
PAY000822,ORD000822,Wallet,Failed
PAY000823,ORD000823,Cash,Success
PAY000824,ORD000824,Credit Card,Success
PAY000825,ORD000825,Wallet,Success
PAY000826,ORD000826,Wallet,Success
PAY000827,ORD000827,Cash,Success
PAY000828,ORD000828,Debit Card,Success
PAY000829,ORD000829,Credit Card,Success
PAY000830,ORD000830,Cash,Refunded
PAY000831,ORD000831,Wallet,Success
PAY000832,ORD000832,Wallet,Success
PAY000833,ORD000833,UPI,Success
PAY000834,ORD000834,Debit Card,Success
PAY000835,ORD000835,UPI,Success
PAY000836,ORD000836,Debit Card,Success
PAY000837,ORD000837,Cash,Success
PAY000838,ORD000838,Wallet,Success
PAY000839,ORD000839,Wallet,Refunded
PAY000840,ORD000840,UPI,Success
PAY000841,ORD000841,Debit Card,Success
PAY000842,ORD000842,Wallet,Success
PAY000843,ORD000843,Cash,Success
PAY000844,ORD000844,Wallet,Success
PAY000845,ORD000845,Credit Card,Success
PAY000846,ORD000846,UPI,Success
PAY000847,ORD000847,Debit Card,Success
PAY000848,ORD000848,Cash,Success
PAY000849,ORD000849,Credit Card,Failed
PAY000850,ORD000850,Cash,Success
PAY000851,ORD000851,UPI,Success
PAY000852,ORD000852,UPI,Refunded
PAY000853,ORD000853,Wallet,Success
PAY000854,ORD000854,Debit Card,Success
PAY000855,ORD000855,Cash,Success
PAY000856,ORD000856,Debit Card,Success
PAY000857,ORD000857,Debit Card,Success
PAY000858,ORD000858,Debit Card,Success
PAY000859,ORD000859,Wallet,Success
PAY000860,ORD000860,Cash,Success
PAY000861,ORD000861,Debit Card,Failed
PAY000862,ORD000862,Debit Card,Success
PAY000863,ORD000863,Cash,Refunded
PAY000864,ORD000864,Debit Card,Success
PAY000865,ORD000865,Credit Card,Failed
PAY000866,ORD000866,Credit Card,Success
PAY000867,ORD000867,Debit Card,Success
PAY000868,ORD000868,Credit Card,Success
PAY000869,ORD000869,Wallet,Success
PAY000870,ORD000870,Cash,Success
PAY000871,ORD000871,UPI,Success
PAY000872,ORD000872,Credit Card,Failed
PAY000873,ORD000873,Debit Card,Success
PAY000874,ORD000874,Wallet,Success
PAY000875,ORD000875,Wallet,Success
PAY000876,ORD000876,UPI,Success
PAY000877,ORD000877,Cash,Success
PAY000878,ORD000878,Credit Card,Failed
PAY000879,ORD000879,Cash,Success
PAY000880,ORD000880,Credit Card,Success
PAY000881,ORD000881,Debit Card,Refunded
PAY000882,ORD000882,Credit Card,Failed
PAY000883,ORD000883,Debit Card,Success
PAY000884,ORD000884,Cash,Success
PAY000885,ORD000885,UPI,Success
PAY000886,ORD000886,UPI,Refunded
PAY000887,ORD000887,Credit Card,Success
PAY000888,ORD000888,UPI,Success
PAY000889,ORD000889,Cash,Success
PAY000890,ORD000890,Debit Card,Success
PAY000891,ORD000891,Credit Card,Success
PAY000892,ORD000892,Debit Card,Success
PAY000893,ORD000893,UPI,Success
PAY000894,ORD000894,UPI,Success
PAY000895,ORD000895,Debit Card,Success
PAY000896,ORD000896,UPI,Success
PAY000897,ORD000897,Wallet,Success
PAY000898,ORD000898,Credit Card,Success
PAY000899,ORD000899,UPI,Success
PAY000900,ORD000900,Credit Card,Success
PAY000901,ORD000901,Wallet,Success
PAY000902,ORD000902,Wallet,Success
PAY000903,ORD000903,Credit Card,Refunded
PAY000904,ORD000904,UPI,Success
PAY000905,ORD000905,Debit Card,Success
PAY000906,ORD000906,Credit Card,Success
PAY000907,ORD000907,UPI,Success
PAY000908,ORD000908,UPI,Success
PAY000909,ORD000909,Debit Card,Refunded
PAY000910,ORD000910,UPI,Refunded
PAY000911,ORD000911,UPI,Success
PAY000912,ORD000912,Cash,Success
PAY000913,ORD000913,Cash,Success
PAY000914,ORD000914,Wallet,Failed
PAY000915,ORD000915,Credit Card,Success
PAY000916,ORD000916,Wallet,Success
PAY000917,ORD000917,Wallet,Failed
PAY000918,ORD000918,Cash,Success
PAY000919,ORD000919,Debit Card,Success
PAY000920,ORD000920,UPI,Success
PAY000921,ORD000921,Wallet,Success
PAY000922,ORD000922,Credit Card,Success
PAY000923,ORD000923,Debit Card,Success
PAY000924,ORD000924,UPI,Refunded
PAY000925,ORD000925,Credit Card,Refunded
PAY000926,ORD000926,Debit Card,Success
PAY000927,ORD000927,UPI,Success
PAY000928,ORD000928,Debit Card,Success
PAY000929,ORD000929,Wallet,Success
PAY000930,ORD000930,Debit Card,Success
PAY000931,ORD000931,Cash,Success
PAY000932,ORD000932,UPI,Success
PAY000933,ORD000933,Debit Card,Success
PAY000934,ORD000934,UPI,Refunded
PAY000935,ORD000935,Debit Card,Success
PAY000936,ORD000936,UPI,Success
PAY000937,ORD000937,UPI,Success
PAY000938,ORD000938,Wallet,Failed
PAY000939,ORD000939,UPI,Failed
PAY000940,ORD000940,Wallet,Success
PAY000941,ORD000941,Credit Card,Success
PAY000942,ORD000942,Credit Card,Success
PAY000943,ORD000943,Wallet,Success
PAY000944,ORD000944,UPI,Success
PAY000945,ORD000945,Cash,Success
PAY000946,ORD000946,Cash,Success
PAY000947,ORD000947,Credit Card,Success
PAY000948,ORD000948,Credit Card,Success
PAY000949,ORD000949,Wallet,Success
PAY000950,ORD000950,Debit Card,Success
PAY000951,ORD000951,Wallet,Success
PAY000952,ORD000952,UPI,Success
PAY000953,ORD000953,Cash,Success
PAY000954,ORD000954,Wallet,Success
PAY000955,ORD000955,Wallet,Success
PAY000956,ORD000956,Credit Card,Refunded
PAY000957,ORD000957,Wallet,Success
PAY000958,ORD000958,UPI,Success
PAY000959,ORD000959,Cash,Success
PAY000960,ORD000960,UPI,Success
PAY000961,ORD000961,Debit Card,Success
PAY000962,ORD000962,Wallet,Refunded
PAY000963,ORD000963,UPI,Success
PAY000964,ORD000964,Credit Card,Success
PAY000965,ORD000965,Credit Card,Success
PAY000966,ORD000966,Wallet,Refunded
PAY000967,ORD000967,Wallet,Success
PAY000968,ORD000968,UPI,Failed
PAY000969,ORD000969,Credit Card,Success
PAY000970,ORD000970,UPI,Success
PAY000971,ORD000971,Wallet,Failed
PAY000972,ORD000972,Debit Card,Success
PAY000973,ORD000973,Cash,Success
PAY000974,ORD000974,Wallet,Success
PAY000975,ORD000975,Debit Card,Refunded
PAY000976,ORD000976,Cash,Refunded
PAY000977,ORD000977,Cash,Failed
PAY000978,ORD000978,Debit Card,Success
PAY000979,ORD000979,Wallet,Success
PAY000980,ORD000980,Debit Card,Refunded
PAY000981,ORD000981,Wallet,Success
PAY000982,ORD000982,Cash,Success
PAY000983,ORD000983,Cash,Refunded
PAY000984,ORD000984,Credit Card,Success
PAY000985,ORD000985,Wallet,Success
PAY000986,ORD000986,UPI,Success
PAY000987,ORD000987,Wallet,Success
PAY000988,ORD000988,Cash,Failed
PAY000989,ORD000989,UPI,Success
PAY000990,ORD000990,Debit Card,Success
PAY000991,ORD000991,Credit Card,Success
PAY000992,ORD000992,Debit Card,Success
PAY000993,ORD000993,Debit Card,Success
PAY000994,ORD000994,UPI,Success
PAY000995,ORD000995,Debit Card,Success
PAY000996,ORD000996,Credit Card,Refunded
PAY000997,ORD000997,Credit Card,Success
PAY000998,ORD000998,UPI,Failed
PAY000999,ORD000999,Cash,Success
PAY001000,ORD001000,Wallet,Success
PAY001001,ORD001001,Cash,Success
PAY001002,ORD001002,Credit Card,Success
PAY001003,ORD001003,Credit Card,Success
PAY001004,ORD001004,Wallet,Success
PAY001005,ORD001005,Credit Card,Refunded
PAY001006,ORD001006,Debit Card,Success
PAY001007,ORD001007,Debit Card,Success
PAY001008,ORD001008,Credit Card,Refunded
PAY001009,ORD001009,Cash,Success
PAY001010,ORD001010,Credit Card,Success
PAY001011,ORD001011,Wallet,Refunded
PAY001012,ORD001012,Debit Card,Success
PAY001013,ORD001013,Wallet,Success
PAY001014,ORD001014,UPI,Success
PAY001015,ORD001015,Wallet,Success
PAY001016,ORD001016,Debit Card,Success
PAY001017,ORD001017,Credit Card,Success
PAY001018,ORD001018,Wallet,Success
PAY001019,ORD001019,Wallet,Success
PAY001020,ORD001020,Wallet,Success
PAY001021,ORD001021,Cash,Failed
PAY001022,ORD001022,Debit Card,Success
PAY001023,ORD001023,Credit Card,Success
PAY001024,ORD001024,Wallet,Success
PAY001025,ORD001025,Cash,Success
PAY001026,ORD001026,Wallet,Success
PAY001027,ORD001027,UPI,Success
PAY001028,ORD001028,UPI,Success
PAY001029,ORD001029,UPI,Success
PAY001030,ORD001030,UPI,Success
PAY001031,ORD001031,UPI,Failed
PAY001032,ORD001032,UPI,Success
PAY001033,ORD001033,Wallet,Success
PAY001034,ORD001034,Debit Card,Success
PAY001035,ORD001035,Credit Card,Failed
PAY001036,ORD001036,Debit Card,Success
PAY001037,ORD001037,UPI,Success
PAY001038,ORD001038,UPI,Success
PAY001039,ORD001039,UPI,Success
PAY001040,ORD001040,Wallet,Failed
PAY001041,ORD001041,Wallet,Success
PAY001042,ORD001042,Wallet,Failed
PAY001043,ORD001043,UPI,Success
PAY001044,ORD001044,Wallet,Failed
PAY001045,ORD001045,UPI,Failed
PAY001046,ORD001046,Cash,Success
PAY001047,ORD001047,Cash,Success
PAY001048,ORD001048,Credit Card,Success
PAY001049,ORD001049,Cash,Success
PAY001050,ORD001050,Cash,Success
PAY001051,ORD001051,Credit Card,Success
PAY001052,ORD001052,Debit Card,Success
PAY001053,ORD001053,Wallet,Success
PAY001054,ORD001054,UPI,Success
PAY001055,ORD001055,Debit Card,Success
PAY001056,ORD001056,Debit Card,Success
PAY001057,ORD001057,Credit Card,Success
PAY001058,ORD001058,Credit Card,Success
PAY001059,ORD001059,Wallet,Success
PAY001060,ORD001060,Cash,Success
PAY001061,ORD001061,UPI,Success
PAY001062,ORD001062,Cash,Success
PAY001063,ORD001063,Wallet,Success
PAY001064,ORD001064,Credit Card,Success
PAY001065,ORD001065,Wallet,Success
PAY001066,ORD001066,Wallet,Success
PAY001067,ORD001067,Wallet,Success
PAY001068,ORD001068,Wallet,Success
PAY001069,ORD001069,Debit Card,Refunded
PAY001070,ORD001070,UPI,Success
PAY001071,ORD001071,UPI,Success
PAY001072,ORD001072,Debit Card,Refunded
PAY001073,ORD001073,Debit Card,Success
PAY001074,ORD001074,Credit Card,Success
PAY001075,ORD001075,UPI,Success
PAY001076,ORD001076,Wallet,Failed
PAY001077,ORD001077,Cash,Success
PAY001078,ORD001078,Debit Card,Success
PAY001079,ORD001079,Debit Card,Success
PAY001080,ORD001080,Credit Card,Success
PAY001081,ORD001081,Debit Card,Success
PAY001082,ORD001082,UPI,Success
PAY001083,ORD001083,Credit Card,Success
PAY001084,ORD001084,Credit Card,Success
PAY001085,ORD001085,UPI,Success
PAY001086,ORD001086,Debit Card,Success
PAY001087,ORD001087,UPI,Success
PAY001088,ORD001088,Wallet,Success
PAY001089,ORD001089,UPI,Success
PAY001090,ORD001090,Wallet,Success
PAY001091,ORD001091,UPI,Success
PAY001092,ORD001092,Credit Card,Success
PAY001093,ORD001093,Credit Card,Refunded
PAY001094,ORD001094,Wallet,Failed
PAY001095,ORD001095,Credit Card,Failed
PAY001096,ORD001096,UPI,Success
PAY001097,ORD001097,UPI,Success
PAY001098,ORD001098,Cash,Success
PAY001099,ORD001099,Wallet,Failed
PAY001100,ORD001100,Debit Card,Success
PAY001101,ORD001101,Cash,Success
PAY001102,ORD001102,UPI,Failed
PAY001103,ORD001103,Cash,Success
PAY001104,ORD001104,Wallet,Success
PAY001105,ORD001105,Debit Card,Success
PAY001106,ORD001106,Cash,Success
PAY001107,ORD001107,Cash,Success
PAY001108,ORD001108,Cash,Failed
PAY001109,ORD001109,Cash,Success
PAY001110,ORD001110,Credit Card,Success
PAY001111,ORD001111,Cash,Success
PAY001112,ORD001112,Cash,Success
PAY001113,ORD001113,Cash,Success
PAY001114,ORD001114,Debit Card,Success
PAY001115,ORD001115,Credit Card,Failed
PAY001116,ORD001116,UPI,Success
PAY001117,ORD001117,Cash,Success
PAY001118,ORD001118,Debit Card,Success
PAY001119,ORD001119,Credit Card,Failed
PAY001120,ORD001120,Debit Card,Refunded
PAY001121,ORD001121,Cash,Refunded
PAY001122,ORD001122,Debit Card,Success
PAY001123,ORD001123,Credit Card,Success
PAY001124,ORD001124,Credit Card,Success
PAY001125,ORD001125,UPI,Success
PAY001126,ORD001126,Credit Card,Success
PAY001127,ORD001127,UPI,Refunded
PAY001128,ORD001128,UPI,Success
PAY001129,ORD001129,Debit Card,Success
PAY001130,ORD001130,Wallet,Refunded
PAY001131,ORD001131,Credit Card,Success
PAY001132,ORD001132,Cash,Success
PAY001133,ORD001133,Credit Card,Refunded
PAY001134,ORD001134,Wallet,Success
PAY001135,ORD001135,Credit Card,Success
PAY001136,ORD001136,Credit Card,Success
PAY001137,ORD001137,Wallet,Success
PAY001138,ORD001138,Cash,Success
PAY001139,ORD001139,Wallet,Success
PAY001140,ORD001140,Debit Card,Success
PAY001141,ORD001141,Credit Card,Success
PAY001142,ORD001142,Debit Card,Success
PAY001143,ORD001143,Credit Card,Refunded
PAY001144,ORD001144,Debit Card,Success
PAY001145,ORD001145,Debit Card,Success
PAY001146,ORD001146,Cash,Success
PAY001147,ORD001147,UPI,Success
PAY001148,ORD001148,Wallet,Success
PAY001149,ORD001149,Debit Card,Success
PAY001150,ORD001150,Debit Card,Success
PAY001151,ORD001151,Cash,Success
PAY001152,ORD001152,Wallet,Success
PAY001153,ORD001153,Debit Card,Failed
PAY001154,ORD001154,Wallet,Failed
PAY001155,ORD001155,Cash,Success
PAY001156,ORD001156,Debit Card,Success
PAY001157,ORD001157,Wallet,Success
PAY001158,ORD001158,Wallet,Success
PAY001159,ORD001159,UPI,Success
PAY001160,ORD001160,Cash,Refunded
PAY001161,ORD001161,Credit Card,Success
PAY001162,ORD001162,Credit Card,Success
PAY001163,ORD001163,Credit Card,Success
PAY001164,ORD001164,Debit Card,Failed
PAY001165,ORD001165,UPI,Success
PAY001166,ORD001166,Credit Card,Failed
PAY001167,ORD001167,UPI,Success
PAY001168,ORD001168,Debit Card,Refunded
PAY001169,ORD001169,Wallet,Success
PAY001170,ORD001170,UPI,Refunded
PAY001171,ORD001171,Wallet,Success
PAY001172,ORD001172,UPI,Success
PAY001173,ORD001173,Debit Card,Success
PAY001174,ORD001174,Wallet,Success
PAY001175,ORD001175,Cash,Success
PAY001176,ORD001176,Debit Card,Success
PAY001177,ORD001177,Wallet,Success
PAY001178,ORD001178,Debit Card,Failed
PAY001179,ORD001179,Cash,Refunded
PAY001180,ORD001180,Debit Card,Success
PAY001181,ORD001181,Cash,Failed
PAY001182,ORD001182,UPI,Success
PAY001183,ORD001183,UPI,Success
PAY001184,ORD001184,UPI,Success
PAY001185,ORD001185,Credit Card,Success
PAY001186,ORD001186,Debit Card,Success
PAY001187,ORD001187,Credit Card,Failed
PAY001188,ORD001188,UPI,Success
PAY001189,ORD001189,Debit Card,Failed
PAY001190,ORD001190,UPI,Success
PAY001191,ORD001191,Cash,Refunded
PAY001192,ORD001192,Cash,Success
PAY001193,ORD001193,Debit Card,Success
PAY001194,ORD001194,UPI,Success
PAY001195,ORD001195,Wallet,Success
PAY001196,ORD001196,Cash,Success
PAY001197,ORD001197,Debit Card,Success
PAY001198,ORD001198,Debit Card,Success
PAY001199,ORD001199,UPI,Success
PAY001200,ORD001200,Wallet,Success
PAY001201,ORD001201,UPI,Refunded
PAY001202,ORD001202,UPI,Success
PAY001203,ORD001203,Credit Card,Success
PAY001204,ORD001204,Cash,Success
PAY001205,ORD001205,Credit Card,Success
PAY001206,ORD001206,Cash,Success
PAY001207,ORD001207,Wallet,Refunded
PAY001208,ORD001208,Credit Card,Success
PAY001209,ORD001209,Cash,Success
PAY001210,ORD001210,Credit Card,Success
PAY001211,ORD001211,UPI,Success
PAY001212,ORD001212,Wallet,Success
PAY001213,ORD001213,UPI,Success
PAY001214,ORD001214,Cash,Success
PAY001215,ORD001215,UPI,Success
PAY001216,ORD001216,Debit Card,Failed
PAY001217,ORD001217,Cash,Success
PAY001218,ORD001218,Wallet,Success
PAY001219,ORD001219,Credit Card,Success
PAY001220,ORD001220,UPI,Failed
PAY001221,ORD001221,Cash,Success
PAY001222,ORD001222,Wallet,Success
PAY001223,ORD001223,Debit Card,Success
PAY001224,ORD001224,Debit Card,Success
PAY001225,ORD001225,Wallet,Success
PAY001226,ORD001226,Debit Card,Success
PAY001227,ORD001227,UPI,Failed
PAY001228,ORD001228,Debit Card,Success
PAY001229,ORD001229,Wallet,Success
PAY001230,ORD001230,UPI,Success
PAY001231,ORD001231,Cash,Success
PAY001232,ORD001232,Credit Card,Success
PAY001233,ORD001233,Wallet,Success
PAY001234,ORD001234,Debit Card,Success
PAY001235,ORD001235,Wallet,Success
PAY001236,ORD001236,Credit Card,Success
PAY001237,ORD001237,Credit Card,Failed
PAY001238,ORD001238,UPI,Success
PAY001239,ORD001239,Debit Card,Success
PAY001240,ORD001240,UPI,Success
PAY001241,ORD001241,Credit Card,Success
PAY001242,ORD001242,Cash,Failed
PAY001243,ORD001243,Debit Card,Success
PAY001244,ORD001244,Wallet,Success
PAY001245,ORD001245,Debit Card,Success
PAY001246,ORD001246,Debit Card,Success
PAY001247,ORD001247,Debit Card,Success
PAY001248,ORD001248,Credit Card,Success
PAY001249,ORD001249,Cash,Success
PAY001250,ORD001250,Wallet,Success
PAY001251,ORD001251,Debit Card,Success
PAY001252,ORD001252,UPI,Success
PAY001253,ORD001253,UPI,Success
PAY001254,ORD001254,Cash,Success
PAY001255,ORD001255,Debit Card,Success
PAY001256,ORD001256,Cash,Failed
PAY001257,ORD001257,Wallet,Refunded
PAY001258,ORD001258,Credit Card,Success
PAY001259,ORD001259,Cash,Success
PAY001260,ORD001260,Debit Card,Success
PAY001261,ORD001261,Wallet,Success
PAY001262,ORD001262,Wallet,Success
PAY001263,ORD001263,Debit Card,Success
PAY001264,ORD001264,Cash,Refunded
PAY001265,ORD001265,UPI,Success
PAY001266,ORD001266,Wallet,Success
PAY001267,ORD001267,Cash,Success
PAY001268,ORD001268,Debit Card,Success
PAY001269,ORD001269,UPI,Success
PAY001270,ORD001270,Debit Card,Success
PAY001271,ORD001271,Debit Card,Refunded
PAY001272,ORD001272,Cash,Success
PAY001273,ORD001273,UPI,Success
PAY001274,ORD001274,Debit Card,Success
PAY001275,ORD001275,Wallet,Success
PAY001276,ORD001276,UPI,Success
PAY001277,ORD001277,Credit Card,Success
PAY001278,ORD001278,Credit Card,Success
PAY001279,ORD001279,Cash,Success
PAY001280,ORD001280,Credit Card,Success
PAY001281,ORD001281,Credit Card,Success
PAY001282,ORD001282,Wallet,Refunded
PAY001283,ORD001283,Credit Card,Success
PAY001284,ORD001284,Credit Card,Success
PAY001285,ORD001285,Cash,Success
PAY001286,ORD001286,Debit Card,Success
PAY001287,ORD001287,UPI,Success
PAY001288,ORD001288,Credit Card,Success
PAY001289,ORD001289,Wallet,Success
PAY001290,ORD001290,Wallet,Success
PAY001291,ORD001291,Wallet,Success
PAY001292,ORD001292,Cash,Success
PAY001293,ORD001293,Credit Card,Refunded
PAY001294,ORD001294,Debit Card,Success
PAY001295,ORD001295,UPI,Success
PAY001296,ORD001296,UPI,Success
PAY001297,ORD001297,Credit Card,Success
PAY001298,ORD001298,Wallet,Success
PAY001299,ORD001299,Wallet,Success
PAY001300,ORD001300,Wallet,Success
PAY001301,ORD001301,Credit Card,Success
PAY001302,ORD001302,Cash,Success
PAY001303,ORD001303,Debit Card,Refunded
PAY001304,ORD001304,Credit Card,Success
PAY001305,ORD001305,Debit Card,Success
PAY001306,ORD001306,Credit Card,Success
PAY001307,ORD001307,Cash,Success
PAY001308,ORD001308,Credit Card,Success
PAY001309,ORD001309,Cash,Success
PAY001310,ORD001310,Credit Card,Refunded
PAY001311,ORD001311,UPI,Success
PAY001312,ORD001312,Credit Card,Success
PAY001313,ORD001313,Debit Card,Success
PAY001314,ORD001314,Debit Card,Success
PAY001315,ORD001315,UPI,Success
PAY001316,ORD001316,Wallet,Success
PAY001317,ORD001317,Cash,Success
PAY001318,ORD001318,Wallet,Refunded
PAY001319,ORD001319,Cash,Success
PAY001320,ORD001320,Wallet,Success
PAY001321,ORD001321,Wallet,Success
PAY001322,ORD001322,Wallet,Success
PAY001323,ORD001323,Cash,Refunded
PAY001324,ORD001324,Debit Card,Success
PAY001325,ORD001325,UPI,Success
PAY001326,ORD001326,Debit Card,Failed
PAY001327,ORD001327,UPI,Success
PAY001328,ORD001328,Cash,Success
PAY001329,ORD001329,Wallet,Success
PAY001330,ORD001330,UPI,Success
PAY001331,ORD001331,Debit Card,Refunded
PAY001332,ORD001332,UPI,Success
PAY001333,ORD001333,Credit Card,Success
PAY001334,ORD001334,UPI,Success
PAY001335,ORD001335,Debit Card,Failed
PAY001336,ORD001336,Wallet,Success
PAY001337,ORD001337,UPI,Success
PAY001338,ORD001338,UPI,Success
PAY001339,ORD001339,Debit Card,Success
PAY001340,ORD001340,Debit Card,Success
PAY001341,ORD001341,Wallet,Refunded
PAY001342,ORD001342,Cash,Success
PAY001343,ORD001343,Debit Card,Success
PAY001344,ORD001344,Debit Card,Success
PAY001345,ORD001345,Cash,Success
PAY001346,ORD001346,Credit Card,Success
PAY001347,ORD001347,Wallet,Success
PAY001348,ORD001348,Debit Card,Success
PAY001349,ORD001349,Debit Card,Success
PAY001350,ORD001350,UPI,Success
PAY001351,ORD001351,UPI,Success
PAY001352,ORD001352,Wallet,Success
PAY001353,ORD001353,UPI,Success
PAY001354,ORD001354,Cash,Success
PAY001355,ORD001355,Wallet,Success
PAY001356,ORD001356,Credit Card,Success
PAY001357,ORD001357,Cash,Success
PAY001358,ORD001358,UPI,Refunded
PAY001359,ORD001359,Cash,Success
PAY001360,ORD001360,Credit Card,Success
PAY001361,ORD001361,Debit Card,Refunded
PAY001362,ORD001362,Debit Card,Success
PAY001363,ORD001363,Wallet,Success
PAY001364,ORD001364,Cash,Success
PAY001365,ORD001365,Cash,Success
PAY001366,ORD001366,Debit Card,Refunded
PAY001367,ORD001367,Wallet,Failed
PAY001368,ORD001368,Cash,Success
PAY001369,ORD001369,Cash,Success
PAY001370,ORD001370,Debit Card,Success
PAY001371,ORD001371,UPI,Success
PAY001372,ORD001372,UPI,Success
PAY001373,ORD001373,Cash,Success
PAY001374,ORD001374,UPI,Success
PAY001375,ORD001375,Cash,Success
PAY001376,ORD001376,UPI,Success
PAY001377,ORD001377,Credit Card,Failed
PAY001378,ORD001378,Wallet,Success
PAY001379,ORD001379,Credit Card,Success
PAY001380,ORD001380,Credit Card,Success
PAY001381,ORD001381,Cash,Success
PAY001382,ORD001382,Wallet,Success
PAY001383,ORD001383,Debit Card,Refunded
PAY001384,ORD001384,Debit Card,Failed
PAY001385,ORD001385,Wallet,Refunded
PAY001386,ORD001386,Wallet,Success
PAY001387,ORD001387,Credit Card,Success
PAY001388,ORD001388,UPI,Success
PAY001389,ORD001389,Wallet,Success
PAY001390,ORD001390,Wallet,Success
PAY001391,ORD001391,UPI,Success
PAY001392,ORD001392,Cash,Success
PAY001393,ORD001393,UPI,Success
PAY001394,ORD001394,Debit Card,Success
PAY001395,ORD001395,Wallet,Success
PAY001396,ORD001396,Debit Card,Success
PAY001397,ORD001397,Credit Card,Success
PAY001398,ORD001398,Cash,Success
PAY001399,ORD001399,Wallet,Success
PAY001400,ORD001400,Wallet,Success
PAY001401,ORD001401,Debit Card,Refunded
PAY001402,ORD001402,Debit Card,Refunded
PAY001403,ORD001403,Wallet,Success
PAY001404,ORD001404,Cash,Success
PAY001405,ORD001405,UPI,Success
PAY001406,ORD001406,Debit Card,Success
PAY001407,ORD001407,Wallet,Success
PAY001408,ORD001408,Cash,Success
PAY001409,ORD001409,Wallet,Success
PAY001410,ORD001410,Credit Card,Success
PAY001411,ORD001411,Debit Card,Failed
PAY001412,ORD001412,Wallet,Success
PAY001413,ORD001413,UPI,Success
PAY001414,ORD001414,Credit Card,Success
PAY001415,ORD001415,UPI,Failed
PAY001416,ORD001416,UPI,Success
PAY001417,ORD001417,UPI,Success
PAY001418,ORD001418,Credit Card,Success
PAY001419,ORD001419,Credit Card,Success
PAY001420,ORD001420,Credit Card,Success
PAY001421,ORD001421,Credit Card,Success
PAY001422,ORD001422,Wallet,Success
PAY001423,ORD001423,Credit Card,Success
PAY001424,ORD001424,Credit Card,Success
PAY001425,ORD001425,UPI,Refunded
PAY001426,ORD001426,Debit Card,Success
PAY001427,ORD001427,Wallet,Success
PAY001428,ORD001428,Credit Card,Success
PAY001429,ORD001429,Credit Card,Success
PAY001430,ORD001430,Credit Card,Success
PAY001431,ORD001431,UPI,Success
PAY001432,ORD001432,Wallet,Success
PAY001433,ORD001433,UPI,Refunded
PAY001434,ORD001434,Cash,Failed
PAY001435,ORD001435,Credit Card,Success
PAY001436,ORD001436,Cash,Success
PAY001437,ORD001437,Wallet,Success
PAY001438,ORD001438,Debit Card,Success
PAY001439,ORD001439,UPI,Success
PAY001440,ORD001440,Credit Card,Success
PAY001441,ORD001441,Cash,Success
PAY001442,ORD001442,Debit Card,Failed
PAY001443,ORD001443,Credit Card,Refunded
PAY001444,ORD001444,Credit Card,Refunded
PAY001445,ORD001445,Credit Card,Success
PAY001446,ORD001446,Credit Card,Success
PAY001447,ORD001447,Debit Card,Success
PAY001448,ORD001448,Credit Card,Success
PAY001449,ORD001449,Credit Card,Success
PAY001450,ORD001450,Credit Card,Success
PAY001451,ORD001451,UPI,Success
PAY001452,ORD001452,Debit Card,Failed
PAY001453,ORD001453,Debit Card,Success
PAY001454,ORD001454,Wallet,Failed
PAY001455,ORD001455,UPI,Success
PAY001456,ORD001456,Wallet,Success
PAY001457,ORD001457,Wallet,Success
PAY001458,ORD001458,Debit Card,Refunded
PAY001459,ORD001459,Wallet,Success
PAY001460,ORD001460,Wallet,Success
PAY001461,ORD001461,Credit Card,Success
PAY001462,ORD001462,Credit Card,Failed
PAY001463,ORD001463,Credit Card,Success
PAY001464,ORD001464,UPI,Success
PAY001465,ORD001465,Debit Card,Success
PAY001466,ORD001466,Wallet,Success
PAY001467,ORD001467,UPI,Failed
PAY001468,ORD001468,Credit Card,Success
PAY001469,ORD001469,Wallet,Failed
PAY001470,ORD001470,UPI,Refunded
PAY001471,ORD001471,UPI,Refunded
PAY001472,ORD001472,Cash,Success
PAY001473,ORD001473,Wallet,Success
PAY001474,ORD001474,Debit Card,Success
PAY001475,ORD001475,Debit Card,Success
PAY001476,ORD001476,Debit Card,Refunded
PAY001477,ORD001477,Wallet,Success
PAY001478,ORD001478,Cash,Failed
PAY001479,ORD001479,UPI,Success
PAY001480,ORD001480,Wallet,Success
PAY001481,ORD001481,UPI,Success
PAY001482,ORD001482,Credit Card,Success
PAY001483,ORD001483,Credit Card,Success
PAY001484,ORD001484,Wallet,Success
PAY001485,ORD001485,UPI,Success
PAY001486,ORD001486,UPI,Success
PAY001487,ORD001487,Credit Card,Failed
PAY001488,ORD001488,Credit Card,Success
PAY001489,ORD001489,UPI,Success
PAY001490,ORD001490,UPI,Failed
PAY001491,ORD001491,Cash,Success
PAY001492,ORD001492,Cash,Success
PAY001493,ORD001493,Cash,Success
PAY001494,ORD001494,Credit Card,Success
PAY001495,ORD001495,Debit Card,Failed
PAY001496,ORD001496,Wallet,Success
PAY001497,ORD001497,Cash,Success
PAY001498,ORD001498,Cash,Success
PAY001499,ORD001499,Cash,Refunded
PAY001500,ORD001500,Credit Card,Success
PAY001501,ORD001501,Cash,Success
PAY001502,ORD001502,Credit Card,Success
PAY001503,ORD001503,Debit Card,Success
PAY001504,ORD001504,Credit Card,Failed
PAY001505,ORD001505,Debit Card,Success
PAY001506,ORD001506,Debit Card,Success
PAY001507,ORD001507,Wallet,Success
PAY001508,ORD001508,Credit Card,Failed
PAY001509,ORD001509,Credit Card,Refunded
PAY001510,ORD001510,UPI,Success
PAY001511,ORD001511,UPI,Success
PAY001512,ORD001512,UPI,Success
PAY001513,ORD001513,Debit Card,Success
PAY001514,ORD001514,UPI,Success
PAY001515,ORD001515,UPI,Success
PAY001516,ORD001516,Wallet,Success
PAY001517,ORD001517,Credit Card,Success
PAY001518,ORD001518,UPI,Success
PAY001519,ORD001519,Credit Card,Failed
PAY001520,ORD001520,Debit Card,Success
PAY001521,ORD001521,UPI,Failed
PAY001522,ORD001522,UPI,Success
PAY001523,ORD001523,Cash,Refunded
PAY001524,ORD001524,Cash,Refunded
PAY001525,ORD001525,Credit Card,Success
PAY001526,ORD001526,Wallet,Success
PAY001527,ORD001527,Wallet,Success
PAY001528,ORD001528,Wallet,Success
PAY001529,ORD001529,Debit Card,Success
PAY001530,ORD001530,Credit Card,Success
PAY001531,ORD001531,Wallet,Success
PAY001532,ORD001532,Cash,Success
PAY001533,ORD001533,Debit Card,Success
PAY001534,ORD001534,Debit Card,Success
PAY001535,ORD001535,Credit Card,Success
PAY001536,ORD001536,Credit Card,Refunded
PAY001537,ORD001537,Debit Card,Success
PAY001538,ORD001538,Debit Card,Success
PAY001539,ORD001539,UPI,Success
PAY001540,ORD001540,Wallet,Success
PAY001541,ORD001541,Wallet,Failed
PAY001542,ORD001542,Cash,Success
PAY001543,ORD001543,UPI,Success
PAY001544,ORD001544,Credit Card,Success
PAY001545,ORD001545,Credit Card,Success
PAY001546,ORD001546,Debit Card,Success
PAY001547,ORD001547,Credit Card,Success
PAY001548,ORD001548,Debit Card,Success
PAY001549,ORD001549,Debit Card,Refunded
PAY001550,ORD001550,Wallet,Success
PAY001551,ORD001551,Credit Card,Success
PAY001552,ORD001552,Credit Card,Success
PAY001553,ORD001553,Wallet,Success
PAY001554,ORD001554,Wallet,Success
PAY001555,ORD001555,Cash,Success
PAY001556,ORD001556,Cash,Success
PAY001557,ORD001557,Cash,Failed
PAY001558,ORD001558,Cash,Success
PAY001559,ORD001559,Wallet,Failed
PAY001560,ORD001560,Wallet,Success
PAY001561,ORD001561,Credit Card,Success
PAY001562,ORD001562,Credit Card,Refunded
PAY001563,ORD001563,UPI,Failed
PAY001564,ORD001564,Cash,Success
PAY001565,ORD001565,Credit Card,Failed
PAY001566,ORD001566,Credit Card,Success
PAY001567,ORD001567,Credit Card,Success
PAY001568,ORD001568,UPI,Success
PAY001569,ORD001569,Cash,Success
PAY001570,ORD001570,Debit Card,Success
PAY001571,ORD001571,Credit Card,Success
PAY001572,ORD001572,Credit Card,Success
PAY001573,ORD001573,UPI,Refunded
PAY001574,ORD001574,UPI,Refunded
PAY001575,ORD001575,Credit Card,Success
PAY001576,ORD001576,UPI,Success
PAY001577,ORD001577,Credit Card,Success
PAY001578,ORD001578,Credit Card,Success
PAY001579,ORD001579,Wallet,Success
PAY001580,ORD001580,Credit Card,Success
PAY001581,ORD001581,Credit Card,Success
PAY001582,ORD001582,Wallet,Success
PAY001583,ORD001583,Cash,Success
PAY001584,ORD001584,Credit Card,Success
PAY001585,ORD001585,Cash,Success
PAY001586,ORD001586,UPI,Success
PAY001587,ORD001587,Debit Card,Success
PAY001588,ORD001588,UPI,Success
PAY001589,ORD001589,UPI,Success
PAY001590,ORD001590,Wallet,Success
PAY001591,ORD001591,Credit Card,Success
PAY001592,ORD001592,UPI,Success
PAY001593,ORD001593,Debit Card,Success
PAY001594,ORD001594,Wallet,Success
PAY001595,ORD001595,Credit Card,Success
PAY001596,ORD001596,Wallet,Success
PAY001597,ORD001597,Debit Card,Success
PAY001598,ORD001598,Debit Card,Success
PAY001599,ORD001599,Credit Card,Success
PAY001600,ORD001600,Debit Card,Refunded
PAY001601,ORD001601,Credit Card,Success
PAY001602,ORD001602,Debit Card,Refunded
PAY001603,ORD001603,UPI,Success
PAY001604,ORD001604,Credit Card,Success
PAY001605,ORD001605,Debit Card,Success
PAY001606,ORD001606,Credit Card,Success
PAY001607,ORD001607,Debit Card,Success
PAY001608,ORD001608,UPI,Success
PAY001609,ORD001609,Debit Card,Refunded
PAY001610,ORD001610,UPI,Success
PAY001611,ORD001611,Cash,Refunded
PAY001612,ORD001612,Wallet,Success
PAY001613,ORD001613,Wallet,Success
PAY001614,ORD001614,Cash,Success
PAY001615,ORD001615,Wallet,Refunded
PAY001616,ORD001616,Credit Card,Success
PAY001617,ORD001617,UPI,Success
PAY001618,ORD001618,Credit Card,Success
PAY001619,ORD001619,Cash,Success
PAY001620,ORD001620,Credit Card,Success
PAY001621,ORD001621,Debit Card,Failed
PAY001622,ORD001622,Credit Card,Success
PAY001623,ORD001623,Debit Card,Success
PAY001624,ORD001624,Cash,Success
PAY001625,ORD001625,Credit Card,Success
PAY001626,ORD001626,Wallet,Success
PAY001627,ORD001627,UPI,Refunded
PAY001628,ORD001628,Wallet,Success
PAY001629,ORD001629,UPI,Success
PAY001630,ORD001630,Credit Card,Success
PAY001631,ORD001631,Credit Card,Success
PAY001632,ORD001632,UPI,Success
PAY001633,ORD001633,Debit Card,Success
PAY001634,ORD001634,Cash,Success
PAY001635,ORD001635,UPI,Success
PAY001636,ORD001636,Debit Card,Success
PAY001637,ORD001637,Credit Card,Success
PAY001638,ORD001638,UPI,Success
PAY001639,ORD001639,Debit Card,Success
PAY001640,ORD001640,Cash,Success
PAY001641,ORD001641,Cash,Success
PAY001642,ORD001642,Debit Card,Success
PAY001643,ORD001643,Wallet,Success
PAY001644,ORD001644,Credit Card,Success
PAY001645,ORD001645,Cash,Success
PAY001646,ORD001646,Credit Card,Success
PAY001647,ORD001647,Cash,Failed
PAY001648,ORD001648,Cash,Refunded
PAY001649,ORD001649,Cash,Success
PAY001650,ORD001650,UPI,Success
PAY001651,ORD001651,Debit Card,Success
PAY001652,ORD001652,Wallet,Success
PAY001653,ORD001653,Debit Card,Failed
PAY001654,ORD001654,Debit Card,Success
PAY001655,ORD001655,Cash,Success
PAY001656,ORD001656,Debit Card,Failed
PAY001657,ORD001657,Wallet,Success
PAY001658,ORD001658,Wallet,Success
PAY001659,ORD001659,Cash,Success
PAY001660,ORD001660,Debit Card,Success
PAY001661,ORD001661,Cash,Failed
PAY001662,ORD001662,Cash,Success
PAY001663,ORD001663,Cash,Success
PAY001664,ORD001664,UPI,Success
PAY001665,ORD001665,Wallet,Success
PAY001666,ORD001666,Wallet,Failed
PAY001667,ORD001667,Wallet,Success
PAY001668,ORD001668,Credit Card,Success
PAY001669,ORD001669,UPI,Success
PAY001670,ORD001670,Credit Card,Success
PAY001671,ORD001671,UPI,Success
PAY001672,ORD001672,Credit Card,Refunded
PAY001673,ORD001673,Credit Card,Failed
PAY001674,ORD001674,Credit Card,Success
PAY001675,ORD001675,Credit Card,Success
PAY001676,ORD001676,Wallet,Success
PAY001677,ORD001677,Credit Card,Success
PAY001678,ORD001678,Debit Card,Success
PAY001679,ORD001679,Wallet,Success
PAY001680,ORD001680,Wallet,Refunded
PAY001681,ORD001681,Wallet,Success
PAY001682,ORD001682,Credit Card,Failed
PAY001683,ORD001683,Cash,Failed
PAY001684,ORD001684,Debit Card,Success
PAY001685,ORD001685,Credit Card,Success
PAY001686,ORD001686,UPI,Success
PAY001687,ORD001687,UPI,Success
PAY001688,ORD001688,Cash,Refunded
PAY001689,ORD001689,Credit Card,Success
PAY001690,ORD001690,UPI,Success
PAY001691,ORD001691,Credit Card,Success
PAY001692,ORD001692,Wallet,Success
PAY001693,ORD001693,Cash,Success
PAY001694,ORD001694,Credit Card,Success
PAY001695,ORD001695,Cash,Success
PAY001696,ORD001696,Credit Card,Success
PAY001697,ORD001697,Credit Card,Success
PAY001698,ORD001698,Cash,Refunded
PAY001699,ORD001699,Debit Card,Success
PAY001700,ORD001700,Cash,Success
PAY001701,ORD001701,Credit Card,Success
PAY001702,ORD001702,UPI,Success
PAY001703,ORD001703,Wallet,Success
PAY001704,ORD001704,Debit Card,Refunded
PAY001705,ORD001705,Cash,Success
PAY001706,ORD001706,Credit Card,Success
PAY001707,ORD001707,Cash,Success
PAY001708,ORD001708,Credit Card,Success
PAY001709,ORD001709,UPI,Success
PAY001710,ORD001710,Wallet,Failed
PAY001711,ORD001711,Cash,Success
PAY001712,ORD001712,Wallet,Success
PAY001713,ORD001713,Debit Card,Success
PAY001714,ORD001714,Cash,Success
PAY001715,ORD001715,Debit Card,Success
PAY001716,ORD001716,Wallet,Failed
PAY001717,ORD001717,Wallet,Success
PAY001718,ORD001718,UPI,Success
PAY001719,ORD001719,Debit Card,Success
PAY001720,ORD001720,Credit Card,Success
PAY001721,ORD001721,Debit Card,Success
PAY001722,ORD001722,Debit Card,Success
PAY001723,ORD001723,Debit Card,Success
PAY001724,ORD001724,UPI,Refunded
PAY001725,ORD001725,Credit Card,Failed
PAY001726,ORD001726,UPI,Refunded
PAY001727,ORD001727,UPI,Success
PAY001728,ORD001728,UPI,Success
PAY001729,ORD001729,Credit Card,Success
PAY001730,ORD001730,UPI,Refunded
PAY001731,ORD001731,Cash,Success
PAY001732,ORD001732,UPI,Success
PAY001733,ORD001733,Credit Card,Success
PAY001734,ORD001734,Debit Card,Success
PAY001735,ORD001735,Cash,Success
PAY001736,ORD001736,Debit Card,Success
PAY001737,ORD001737,Cash,Success
PAY001738,ORD001738,Credit Card,Success
PAY001739,ORD001739,Debit Card,Refunded
PAY001740,ORD001740,Wallet,Success
PAY001741,ORD001741,Cash,Success
PAY001742,ORD001742,Cash,Success
PAY001743,ORD001743,Wallet,Success
PAY001744,ORD001744,Wallet,Success
PAY001745,ORD001745,UPI,Success
PAY001746,ORD001746,UPI,Success
PAY001747,ORD001747,UPI,Success
PAY001748,ORD001748,Credit Card,Failed
PAY001749,ORD001749,Credit Card,Success
PAY001750,ORD001750,Credit Card,Success
PAY001751,ORD001751,UPI,Success
PAY001752,ORD001752,UPI,Success
PAY001753,ORD001753,Credit Card,Success
PAY001754,ORD001754,UPI,Success
PAY001755,ORD001755,Debit Card,Success
PAY001756,ORD001756,UPI,Success
PAY001757,ORD001757,Credit Card,Failed
PAY001758,ORD001758,Debit Card,Success
PAY001759,ORD001759,Credit Card,Success
PAY001760,ORD001760,Debit Card,Success
PAY001761,ORD001761,Cash,Success
PAY001762,ORD001762,UPI,Success
PAY001763,ORD001763,Debit Card,Success
PAY001764,ORD001764,Credit Card,Success
PAY001765,ORD001765,Credit Card,Failed
PAY001766,ORD001766,UPI,Success
PAY001767,ORD001767,Wallet,Success
PAY001768,ORD001768,UPI,Success
PAY001769,ORD001769,UPI,Success
PAY001770,ORD001770,Wallet,Success
PAY001771,ORD001771,Cash,Failed
PAY001772,ORD001772,Debit Card,Success
PAY001773,ORD001773,Credit Card,Success
PAY001774,ORD001774,Credit Card,Success
PAY001775,ORD001775,Wallet,Success
PAY001776,ORD001776,Debit Card,Success
PAY001777,ORD001777,Credit Card,Success
PAY001778,ORD001778,Cash,Success
PAY001779,ORD001779,Debit Card,Success
PAY001780,ORD001780,Credit Card,Success
PAY001781,ORD001781,Debit Card,Success
PAY001782,ORD001782,Credit Card,Failed
PAY001783,ORD001783,Cash,Success
PAY001784,ORD001784,Cash,Success
PAY001785,ORD001785,UPI,Success
PAY001786,ORD001786,UPI,Failed
PAY001787,ORD001787,Cash,Failed
PAY001788,ORD001788,Wallet,Success
PAY001789,ORD001789,Cash,Refunded
PAY001790,ORD001790,Debit Card,Success
PAY001791,ORD001791,Wallet,Success
PAY001792,ORD001792,Cash,Success
PAY001793,ORD001793,UPI,Success
PAY001794,ORD001794,Credit Card,Refunded
PAY001795,ORD001795,Wallet,Success
PAY001796,ORD001796,Credit Card,Success
PAY001797,ORD001797,Wallet,Success
PAY001798,ORD001798,Credit Card,Success
PAY001799,ORD001799,Credit Card,Success
PAY001800,ORD001800,UPI,Success
PAY001801,ORD001801,Debit Card,Success
PAY001802,ORD001802,Wallet,Success
PAY001803,ORD001803,Debit Card,Success
PAY001804,ORD001804,Wallet,Success
PAY001805,ORD001805,UPI,Success
PAY001806,ORD001806,Credit Card,Success
PAY001807,ORD001807,Cash,Success
PAY001808,ORD001808,Cash,Success
PAY001809,ORD001809,Debit Card,Success
PAY001810,ORD001810,Wallet,Failed
PAY001811,ORD001811,Debit Card,Success
PAY001812,ORD001812,Cash,Success
PAY001813,ORD001813,Credit Card,Refunded
PAY001814,ORD001814,Credit Card,Success
PAY001815,ORD001815,Cash,Success
PAY001816,ORD001816,Wallet,Success
PAY001817,ORD001817,Wallet,Success
PAY001818,ORD001818,Debit Card,Failed
PAY001819,ORD001819,Debit Card,Success
PAY001820,ORD001820,Credit Card,Success
PAY001821,ORD001821,Credit Card,Success
PAY001822,ORD001822,UPI,Success
PAY001823,ORD001823,UPI,Success
PAY001824,ORD001824,Credit Card,Success
PAY001825,ORD001825,Credit Card,Success
PAY001826,ORD001826,Wallet,Success
PAY001827,ORD001827,Wallet,Success
PAY001828,ORD001828,Cash,Success
PAY001829,ORD001829,Cash,Failed
PAY001830,ORD001830,UPI,Success
PAY001831,ORD001831,Cash,Success
PAY001832,ORD001832,Cash,Success
PAY001833,ORD001833,Cash,Failed
PAY001834,ORD001834,Debit Card,Success
PAY001835,ORD001835,Cash,Success
PAY001836,ORD001836,Debit Card,Success
PAY001837,ORD001837,UPI,Success
PAY001838,ORD001838,Debit Card,Refunded
PAY001839,ORD001839,Debit Card,Failed
PAY001840,ORD001840,Wallet,Success
PAY001841,ORD001841,Wallet,Refunded
PAY001842,ORD001842,UPI,Failed
PAY001843,ORD001843,UPI,Success
PAY001844,ORD001844,Cash,Success
PAY001845,ORD001845,Credit Card,Success
PAY001846,ORD001846,Wallet,Refunded
PAY001847,ORD001847,Cash,Refunded
PAY001848,ORD001848,Credit Card,Success
PAY001849,ORD001849,UPI,Success
PAY001850,ORD001850,UPI,Refunded
PAY001851,ORD001851,Wallet,Failed
PAY001852,ORD001852,Debit Card,Failed
PAY001853,ORD001853,Debit Card,Success
PAY001854,ORD001854,Credit Card,Success
PAY001855,ORD001855,Debit Card,Success
PAY001856,ORD001856,UPI,Success
PAY001857,ORD001857,Wallet,Success
PAY001858,ORD001858,Debit Card,Refunded
PAY001859,ORD001859,Cash,Refunded
PAY001860,ORD001860,Cash,Success
PAY001861,ORD001861,Cash,Success
PAY001862,ORD001862,UPI,Success
PAY001863,ORD001863,Debit Card,Success
PAY001864,ORD001864,Credit Card,Success
PAY001865,ORD001865,Cash,Success
PAY001866,ORD001866,Wallet,Failed
PAY001867,ORD001867,UPI,Success
PAY001868,ORD001868,UPI,Failed
PAY001869,ORD001869,Wallet,Success
PAY001870,ORD001870,Cash,Success
PAY001871,ORD001871,Wallet,Success
PAY001872,ORD001872,Credit Card,Success
PAY001873,ORD001873,Cash,Success
PAY001874,ORD001874,Cash,Success
PAY001875,ORD001875,UPI,Success
PAY001876,ORD001876,UPI,Success
PAY001877,ORD001877,UPI,Refunded
PAY001878,ORD001878,UPI,Success
PAY001879,ORD001879,Wallet,Success
PAY001880,ORD001880,Debit Card,Success
PAY001881,ORD001881,Cash,Success
PAY001882,ORD001882,Debit Card,Success
PAY001883,ORD001883,Credit Card,Refunded
PAY001884,ORD001884,UPI,Success
PAY001885,ORD001885,Debit Card,Success
PAY001886,ORD001886,Wallet,Success
PAY001887,ORD001887,UPI,Success
PAY001888,ORD001888,Cash,Refunded
PAY001889,ORD001889,UPI,Success
PAY001890,ORD001890,Credit Card,Success
PAY001891,ORD001891,Debit Card,Success
PAY001892,ORD001892,Cash,Success
PAY001893,ORD001893,Credit Card,Success
PAY001894,ORD001894,Credit Card,Success
PAY001895,ORD001895,Credit Card,Success
PAY001896,ORD001896,Cash,Success
PAY001897,ORD001897,Debit Card,Success
PAY001898,ORD001898,Credit Card,Success
PAY001899,ORD001899,Debit Card,Success
PAY001900,ORD001900,Credit Card,Success
PAY001901,ORD001901,UPI,Refunded
PAY001902,ORD001902,Debit Card,Failed
PAY001903,ORD001903,Debit Card,Success
PAY001904,ORD001904,Wallet,Success
PAY001905,ORD001905,Debit Card,Success
PAY001906,ORD001906,Cash,Success
PAY001907,ORD001907,Debit Card,Failed
PAY001908,ORD001908,UPI,Success
PAY001909,ORD001909,Cash,Success
PAY001910,ORD001910,Cash,Success
PAY001911,ORD001911,Credit Card,Success
PAY001912,ORD001912,Wallet,Success
PAY001913,ORD001913,Wallet,Success
PAY001914,ORD001914,Cash,Success
PAY001915,ORD001915,UPI,Success
PAY001916,ORD001916,UPI,Success
PAY001917,ORD001917,Cash,Success
PAY001918,ORD001918,Credit Card,Success
PAY001919,ORD001919,Wallet,Failed
PAY001920,ORD001920,Cash,Success
PAY001921,ORD001921,Wallet,Success
PAY001922,ORD001922,Debit Card,Success
PAY001923,ORD001923,Credit Card,Refunded
PAY001924,ORD001924,Credit Card,Success
PAY001925,ORD001925,Cash,Failed
PAY001926,ORD001926,UPI,Success
PAY001927,ORD001927,Debit Card,Success
PAY001928,ORD001928,Debit Card,Success
PAY001929,ORD001929,Wallet,Success
PAY001930,ORD001930,UPI,Success
PAY001931,ORD001931,Wallet,Success
PAY001932,ORD001932,Cash,Success
PAY001933,ORD001933,UPI,Success
PAY001934,ORD001934,Cash,Success
PAY001935,ORD001935,UPI,Success
PAY001936,ORD001936,Credit Card,Success
PAY001937,ORD001937,Credit Card,Success
PAY001938,ORD001938,Debit Card,Success
PAY001939,ORD001939,Credit Card,Success
PAY001940,ORD001940,UPI,Success
PAY001941,ORD001941,UPI,Success
PAY001942,ORD001942,Credit Card,Failed
PAY001943,ORD001943,Wallet,Success
PAY001944,ORD001944,Credit Card,Success
PAY001945,ORD001945,Debit Card,Success
PAY001946,ORD001946,Credit Card,Success
PAY001947,ORD001947,Credit Card,Refunded
PAY001948,ORD001948,Credit Card,Failed
PAY001949,ORD001949,Wallet,Success
PAY001950,ORD001950,Cash,Success
PAY001951,ORD001951,Cash,Refunded
PAY001952,ORD001952,Wallet,Success
PAY001953,ORD001953,Cash,Success
PAY001954,ORD001954,Debit Card,Refunded
PAY001955,ORD001955,Credit Card,Success
PAY001956,ORD001956,Debit Card,Success
PAY001957,ORD001957,Credit Card,Success
PAY001958,ORD001958,Credit Card,Success
PAY001959,ORD001959,Wallet,Success
PAY001960,ORD001960,Cash,Success
PAY001961,ORD001961,Credit Card,Success
PAY001962,ORD001962,Debit Card,Failed
PAY001963,ORD001963,Wallet,Success
PAY001964,ORD001964,Cash,Success
PAY001965,ORD001965,Credit Card,Refunded
PAY001966,ORD001966,Debit Card,Success
PAY001967,ORD001967,Credit Card,Success
PAY001968,ORD001968,Credit Card,Success
PAY001969,ORD001969,UPI,Success
PAY001970,ORD001970,Wallet,Success
PAY001971,ORD001971,Credit Card,Success
PAY001972,ORD001972,Credit Card,Success
PAY001973,ORD001973,Debit Card,Success
PAY001974,ORD001974,Wallet,Success
PAY001975,ORD001975,Wallet,Failed
PAY001976,ORD001976,Wallet,Success
PAY001977,ORD001977,Wallet,Success
PAY001978,ORD001978,Cash,Success
PAY001979,ORD001979,Credit Card,Success
PAY001980,ORD001980,Credit Card,Refunded
PAY001981,ORD001981,Debit Card,Success
PAY001982,ORD001982,UPI,Success
PAY001983,ORD001983,UPI,Success
PAY001984,ORD001984,Debit Card,Success
PAY001985,ORD001985,Credit Card,Success
PAY001986,ORD001986,UPI,Failed
PAY001987,ORD001987,Credit Card,Success
PAY001988,ORD001988,Debit Card,Failed
PAY001989,ORD001989,UPI,Failed
PAY001990,ORD001990,Wallet,Success
PAY001991,ORD001991,UPI,Failed
PAY001992,ORD001992,Debit Card,Success
PAY001993,ORD001993,UPI,Success
PAY001994,ORD001994,Cash,Refunded
PAY001995,ORD001995,Wallet,Success
PAY001996,ORD001996,Credit Card,Success
PAY001997,ORD001997,UPI,Success
PAY001998,ORD001998,Debit Card,Success
PAY001999,ORD001999,Debit Card,Success
PAY002000,ORD002000,Cash,Success
PAY002001,ORD002001,Cash,Success
PAY002002,ORD002002,Debit Card,Success
PAY002003,ORD002003,Wallet,Success
PAY002004,ORD002004,Wallet,Success
PAY002005,ORD002005,Cash,Success
PAY002006,ORD002006,Credit Card,Success
PAY002007,ORD002007,Cash,Success
PAY002008,ORD002008,UPI,Success
PAY002009,ORD002009,Credit Card,Success
PAY002010,ORD002010,Wallet,Success
PAY002011,ORD002011,Debit Card,Refunded
PAY002012,ORD002012,Cash,Failed
PAY002013,ORD002013,Credit Card,Success
PAY002014,ORD002014,Credit Card,Success
PAY002015,ORD002015,Wallet,Success
PAY002016,ORD002016,Debit Card,Success
PAY002017,ORD002017,Credit Card,Success
PAY002018,ORD002018,Credit Card,Success
PAY002019,ORD002019,UPI,Refunded
PAY002020,ORD002020,Wallet,Refunded
PAY002021,ORD002021,UPI,Success
PAY002022,ORD002022,UPI,Failed
PAY002023,ORD002023,Debit Card,Failed
PAY002024,ORD002024,UPI,Success
PAY002025,ORD002025,Credit Card,Success
PAY002026,ORD002026,Wallet,Success
PAY002027,ORD002027,Debit Card,Refunded
PAY002028,ORD002028,Wallet,Success
PAY002029,ORD002029,UPI,Success
PAY002030,ORD002030,Wallet,Success
PAY002031,ORD002031,Wallet,Success
PAY002032,ORD002032,Cash,Success
PAY002033,ORD002033,Debit Card,Success
PAY002034,ORD002034,UPI,Failed
PAY002035,ORD002035,Credit Card,Refunded
PAY002036,ORD002036,Cash,Success
PAY002037,ORD002037,Cash,Success
PAY002038,ORD002038,Credit Card,Success
PAY002039,ORD002039,UPI,Success
PAY002040,ORD002040,UPI,Success
PAY002041,ORD002041,Wallet,Success
PAY002042,ORD002042,Cash,Refunded
PAY002043,ORD002043,Cash,Success
PAY002044,ORD002044,Debit Card,Success
PAY002045,ORD002045,Cash,Success
PAY002046,ORD002046,Credit Card,Success
PAY002047,ORD002047,Debit Card,Success
PAY002048,ORD002048,Cash,Failed
PAY002049,ORD002049,Cash,Failed
PAY002050,ORD002050,Debit Card,Success
PAY002051,ORD002051,Credit Card,Success
PAY002052,ORD002052,Credit Card,Success
PAY002053,ORD002053,Credit Card,Success
PAY002054,ORD002054,Wallet,Refunded
PAY002055,ORD002055,Cash,Success
PAY002056,ORD002056,Cash,Success
PAY002057,ORD002057,Wallet,Success
PAY002058,ORD002058,Credit Card,Success
PAY002059,ORD002059,Debit Card,Refunded
PAY002060,ORD002060,UPI,Success
PAY002061,ORD002061,Cash,Success
PAY002062,ORD002062,Credit Card,Success
PAY002063,ORD002063,Wallet,Success
PAY002064,ORD002064,Cash,Refunded
PAY002065,ORD002065,UPI,Success
PAY002066,ORD002066,Cash,Success
PAY002067,ORD002067,Credit Card,Refunded
PAY002068,ORD002068,UPI,Success
PAY002069,ORD002069,Cash,Success
PAY002070,ORD002070,Credit Card,Success
PAY002071,ORD002071,Wallet,Success
PAY002072,ORD002072,Credit Card,Success
PAY002073,ORD002073,Wallet,Success
PAY002074,ORD002074,Wallet,Success
PAY002075,ORD002075,Credit Card,Success
PAY002076,ORD002076,Cash,Success
PAY002077,ORD002077,Cash,Success
PAY002078,ORD002078,Debit Card,Success
PAY002079,ORD002079,Debit Card,Success
PAY002080,ORD002080,Cash,Success
PAY002081,ORD002081,Wallet,Success
PAY002082,ORD002082,Credit Card,Success
PAY002083,ORD002083,Debit Card,Success
PAY002084,ORD002084,Credit Card,Success
PAY002085,ORD002085,Debit Card,Success
PAY002086,ORD002086,Debit Card,Success
PAY002087,ORD002087,Cash,Success
PAY002088,ORD002088,Cash,Success
PAY002089,ORD002089,Cash,Success
PAY002090,ORD002090,Cash,Success
PAY002091,ORD002091,Cash,Success
PAY002092,ORD002092,Wallet,Success
PAY002093,ORD002093,Cash,Success
PAY002094,ORD002094,Cash,Success
PAY002095,ORD002095,UPI,Failed
PAY002096,ORD002096,Debit Card,Success
PAY002097,ORD002097,Wallet,Success
PAY002098,ORD002098,Credit Card,Refunded
PAY002099,ORD002099,Wallet,Refunded
PAY002100,ORD002100,Credit Card,Success
PAY002101,ORD002101,UPI,Refunded
PAY002102,ORD002102,Debit Card,Success
PAY002103,ORD002103,Wallet,Success
PAY002104,ORD002104,Debit Card,Refunded
PAY002105,ORD002105,UPI,Success
PAY002106,ORD002106,Debit Card,Success
PAY002107,ORD002107,Wallet,Success
PAY002108,ORD002108,Debit Card,Success
PAY002109,ORD002109,Debit Card,Success
PAY002110,ORD002110,Wallet,Success
PAY002111,ORD002111,UPI,Success
PAY002112,ORD002112,UPI,Success
PAY002113,ORD002113,Wallet,Success
PAY002114,ORD002114,Cash,Success
PAY002115,ORD002115,Debit Card,Success
PAY002116,ORD002116,Debit Card,Success
PAY002117,ORD002117,Credit Card,Success
PAY002118,ORD002118,Cash,Failed
PAY002119,ORD002119,UPI,Refunded
PAY002120,ORD002120,Cash,Success
PAY002121,ORD002121,Debit Card,Success
PAY002122,ORD002122,Wallet,Success
PAY002123,ORD002123,Credit Card,Success
PAY002124,ORD002124,UPI,Success
PAY002125,ORD002125,Wallet,Success
PAY002126,ORD002126,Cash,Success
PAY002127,ORD002127,Debit Card,Refunded
PAY002128,ORD002128,UPI,Refunded
PAY002129,ORD002129,UPI,Success
PAY002130,ORD002130,Cash,Success
PAY002131,ORD002131,UPI,Failed
PAY002132,ORD002132,Wallet,Success
PAY002133,ORD002133,UPI,Success
PAY002134,ORD002134,Debit Card,Success
PAY002135,ORD002135,Debit Card,Success
PAY002136,ORD002136,Credit Card,Failed
PAY002137,ORD002137,UPI,Success
PAY002138,ORD002138,Debit Card,Success
PAY002139,ORD002139,UPI,Success
PAY002140,ORD002140,UPI,Success
PAY002141,ORD002141,Cash,Success
PAY002142,ORD002142,Debit Card,Success
PAY002143,ORD002143,UPI,Success
PAY002144,ORD002144,Cash,Success
PAY002145,ORD002145,UPI,Success
PAY002146,ORD002146,Credit Card,Failed
PAY002147,ORD002147,Debit Card,Success
PAY002148,ORD002148,UPI,Success
PAY002149,ORD002149,UPI,Success
PAY002150,ORD002150,UPI,Success
PAY002151,ORD002151,Cash,Success
PAY002152,ORD002152,Cash,Success
PAY002153,ORD002153,UPI,Success
PAY002154,ORD002154,Wallet,Success
PAY002155,ORD002155,Credit Card,Success
PAY002156,ORD002156,Wallet,Refunded
PAY002157,ORD002157,Cash,Success
PAY002158,ORD002158,Wallet,Success
PAY002159,ORD002159,Wallet,Success
PAY002160,ORD002160,UPI,Success
PAY002161,ORD002161,Wallet,Success
PAY002162,ORD002162,Wallet,Success
PAY002163,ORD002163,Debit Card,Success
PAY002164,ORD002164,UPI,Success
PAY002165,ORD002165,Cash,Refunded
PAY002166,ORD002166,Cash,Success
PAY002167,ORD002167,Credit Card,Success
PAY002168,ORD002168,Cash,Success
PAY002169,ORD002169,Cash,Success
PAY002170,ORD002170,Wallet,Failed
PAY002171,ORD002171,Wallet,Success
PAY002172,ORD002172,Debit Card,Success
PAY002173,ORD002173,Debit Card,Success
PAY002174,ORD002174,Wallet,Success
PAY002175,ORD002175,UPI,Success
PAY002176,ORD002176,Wallet,Success
PAY002177,ORD002177,UPI,Success
PAY002178,ORD002178,Cash,Success
PAY002179,ORD002179,Debit Card,Success
PAY002180,ORD002180,Cash,Success
PAY002181,ORD002181,UPI,Success
PAY002182,ORD002182,UPI,Success
PAY002183,ORD002183,Credit Card,Success
PAY002184,ORD002184,Cash,Refunded
PAY002185,ORD002185,Debit Card,Success
PAY002186,ORD002186,Cash,Success
PAY002187,ORD002187,UPI,Success
PAY002188,ORD002188,Debit Card,Success
PAY002189,ORD002189,Debit Card,Success
PAY002190,ORD002190,Cash,Success
PAY002191,ORD002191,Debit Card,Success
PAY002192,ORD002192,Cash,Success
PAY002193,ORD002193,Debit Card,Success
PAY002194,ORD002194,Debit Card,Success
PAY002195,ORD002195,Cash,Success
PAY002196,ORD002196,Wallet,Success
PAY002197,ORD002197,Debit Card,Success
PAY002198,ORD002198,Cash,Refunded
PAY002199,ORD002199,Credit Card,Success
PAY002200,ORD002200,Credit Card,Failed
PAY002201,ORD002201,UPI,Success
PAY002202,ORD002202,UPI,Failed
PAY002203,ORD002203,Credit Card,Success
PAY002204,ORD002204,Credit Card,Success
PAY002205,ORD002205,Credit Card,Success
PAY002206,ORD002206,UPI,Success
PAY002207,ORD002207,Credit Card,Success
PAY002208,ORD002208,UPI,Success
PAY002209,ORD002209,Debit Card,Success
PAY002210,ORD002210,Wallet,Success
PAY002211,ORD002211,UPI,Success
PAY002212,ORD002212,UPI,Success
PAY002213,ORD002213,Cash,Success
PAY002214,ORD002214,UPI,Refunded
PAY002215,ORD002215,Cash,Success
PAY002216,ORD002216,Wallet,Success
PAY002217,ORD002217,Wallet,Success
PAY002218,ORD002218,Credit Card,Success
PAY002219,ORD002219,Cash,Success
PAY002220,ORD002220,Credit Card,Success
PAY002221,ORD002221,Debit Card,Success
PAY002222,ORD002222,Credit Card,Failed
PAY002223,ORD002223,Debit Card,Success
PAY002224,ORD002224,Debit Card,Success
PAY002225,ORD002225,Credit Card,Success
PAY002226,ORD002226,Debit Card,Refunded
PAY002227,ORD002227,Cash,Refunded
PAY002228,ORD002228,Wallet,Success
PAY002229,ORD002229,Credit Card,Success
PAY002230,ORD002230,UPI,Success
PAY002231,ORD002231,Wallet,Success
PAY002232,ORD002232,Credit Card,Failed
PAY002233,ORD002233,Debit Card,Success
PAY002234,ORD002234,Debit Card,Success
PAY002235,ORD002235,Debit Card,Success
PAY002236,ORD002236,Debit Card,Success
PAY002237,ORD002237,Wallet,Success
PAY002238,ORD002238,Debit Card,Failed
PAY002239,ORD002239,Cash,Success
PAY002240,ORD002240,Wallet,Refunded
PAY002241,ORD002241,UPI,Success
PAY002242,ORD002242,UPI,Success
PAY002243,ORD002243,UPI,Success
PAY002244,ORD002244,UPI,Success
PAY002245,ORD002245,Credit Card,Success
PAY002246,ORD002246,Wallet,Success
PAY002247,ORD002247,Cash,Success
PAY002248,ORD002248,Cash,Success
PAY002249,ORD002249,Debit Card,Success
PAY002250,ORD002250,Debit Card,Refunded
PAY002251,ORD002251,Cash,Success
PAY002252,ORD002252,Wallet,Success
PAY002253,ORD002253,UPI,Success
PAY002254,ORD002254,Debit Card,Success
PAY002255,ORD002255,Debit Card,Success
PAY002256,ORD002256,Cash,Success
PAY002257,ORD002257,Cash,Success
PAY002258,ORD002258,Cash,Success
PAY002259,ORD002259,Credit Card,Success
PAY002260,ORD002260,Credit Card,Success
PAY002261,ORD002261,Debit Card,Refunded
PAY002262,ORD002262,Credit Card,Success
PAY002263,ORD002263,UPI,Failed
PAY002264,ORD002264,Debit Card,Success
PAY002265,ORD002265,Cash,Success
PAY002266,ORD002266,Debit Card,Success
PAY002267,ORD002267,Credit Card,Failed
PAY002268,ORD002268,Credit Card,Success
PAY002269,ORD002269,Wallet,Failed
PAY002270,ORD002270,Cash,Success
PAY002271,ORD002271,UPI,Success
PAY002272,ORD002272,Credit Card,Success
PAY002273,ORD002273,UPI,Success
PAY002274,ORD002274,Debit Card,Failed
PAY002275,ORD002275,Debit Card,Success
PAY002276,ORD002276,Credit Card,Success
PAY002277,ORD002277,Debit Card,Success
PAY002278,ORD002278,UPI,Failed
PAY002279,ORD002279,UPI,Success
PAY002280,ORD002280,Credit Card,Failed
PAY002281,ORD002281,Cash,Success
PAY002282,ORD002282,Wallet,Success
PAY002283,ORD002283,UPI,Refunded
PAY002284,ORD002284,Debit Card,Success
PAY002285,ORD002285,UPI,Success
PAY002286,ORD002286,Wallet,Success
PAY002287,ORD002287,Credit Card,Failed
PAY002288,ORD002288,Wallet,Success
PAY002289,ORD002289,Credit Card,Success
PAY002290,ORD002290,UPI,Failed
PAY002291,ORD002291,Debit Card,Refunded
PAY002292,ORD002292,Cash,Success
PAY002293,ORD002293,Wallet,Success
PAY002294,ORD002294,Credit Card,Failed
PAY002295,ORD002295,Cash,Success
PAY002296,ORD002296,Debit Card,Success
PAY002297,ORD002297,Wallet,Success
PAY002298,ORD002298,Credit Card,Success
PAY002299,ORD002299,Credit Card,Success
PAY002300,ORD002300,Cash,Success
PAY002301,ORD002301,Credit Card,Success
PAY002302,ORD002302,Wallet,Success
PAY002303,ORD002303,Cash,Success
PAY002304,ORD002304,Debit Card,Success
PAY002305,ORD002305,UPI,Success
PAY002306,ORD002306,Cash,Success
PAY002307,ORD002307,Cash,Success
PAY002308,ORD002308,Cash,Success
PAY002309,ORD002309,Credit Card,Failed
PAY002310,ORD002310,UPI,Success
PAY002311,ORD002311,Wallet,Success
PAY002312,ORD002312,Credit Card,Success
PAY002313,ORD002313,Wallet,Refunded
PAY002314,ORD002314,Debit Card,Refunded
PAY002315,ORD002315,Debit Card,Success
PAY002316,ORD002316,Cash,Success
PAY002317,ORD002317,Credit Card,Success
PAY002318,ORD002318,Credit Card,Failed
PAY002319,ORD002319,Wallet,Refunded
PAY002320,ORD002320,Credit Card,Success
PAY002321,ORD002321,Cash,Success
PAY002322,ORD002322,Wallet,Success
PAY002323,ORD002323,Credit Card,Success
PAY002324,ORD002324,Debit Card,Success
PAY002325,ORD002325,Cash,Success
PAY002326,ORD002326,Wallet,Success
PAY002327,ORD002327,Debit Card,Success
PAY002328,ORD002328,Cash,Success
PAY002329,ORD002329,Cash,Success
PAY002330,ORD002330,UPI,Success
PAY002331,ORD002331,Wallet,Success
PAY002332,ORD002332,Cash,Refunded
PAY002333,ORD002333,Cash,Success
PAY002334,ORD002334,Credit Card,Success
PAY002335,ORD002335,Debit Card,Success
PAY002336,ORD002336,Wallet,Success
PAY002337,ORD002337,Debit Card,Success
PAY002338,ORD002338,Wallet,Failed
PAY002339,ORD002339,Debit Card,Success
PAY002340,ORD002340,Cash,Success
PAY002341,ORD002341,Debit Card,Success
PAY002342,ORD002342,Debit Card,Refunded
PAY002343,ORD002343,Cash,Refunded
PAY002344,ORD002344,UPI,Success
PAY002345,ORD002345,Wallet,Refunded
PAY002346,ORD002346,Credit Card,Success
PAY002347,ORD002347,Credit Card,Success
PAY002348,ORD002348,Credit Card,Success
PAY002349,ORD002349,Cash,Failed
PAY002350,ORD002350,Debit Card,Failed
PAY002351,ORD002351,Cash,Refunded
PAY002352,ORD002352,Wallet,Success
PAY002353,ORD002353,Wallet,Success
PAY002354,ORD002354,Credit Card,Success
PAY002355,ORD002355,Credit Card,Refunded
PAY002356,ORD002356,UPI,Success
PAY002357,ORD002357,UPI,Success
PAY002358,ORD002358,UPI,Failed
PAY002359,ORD002359,UPI,Refunded
PAY002360,ORD002360,Cash,Refunded
PAY002361,ORD002361,Credit Card,Success
PAY002362,ORD002362,Credit Card,Success
PAY002363,ORD002363,Debit Card,Success
PAY002364,ORD002364,Debit Card,Success
PAY002365,ORD002365,Wallet,Success
PAY002366,ORD002366,UPI,Success
PAY002367,ORD002367,Cash,Success
PAY002368,ORD002368,Wallet,Success
PAY002369,ORD002369,Wallet,Success
PAY002370,ORD002370,Credit Card,Success
PAY002371,ORD002371,Wallet,Success
PAY002372,ORD002372,Wallet,Success
PAY002373,ORD002373,Debit Card,Success
PAY002374,ORD002374,UPI,Success
PAY002375,ORD002375,Cash,Success
PAY002376,ORD002376,Credit Card,Success
PAY002377,ORD002377,Credit Card,Success
PAY002378,ORD002378,Debit Card,Success
PAY002379,ORD002379,Wallet,Failed
PAY002380,ORD002380,Debit Card,Success
PAY002381,ORD002381,Credit Card,Success
PAY002382,ORD002382,Wallet,Success
PAY002383,ORD002383,Debit Card,Success
PAY002384,ORD002384,Cash,Success
PAY002385,ORD002385,UPI,Failed
PAY002386,ORD002386,Cash,Success
PAY002387,ORD002387,UPI,Success
PAY002388,ORD002388,UPI,Success
PAY002389,ORD002389,Credit Card,Success
PAY002390,ORD002390,UPI,Success
PAY002391,ORD002391,UPI,Success
PAY002392,ORD002392,Credit Card,Success
PAY002393,ORD002393,UPI,Success
PAY002394,ORD002394,UPI,Success
PAY002395,ORD002395,Debit Card,Success
PAY002396,ORD002396,Wallet,Success
PAY002397,ORD002397,Cash,Success
PAY002398,ORD002398,Wallet,Refunded
PAY002399,ORD002399,UPI,Success
PAY002400,ORD002400,Cash,Success
PAY002401,ORD002401,Credit Card,Success
PAY002402,ORD002402,Cash,Success
PAY002403,ORD002403,Cash,Success
PAY002404,ORD002404,Credit Card,Success
PAY002405,ORD002405,Debit Card,Refunded
PAY002406,ORD002406,Wallet,Success
PAY002407,ORD002407,Cash,Refunded
PAY002408,ORD002408,Wallet,Success
PAY002409,ORD002409,Credit Card,Failed
PAY002410,ORD002410,Cash,Success
PAY002411,ORD002411,Credit Card,Success
PAY002412,ORD002412,Cash,Success
PAY002413,ORD002413,UPI,Success
PAY002414,ORD002414,Cash,Success
PAY002415,ORD002415,Debit Card,Success
PAY002416,ORD002416,Wallet,Success
PAY002417,ORD002417,Credit Card,Success
PAY002418,ORD002418,UPI,Success
PAY002419,ORD002419,Debit Card,Refunded
PAY002420,ORD002420,Wallet,Success
PAY002421,ORD002421,Debit Card,Success
PAY002422,ORD002422,UPI,Success
PAY002423,ORD002423,Credit Card,Success
PAY002424,ORD002424,Cash,Success
PAY002425,ORD002425,Credit Card,Success
PAY002426,ORD002426,Wallet,Success
PAY002427,ORD002427,Wallet,Success
PAY002428,ORD002428,Credit Card,Success
PAY002429,ORD002429,Credit Card,Success
PAY002430,ORD002430,Cash,Failed
PAY002431,ORD002431,Wallet,Refunded
PAY002432,ORD002432,Cash,Success
PAY002433,ORD002433,Credit Card,Success
PAY002434,ORD002434,Debit Card,Success
PAY002435,ORD002435,Wallet,Success
PAY002436,ORD002436,Credit Card,Failed
PAY002437,ORD002437,Debit Card,Success
PAY002438,ORD002438,Cash,Failed
PAY002439,ORD002439,Credit Card,Success
PAY002440,ORD002440,Wallet,Failed
PAY002441,ORD002441,UPI,Success
PAY002442,ORD002442,Credit Card,Success
PAY002443,ORD002443,Cash,Success
PAY002444,ORD002444,UPI,Success
PAY002445,ORD002445,Wallet,Failed
PAY002446,ORD002446,Wallet,Refunded
PAY002447,ORD002447,Debit Card,Success
PAY002448,ORD002448,UPI,Success
PAY002449,ORD002449,Credit Card,Success
PAY002450,ORD002450,UPI,Refunded
PAY002451,ORD002451,Credit Card,Success
PAY002452,ORD002452,Debit Card,Success
PAY002453,ORD002453,Debit Card,Success
PAY002454,ORD002454,Credit Card,Success
PAY002455,ORD002455,Wallet,Success
PAY002456,ORD002456,Cash,Refunded
PAY002457,ORD002457,UPI,Success
PAY002458,ORD002458,Debit Card,Failed
PAY002459,ORD002459,Cash,Success
PAY002460,ORD002460,Debit Card,Success
PAY002461,ORD002461,Debit Card,Success
PAY002462,ORD002462,Wallet,Failed
PAY002463,ORD002463,Cash,Failed
PAY002464,ORD002464,Wallet,Success
PAY002465,ORD002465,Debit Card,Refunded
PAY002466,ORD002466,UPI,Success
PAY002467,ORD002467,Debit Card,Success
PAY002468,ORD002468,Credit Card,Success
PAY002469,ORD002469,Debit Card,Success
PAY002470,ORD002470,Cash,Refunded
PAY002471,ORD002471,Credit Card,Success
PAY002472,ORD002472,UPI,Success
PAY002473,ORD002473,Wallet,Success
PAY002474,ORD002474,UPI,Success
PAY002475,ORD002475,Cash,Success
PAY002476,ORD002476,Wallet,Refunded
PAY002477,ORD002477,UPI,Success
PAY002478,ORD002478,Wallet,Success
PAY002479,ORD002479,UPI,Success
PAY002480,ORD002480,UPI,Success
PAY002481,ORD002481,UPI,Refunded
PAY002482,ORD002482,Cash,Success
PAY002483,ORD002483,Cash,Success
PAY002484,ORD002484,Wallet,Success
PAY002485,ORD002485,Cash,Success
PAY002486,ORD002486,UPI,Failed
PAY002487,ORD002487,UPI,Success
PAY002488,ORD002488,Debit Card,Success
PAY002489,ORD002489,Debit Card,Success
PAY002490,ORD002490,Wallet,Success
PAY002491,ORD002491,UPI,Success
PAY002492,ORD002492,Wallet,Success
PAY002493,ORD002493,Credit Card,Success
PAY002494,ORD002494,Wallet,Success
PAY002495,ORD002495,Credit Card,Failed
PAY002496,ORD002496,Credit Card,Failed
PAY002497,ORD002497,Wallet,Success
PAY002498,ORD002498,Debit Card,Success
PAY002499,ORD002499,Debit Card,Failed
PAY002500,ORD002500,UPI,Success
PAY002501,ORD002501,Credit Card,Success
PAY002502,ORD002502,Wallet,Success
PAY002503,ORD002503,Wallet,Success
PAY002504,ORD002504,Cash,Refunded
PAY002505,ORD002505,Credit Card,Success
PAY002506,ORD002506,Credit Card,Success
PAY002507,ORD002507,UPI,Success
PAY002508,ORD002508,Wallet,Success
PAY002509,ORD002509,Credit Card,Success
PAY002510,ORD002510,Cash,Failed
PAY002511,ORD002511,UPI,Refunded
PAY002512,ORD002512,Debit Card,Success
PAY002513,ORD002513,Credit Card,Refunded
PAY002514,ORD002514,Debit Card,Refunded
PAY002515,ORD002515,Credit Card,Success
PAY002516,ORD002516,Cash,Refunded
PAY002517,ORD002517,UPI,Failed
PAY002518,ORD002518,Credit Card,Success
PAY002519,ORD002519,Cash,Success
PAY002520,ORD002520,Cash,Success
PAY002521,ORD002521,Credit Card,Refunded
PAY002522,ORD002522,Debit Card,Success
PAY002523,ORD002523,Debit Card,Success
PAY002524,ORD002524,Cash,Success
PAY002525,ORD002525,Debit Card,Success
PAY002526,ORD002526,Credit Card,Success
PAY002527,ORD002527,Credit Card,Success
PAY002528,ORD002528,Wallet,Failed
PAY002529,ORD002529,Cash,Success
PAY002530,ORD002530,Cash,Success
PAY002531,ORD002531,Debit Card,Success
PAY002532,ORD002532,Wallet,Success
PAY002533,ORD002533,Wallet,Success
PAY002534,ORD002534,Cash,Success
PAY002535,ORD002535,Debit Card,Success
PAY002536,ORD002536,Credit Card,Failed
PAY002537,ORD002537,Cash,Success
PAY002538,ORD002538,Debit Card,Success
PAY002539,ORD002539,UPI,Success
PAY002540,ORD002540,Cash,Refunded
PAY002541,ORD002541,Cash,Success
PAY002542,ORD002542,Cash,Success
PAY002543,ORD002543,Debit Card,Failed
PAY002544,ORD002544,Cash,Success
PAY002545,ORD002545,Credit Card,Refunded
PAY002546,ORD002546,Debit Card,Success
PAY002547,ORD002547,UPI,Success
PAY002548,ORD002548,Wallet,Success
PAY002549,ORD002549,UPI,Success
PAY002550,ORD002550,Credit Card,Success
PAY002551,ORD002551,UPI,Success
PAY002552,ORD002552,Credit Card,Success
PAY002553,ORD002553,Credit Card,Success
PAY002554,ORD002554,Wallet,Success
PAY002555,ORD002555,UPI,Success
PAY002556,ORD002556,Credit Card,Refunded
PAY002557,ORD002557,Wallet,Success
PAY002558,ORD002558,UPI,Success
PAY002559,ORD002559,Debit Card,Failed
PAY002560,ORD002560,Wallet,Success
PAY002561,ORD002561,Credit Card,Refunded
PAY002562,ORD002562,Credit Card,Success
PAY002563,ORD002563,Wallet,Success
PAY002564,ORD002564,Credit Card,Success
PAY002565,ORD002565,UPI,Failed
PAY002566,ORD002566,Wallet,Refunded
PAY002567,ORD002567,Cash,Success
PAY002568,ORD002568,Debit Card,Success
PAY002569,ORD002569,Wallet,Success
PAY002570,ORD002570,Credit Card,Success
PAY002571,ORD002571,UPI,Success
PAY002572,ORD002572,UPI,Success
PAY002573,ORD002573,Debit Card,Success
PAY002574,ORD002574,Cash,Success
PAY002575,ORD002575,Cash,Success
PAY002576,ORD002576,Cash,Success
PAY002577,ORD002577,Credit Card,Success
PAY002578,ORD002578,Credit Card,Refunded
PAY002579,ORD002579,Wallet,Success
PAY002580,ORD002580,Debit Card,Failed
PAY002581,ORD002581,UPI,Success
PAY002582,ORD002582,UPI,Success
PAY002583,ORD002583,Credit Card,Success
PAY002584,ORD002584,UPI,Success
PAY002585,ORD002585,Credit Card,Success
PAY002586,ORD002586,Credit Card,Success
PAY002587,ORD002587,UPI,Failed
PAY002588,ORD002588,Credit Card,Success
PAY002589,ORD002589,Cash,Success
PAY002590,ORD002590,Wallet,Success
PAY002591,ORD002591,Credit Card,Success
PAY002592,ORD002592,Credit Card,Success
PAY002593,ORD002593,Cash,Failed
PAY002594,ORD002594,Debit Card,Success
PAY002595,ORD002595,Cash,Success
PAY002596,ORD002596,Credit Card,Success
PAY002597,ORD002597,Debit Card,Success
PAY002598,ORD002598,UPI,Refunded
PAY002599,ORD002599,Cash,Success
PAY002600,ORD002600,Credit Card,Failed
PAY002601,ORD002601,Cash,Success
PAY002602,ORD002602,UPI,Success
PAY002603,ORD002603,Cash,Failed
PAY002604,ORD002604,Debit Card,Success
PAY002605,ORD002605,Credit Card,Success
PAY002606,ORD002606,Debit Card,Success
PAY002607,ORD002607,Cash,Success
PAY002608,ORD002608,Credit Card,Success
PAY002609,ORD002609,UPI,Success
PAY002610,ORD002610,UPI,Refunded
PAY002611,ORD002611,Credit Card,Success
PAY002612,ORD002612,UPI,Success
PAY002613,ORD002613,Wallet,Success
PAY002614,ORD002614,Wallet,Refunded
PAY002615,ORD002615,Debit Card,Success
PAY002616,ORD002616,Wallet,Success
PAY002617,ORD002617,UPI,Success
PAY002618,ORD002618,Debit Card,Success
PAY002619,ORD002619,Cash,Success
PAY002620,ORD002620,Debit Card,Success
PAY002621,ORD002621,UPI,Success
PAY002622,ORD002622,UPI,Success
PAY002623,ORD002623,Cash,Success
PAY002624,ORD002624,UPI,Success
PAY002625,ORD002625,Debit Card,Success
PAY002626,ORD002626,Debit Card,Success
PAY002627,ORD002627,Cash,Success
PAY002628,ORD002628,UPI,Success
PAY002629,ORD002629,Debit Card,Success
PAY002630,ORD002630,Cash,Success
PAY002631,ORD002631,Credit Card,Success
PAY002632,ORD002632,Debit Card,Success
PAY002633,ORD002633,Cash,Success
PAY002634,ORD002634,Debit Card,Success
PAY002635,ORD002635,Wallet,Success
PAY002636,ORD002636,UPI,Success
PAY002637,ORD002637,Debit Card,Success
PAY002638,ORD002638,Wallet,Success
PAY002639,ORD002639,Cash,Failed
PAY002640,ORD002640,Cash,Success
PAY002641,ORD002641,Cash,Success
PAY002642,ORD002642,Wallet,Success
PAY002643,ORD002643,UPI,Success
PAY002644,ORD002644,Cash,Failed
PAY002645,ORD002645,Debit Card,Success
PAY002646,ORD002646,UPI,Success
PAY002647,ORD002647,UPI,Success
PAY002648,ORD002648,Cash,Success
PAY002649,ORD002649,UPI,Success
PAY002650,ORD002650,UPI,Success
PAY002651,ORD002651,Debit Card,Success
PAY002652,ORD002652,Debit Card,Success
PAY002653,ORD002653,Credit Card,Success
PAY002654,ORD002654,Debit Card,Success
PAY002655,ORD002655,UPI,Success
PAY002656,ORD002656,UPI,Success
PAY002657,ORD002657,Cash,Success
PAY002658,ORD002658,Credit Card,Success
PAY002659,ORD002659,Debit Card,Refunded
PAY002660,ORD002660,Wallet,Failed
PAY002661,ORD002661,Cash,Success
PAY002662,ORD002662,Credit Card,Success
PAY002663,ORD002663,UPI,Success
PAY002664,ORD002664,Wallet,Success
PAY002665,ORD002665,Wallet,Success
PAY002666,ORD002666,Wallet,Success
PAY002667,ORD002667,Wallet,Success
PAY002668,ORD002668,Debit Card,Success
PAY002669,ORD002669,UPI,Success
PAY002670,ORD002670,Cash,Success
PAY002671,ORD002671,Wallet,Failed
PAY002672,ORD002672,Wallet,Success
PAY002673,ORD002673,UPI,Success
PAY002674,ORD002674,Credit Card,Success
PAY002675,ORD002675,Wallet,Success
PAY002676,ORD002676,Cash,Success
PAY002677,ORD002677,Credit Card,Success
PAY002678,ORD002678,Wallet,Success
PAY002679,ORD002679,Cash,Success
PAY002680,ORD002680,Wallet,Success
PAY002681,ORD002681,Wallet,Success
PAY002682,ORD002682,Cash,Failed
PAY002683,ORD002683,Wallet,Success
PAY002684,ORD002684,Cash,Success
PAY002685,ORD002685,Credit Card,Success
PAY002686,ORD002686,UPI,Success
PAY002687,ORD002687,UPI,Success
PAY002688,ORD002688,UPI,Success
PAY002689,ORD002689,UPI,Success
PAY002690,ORD002690,Wallet,Success
PAY002691,ORD002691,Debit Card,Success
PAY002692,ORD002692,Credit Card,Success
PAY002693,ORD002693,Debit Card,Success
PAY002694,ORD002694,Wallet,Success
PAY002695,ORD002695,Credit Card,Success
PAY002696,ORD002696,UPI,Refunded
PAY002697,ORD002697,Credit Card,Failed
PAY002698,ORD002698,UPI,Success
PAY002699,ORD002699,Debit Card,Success
PAY002700,ORD002700,Cash,Success
PAY002701,ORD002701,Cash,Success
PAY002702,ORD002702,Wallet,Failed
PAY002703,ORD002703,Credit Card,Success
PAY002704,ORD002704,UPI,Success
PAY002705,ORD002705,Wallet,Success
PAY002706,ORD002706,UPI,Success
PAY002707,ORD002707,Wallet,Success
PAY002708,ORD002708,UPI,Success
PAY002709,ORD002709,Credit Card,Success
PAY002710,ORD002710,Debit Card,Success
PAY002711,ORD002711,Credit Card,Failed
PAY002712,ORD002712,Wallet,Success
PAY002713,ORD002713,Credit Card,Success
PAY002714,ORD002714,UPI,Success
PAY002715,ORD002715,Wallet,Success
PAY002716,ORD002716,Debit Card,Success
PAY002717,ORD002717,Cash,Success
PAY002718,ORD002718,Credit Card,Success
PAY002719,ORD002719,Cash,Success
PAY002720,ORD002720,Debit Card,Success
PAY002721,ORD002721,Debit Card,Success
PAY002722,ORD002722,Debit Card,Success
PAY002723,ORD002723,UPI,Success
PAY002724,ORD002724,Credit Card,Refunded
PAY002725,ORD002725,Cash,Success
PAY002726,ORD002726,Debit Card,Success
PAY002727,ORD002727,UPI,Success
PAY002728,ORD002728,Cash,Success
PAY002729,ORD002729,Debit Card,Success
PAY002730,ORD002730,UPI,Refunded
PAY002731,ORD002731,Cash,Success
PAY002732,ORD002732,Credit Card,Success
PAY002733,ORD002733,Cash,Refunded
PAY002734,ORD002734,Cash,Failed
PAY002735,ORD002735,Credit Card,Failed
PAY002736,ORD002736,Cash,Success
PAY002737,ORD002737,UPI,Success
PAY002738,ORD002738,Cash,Success
PAY002739,ORD002739,Cash,Failed
PAY002740,ORD002740,Wallet,Success
PAY002741,ORD002741,Credit Card,Success
PAY002742,ORD002742,Cash,Success
PAY002743,ORD002743,Debit Card,Refunded
PAY002744,ORD002744,Debit Card,Success
PAY002745,ORD002745,UPI,Success
PAY002746,ORD002746,Wallet,Refunded
PAY002747,ORD002747,UPI,Success
PAY002748,ORD002748,Cash,Failed
PAY002749,ORD002749,UPI,Success
PAY002750,ORD002750,Credit Card,Success
PAY002751,ORD002751,Credit Card,Success
PAY002752,ORD002752,Credit Card,Success
PAY002753,ORD002753,Credit Card,Success
PAY002754,ORD002754,Wallet,Success
PAY002755,ORD002755,Debit Card,Success
PAY002756,ORD002756,Cash,Success
PAY002757,ORD002757,Cash,Failed
PAY002758,ORD002758,Debit Card,Success
PAY002759,ORD002759,UPI,Success
PAY002760,ORD002760,Credit Card,Success
PAY002761,ORD002761,Credit Card,Success
PAY002762,ORD002762,Credit Card,Success
PAY002763,ORD002763,Debit Card,Success
PAY002764,ORD002764,UPI,Success
PAY002765,ORD002765,Wallet,Failed
PAY002766,ORD002766,Credit Card,Success
PAY002767,ORD002767,Debit Card,Success
PAY002768,ORD002768,UPI,Success
PAY002769,ORD002769,Cash,Refunded
PAY002770,ORD002770,UPI,Success
PAY002771,ORD002771,UPI,Refunded
PAY002772,ORD002772,Cash,Success
PAY002773,ORD002773,Wallet,Success
PAY002774,ORD002774,Cash,Failed
PAY002775,ORD002775,Credit Card,Success
PAY002776,ORD002776,UPI,Success
PAY002777,ORD002777,UPI,Success
PAY002778,ORD002778,UPI,Success
PAY002779,ORD002779,Credit Card,Failed
PAY002780,ORD002780,Debit Card,Success
PAY002781,ORD002781,UPI,Success
PAY002782,ORD002782,Credit Card,Success
PAY002783,ORD002783,Debit Card,Success
PAY002784,ORD002784,Debit Card,Failed
PAY002785,ORD002785,Debit Card,Refunded
PAY002786,ORD002786,UPI,Success
PAY002787,ORD002787,Cash,Refunded
PAY002788,ORD002788,Credit Card,Success
PAY002789,ORD002789,Debit Card,Success
PAY002790,ORD002790,Cash,Success
PAY002791,ORD002791,Debit Card,Success
PAY002792,ORD002792,Wallet,Success
PAY002793,ORD002793,Credit Card,Success
PAY002794,ORD002794,Cash,Success
PAY002795,ORD002795,UPI,Success
PAY002796,ORD002796,UPI,Success
PAY002797,ORD002797,Cash,Success
PAY002798,ORD002798,Credit Card,Success
PAY002799,ORD002799,Wallet,Success
PAY002800,ORD002800,UPI,Failed
PAY002801,ORD002801,Cash,Refunded
PAY002802,ORD002802,Wallet,Success
PAY002803,ORD002803,Wallet,Refunded
PAY002804,ORD002804,Debit Card,Success
PAY002805,ORD002805,UPI,Refunded
PAY002806,ORD002806,Wallet,Success
PAY002807,ORD002807,Debit Card,Success
PAY002808,ORD002808,Credit Card,Refunded
PAY002809,ORD002809,Wallet,Success
PAY002810,ORD002810,Wallet,Success
PAY002811,ORD002811,Wallet,Success
PAY002812,ORD002812,Wallet,Success
PAY002813,ORD002813,UPI,Success
PAY002814,ORD002814,Cash,Failed
PAY002815,ORD002815,Cash,Success
PAY002816,ORD002816,Wallet,Success
PAY002817,ORD002817,Debit Card,Failed
PAY002818,ORD002818,Wallet,Success
PAY002819,ORD002819,Cash,Refunded
PAY002820,ORD002820,UPI,Success
PAY002821,ORD002821,Credit Card,Success
PAY002822,ORD002822,Cash,Success
PAY002823,ORD002823,Debit Card,Success
PAY002824,ORD002824,Cash,Success
PAY002825,ORD002825,Debit Card,Success
PAY002826,ORD002826,UPI,Success
PAY002827,ORD002827,UPI,Success
PAY002828,ORD002828,Credit Card,Success
PAY002829,ORD002829,Debit Card,Success
PAY002830,ORD002830,Debit Card,Success
PAY002831,ORD002831,Cash,Success
PAY002832,ORD002832,Wallet,Success
PAY002833,ORD002833,Cash,Success
PAY002834,ORD002834,Wallet,Success
PAY002835,ORD002835,Wallet,Success
PAY002836,ORD002836,Cash,Success
PAY002837,ORD002837,Cash,Success
PAY002838,ORD002838,UPI,Success
PAY002839,ORD002839,Cash,Success
PAY002840,ORD002840,UPI,Success
PAY002841,ORD002841,Wallet,Success
PAY002842,ORD002842,Cash,Refunded
PAY002843,ORD002843,Credit Card,Success
PAY002844,ORD002844,Cash,Refunded
PAY002845,ORD002845,Wallet,Success
PAY002846,ORD002846,Credit Card,Success
PAY002847,ORD002847,Wallet,Success
PAY002848,ORD002848,Credit Card,Failed
PAY002849,ORD002849,UPI,Refunded
PAY002850,ORD002850,Debit Card,Success
PAY002851,ORD002851,Debit Card,Success
PAY002852,ORD002852,UPI,Success
PAY002853,ORD002853,Cash,Success
PAY002854,ORD002854,Wallet,Success
PAY002855,ORD002855,UPI,Success
PAY002856,ORD002856,Cash,Success
PAY002857,ORD002857,Cash,Success
PAY002858,ORD002858,Wallet,Success
PAY002859,ORD002859,Cash,Success
PAY002860,ORD002860,Wallet,Success
PAY002861,ORD002861,Credit Card,Success
PAY002862,ORD002862,Wallet,Success
PAY002863,ORD002863,Cash,Success
PAY002864,ORD002864,UPI,Success
PAY002865,ORD002865,Cash,Success
PAY002866,ORD002866,Wallet,Success
PAY002867,ORD002867,Debit Card,Success
PAY002868,ORD002868,Wallet,Success
PAY002869,ORD002869,Wallet,Success
PAY002870,ORD002870,Credit Card,Refunded
PAY002871,ORD002871,UPI,Success
PAY002872,ORD002872,Cash,Success
PAY002873,ORD002873,Debit Card,Success
PAY002874,ORD002874,UPI,Success
PAY002875,ORD002875,Cash,Success
PAY002876,ORD002876,Cash,Success
PAY002877,ORD002877,Wallet,Success
PAY002878,ORD002878,Debit Card,Refunded
PAY002879,ORD002879,Wallet,Failed
PAY002880,ORD002880,Wallet,Success
PAY002881,ORD002881,Cash,Success
PAY002882,ORD002882,Debit Card,Success
PAY002883,ORD002883,Debit Card,Refunded
PAY002884,ORD002884,UPI,Refunded
PAY002885,ORD002885,Debit Card,Success
PAY002886,ORD002886,Credit Card,Success
PAY002887,ORD002887,Credit Card,Success
PAY002888,ORD002888,Credit Card,Success
PAY002889,ORD002889,UPI,Success
PAY002890,ORD002890,Cash,Success
PAY002891,ORD002891,Cash,Success
PAY002892,ORD002892,Cash,Success
PAY002893,ORD002893,Cash,Success
PAY002894,ORD002894,Debit Card,Success
PAY002895,ORD002895,UPI,Success
PAY002896,ORD002896,Cash,Success
PAY002897,ORD002897,Cash,Success
PAY002898,ORD002898,Debit Card,Success
PAY002899,ORD002899,Cash,Refunded
PAY002900,ORD002900,Debit Card,Success
PAY002901,ORD002901,Credit Card,Success
PAY002902,ORD002902,Debit Card,Success
PAY002903,ORD002903,Cash,Success
PAY002904,ORD002904,Credit Card,Success
PAY002905,ORD002905,Debit Card,Success
PAY002906,ORD002906,Cash,Failed
PAY002907,ORD002907,Credit Card,Refunded
PAY002908,ORD002908,Credit Card,Success
PAY002909,ORD002909,UPI,Success
PAY002910,ORD002910,Wallet,Success
PAY002911,ORD002911,UPI,Success
PAY002912,ORD002912,Cash,Success
PAY002913,ORD002913,UPI,Success
PAY002914,ORD002914,UPI,Success
PAY002915,ORD002915,Debit Card,Success
PAY002916,ORD002916,Wallet,Success
PAY002917,ORD002917,Credit Card,Success
PAY002918,ORD002918,Cash,Success
PAY002919,ORD002919,Cash,Success
PAY002920,ORD002920,Credit Card,Failed
PAY002921,ORD002921,Cash,Success
PAY002922,ORD002922,Cash,Success
PAY002923,ORD002923,Credit Card,Failed
PAY002924,ORD002924,Credit Card,Failed
PAY002925,ORD002925,UPI,Success
PAY002926,ORD002926,Wallet,Success
PAY002927,ORD002927,Credit Card,Success
PAY002928,ORD002928,UPI,Success
PAY002929,ORD002929,Wallet,Success
PAY002930,ORD002930,UPI,Refunded
PAY002931,ORD002931,Cash,Success
PAY002932,ORD002932,Debit Card,Success
PAY002933,ORD002933,Cash,Success
PAY002934,ORD002934,Debit Card,Success
PAY002935,ORD002935,UPI,Failed
PAY002936,ORD002936,Wallet,Success
PAY002937,ORD002937,Cash,Success
PAY002938,ORD002938,Credit Card,Refunded
PAY002939,ORD002939,UPI,Success
PAY002940,ORD002940,Credit Card,Success
PAY002941,ORD002941,UPI,Success
PAY002942,ORD002942,Cash,Failed
PAY002943,ORD002943,Cash,Success
PAY002944,ORD002944,Debit Card,Success
PAY002945,ORD002945,Debit Card,Success
PAY002946,ORD002946,UPI,Success
PAY002947,ORD002947,UPI,Failed
PAY002948,ORD002948,Wallet,Success
PAY002949,ORD002949,Credit Card,Success
PAY002950,ORD002950,Cash,Success
PAY002951,ORD002951,Debit Card,Success
PAY002952,ORD002952,UPI,Success
PAY002953,ORD002953,UPI,Success
PAY002954,ORD002954,Credit Card,Success
PAY002955,ORD002955,Wallet,Success
PAY002956,ORD002956,UPI,Success
PAY002957,ORD002957,Wallet,Failed
PAY002958,ORD002958,Wallet,Success
PAY002959,ORD002959,Cash,Success
PAY002960,ORD002960,Credit Card,Failed
PAY002961,ORD002961,Credit Card,Success
PAY002962,ORD002962,UPI,Failed
PAY002963,ORD002963,UPI,Refunded
PAY002964,ORD002964,UPI,Success
PAY002965,ORD002965,Wallet,Success
PAY002966,ORD002966,Wallet,Success
PAY002967,ORD002967,Wallet,Success
PAY002968,ORD002968,Credit Card,Refunded
PAY002969,ORD002969,Credit Card,Success
PAY002970,ORD002970,UPI,Success
PAY002971,ORD002971,Wallet,Success
PAY002972,ORD002972,UPI,Success
PAY002973,ORD002973,Debit Card,Success
PAY002974,ORD002974,Debit Card,Success
PAY002975,ORD002975,Cash,Success
PAY002976,ORD002976,Cash,Success
PAY002977,ORD002977,Wallet,Success
PAY002978,ORD002978,Credit Card,Success
PAY002979,ORD002979,Cash,Success
PAY002980,ORD002980,Cash,Success
PAY002981,ORD002981,UPI,Success
PAY002982,ORD002982,Wallet,Success
PAY002983,ORD002983,Credit Card,Success
PAY002984,ORD002984,Wallet,Success
PAY002985,ORD002985,Credit Card,Success
PAY002986,ORD002986,Cash,Success
PAY002987,ORD002987,Debit Card,Failed
PAY002988,ORD002988,UPI,Success
PAY002989,ORD002989,Wallet,Success
PAY002990,ORD002990,Credit Card,Refunded
PAY002991,ORD002991,Debit Card,Success
PAY002992,ORD002992,Cash,Failed
PAY002993,ORD002993,Credit Card,Success
PAY002994,ORD002994,Credit Card,Refunded
PAY002995,ORD002995,Debit Card,Success
PAY002996,ORD002996,Debit Card,Success
PAY002997,ORD002997,Debit Card,Success
PAY002998,ORD002998,Wallet,Failed
PAY002999,ORD002999,Cash,Success
PAY003000,ORD003000,Debit Card,Success
PAY003001,ORD003001,Credit Card,Success
PAY003002,ORD003002,Credit Card,Success
PAY003003,ORD003003,Debit Card,Success
PAY003004,ORD003004,Cash,Success
PAY003005,ORD003005,Credit Card,Success
PAY003006,ORD003006,Cash,Refunded
PAY003007,ORD003007,Wallet,Success
PAY003008,ORD003008,UPI,Success
PAY003009,ORD003009,Cash,Failed
PAY003010,ORD003010,Cash,Success
PAY003011,ORD003011,Wallet,Success
PAY003012,ORD003012,Cash,Success
PAY003013,ORD003013,Debit Card,Success
PAY003014,ORD003014,Wallet,Success
PAY003015,ORD003015,Credit Card,Success
PAY003016,ORD003016,Cash,Success
PAY003017,ORD003017,Cash,Success
PAY003018,ORD003018,Debit Card,Success
PAY003019,ORD003019,Credit Card,Success
PAY003020,ORD003020,UPI,Success
PAY003021,ORD003021,Wallet,Success
PAY003022,ORD003022,Debit Card,Success
PAY003023,ORD003023,Credit Card,Success
PAY003024,ORD003024,Credit Card,Success
PAY003025,ORD003025,Wallet,Success
PAY003026,ORD003026,Debit Card,Success
PAY003027,ORD003027,Wallet,Success
PAY003028,ORD003028,Wallet,Success
PAY003029,ORD003029,UPI,Success
PAY003030,ORD003030,Debit Card,Success
PAY003031,ORD003031,Wallet,Refunded
PAY003032,ORD003032,Wallet,Success
PAY003033,ORD003033,Debit Card,Success
PAY003034,ORD003034,Wallet,Failed
PAY003035,ORD003035,UPI,Success
PAY003036,ORD003036,Cash,Success
PAY003037,ORD003037,Credit Card,Success
PAY003038,ORD003038,Debit Card,Failed
PAY003039,ORD003039,UPI,Success
PAY003040,ORD003040,UPI,Success
PAY003041,ORD003041,Wallet,Success
PAY003042,ORD003042,UPI,Success
PAY003043,ORD003043,Debit Card,Success
PAY003044,ORD003044,Cash,Success
PAY003045,ORD003045,Debit Card,Success
PAY003046,ORD003046,Credit Card,Success
PAY003047,ORD003047,Credit Card,Success
PAY003048,ORD003048,Wallet,Success
PAY003049,ORD003049,Credit Card,Success
PAY003050,ORD003050,Credit Card,Success
PAY003051,ORD003051,Credit Card,Failed
PAY003052,ORD003052,Cash,Success
PAY003053,ORD003053,Credit Card,Success
PAY003054,ORD003054,Debit Card,Failed
PAY003055,ORD003055,Debit Card,Success
PAY003056,ORD003056,Cash,Refunded
PAY003057,ORD003057,Debit Card,Success
PAY003058,ORD003058,Credit Card,Success
PAY003059,ORD003059,UPI,Success
PAY003060,ORD003060,Wallet,Success
PAY003061,ORD003061,Cash,Refunded
PAY003062,ORD003062,Wallet,Success
PAY003063,ORD003063,UPI,Refunded
PAY003064,ORD003064,Credit Card,Failed
PAY003065,ORD003065,Cash,Success
PAY003066,ORD003066,Debit Card,Success
PAY003067,ORD003067,Wallet,Failed
PAY003068,ORD003068,Debit Card,Success
PAY003069,ORD003069,Wallet,Success
PAY003070,ORD003070,Credit Card,Success
PAY003071,ORD003071,Credit Card,Success
PAY003072,ORD003072,UPI,Success
PAY003073,ORD003073,UPI,Refunded
PAY003074,ORD003074,Cash,Success
PAY003075,ORD003075,Debit Card,Success
PAY003076,ORD003076,Wallet,Success
PAY003077,ORD003077,UPI,Success
PAY003078,ORD003078,Cash,Success
PAY003079,ORD003079,Credit Card,Success
PAY003080,ORD003080,Wallet,Success
PAY003081,ORD003081,Wallet,Success
PAY003082,ORD003082,Debit Card,Success
PAY003083,ORD003083,UPI,Success
PAY003084,ORD003084,Cash,Success
PAY003085,ORD003085,Credit Card,Refunded
PAY003086,ORD003086,Credit Card,Success
PAY003087,ORD003087,UPI,Success
PAY003088,ORD003088,Cash,Success
PAY003089,ORD003089,Debit Card,Success
PAY003090,ORD003090,Wallet,Success
PAY003091,ORD003091,UPI,Success
PAY003092,ORD003092,Cash,Success
PAY003093,ORD003093,Cash,Failed
PAY003094,ORD003094,Debit Card,Success
PAY003095,ORD003095,Debit Card,Success
PAY003096,ORD003096,Debit Card,Failed
PAY003097,ORD003097,Cash,Success
PAY003098,ORD003098,Credit Card,Failed
PAY003099,ORD003099,Wallet,Success
PAY003100,ORD003100,Credit Card,Success
PAY003101,ORD003101,Wallet,Success
PAY003102,ORD003102,Debit Card,Success
PAY003103,ORD003103,UPI,Success
PAY003104,ORD003104,UPI,Success
PAY003105,ORD003105,Cash,Success
PAY003106,ORD003106,UPI,Success
PAY003107,ORD003107,Cash,Success
PAY003108,ORD003108,Credit Card,Failed
PAY003109,ORD003109,Debit Card,Refunded
PAY003110,ORD003110,UPI,Success
PAY003111,ORD003111,Credit Card,Success
PAY003112,ORD003112,Wallet,Success
PAY003113,ORD003113,Debit Card,Success
PAY003114,ORD003114,UPI,Success
PAY003115,ORD003115,Debit Card,Success
PAY003116,ORD003116,UPI,Success
PAY003117,ORD003117,UPI,Success
PAY003118,ORD003118,Wallet,Refunded
PAY003119,ORD003119,UPI,Success
PAY003120,ORD003120,Wallet,Success
PAY003121,ORD003121,Credit Card,Success
PAY003122,ORD003122,Wallet,Success
PAY003123,ORD003123,UPI,Success
PAY003124,ORD003124,Wallet,Success
PAY003125,ORD003125,Cash,Refunded
PAY003126,ORD003126,Credit Card,Success
PAY003127,ORD003127,Cash,Refunded
PAY003128,ORD003128,UPI,Success
PAY003129,ORD003129,Wallet,Success
PAY003130,ORD003130,Debit Card,Success
PAY003131,ORD003131,Cash,Success
PAY003132,ORD003132,Wallet,Success
PAY003133,ORD003133,Cash,Success
PAY003134,ORD003134,Debit Card,Success
PAY003135,ORD003135,Credit Card,Success
PAY003136,ORD003136,UPI,Success
PAY003137,ORD003137,UPI,Success
PAY003138,ORD003138,Wallet,Success
PAY003139,ORD003139,Debit Card,Success
PAY003140,ORD003140,UPI,Success
PAY003141,ORD003141,Wallet,Failed
PAY003142,ORD003142,Cash,Success
PAY003143,ORD003143,Wallet,Success
PAY003144,ORD003144,Credit Card,Success
PAY003145,ORD003145,Cash,Success
PAY003146,ORD003146,Cash,Success
PAY003147,ORD003147,Debit Card,Failed
PAY003148,ORD003148,Cash,Refunded
PAY003149,ORD003149,Cash,Refunded
PAY003150,ORD003150,Debit Card,Success
PAY003151,ORD003151,Cash,Success
PAY003152,ORD003152,Cash,Success
PAY003153,ORD003153,Debit Card,Success
PAY003154,ORD003154,Credit Card,Success
PAY003155,ORD003155,UPI,Failed
PAY003156,ORD003156,Cash,Success
PAY003157,ORD003157,Debit Card,Success
PAY003158,ORD003158,Wallet,Success
PAY003159,ORD003159,Credit Card,Success
PAY003160,ORD003160,Wallet,Success
PAY003161,ORD003161,Debit Card,Success
PAY003162,ORD003162,Credit Card,Success
PAY003163,ORD003163,Credit Card,Refunded
PAY003164,ORD003164,Credit Card,Success
PAY003165,ORD003165,UPI,Success
PAY003166,ORD003166,Debit Card,Success
PAY003167,ORD003167,Wallet,Success
PAY003168,ORD003168,Wallet,Failed
PAY003169,ORD003169,Debit Card,Success
PAY003170,ORD003170,UPI,Success
PAY003171,ORD003171,Debit Card,Success
PAY003172,ORD003172,Wallet,Success
PAY003173,ORD003173,Cash,Success
PAY003174,ORD003174,Debit Card,Failed
PAY003175,ORD003175,Debit Card,Success
PAY003176,ORD003176,UPI,Success
PAY003177,ORD003177,Debit Card,Success
PAY003178,ORD003178,UPI,Success
PAY003179,ORD003179,Wallet,Success
PAY003180,ORD003180,Debit Card,Success
PAY003181,ORD003181,Debit Card,Success
PAY003182,ORD003182,Wallet,Failed
PAY003183,ORD003183,Credit Card,Success
PAY003184,ORD003184,Debit Card,Success
PAY003185,ORD003185,UPI,Success
PAY003186,ORD003186,Debit Card,Success
PAY003187,ORD003187,Cash,Success
PAY003188,ORD003188,Credit Card,Refunded
PAY003189,ORD003189,Wallet,Success
PAY003190,ORD003190,Debit Card,Success
PAY003191,ORD003191,Cash,Success
PAY003192,ORD003192,Cash,Success
PAY003193,ORD003193,Cash,Success
PAY003194,ORD003194,UPI,Refunded
PAY003195,ORD003195,Wallet,Success
PAY003196,ORD003196,Wallet,Success
PAY003197,ORD003197,Credit Card,Success
PAY003198,ORD003198,Wallet,Success
PAY003199,ORD003199,Credit Card,Success
PAY003200,ORD003200,UPI,Success
PAY003201,ORD003201,Credit Card,Success
PAY003202,ORD003202,UPI,Success
PAY003203,ORD003203,Wallet,Success
PAY003204,ORD003204,Debit Card,Success
PAY003205,ORD003205,UPI,Refunded
PAY003206,ORD003206,Cash,Success
PAY003207,ORD003207,Cash,Success
PAY003208,ORD003208,Wallet,Success
PAY003209,ORD003209,UPI,Success
PAY003210,ORD003210,Wallet,Success
PAY003211,ORD003211,Cash,Success
PAY003212,ORD003212,UPI,Success
PAY003213,ORD003213,Wallet,Success
PAY003214,ORD003214,Credit Card,Success
PAY003215,ORD003215,Debit Card,Success
PAY003216,ORD003216,UPI,Failed
PAY003217,ORD003217,UPI,Success
PAY003218,ORD003218,Wallet,Success
PAY003219,ORD003219,UPI,Failed
PAY003220,ORD003220,Credit Card,Success
PAY003221,ORD003221,Cash,Success
PAY003222,ORD003222,UPI,Success
PAY003223,ORD003223,Cash,Refunded
PAY003224,ORD003224,Cash,Success
PAY003225,ORD003225,Debit Card,Success
PAY003226,ORD003226,UPI,Refunded
PAY003227,ORD003227,Cash,Failed
PAY003228,ORD003228,Debit Card,Success
PAY003229,ORD003229,Cash,Success
PAY003230,ORD003230,Wallet,Success
PAY003231,ORD003231,UPI,Success
PAY003232,ORD003232,UPI,Success
PAY003233,ORD003233,Cash,Success
PAY003234,ORD003234,Debit Card,Success
PAY003235,ORD003235,Debit Card,Failed
PAY003236,ORD003236,Wallet,Success
PAY003237,ORD003237,Credit Card,Success
PAY003238,ORD003238,Wallet,Success
PAY003239,ORD003239,UPI,Success
PAY003240,ORD003240,Credit Card,Failed
PAY003241,ORD003241,Cash,Success
PAY003242,ORD003242,Credit Card,Success
PAY003243,ORD003243,Cash,Success
PAY003244,ORD003244,Credit Card,Success
PAY003245,ORD003245,UPI,Success
PAY003246,ORD003246,Credit Card,Success
PAY003247,ORD003247,Wallet,Success
PAY003248,ORD003248,Cash,Success
PAY003249,ORD003249,Credit Card,Refunded
PAY003250,ORD003250,Debit Card,Success
PAY003251,ORD003251,UPI,Success
PAY003252,ORD003252,UPI,Success
PAY003253,ORD003253,Cash,Success
PAY003254,ORD003254,Credit Card,Success
PAY003255,ORD003255,Credit Card,Success
PAY003256,ORD003256,Credit Card,Success
PAY003257,ORD003257,Wallet,Refunded
PAY003258,ORD003258,Debit Card,Success
PAY003259,ORD003259,UPI,Success
PAY003260,ORD003260,Debit Card,Success
PAY003261,ORD003261,Cash,Success
PAY003262,ORD003262,Wallet,Failed
PAY003263,ORD003263,UPI,Success
PAY003264,ORD003264,Credit Card,Success
PAY003265,ORD003265,Debit Card,Success
PAY003266,ORD003266,Wallet,Success
PAY003267,ORD003267,Cash,Success
PAY003268,ORD003268,Credit Card,Failed
PAY003269,ORD003269,Credit Card,Success
PAY003270,ORD003270,Debit Card,Success
PAY003271,ORD003271,Debit Card,Success
PAY003272,ORD003272,UPI,Success
PAY003273,ORD003273,UPI,Success
PAY003274,ORD003274,UPI,Success
PAY003275,ORD003275,Wallet,Success
PAY003276,ORD003276,Debit Card,Success
PAY003277,ORD003277,Cash,Success
PAY003278,ORD003278,Debit Card,Success
PAY003279,ORD003279,UPI,Refunded
PAY003280,ORD003280,Cash,Success
PAY003281,ORD003281,Credit Card,Failed
PAY003282,ORD003282,UPI,Success
PAY003283,ORD003283,UPI,Success
PAY003284,ORD003284,Cash,Success
PAY003285,ORD003285,Wallet,Failed
PAY003286,ORD003286,Debit Card,Refunded
PAY003287,ORD003287,UPI,Success
PAY003288,ORD003288,Debit Card,Success
PAY003289,ORD003289,Credit Card,Success
PAY003290,ORD003290,Cash,Success
PAY003291,ORD003291,Debit Card,Success
PAY003292,ORD003292,Debit Card,Success
PAY003293,ORD003293,UPI,Success
PAY003294,ORD003294,Debit Card,Success
PAY003295,ORD003295,Credit Card,Success
PAY003296,ORD003296,Debit Card,Failed
PAY003297,ORD003297,Cash,Success
PAY003298,ORD003298,Credit Card,Refunded
PAY003299,ORD003299,Debit Card,Refunded
PAY003300,ORD003300,UPI,Refunded
PAY003301,ORD003301,Debit Card,Refunded
PAY003302,ORD003302,Cash,Success
PAY003303,ORD003303,Wallet,Success
PAY003304,ORD003304,UPI,Success
PAY003305,ORD003305,Cash,Success
PAY003306,ORD003306,UPI,Success
PAY003307,ORD003307,Wallet,Success
PAY003308,ORD003308,Wallet,Success
PAY003309,ORD003309,UPI,Success
PAY003310,ORD003310,Debit Card,Success
PAY003311,ORD003311,UPI,Success
PAY003312,ORD003312,Credit Card,Refunded
PAY003313,ORD003313,Wallet,Success
PAY003314,ORD003314,Wallet,Refunded
PAY003315,ORD003315,Cash,Success
PAY003316,ORD003316,Wallet,Refunded
PAY003317,ORD003317,Cash,Success
PAY003318,ORD003318,Debit Card,Success
PAY003319,ORD003319,Cash,Success
PAY003320,ORD003320,UPI,Success
PAY003321,ORD003321,Credit Card,Success
PAY003322,ORD003322,Cash,Success
PAY003323,ORD003323,Debit Card,Success
PAY003324,ORD003324,UPI,Success
PAY003325,ORD003325,Cash,Success
PAY003326,ORD003326,UPI,Failed
PAY003327,ORD003327,Credit Card,Success
PAY003328,ORD003328,Credit Card,Success
PAY003329,ORD003329,Cash,Success
PAY003330,ORD003330,Wallet,Success
PAY003331,ORD003331,Debit Card,Success
PAY003332,ORD003332,Cash,Success
PAY003333,ORD003333,UPI,Success
PAY003334,ORD003334,Wallet,Success
PAY003335,ORD003335,Debit Card,Success
PAY003336,ORD003336,Debit Card,Success
PAY003337,ORD003337,Cash,Success
PAY003338,ORD003338,Credit Card,Success
PAY003339,ORD003339,Debit Card,Success
PAY003340,ORD003340,Credit Card,Success
PAY003341,ORD003341,Debit Card,Success
PAY003342,ORD003342,Cash,Refunded
PAY003343,ORD003343,Credit Card,Success
PAY003344,ORD003344,Wallet,Success
PAY003345,ORD003345,Wallet,Success
PAY003346,ORD003346,Cash,Refunded
PAY003347,ORD003347,Credit Card,Success
PAY003348,ORD003348,Debit Card,Success
PAY003349,ORD003349,Cash,Success
PAY003350,ORD003350,UPI,Success
PAY003351,ORD003351,Cash,Success
PAY003352,ORD003352,Cash,Success
PAY003353,ORD003353,Cash,Success
PAY003354,ORD003354,Cash,Success
PAY003355,ORD003355,UPI,Failed
PAY003356,ORD003356,Debit Card,Success
PAY003357,ORD003357,Credit Card,Success
PAY003358,ORD003358,Cash,Success
PAY003359,ORD003359,Wallet,Success
PAY003360,ORD003360,UPI,Success
PAY003361,ORD003361,Cash,Success
PAY003362,ORD003362,Wallet,Success
PAY003363,ORD003363,Debit Card,Success
PAY003364,ORD003364,Cash,Success
PAY003365,ORD003365,UPI,Success
PAY003366,ORD003366,Cash,Success
PAY003367,ORD003367,Wallet,Success
PAY003368,ORD003368,Debit Card,Success
PAY003369,ORD003369,UPI,Success
PAY003370,ORD003370,Credit Card,Success
PAY003371,ORD003371,Debit Card,Success
PAY003372,ORD003372,UPI,Success
PAY003373,ORD003373,UPI,Failed
PAY003374,ORD003374,Credit Card,Success
PAY003375,ORD003375,UPI,Failed
PAY003376,ORD003376,Cash,Success
PAY003377,ORD003377,Credit Card,Success
PAY003378,ORD003378,Debit Card,Success
PAY003379,ORD003379,UPI,Refunded
PAY003380,ORD003380,Wallet,Success
PAY003381,ORD003381,Debit Card,Success
PAY003382,ORD003382,Cash,Failed
PAY003383,ORD003383,Debit Card,Success
PAY003384,ORD003384,Credit Card,Success
PAY003385,ORD003385,UPI,Success
PAY003386,ORD003386,Wallet,Success
PAY003387,ORD003387,Wallet,Success
PAY003388,ORD003388,UPI,Success
PAY003389,ORD003389,Cash,Success
PAY003390,ORD003390,Cash,Success
PAY003391,ORD003391,Cash,Success
PAY003392,ORD003392,Cash,Refunded
PAY003393,ORD003393,Cash,Success
PAY003394,ORD003394,Wallet,Success
PAY003395,ORD003395,Debit Card,Success
PAY003396,ORD003396,Debit Card,Failed
PAY003397,ORD003397,Debit Card,Success
PAY003398,ORD003398,UPI,Success
PAY003399,ORD003399,Wallet,Success
PAY003400,ORD003400,Wallet,Failed
PAY003401,ORD003401,Wallet,Success
PAY003402,ORD003402,Wallet,Success
PAY003403,ORD003403,Credit Card,Failed
PAY003404,ORD003404,Wallet,Success
PAY003405,ORD003405,Credit Card,Refunded
PAY003406,ORD003406,Cash,Refunded
PAY003407,ORD003407,Debit Card,Failed
PAY003408,ORD003408,Wallet,Success
PAY003409,ORD003409,Wallet,Success
PAY003410,ORD003410,Wallet,Success
PAY003411,ORD003411,Credit Card,Success
PAY003412,ORD003412,Cash,Success
PAY003413,ORD003413,Cash,Success
PAY003414,ORD003414,Wallet,Success
PAY003415,ORD003415,Credit Card,Success
PAY003416,ORD003416,UPI,Success
PAY003417,ORD003417,Credit Card,Success
PAY003418,ORD003418,Wallet,Success
PAY003419,ORD003419,Credit Card,Success
PAY003420,ORD003420,UPI,Success
PAY003421,ORD003421,Debit Card,Success
PAY003422,ORD003422,UPI,Success
PAY003423,ORD003423,Debit Card,Failed
PAY003424,ORD003424,Wallet,Refunded
PAY003425,ORD003425,Credit Card,Success
PAY003426,ORD003426,UPI,Success
PAY003427,ORD003427,Cash,Success
PAY003428,ORD003428,Cash,Success
PAY003429,ORD003429,UPI,Refunded
PAY003430,ORD003430,Credit Card,Success
PAY003431,ORD003431,Cash,Success
PAY003432,ORD003432,Wallet,Success
PAY003433,ORD003433,Credit Card,Success
PAY003434,ORD003434,Cash,Refunded
PAY003435,ORD003435,UPI,Success
PAY003436,ORD003436,UPI,Failed
PAY003437,ORD003437,UPI,Success
PAY003438,ORD003438,Cash,Success
PAY003439,ORD003439,Debit Card,Success
PAY003440,ORD003440,Cash,Success
PAY003441,ORD003441,Wallet,Success
PAY003442,ORD003442,Credit Card,Success
PAY003443,ORD003443,UPI,Success
PAY003444,ORD003444,Cash,Success
PAY003445,ORD003445,Credit Card,Success
PAY003446,ORD003446,UPI,Success
PAY003447,ORD003447,Debit Card,Success
PAY003448,ORD003448,Debit Card,Success
PAY003449,ORD003449,Credit Card,Success
PAY003450,ORD003450,Wallet,Refunded
PAY003451,ORD003451,Credit Card,Success
PAY003452,ORD003452,Credit Card,Success
PAY003453,ORD003453,Cash,Success
PAY003454,ORD003454,Debit Card,Success
PAY003455,ORD003455,Credit Card,Success
PAY003456,ORD003456,Debit Card,Success
PAY003457,ORD003457,UPI,Success
PAY003458,ORD003458,Wallet,Success
PAY003459,ORD003459,Cash,Success
PAY003460,ORD003460,UPI,Success
PAY003461,ORD003461,Credit Card,Refunded
PAY003462,ORD003462,Credit Card,Success
PAY003463,ORD003463,Cash,Success
PAY003464,ORD003464,Credit Card,Success
PAY003465,ORD003465,Credit Card,Success
PAY003466,ORD003466,Cash,Success
PAY003467,ORD003467,Wallet,Success
PAY003468,ORD003468,Cash,Failed
PAY003469,ORD003469,UPI,Success
PAY003470,ORD003470,Debit Card,Success
PAY003471,ORD003471,Cash,Success
PAY003472,ORD003472,Wallet,Success
PAY003473,ORD003473,Cash,Success
PAY003474,ORD003474,Wallet,Success
PAY003475,ORD003475,Debit Card,Success
PAY003476,ORD003476,Debit Card,Success
PAY003477,ORD003477,Debit Card,Failed
PAY003478,ORD003478,UPI,Success
PAY003479,ORD003479,Cash,Success
PAY003480,ORD003480,Debit Card,Success
PAY003481,ORD003481,Debit Card,Success
PAY003482,ORD003482,Credit Card,Success
PAY003483,ORD003483,UPI,Success
PAY003484,ORD003484,Debit Card,Success
PAY003485,ORD003485,Wallet,Success
PAY003486,ORD003486,Wallet,Success
PAY003487,ORD003487,Cash,Success
PAY003488,ORD003488,UPI,Success
PAY003489,ORD003489,Credit Card,Success
PAY003490,ORD003490,UPI,Failed
PAY003491,ORD003491,UPI,Success
PAY003492,ORD003492,Cash,Success
PAY003493,ORD003493,Credit Card,Success
PAY003494,ORD003494,Credit Card,Refunded
PAY003495,ORD003495,Credit Card,Success
PAY003496,ORD003496,UPI,Refunded
PAY003497,ORD003497,UPI,Failed
PAY003498,ORD003498,Wallet,Success
PAY003499,ORD003499,Wallet,Success
PAY003500,ORD003500,UPI,Success
PAY003501,ORD003501,Cash,Success
PAY003502,ORD003502,Cash,Success
PAY003503,ORD003503,Credit Card,Success
PAY003504,ORD003504,Credit Card,Success
PAY003505,ORD003505,Debit Card,Success
PAY003506,ORD003506,Cash,Refunded
PAY003507,ORD003507,Cash,Success
PAY003508,ORD003508,Debit Card,Success
PAY003509,ORD003509,UPI,Success
PAY003510,ORD003510,Debit Card,Failed
PAY003511,ORD003511,UPI,Success
PAY003512,ORD003512,Wallet,Success
PAY003513,ORD003513,Cash,Success
PAY003514,ORD003514,Debit Card,Success
PAY003515,ORD003515,Debit Card,Success
PAY003516,ORD003516,Cash,Failed
PAY003517,ORD003517,UPI,Success
PAY003518,ORD003518,Wallet,Success
PAY003519,ORD003519,Cash,Success
PAY003520,ORD003520,UPI,Success
PAY003521,ORD003521,UPI,Success
PAY003522,ORD003522,Debit Card,Failed
PAY003523,ORD003523,Cash,Success
PAY003524,ORD003524,UPI,Success
PAY003525,ORD003525,Credit Card,Failed
PAY003526,ORD003526,Cash,Success
PAY003527,ORD003527,Debit Card,Success
PAY003528,ORD003528,Wallet,Success
PAY003529,ORD003529,UPI,Failed
PAY003530,ORD003530,Wallet,Success
PAY003531,ORD003531,Debit Card,Failed
PAY003532,ORD003532,Credit Card,Success
PAY003533,ORD003533,Credit Card,Success
PAY003534,ORD003534,Cash,Failed
PAY003535,ORD003535,Credit Card,Success
PAY003536,ORD003536,Debit Card,Success
PAY003537,ORD003537,UPI,Success
PAY003538,ORD003538,Credit Card,Success
PAY003539,ORD003539,Debit Card,Success
PAY003540,ORD003540,Debit Card,Success
PAY003541,ORD003541,UPI,Refunded
PAY003542,ORD003542,UPI,Failed
PAY003543,ORD003543,Wallet,Success
PAY003544,ORD003544,UPI,Success
PAY003545,ORD003545,Credit Card,Success
PAY003546,ORD003546,UPI,Success
PAY003547,ORD003547,UPI,Failed
PAY003548,ORD003548,Wallet,Success
PAY003549,ORD003549,Debit Card,Success
PAY003550,ORD003550,Cash,Refunded
PAY003551,ORD003551,Wallet,Success
PAY003552,ORD003552,Cash,Success
PAY003553,ORD003553,Debit Card,Success
PAY003554,ORD003554,Cash,Success
PAY003555,ORD003555,UPI,Success
PAY003556,ORD003556,Credit Card,Failed
PAY003557,ORD003557,UPI,Refunded
PAY003558,ORD003558,Cash,Success
PAY003559,ORD003559,Cash,Success
PAY003560,ORD003560,Debit Card,Success
PAY003561,ORD003561,Debit Card,Refunded
PAY003562,ORD003562,Credit Card,Success
PAY003563,ORD003563,Debit Card,Success
PAY003564,ORD003564,Credit Card,Refunded
PAY003565,ORD003565,UPI,Success
PAY003566,ORD003566,Credit Card,Success
PAY003567,ORD003567,Cash,Success
PAY003568,ORD003568,Debit Card,Success
PAY003569,ORD003569,Credit Card,Success
PAY003570,ORD003570,Credit Card,Success
PAY003571,ORD003571,Wallet,Success
PAY003572,ORD003572,Debit Card,Success
PAY003573,ORD003573,Credit Card,Failed
PAY003574,ORD003574,Wallet,Success
PAY003575,ORD003575,Cash,Success
PAY003576,ORD003576,Debit Card,Success
PAY003577,ORD003577,Cash,Refunded
PAY003578,ORD003578,Debit Card,Success
PAY003579,ORD003579,Wallet,Success
PAY003580,ORD003580,Wallet,Success
PAY003581,ORD003581,Wallet,Success
PAY003582,ORD003582,UPI,Success
PAY003583,ORD003583,Cash,Success
PAY003584,ORD003584,Credit Card,Success
PAY003585,ORD003585,Wallet,Success
PAY003586,ORD003586,Cash,Success
PAY003587,ORD003587,Wallet,Success
PAY003588,ORD003588,Cash,Success
PAY003589,ORD003589,Wallet,Success
PAY003590,ORD003590,Cash,Refunded
PAY003591,ORD003591,UPI,Success
PAY003592,ORD003592,Debit Card,Failed
PAY003593,ORD003593,Debit Card,Success
PAY003594,ORD003594,Cash,Success
PAY003595,ORD003595,Wallet,Success
PAY003596,ORD003596,UPI,Failed
PAY003597,ORD003597,Debit Card,Success
PAY003598,ORD003598,Debit Card,Success
PAY003599,ORD003599,Cash,Refunded
PAY003600,ORD003600,Wallet,Success
PAY003601,ORD003601,UPI,Success
PAY003602,ORD003602,UPI,Success
PAY003603,ORD003603,Wallet,Success
PAY003604,ORD003604,Credit Card,Success
PAY003605,ORD003605,Wallet,Failed
PAY003606,ORD003606,Debit Card,Success
PAY003607,ORD003607,Debit Card,Success
PAY003608,ORD003608,Cash,Success
PAY003609,ORD003609,Credit Card,Success
PAY003610,ORD003610,Credit Card,Failed
PAY003611,ORD003611,Cash,Success
PAY003612,ORD003612,Credit Card,Success
PAY003613,ORD003613,UPI,Success
PAY003614,ORD003614,Credit Card,Refunded
PAY003615,ORD003615,UPI,Success
PAY003616,ORD003616,Wallet,Success
PAY003617,ORD003617,Cash,Refunded
PAY003618,ORD003618,Cash,Success
PAY003619,ORD003619,UPI,Success
PAY003620,ORD003620,Cash,Success
PAY003621,ORD003621,Cash,Success
PAY003622,ORD003622,Debit Card,Failed
PAY003623,ORD003623,Credit Card,Success
PAY003624,ORD003624,Credit Card,Success
PAY003625,ORD003625,Wallet,Success
PAY003626,ORD003626,Wallet,Failed
PAY003627,ORD003627,Wallet,Success
PAY003628,ORD003628,Cash,Refunded
PAY003629,ORD003629,Debit Card,Failed
PAY003630,ORD003630,Cash,Success
PAY003631,ORD003631,Wallet,Success
PAY003632,ORD003632,Debit Card,Success
PAY003633,ORD003633,Cash,Success
PAY003634,ORD003634,Debit Card,Success
PAY003635,ORD003635,Debit Card,Failed
PAY003636,ORD003636,Wallet,Failed
PAY003637,ORD003637,Debit Card,Success
PAY003638,ORD003638,UPI,Success
PAY003639,ORD003639,Wallet,Success
PAY003640,ORD003640,Debit Card,Success
PAY003641,ORD003641,UPI,Success
PAY003642,ORD003642,Wallet,Failed
PAY003643,ORD003643,Wallet,Success
PAY003644,ORD003644,Debit Card,Success
PAY003645,ORD003645,Debit Card,Success
PAY003646,ORD003646,Credit Card,Success
PAY003647,ORD003647,Credit Card,Success
PAY003648,ORD003648,Wallet,Success
PAY003649,ORD003649,Wallet,Failed
PAY003650,ORD003650,Cash,Success
PAY003651,ORD003651,Cash,Success
PAY003652,ORD003652,Wallet,Success
PAY003653,ORD003653,Credit Card,Failed
PAY003654,ORD003654,Cash,Success
PAY003655,ORD003655,Cash,Success
PAY003656,ORD003656,Wallet,Success
PAY003657,ORD003657,Wallet,Refunded
PAY003658,ORD003658,Cash,Success
PAY003659,ORD003659,Cash,Success
PAY003660,ORD003660,Wallet,Success
PAY003661,ORD003661,Credit Card,Success
PAY003662,ORD003662,Cash,Success
PAY003663,ORD003663,Debit Card,Success
PAY003664,ORD003664,Credit Card,Refunded
PAY003665,ORD003665,Wallet,Success
PAY003666,ORD003666,Wallet,Success
PAY003667,ORD003667,Debit Card,Success
PAY003668,ORD003668,UPI,Success
PAY003669,ORD003669,Cash,Success
PAY003670,ORD003670,Debit Card,Success
PAY003671,ORD003671,Debit Card,Success
PAY003672,ORD003672,Cash,Failed
PAY003673,ORD003673,Credit Card,Success
PAY003674,ORD003674,Cash,Success
PAY003675,ORD003675,UPI,Success
PAY003676,ORD003676,Cash,Refunded
PAY003677,ORD003677,Cash,Success
PAY003678,ORD003678,Credit Card,Success
PAY003679,ORD003679,Wallet,Failed
PAY003680,ORD003680,Debit Card,Success
PAY003681,ORD003681,UPI,Failed
PAY003682,ORD003682,Debit Card,Success
PAY003683,ORD003683,Debit Card,Success
PAY003684,ORD003684,UPI,Success
PAY003685,ORD003685,Credit Card,Success
PAY003686,ORD003686,Cash,Success
PAY003687,ORD003687,Cash,Success
PAY003688,ORD003688,Credit Card,Success
PAY003689,ORD003689,Credit Card,Success
PAY003690,ORD003690,Debit Card,Failed
PAY003691,ORD003691,Wallet,Success
PAY003692,ORD003692,Cash,Success
PAY003693,ORD003693,Cash,Success
PAY003694,ORD003694,Credit Card,Success
PAY003695,ORD003695,UPI,Success
PAY003696,ORD003696,Cash,Success
PAY003697,ORD003697,UPI,Success
PAY003698,ORD003698,Wallet,Refunded
PAY003699,ORD003699,UPI,Success
PAY003700,ORD003700,Debit Card,Success
PAY003701,ORD003701,Cash,Success
PAY003702,ORD003702,Cash,Success
PAY003703,ORD003703,UPI,Success
PAY003704,ORD003704,UPI,Success
PAY003705,ORD003705,Credit Card,Success
PAY003706,ORD003706,Credit Card,Success
PAY003707,ORD003707,Wallet,Success
PAY003708,ORD003708,Cash,Success
PAY003709,ORD003709,Debit Card,Success
PAY003710,ORD003710,Cash,Refunded
PAY003711,ORD003711,Cash,Failed
PAY003712,ORD003712,Debit Card,Success
PAY003713,ORD003713,Credit Card,Success
PAY003714,ORD003714,Credit Card,Success
PAY003715,ORD003715,Cash,Failed
PAY003716,ORD003716,Debit Card,Success
PAY003717,ORD003717,UPI,Success
PAY003718,ORD003718,Cash,Success
PAY003719,ORD003719,Wallet,Success
PAY003720,ORD003720,UPI,Success
PAY003721,ORD003721,Wallet,Success
PAY003722,ORD003722,UPI,Success
PAY003723,ORD003723,Credit Card,Success
PAY003724,ORD003724,Cash,Success
PAY003725,ORD003725,Wallet,Success
PAY003726,ORD003726,UPI,Success
PAY003727,ORD003727,UPI,Success
PAY003728,ORD003728,Credit Card,Success
PAY003729,ORD003729,UPI,Success
PAY003730,ORD003730,Credit Card,Success
PAY003731,ORD003731,UPI,Success
PAY003732,ORD003732,Cash,Success
PAY003733,ORD003733,UPI,Success
PAY003734,ORD003734,Credit Card,Success
PAY003735,ORD003735,Wallet,Refunded
PAY003736,ORD003736,Cash,Success
PAY003737,ORD003737,Wallet,Success
PAY003738,ORD003738,UPI,Success
PAY003739,ORD003739,Wallet,Success
PAY003740,ORD003740,UPI,Refunded
PAY003741,ORD003741,UPI,Success
PAY003742,ORD003742,Credit Card,Success
PAY003743,ORD003743,UPI,Success
PAY003744,ORD003744,Credit Card,Success
PAY003745,ORD003745,Cash,Success
PAY003746,ORD003746,Credit Card,Failed
PAY003747,ORD003747,Wallet,Success
PAY003748,ORD003748,Credit Card,Refunded
PAY003749,ORD003749,UPI,Success
PAY003750,ORD003750,UPI,Success
PAY003751,ORD003751,Wallet,Failed
PAY003752,ORD003752,Cash,Success
PAY003753,ORD003753,Cash,Success
PAY003754,ORD003754,Cash,Success
PAY003755,ORD003755,Debit Card,Failed
PAY003756,ORD003756,Cash,Success
PAY003757,ORD003757,Wallet,Failed
PAY003758,ORD003758,Debit Card,Success
PAY003759,ORD003759,UPI,Failed
PAY003760,ORD003760,Debit Card,Success
PAY003761,ORD003761,UPI,Success
PAY003762,ORD003762,Cash,Success
PAY003763,ORD003763,Cash,Refunded
PAY003764,ORD003764,Cash,Refunded
PAY003765,ORD003765,Credit Card,Success
PAY003766,ORD003766,Debit Card,Success
PAY003767,ORD003767,Cash,Success
PAY003768,ORD003768,Cash,Success
PAY003769,ORD003769,UPI,Success
PAY003770,ORD003770,UPI,Success
PAY003771,ORD003771,Credit Card,Failed
PAY003772,ORD003772,Debit Card,Success
PAY003773,ORD003773,Debit Card,Success
PAY003774,ORD003774,Credit Card,Failed
PAY003775,ORD003775,Cash,Success
PAY003776,ORD003776,Wallet,Success
PAY003777,ORD003777,Cash,Success
PAY003778,ORD003778,Wallet,Success
PAY003779,ORD003779,Wallet,Success
PAY003780,ORD003780,Credit Card,Success
PAY003781,ORD003781,Cash,Failed
PAY003782,ORD003782,Credit Card,Success
PAY003783,ORD003783,Cash,Success
PAY003784,ORD003784,Cash,Success
PAY003785,ORD003785,Debit Card,Success
PAY003786,ORD003786,Debit Card,Refunded
PAY003787,ORD003787,Cash,Success
PAY003788,ORD003788,Debit Card,Failed
PAY003789,ORD003789,Credit Card,Success
PAY003790,ORD003790,Debit Card,Success
PAY003791,ORD003791,Cash,Failed
PAY003792,ORD003792,Wallet,Success
PAY003793,ORD003793,Debit Card,Success
PAY003794,ORD003794,UPI,Success
PAY003795,ORD003795,Debit Card,Success
PAY003796,ORD003796,Credit Card,Success
PAY003797,ORD003797,Debit Card,Success
PAY003798,ORD003798,Debit Card,Failed
PAY003799,ORD003799,Debit Card,Failed
PAY003800,ORD003800,Cash,Success
PAY003801,ORD003801,Credit Card,Success
PAY003802,ORD003802,Wallet,Success
PAY003803,ORD003803,Cash,Failed
PAY003804,ORD003804,UPI,Success
PAY003805,ORD003805,Cash,Success
PAY003806,ORD003806,Wallet,Success
PAY003807,ORD003807,Credit Card,Success
PAY003808,ORD003808,Debit Card,Refunded
PAY003809,ORD003809,Credit Card,Success
PAY003810,ORD003810,Debit Card,Refunded
PAY003811,ORD003811,Wallet,Success
PAY003812,ORD003812,Debit Card,Success
PAY003813,ORD003813,Cash,Success
PAY003814,ORD003814,UPI,Refunded
PAY003815,ORD003815,Credit Card,Success
PAY003816,ORD003816,Debit Card,Refunded
PAY003817,ORD003817,UPI,Success
PAY003818,ORD003818,Cash,Success
PAY003819,ORD003819,Cash,Success
PAY003820,ORD003820,Debit Card,Success
PAY003821,ORD003821,UPI,Success
PAY003822,ORD003822,Credit Card,Success
PAY003823,ORD003823,Wallet,Success
PAY003824,ORD003824,UPI,Success
PAY003825,ORD003825,Credit Card,Success
PAY003826,ORD003826,Wallet,Success
PAY003827,ORD003827,Cash,Success
PAY003828,ORD003828,Debit Card,Success
PAY003829,ORD003829,Wallet,Failed
PAY003830,ORD003830,Cash,Success
PAY003831,ORD003831,Credit Card,Success
PAY003832,ORD003832,Wallet,Success
PAY003833,ORD003833,UPI,Success
PAY003834,ORD003834,Wallet,Success
PAY003835,ORD003835,Wallet,Success
PAY003836,ORD003836,UPI,Success
PAY003837,ORD003837,Debit Card,Success
PAY003838,ORD003838,Cash,Success
PAY003839,ORD003839,Credit Card,Refunded
PAY003840,ORD003840,UPI,Success
PAY003841,ORD003841,Cash,Success
PAY003842,ORD003842,Wallet,Success
PAY003843,ORD003843,UPI,Success
PAY003844,ORD003844,Debit Card,Failed
PAY003845,ORD003845,Credit Card,Refunded
PAY003846,ORD003846,Cash,Success
PAY003847,ORD003847,Credit Card,Refunded
PAY003848,ORD003848,Credit Card,Success
PAY003849,ORD003849,Debit Card,Success
PAY003850,ORD003850,UPI,Success
PAY003851,ORD003851,UPI,Success
PAY003852,ORD003852,Debit Card,Success
PAY003853,ORD003853,Credit Card,Success
PAY003854,ORD003854,Debit Card,Success
PAY003855,ORD003855,UPI,Success
PAY003856,ORD003856,UPI,Success
PAY003857,ORD003857,Cash,Success
PAY003858,ORD003858,Cash,Refunded
PAY003859,ORD003859,Debit Card,Success
PAY003860,ORD003860,Credit Card,Success
PAY003861,ORD003861,Cash,Success
PAY003862,ORD003862,Debit Card,Success
PAY003863,ORD003863,Cash,Success
PAY003864,ORD003864,Debit Card,Success
PAY003865,ORD003865,Credit Card,Success
PAY003866,ORD003866,Credit Card,Success
PAY003867,ORD003867,Debit Card,Failed
PAY003868,ORD003868,Cash,Success
PAY003869,ORD003869,Cash,Success
PAY003870,ORD003870,UPI,Success
PAY003871,ORD003871,UPI,Failed
PAY003872,ORD003872,UPI,Success
PAY003873,ORD003873,UPI,Success
PAY003874,ORD003874,Debit Card,Success
PAY003875,ORD003875,Wallet,Success
PAY003876,ORD003876,Wallet,Success
PAY003877,ORD003877,Wallet,Failed
PAY003878,ORD003878,Debit Card,Success
PAY003879,ORD003879,Wallet,Success
PAY003880,ORD003880,Cash,Success
PAY003881,ORD003881,Debit Card,Success
PAY003882,ORD003882,Debit Card,Success
PAY003883,ORD003883,Wallet,Success
PAY003884,ORD003884,Credit Card,Success
PAY003885,ORD003885,Wallet,Success
PAY003886,ORD003886,Wallet,Refunded
PAY003887,ORD003887,Wallet,Success
PAY003888,ORD003888,Debit Card,Success
PAY003889,ORD003889,Cash,Refunded
PAY003890,ORD003890,Debit Card,Success
PAY003891,ORD003891,UPI,Success
PAY003892,ORD003892,UPI,Failed
PAY003893,ORD003893,Cash,Success
PAY003894,ORD003894,Debit Card,Success
PAY003895,ORD003895,Cash,Success
PAY003896,ORD003896,UPI,Success
PAY003897,ORD003897,Credit Card,Refunded
PAY003898,ORD003898,Cash,Success
PAY003899,ORD003899,Cash,Success
PAY003900,ORD003900,Wallet,Success
PAY003901,ORD003901,Credit Card,Success
PAY003902,ORD003902,UPI,Success
PAY003903,ORD003903,Credit Card,Success
PAY003904,ORD003904,Wallet,Success
PAY003905,ORD003905,Cash,Success
PAY003906,ORD003906,Credit Card,Success
PAY003907,ORD003907,Credit Card,Success
PAY003908,ORD003908,Credit Card,Success
PAY003909,ORD003909,Cash,Success
PAY003910,ORD003910,Debit Card,Success
PAY003911,ORD003911,Credit Card,Success
PAY003912,ORD003912,Wallet,Success
PAY003913,ORD003913,Wallet,Success
PAY003914,ORD003914,Wallet,Success
PAY003915,ORD003915,Credit Card,Success
PAY003916,ORD003916,Credit Card,Success
PAY003917,ORD003917,Debit Card,Success
PAY003918,ORD003918,Wallet,Success
PAY003919,ORD003919,Cash,Success
PAY003920,ORD003920,Cash,Success
PAY003921,ORD003921,Wallet,Failed
PAY003922,ORD003922,Wallet,Success
PAY003923,ORD003923,UPI,Success
PAY003924,ORD003924,Cash,Success
PAY003925,ORD003925,Wallet,Failed
PAY003926,ORD003926,UPI,Success
PAY003927,ORD003927,Credit Card,Success
PAY003928,ORD003928,Credit Card,Success
PAY003929,ORD003929,Debit Card,Success
PAY003930,ORD003930,Cash,Success
PAY003931,ORD003931,Cash,Success
PAY003932,ORD003932,UPI,Success
PAY003933,ORD003933,Cash,Success
PAY003934,ORD003934,Wallet,Success
PAY003935,ORD003935,Wallet,Success
PAY003936,ORD003936,UPI,Success
PAY003937,ORD003937,Debit Card,Success
PAY003938,ORD003938,UPI,Success
PAY003939,ORD003939,Wallet,Failed
PAY003940,ORD003940,UPI,Success
PAY003941,ORD003941,Debit Card,Success
PAY003942,ORD003942,Wallet,Failed
PAY003943,ORD003943,Credit Card,Success
PAY003944,ORD003944,Wallet,Refunded
PAY003945,ORD003945,Credit Card,Success
PAY003946,ORD003946,UPI,Success
PAY003947,ORD003947,UPI,Success
PAY003948,ORD003948,Debit Card,Failed
PAY003949,ORD003949,Credit Card,Success
PAY003950,ORD003950,Cash,Failed
PAY003951,ORD003951,Credit Card,Refunded
PAY003952,ORD003952,Credit Card,Success
PAY003953,ORD003953,UPI,Success
PAY003954,ORD003954,UPI,Failed
PAY003955,ORD003955,Cash,Success
PAY003956,ORD003956,Debit Card,Success
PAY003957,ORD003957,Cash,Success
PAY003958,ORD003958,UPI,Success
PAY003959,ORD003959,Credit Card,Success
PAY003960,ORD003960,UPI,Success
PAY003961,ORD003961,UPI,Success
PAY003962,ORD003962,Debit Card,Success
PAY003963,ORD003963,Cash,Success
PAY003964,ORD003964,Debit Card,Failed
PAY003965,ORD003965,Debit Card,Success
PAY003966,ORD003966,Credit Card,Success
PAY003967,ORD003967,Wallet,Success
PAY003968,ORD003968,Credit Card,Success
PAY003969,ORD003969,Debit Card,Success
PAY003970,ORD003970,Wallet,Success
PAY003971,ORD003971,Wallet,Success
PAY003972,ORD003972,Debit Card,Failed
PAY003973,ORD003973,Credit Card,Success
PAY003974,ORD003974,Credit Card,Success
PAY003975,ORD003975,Cash,Success
PAY003976,ORD003976,Credit Card,Success
PAY003977,ORD003977,Credit Card,Failed
PAY003978,ORD003978,Wallet,Success
PAY003979,ORD003979,Credit Card,Success
PAY003980,ORD003980,Debit Card,Success
PAY003981,ORD003981,Wallet,Success
PAY003982,ORD003982,Credit Card,Refunded
PAY003983,ORD003983,Debit Card,Success
PAY003984,ORD003984,Debit Card,Success
PAY003985,ORD003985,Wallet,Success
PAY003986,ORD003986,Debit Card,Success
PAY003987,ORD003987,Cash,Failed
PAY003988,ORD003988,Wallet,Success
PAY003989,ORD003989,Wallet,Success
PAY003990,ORD003990,Debit Card,Success
PAY003991,ORD003991,Debit Card,Success
PAY003992,ORD003992,Wallet,Success
PAY003993,ORD003993,Debit Card,Success
PAY003994,ORD003994,Cash,Refunded
PAY003995,ORD003995,Debit Card,Success
PAY003996,ORD003996,Wallet,Refunded
PAY003997,ORD003997,Wallet,Success
PAY003998,ORD003998,Cash,Success
PAY003999,ORD003999,UPI,Success
PAY004000,ORD004000,Credit Card,Failed
PAY004001,ORD004001,UPI,Success
PAY004002,ORD004002,Credit Card,Success
PAY004003,ORD004003,Debit Card,Success
PAY004004,ORD004004,UPI,Success
PAY004005,ORD004005,Cash,Success
PAY004006,ORD004006,Cash,Success
PAY004007,ORD004007,Cash,Success
PAY004008,ORD004008,Credit Card,Success
PAY004009,ORD004009,Credit Card,Failed
PAY004010,ORD004010,Debit Card,Success
PAY004011,ORD004011,Credit Card,Success
PAY004012,ORD004012,Debit Card,Success
PAY004013,ORD004013,Debit Card,Failed
PAY004014,ORD004014,UPI,Success
PAY004015,ORD004015,Credit Card,Success
PAY004016,ORD004016,Credit Card,Success
PAY004017,ORD004017,UPI,Success
PAY004018,ORD004018,Cash,Success
PAY004019,ORD004019,Debit Card,Success
PAY004020,ORD004020,Wallet,Success
PAY004021,ORD004021,Credit Card,Success
PAY004022,ORD004022,Credit Card,Success
PAY004023,ORD004023,Cash,Success
PAY004024,ORD004024,Debit Card,Success
PAY004025,ORD004025,UPI,Success
PAY004026,ORD004026,Credit Card,Failed
PAY004027,ORD004027,UPI,Success
PAY004028,ORD004028,Wallet,Success
PAY004029,ORD004029,Cash,Success
PAY004030,ORD004030,Debit Card,Success
PAY004031,ORD004031,UPI,Success
PAY004032,ORD004032,Cash,Success
PAY004033,ORD004033,Cash,Success
PAY004034,ORD004034,UPI,Failed
PAY004035,ORD004035,Cash,Success
PAY004036,ORD004036,UPI,Success
PAY004037,ORD004037,Debit Card,Success
PAY004038,ORD004038,Credit Card,Success
PAY004039,ORD004039,Credit Card,Success
PAY004040,ORD004040,Cash,Failed
PAY004041,ORD004041,Cash,Success
PAY004042,ORD004042,Credit Card,Success
PAY004043,ORD004043,Cash,Success
PAY004044,ORD004044,UPI,Success
PAY004045,ORD004045,Wallet,Refunded
PAY004046,ORD004046,Credit Card,Success
PAY004047,ORD004047,Cash,Success
PAY004048,ORD004048,UPI,Success
PAY004049,ORD004049,Wallet,Success
PAY004050,ORD004050,Cash,Success
PAY004051,ORD004051,Debit Card,Success
PAY004052,ORD004052,UPI,Success
PAY004053,ORD004053,Cash,Success
PAY004054,ORD004054,Wallet,Success
PAY004055,ORD004055,Wallet,Success
PAY004056,ORD004056,Cash,Success
PAY004057,ORD004057,Wallet,Success
PAY004058,ORD004058,Credit Card,Refunded
PAY004059,ORD004059,Credit Card,Failed
PAY004060,ORD004060,Wallet,Refunded
PAY004061,ORD004061,UPI,Failed
PAY004062,ORD004062,Debit Card,Success
PAY004063,ORD004063,Cash,Success
PAY004064,ORD004064,Cash,Success
PAY004065,ORD004065,Wallet,Success
PAY004066,ORD004066,Debit Card,Success
PAY004067,ORD004067,UPI,Success
PAY004068,ORD004068,Wallet,Success
PAY004069,ORD004069,Debit Card,Success
PAY004070,ORD004070,Wallet,Success
PAY004071,ORD004071,Cash,Success
PAY004072,ORD004072,Wallet,Success
PAY004073,ORD004073,Credit Card,Success
PAY004074,ORD004074,Cash,Success
PAY004075,ORD004075,Cash,Success
PAY004076,ORD004076,Debit Card,Success
PAY004077,ORD004077,Cash,Success
PAY004078,ORD004078,Cash,Success
PAY004079,ORD004079,Cash,Success
PAY004080,ORD004080,Credit Card,Failed
PAY004081,ORD004081,Wallet,Success
PAY004082,ORD004082,Credit Card,Success
PAY004083,ORD004083,Credit Card,Success
PAY004084,ORD004084,Wallet,Success
PAY004085,ORD004085,UPI,Success
PAY004086,ORD004086,Credit Card,Success
PAY004087,ORD004087,UPI,Success
PAY004088,ORD004088,Wallet,Success
PAY004089,ORD004089,Cash,Success
PAY004090,ORD004090,Credit Card,Failed
PAY004091,ORD004091,Credit Card,Failed
PAY004092,ORD004092,Cash,Success
PAY004093,ORD004093,UPI,Success
PAY004094,ORD004094,Cash,Failed
PAY004095,ORD004095,Credit Card,Success
PAY004096,ORD004096,Debit Card,Success
PAY004097,ORD004097,UPI,Success
PAY004098,ORD004098,Credit Card,Success
PAY004099,ORD004099,Cash,Success
PAY004100,ORD004100,Credit Card,Failed
PAY004101,ORD004101,Debit Card,Success
PAY004102,ORD004102,Wallet,Success
PAY004103,ORD004103,Credit Card,Refunded
PAY004104,ORD004104,UPI,Success
PAY004105,ORD004105,Cash,Success
PAY004106,ORD004106,Cash,Refunded
PAY004107,ORD004107,Cash,Success
PAY004108,ORD004108,UPI,Success
PAY004109,ORD004109,UPI,Success
PAY004110,ORD004110,UPI,Success
PAY004111,ORD004111,UPI,Failed
PAY004112,ORD004112,Wallet,Success
PAY004113,ORD004113,Debit Card,Success
PAY004114,ORD004114,Wallet,Success
PAY004115,ORD004115,Wallet,Success
PAY004116,ORD004116,Credit Card,Success
PAY004117,ORD004117,UPI,Success
PAY004118,ORD004118,Cash,Success
PAY004119,ORD004119,Wallet,Success
PAY004120,ORD004120,Wallet,Success
PAY004121,ORD004121,Cash,Success
PAY004122,ORD004122,Debit Card,Success
PAY004123,ORD004123,Cash,Success
PAY004124,ORD004124,Debit Card,Success
PAY004125,ORD004125,Debit Card,Failed
PAY004126,ORD004126,Cash,Success
PAY004127,ORD004127,UPI,Success
PAY004128,ORD004128,UPI,Success
PAY004129,ORD004129,Cash,Success
PAY004130,ORD004130,Debit Card,Success
PAY004131,ORD004131,Wallet,Success
PAY004132,ORD004132,Wallet,Success
PAY004133,ORD004133,Wallet,Success
PAY004134,ORD004134,Credit Card,Success
PAY004135,ORD004135,Credit Card,Success
PAY004136,ORD004136,Wallet,Success
PAY004137,ORD004137,UPI,Success
PAY004138,ORD004138,UPI,Success
PAY004139,ORD004139,UPI,Failed
PAY004140,ORD004140,Debit Card,Refunded
PAY004141,ORD004141,UPI,Success
PAY004142,ORD004142,Cash,Success
PAY004143,ORD004143,Debit Card,Success
PAY004144,ORD004144,UPI,Success
PAY004145,ORD004145,Cash,Success
PAY004146,ORD004146,Cash,Success
PAY004147,ORD004147,Credit Card,Success
PAY004148,ORD004148,Debit Card,Success
PAY004149,ORD004149,Cash,Success
PAY004150,ORD004150,Wallet,Refunded
PAY004151,ORD004151,Debit Card,Success
PAY004152,ORD004152,Wallet,Failed
PAY004153,ORD004153,Cash,Success
PAY004154,ORD004154,Wallet,Success
PAY004155,ORD004155,Wallet,Success
PAY004156,ORD004156,Credit Card,Success
PAY004157,ORD004157,Cash,Refunded
PAY004158,ORD004158,Wallet,Success
PAY004159,ORD004159,Cash,Success
PAY004160,ORD004160,Wallet,Failed
PAY004161,ORD004161,Credit Card,Success
PAY004162,ORD004162,Credit Card,Success
PAY004163,ORD004163,Wallet,Success
PAY004164,ORD004164,Cash,Success
PAY004165,ORD004165,UPI,Success
PAY004166,ORD004166,Credit Card,Success
PAY004167,ORD004167,Debit Card,Failed
PAY004168,ORD004168,Wallet,Success
PAY004169,ORD004169,UPI,Refunded
PAY004170,ORD004170,Debit Card,Success
PAY004171,ORD004171,Wallet,Refunded
PAY004172,ORD004172,UPI,Success
PAY004173,ORD004173,Debit Card,Success
PAY004174,ORD004174,Cash,Success
PAY004175,ORD004175,Cash,Success
PAY004176,ORD004176,UPI,Success
PAY004177,ORD004177,Cash,Failed
PAY004178,ORD004178,UPI,Success
PAY004179,ORD004179,Cash,Success
PAY004180,ORD004180,Cash,Failed
PAY004181,ORD004181,Wallet,Refunded
PAY004182,ORD004182,Credit Card,Success
PAY004183,ORD004183,Cash,Success
PAY004184,ORD004184,Wallet,Success
PAY004185,ORD004185,Cash,Failed
PAY004186,ORD004186,UPI,Success
PAY004187,ORD004187,Wallet,Refunded
PAY004188,ORD004188,Credit Card,Success
PAY004189,ORD004189,Cash,Success
PAY004190,ORD004190,UPI,Success
PAY004191,ORD004191,Cash,Success
PAY004192,ORD004192,Credit Card,Refunded
PAY004193,ORD004193,Debit Card,Success
PAY004194,ORD004194,Cash,Failed
PAY004195,ORD004195,Wallet,Success
PAY004196,ORD004196,Wallet,Success
PAY004197,ORD004197,Wallet,Success
PAY004198,ORD004198,Credit Card,Success
PAY004199,ORD004199,Credit Card,Success
PAY004200,ORD004200,Cash,Success
PAY004201,ORD004201,Cash,Success
PAY004202,ORD004202,Credit Card,Success
PAY004203,ORD004203,UPI,Success
PAY004204,ORD004204,Credit Card,Success
PAY004205,ORD004205,Cash,Success
PAY004206,ORD004206,Credit Card,Success
PAY004207,ORD004207,Wallet,Success
PAY004208,ORD004208,Debit Card,Success
PAY004209,ORD004209,Wallet,Failed
PAY004210,ORD004210,Debit Card,Success
PAY004211,ORD004211,UPI,Success
PAY004212,ORD004212,Wallet,Success
PAY004213,ORD004213,UPI,Refunded
PAY004214,ORD004214,Cash,Success
PAY004215,ORD004215,UPI,Success
PAY004216,ORD004216,Credit Card,Success
PAY004217,ORD004217,Credit Card,Success
PAY004218,ORD004218,Cash,Refunded
PAY004219,ORD004219,Wallet,Success
PAY004220,ORD004220,Wallet,Refunded
PAY004221,ORD004221,Credit Card,Success
PAY004222,ORD004222,Cash,Success
PAY004223,ORD004223,Wallet,Success
PAY004224,ORD004224,Cash,Failed
PAY004225,ORD004225,UPI,Success
PAY004226,ORD004226,Credit Card,Success
PAY004227,ORD004227,Cash,Success
PAY004228,ORD004228,UPI,Success
PAY004229,ORD004229,Wallet,Refunded
PAY004230,ORD004230,Debit Card,Success
PAY004231,ORD004231,Cash,Success
PAY004232,ORD004232,Wallet,Success
PAY004233,ORD004233,Wallet,Success
PAY004234,ORD004234,Credit Card,Refunded
PAY004235,ORD004235,Debit Card,Success
PAY004236,ORD004236,Credit Card,Refunded
PAY004237,ORD004237,UPI,Success
PAY004238,ORD004238,Credit Card,Success
PAY004239,ORD004239,UPI,Success
PAY004240,ORD004240,Debit Card,Success
PAY004241,ORD004241,Cash,Failed
PAY004242,ORD004242,Wallet,Refunded
PAY004243,ORD004243,Credit Card,Success
PAY004244,ORD004244,Wallet,Success
PAY004245,ORD004245,Cash,Success
PAY004246,ORD004246,Debit Card,Success
PAY004247,ORD004247,UPI,Success
PAY004248,ORD004248,UPI,Success
PAY004249,ORD004249,Credit Card,Success
PAY004250,ORD004250,UPI,Success
PAY004251,ORD004251,UPI,Success
PAY004252,ORD004252,Cash,Success
PAY004253,ORD004253,UPI,Refunded
PAY004254,ORD004254,Credit Card,Success
PAY004255,ORD004255,Wallet,Failed
PAY004256,ORD004256,Cash,Refunded
PAY004257,ORD004257,Wallet,Success
PAY004258,ORD004258,Debit Card,Success
PAY004259,ORD004259,Cash,Success
PAY004260,ORD004260,Credit Card,Success
PAY004261,ORD004261,Credit Card,Success
PAY004262,ORD004262,Wallet,Success
PAY004263,ORD004263,Wallet,Success
PAY004264,ORD004264,Cash,Success
PAY004265,ORD004265,UPI,Success
PAY004266,ORD004266,Cash,Success
PAY004267,ORD004267,Cash,Refunded
PAY004268,ORD004268,Debit Card,Success
PAY004269,ORD004269,Wallet,Success
PAY004270,ORD004270,Cash,Success
PAY004271,ORD004271,UPI,Success
PAY004272,ORD004272,UPI,Success
PAY004273,ORD004273,Cash,Success
PAY004274,ORD004274,Debit Card,Success
PAY004275,ORD004275,Debit Card,Success
PAY004276,ORD004276,Debit Card,Success
PAY004277,ORD004277,Cash,Refunded
PAY004278,ORD004278,Wallet,Success
PAY004279,ORD004279,UPI,Success
PAY004280,ORD004280,Cash,Success
PAY004281,ORD004281,Wallet,Success
PAY004282,ORD004282,Debit Card,Success
PAY004283,ORD004283,Cash,Refunded
PAY004284,ORD004284,Debit Card,Success
PAY004285,ORD004285,Cash,Success
PAY004286,ORD004286,Wallet,Success
PAY004287,ORD004287,Credit Card,Failed
PAY004288,ORD004288,Cash,Failed
PAY004289,ORD004289,Debit Card,Success
PAY004290,ORD004290,UPI,Success
PAY004291,ORD004291,Credit Card,Success
PAY004292,ORD004292,Cash,Success
PAY004293,ORD004293,Credit Card,Success
PAY004294,ORD004294,Debit Card,Success
PAY004295,ORD004295,Cash,Success
PAY004296,ORD004296,Cash,Success
PAY004297,ORD004297,UPI,Failed
PAY004298,ORD004298,Credit Card,Failed
PAY004299,ORD004299,Wallet,Success
PAY004300,ORD004300,Cash,Success
PAY004301,ORD004301,Credit Card,Success
PAY004302,ORD004302,Wallet,Success
PAY004303,ORD004303,UPI,Success
PAY004304,ORD004304,Debit Card,Refunded
PAY004305,ORD004305,Debit Card,Success
PAY004306,ORD004306,Credit Card,Failed
PAY004307,ORD004307,UPI,Success
PAY004308,ORD004308,Credit Card,Failed
PAY004309,ORD004309,Debit Card,Success
PAY004310,ORD004310,Credit Card,Success
PAY004311,ORD004311,Cash,Success
PAY004312,ORD004312,Wallet,Success
PAY004313,ORD004313,Credit Card,Success
PAY004314,ORD004314,Cash,Failed
PAY004315,ORD004315,Wallet,Success
PAY004316,ORD004316,Debit Card,Success
PAY004317,ORD004317,Credit Card,Success
PAY004318,ORD004318,Wallet,Success
PAY004319,ORD004319,Cash,Success
PAY004320,ORD004320,Cash,Success
PAY004321,ORD004321,Debit Card,Success
PAY004322,ORD004322,Credit Card,Success
PAY004323,ORD004323,UPI,Success
PAY004324,ORD004324,Cash,Success
PAY004325,ORD004325,Credit Card,Failed
PAY004326,ORD004326,Wallet,Success
PAY004327,ORD004327,Wallet,Success
PAY004328,ORD004328,Cash,Success
PAY004329,ORD004329,Cash,Success
PAY004330,ORD004330,Wallet,Success
PAY004331,ORD004331,Credit Card,Success
PAY004332,ORD004332,Credit Card,Success
PAY004333,ORD004333,Cash,Success
PAY004334,ORD004334,UPI,Success
PAY004335,ORD004335,Cash,Success
PAY004336,ORD004336,UPI,Success
PAY004337,ORD004337,Credit Card,Success
PAY004338,ORD004338,Credit Card,Success
PAY004339,ORD004339,Debit Card,Refunded
PAY004340,ORD004340,Credit Card,Success
PAY004341,ORD004341,Wallet,Success
PAY004342,ORD004342,Cash,Refunded
PAY004343,ORD004343,Credit Card,Success
PAY004344,ORD004344,UPI,Success
PAY004345,ORD004345,Debit Card,Success
PAY004346,ORD004346,Debit Card,Failed
PAY004347,ORD004347,Wallet,Success
PAY004348,ORD004348,Credit Card,Success
PAY004349,ORD004349,Wallet,Success
PAY004350,ORD004350,Cash,Success
PAY004351,ORD004351,UPI,Success
PAY004352,ORD004352,Debit Card,Success
PAY004353,ORD004353,Cash,Success
PAY004354,ORD004354,UPI,Success
PAY004355,ORD004355,UPI,Success
PAY004356,ORD004356,Credit Card,Success
PAY004357,ORD004357,UPI,Refunded
PAY004358,ORD004358,UPI,Success
PAY004359,ORD004359,Debit Card,Success
PAY004360,ORD004360,Wallet,Success
PAY004361,ORD004361,UPI,Success
PAY004362,ORD004362,Cash,Success
PAY004363,ORD004363,Credit Card,Success
PAY004364,ORD004364,Credit Card,Success
PAY004365,ORD004365,Cash,Success
PAY004366,ORD004366,Credit Card,Success
PAY004367,ORD004367,Wallet,Success
PAY004368,ORD004368,Credit Card,Success
PAY004369,ORD004369,UPI,Success
PAY004370,ORD004370,Wallet,Success
PAY004371,ORD004371,UPI,Success
PAY004372,ORD004372,Wallet,Success
PAY004373,ORD004373,Credit Card,Refunded
PAY004374,ORD004374,Cash,Success
PAY004375,ORD004375,Debit Card,Success
PAY004376,ORD004376,Cash,Success
PAY004377,ORD004377,UPI,Success
PAY004378,ORD004378,UPI,Refunded
PAY004379,ORD004379,Credit Card,Failed
PAY004380,ORD004380,UPI,Refunded
PAY004381,ORD004381,UPI,Success
PAY004382,ORD004382,Cash,Success
PAY004383,ORD004383,UPI,Success
PAY004384,ORD004384,Debit Card,Failed
PAY004385,ORD004385,Debit Card,Success
PAY004386,ORD004386,Cash,Success
PAY004387,ORD004387,Wallet,Success
PAY004388,ORD004388,UPI,Refunded
PAY004389,ORD004389,Credit Card,Success
PAY004390,ORD004390,Cash,Success
PAY004391,ORD004391,UPI,Success
PAY004392,ORD004392,Cash,Success
PAY004393,ORD004393,Wallet,Success
PAY004394,ORD004394,Wallet,Success
PAY004395,ORD004395,Cash,Success
PAY004396,ORD004396,Wallet,Success
PAY004397,ORD004397,Cash,Success
PAY004398,ORD004398,Debit Card,Success
PAY004399,ORD004399,UPI,Success
PAY004400,ORD004400,Cash,Success
PAY004401,ORD004401,Debit Card,Success
PAY004402,ORD004402,Credit Card,Success
PAY004403,ORD004403,Cash,Success
PAY004404,ORD004404,Cash,Success
PAY004405,ORD004405,Cash,Success
PAY004406,ORD004406,Cash,Success
PAY004407,ORD004407,Wallet,Success
PAY004408,ORD004408,UPI,Refunded
PAY004409,ORD004409,UPI,Success
PAY004410,ORD004410,Credit Card,Success
PAY004411,ORD004411,Debit Card,Success
PAY004412,ORD004412,Debit Card,Success
PAY004413,ORD004413,Debit Card,Success
PAY004414,ORD004414,Cash,Success
PAY004415,ORD004415,Cash,Success
PAY004416,ORD004416,Wallet,Failed
PAY004417,ORD004417,Wallet,Success
PAY004418,ORD004418,Credit Card,Success
PAY004419,ORD004419,Credit Card,Success
PAY004420,ORD004420,Credit Card,Success
PAY004421,ORD004421,Credit Card,Success
PAY004422,ORD004422,UPI,Success
PAY004423,ORD004423,UPI,Success
PAY004424,ORD004424,UPI,Success
PAY004425,ORD004425,Wallet,Success
PAY004426,ORD004426,Wallet,Success
PAY004427,ORD004427,UPI,Success
PAY004428,ORD004428,UPI,Success
PAY004429,ORD004429,Debit Card,Success
PAY004430,ORD004430,Debit Card,Success
PAY004431,ORD004431,Credit Card,Success
PAY004432,ORD004432,Credit Card,Success
PAY004433,ORD004433,Cash,Success
PAY004434,ORD004434,UPI,Failed
PAY004435,ORD004435,Credit Card,Success
PAY004436,ORD004436,UPI,Success
PAY004437,ORD004437,Debit Card,Success
PAY004438,ORD004438,Wallet,Success
PAY004439,ORD004439,Cash,Success
PAY004440,ORD004440,Credit Card,Success
PAY004441,ORD004441,Cash,Success
PAY004442,ORD004442,UPI,Success
PAY004443,ORD004443,Credit Card,Success
PAY004444,ORD004444,Debit Card,Success
PAY004445,ORD004445,UPI,Success
PAY004446,ORD004446,UPI,Success
PAY004447,ORD004447,Wallet,Success
PAY004448,ORD004448,Debit Card,Failed
PAY004449,ORD004449,Cash,Success
PAY004450,ORD004450,Credit Card,Success
PAY004451,ORD004451,Wallet,Success
PAY004452,ORD004452,Wallet,Success
PAY004453,ORD004453,Wallet,Success
PAY004454,ORD004454,Debit Card,Success
PAY004455,ORD004455,Credit Card,Failed
PAY004456,ORD004456,Debit Card,Success
PAY004457,ORD004457,UPI,Success
PAY004458,ORD004458,UPI,Success
PAY004459,ORD004459,Wallet,Failed
PAY004460,ORD004460,Debit Card,Success
PAY004461,ORD004461,UPI,Success
PAY004462,ORD004462,Debit Card,Success
PAY004463,ORD004463,Wallet,Success
PAY004464,ORD004464,Debit Card,Success
PAY004465,ORD004465,Cash,Success
PAY004466,ORD004466,Wallet,Refunded
PAY004467,ORD004467,Credit Card,Success
PAY004468,ORD004468,UPI,Success
PAY004469,ORD004469,Credit Card,Success
PAY004470,ORD004470,UPI,Success
PAY004471,ORD004471,Credit Card,Success
PAY004472,ORD004472,Wallet,Failed
PAY004473,ORD004473,Cash,Success
PAY004474,ORD004474,Wallet,Success
PAY004475,ORD004475,UPI,Success
PAY004476,ORD004476,Credit Card,Refunded
PAY004477,ORD004477,Wallet,Success
PAY004478,ORD004478,UPI,Failed
PAY004479,ORD004479,Debit Card,Success
PAY004480,ORD004480,Wallet,Success
PAY004481,ORD004481,Cash,Success
PAY004482,ORD004482,UPI,Success
PAY004483,ORD004483,UPI,Success
PAY004484,ORD004484,Wallet,Success
PAY004485,ORD004485,Cash,Success
PAY004486,ORD004486,Credit Card,Success
PAY004487,ORD004487,Cash,Success
PAY004488,ORD004488,Cash,Success
PAY004489,ORD004489,Wallet,Success
PAY004490,ORD004490,Cash,Failed
PAY004491,ORD004491,UPI,Success
PAY004492,ORD004492,Debit Card,Success
PAY004493,ORD004493,Credit Card,Success
PAY004494,ORD004494,Debit Card,Failed
PAY004495,ORD004495,Credit Card,Success
PAY004496,ORD004496,Wallet,Success
PAY004497,ORD004497,Cash,Success
PAY004498,ORD004498,Debit Card,Success
PAY004499,ORD004499,Credit Card,Failed
PAY004500,ORD004500,Cash,Success
PAY004501,ORD004501,Debit Card,Success
PAY004502,ORD004502,UPI,Success
PAY004503,ORD004503,Credit Card,Success
PAY004504,ORD004504,Cash,Success
PAY004505,ORD004505,Credit Card,Success
PAY004506,ORD004506,Debit Card,Success
PAY004507,ORD004507,Cash,Failed
PAY004508,ORD004508,Credit Card,Success
PAY004509,ORD004509,Credit Card,Success
PAY004510,ORD004510,Cash,Success
PAY004511,ORD004511,Wallet,Success
PAY004512,ORD004512,Debit Card,Success
PAY004513,ORD004513,Cash,Success
PAY004514,ORD004514,Credit Card,Success
PAY004515,ORD004515,Wallet,Success
PAY004516,ORD004516,Wallet,Success
PAY004517,ORD004517,Wallet,Success
PAY004518,ORD004518,Credit Card,Success
PAY004519,ORD004519,Debit Card,Success
PAY004520,ORD004520,Debit Card,Success
PAY004521,ORD004521,UPI,Success
PAY004522,ORD004522,UPI,Success
PAY004523,ORD004523,Wallet,Success
PAY004524,ORD004524,Credit Card,Success
PAY004525,ORD004525,Wallet,Failed
PAY004526,ORD004526,Cash,Failed
PAY004527,ORD004527,Debit Card,Success
PAY004528,ORD004528,Credit Card,Refunded
PAY004529,ORD004529,Wallet,Success
PAY004530,ORD004530,UPI,Success
PAY004531,ORD004531,Credit Card,Success
PAY004532,ORD004532,UPI,Success
PAY004533,ORD004533,UPI,Success
PAY004534,ORD004534,UPI,Success
PAY004535,ORD004535,Credit Card,Success
PAY004536,ORD004536,Cash,Success
PAY004537,ORD004537,UPI,Success
PAY004538,ORD004538,Credit Card,Success
PAY004539,ORD004539,UPI,Refunded
PAY004540,ORD004540,Wallet,Success
PAY004541,ORD004541,UPI,Success
PAY004542,ORD004542,UPI,Success
PAY004543,ORD004543,UPI,Success
PAY004544,ORD004544,UPI,Success
PAY004545,ORD004545,UPI,Success
PAY004546,ORD004546,Cash,Success
PAY004547,ORD004547,Cash,Success
PAY004548,ORD004548,Debit Card,Success
PAY004549,ORD004549,Cash,Success
PAY004550,ORD004550,UPI,Success
PAY004551,ORD004551,Cash,Failed
PAY004552,ORD004552,UPI,Success
PAY004553,ORD004553,Debit Card,Success
PAY004554,ORD004554,Cash,Success
PAY004555,ORD004555,Debit Card,Success
PAY004556,ORD004556,UPI,Success
PAY004557,ORD004557,UPI,Success
PAY004558,ORD004558,Wallet,Success
PAY004559,ORD004559,UPI,Success
PAY004560,ORD004560,Cash,Success
PAY004561,ORD004561,Wallet,Success
PAY004562,ORD004562,Credit Card,Success
PAY004563,ORD004563,UPI,Success
PAY004564,ORD004564,UPI,Success
PAY004565,ORD004565,UPI,Success
PAY004566,ORD004566,Wallet,Success
PAY004567,ORD004567,Cash,Success
PAY004568,ORD004568,Cash,Success
PAY004569,ORD004569,Credit Card,Success
PAY004570,ORD004570,Wallet,Success
PAY004571,ORD004571,Debit Card,Success
PAY004572,ORD004572,Debit Card,Success
PAY004573,ORD004573,Wallet,Success
PAY004574,ORD004574,UPI,Success
PAY004575,ORD004575,UPI,Success
PAY004576,ORD004576,UPI,Success
PAY004577,ORD004577,Cash,Refunded
PAY004578,ORD004578,Wallet,Success
PAY004579,ORD004579,Cash,Success
PAY004580,ORD004580,Wallet,Failed
PAY004581,ORD004581,Credit Card,Success
PAY004582,ORD004582,Credit Card,Refunded
PAY004583,ORD004583,Wallet,Success
PAY004584,ORD004584,Wallet,Success
PAY004585,ORD004585,UPI,Success
PAY004586,ORD004586,Wallet,Success
PAY004587,ORD004587,Debit Card,Success
PAY004588,ORD004588,Wallet,Success
PAY004589,ORD004589,Credit Card,Success
PAY004590,ORD004590,Wallet,Success
PAY004591,ORD004591,UPI,Success
PAY004592,ORD004592,Cash,Success
PAY004593,ORD004593,Debit Card,Success
PAY004594,ORD004594,Debit Card,Success
PAY004595,ORD004595,Credit Card,Success
PAY004596,ORD004596,Wallet,Success
PAY004597,ORD004597,Credit Card,Success
PAY004598,ORD004598,Debit Card,Success
PAY004599,ORD004599,Debit Card,Success
PAY004600,ORD004600,Debit Card,Refunded
PAY004601,ORD004601,Wallet,Refunded
PAY004602,ORD004602,UPI,Success
PAY004603,ORD004603,UPI,Success
PAY004604,ORD004604,Cash,Success
PAY004605,ORD004605,Debit Card,Success
PAY004606,ORD004606,Credit Card,Success
PAY004607,ORD004607,Debit Card,Success
PAY004608,ORD004608,Debit Card,Success
PAY004609,ORD004609,Credit Card,Success
PAY004610,ORD004610,Cash,Success
PAY004611,ORD004611,Debit Card,Success
PAY004612,ORD004612,Cash,Success
PAY004613,ORD004613,UPI,Success
PAY004614,ORD004614,Wallet,Success
PAY004615,ORD004615,Credit Card,Success
PAY004616,ORD004616,Wallet,Success
PAY004617,ORD004617,Credit Card,Success
PAY004618,ORD004618,UPI,Success
PAY004619,ORD004619,Cash,Failed
PAY004620,ORD004620,Debit Card,Success
PAY004621,ORD004621,Wallet,Success
PAY004622,ORD004622,Wallet,Success
PAY004623,ORD004623,Cash,Success
PAY004624,ORD004624,Cash,Success
PAY004625,ORD004625,Wallet,Success
PAY004626,ORD004626,Wallet,Success
PAY004627,ORD004627,UPI,Failed
PAY004628,ORD004628,Credit Card,Success
PAY004629,ORD004629,Wallet,Success
PAY004630,ORD004630,Wallet,Success
PAY004631,ORD004631,Wallet,Refunded
PAY004632,ORD004632,UPI,Success
PAY004633,ORD004633,Wallet,Success
PAY004634,ORD004634,Wallet,Success
PAY004635,ORD004635,Cash,Success
PAY004636,ORD004636,UPI,Success
PAY004637,ORD004637,Cash,Success
PAY004638,ORD004638,Debit Card,Success
PAY004639,ORD004639,Cash,Success
PAY004640,ORD004640,Credit Card,Success
PAY004641,ORD004641,Debit Card,Success
PAY004642,ORD004642,Credit Card,Failed
PAY004643,ORD004643,Cash,Success
PAY004644,ORD004644,Credit Card,Failed
PAY004645,ORD004645,UPI,Success
PAY004646,ORD004646,UPI,Failed
PAY004647,ORD004647,Debit Card,Success
PAY004648,ORD004648,Wallet,Success
PAY004649,ORD004649,Debit Card,Success
PAY004650,ORD004650,Cash,Success
PAY004651,ORD004651,Cash,Success
PAY004652,ORD004652,UPI,Success
PAY004653,ORD004653,Credit Card,Success
PAY004654,ORD004654,Credit Card,Success
PAY004655,ORD004655,Credit Card,Success
PAY004656,ORD004656,Wallet,Success
PAY004657,ORD004657,Cash,Failed
PAY004658,ORD004658,UPI,Success
PAY004659,ORD004659,Cash,Success
PAY004660,ORD004660,UPI,Success
PAY004661,ORD004661,Cash,Failed
PAY004662,ORD004662,UPI,Success
PAY004663,ORD004663,Debit Card,Failed
PAY004664,ORD004664,Debit Card,Success
PAY004665,ORD004665,Debit Card,Success
PAY004666,ORD004666,Credit Card,Success
PAY004667,ORD004667,Debit Card,Success
PAY004668,ORD004668,Cash,Success
PAY004669,ORD004669,Debit Card,Success
PAY004670,ORD004670,Credit Card,Success
PAY004671,ORD004671,Debit Card,Success
PAY004672,ORD004672,Credit Card,Failed
PAY004673,ORD004673,UPI,Success
PAY004674,ORD004674,Wallet,Success
PAY004675,ORD004675,Wallet,Success
PAY004676,ORD004676,Credit Card,Failed
PAY004677,ORD004677,Debit Card,Failed
PAY004678,ORD004678,Debit Card,Success
PAY004679,ORD004679,Cash,Success
PAY004680,ORD004680,Cash,Success
PAY004681,ORD004681,Wallet,Refunded
PAY004682,ORD004682,UPI,Success
PAY004683,ORD004683,Credit Card,Failed
PAY004684,ORD004684,Cash,Success
PAY004685,ORD004685,Cash,Success
PAY004686,ORD004686,Wallet,Failed
PAY004687,ORD004687,Wallet,Success
PAY004688,ORD004688,Debit Card,Success
PAY004689,ORD004689,Credit Card,Success
PAY004690,ORD004690,Cash,Success
PAY004691,ORD004691,Debit Card,Success
PAY004692,ORD004692,UPI,Refunded
PAY004693,ORD004693,Cash,Success
PAY004694,ORD004694,Debit Card,Success
PAY004695,ORD004695,UPI,Success
PAY004696,ORD004696,Credit Card,Success
PAY004697,ORD004697,Credit Card,Success
PAY004698,ORD004698,Wallet,Success
PAY004699,ORD004699,Cash,Refunded
PAY004700,ORD004700,Wallet,Success
PAY004701,ORD004701,Debit Card,Failed
PAY004702,ORD004702,Debit Card,Failed
PAY004703,ORD004703,Wallet,Success
PAY004704,ORD004704,Debit Card,Success
PAY004705,ORD004705,Debit Card,Success
PAY004706,ORD004706,Cash,Success
PAY004707,ORD004707,Cash,Success
PAY004708,ORD004708,UPI,Success
PAY004709,ORD004709,Wallet,Success
PAY004710,ORD004710,UPI,Success
PAY004711,ORD004711,Cash,Success
PAY004712,ORD004712,Cash,Success
PAY004713,ORD004713,Cash,Success
PAY004714,ORD004714,Wallet,Success
PAY004715,ORD004715,Debit Card,Success
PAY004716,ORD004716,Cash,Success
PAY004717,ORD004717,Wallet,Success
PAY004718,ORD004718,Wallet,Success
PAY004719,ORD004719,UPI,Success
PAY004720,ORD004720,Cash,Success
PAY004721,ORD004721,UPI,Success
PAY004722,ORD004722,UPI,Failed
PAY004723,ORD004723,UPI,Refunded
PAY004724,ORD004724,Cash,Success
PAY004725,ORD004725,UPI,Success
PAY004726,ORD004726,UPI,Success
PAY004727,ORD004727,Debit Card,Success
PAY004728,ORD004728,Credit Card,Success
PAY004729,ORD004729,UPI,Failed
PAY004730,ORD004730,UPI,Success
PAY004731,ORD004731,UPI,Success
PAY004732,ORD004732,Credit Card,Success
PAY004733,ORD004733,Wallet,Success
PAY004734,ORD004734,Wallet,Success
PAY004735,ORD004735,Cash,Success
PAY004736,ORD004736,Credit Card,Success
PAY004737,ORD004737,UPI,Success
PAY004738,ORD004738,UPI,Refunded
PAY004739,ORD004739,Wallet,Success
PAY004740,ORD004740,Credit Card,Success
PAY004741,ORD004741,Wallet,Success
PAY004742,ORD004742,Wallet,Success
PAY004743,ORD004743,Cash,Success
PAY004744,ORD004744,Credit Card,Success
PAY004745,ORD004745,Cash,Success
PAY004746,ORD004746,Cash,Success
PAY004747,ORD004747,Wallet,Success
PAY004748,ORD004748,Debit Card,Success
PAY004749,ORD004749,UPI,Success
PAY004750,ORD004750,UPI,Success
PAY004751,ORD004751,Credit Card,Success
PAY004752,ORD004752,Credit Card,Success
PAY004753,ORD004753,Debit Card,Success
PAY004754,ORD004754,Wallet,Success
PAY004755,ORD004755,Wallet,Failed
PAY004756,ORD004756,Wallet,Success
PAY004757,ORD004757,UPI,Success
PAY004758,ORD004758,UPI,Success
PAY004759,ORD004759,UPI,Success
PAY004760,ORD004760,Debit Card,Failed
PAY004761,ORD004761,Cash,Failed
PAY004762,ORD004762,UPI,Success
PAY004763,ORD004763,Wallet,Success
PAY004764,ORD004764,Cash,Success
PAY004765,ORD004765,Credit Card,Success
PAY004766,ORD004766,Credit Card,Refunded
PAY004767,ORD004767,Cash,Success
PAY004768,ORD004768,Wallet,Success
PAY004769,ORD004769,Debit Card,Success
PAY004770,ORD004770,UPI,Success
PAY004771,ORD004771,Debit Card,Success
PAY004772,ORD004772,Credit Card,Success
PAY004773,ORD004773,Credit Card,Success
PAY004774,ORD004774,UPI,Success
PAY004775,ORD004775,Debit Card,Success
PAY004776,ORD004776,Debit Card,Success
PAY004777,ORD004777,UPI,Success
PAY004778,ORD004778,Debit Card,Success
PAY004779,ORD004779,Wallet,Refunded
PAY004780,ORD004780,Cash,Success
PAY004781,ORD004781,Credit Card,Success
PAY004782,ORD004782,Cash,Success
PAY004783,ORD004783,Debit Card,Success
PAY004784,ORD004784,UPI,Success
PAY004785,ORD004785,Credit Card,Success
PAY004786,ORD004786,Debit Card,Success
PAY004787,ORD004787,Credit Card,Success
PAY004788,ORD004788,UPI,Success
PAY004789,ORD004789,Wallet,Success
PAY004790,ORD004790,Wallet,Refunded
PAY004791,ORD004791,Debit Card,Success
PAY004792,ORD004792,Credit Card,Refunded
PAY004793,ORD004793,Debit Card,Success
PAY004794,ORD004794,UPI,Failed
PAY004795,ORD004795,Debit Card,Refunded
PAY004796,ORD004796,Wallet,Success
PAY004797,ORD004797,UPI,Refunded
PAY004798,ORD004798,UPI,Success
PAY004799,ORD004799,Wallet,Success
PAY004800,ORD004800,Cash,Success
PAY004801,ORD004801,Wallet,Success
PAY004802,ORD004802,Wallet,Success
PAY004803,ORD004803,UPI,Success
PAY004804,ORD004804,Credit Card,Success
PAY004805,ORD004805,Wallet,Success
PAY004806,ORD004806,UPI,Success
PAY004807,ORD004807,Credit Card,Success
PAY004808,ORD004808,Debit Card,Success
PAY004809,ORD004809,Cash,Success
PAY004810,ORD004810,UPI,Success
PAY004811,ORD004811,Credit Card,Success
PAY004812,ORD004812,Cash,Success
PAY004813,ORD004813,UPI,Success
PAY004814,ORD004814,UPI,Success
PAY004815,ORD004815,Debit Card,Success
PAY004816,ORD004816,UPI,Refunded
PAY004817,ORD004817,Credit Card,Success
PAY004818,ORD004818,UPI,Success
PAY004819,ORD004819,Cash,Refunded
PAY004820,ORD004820,Credit Card,Success
PAY004821,ORD004821,UPI,Success
PAY004822,ORD004822,UPI,Success
PAY004823,ORD004823,UPI,Success
PAY004824,ORD004824,Debit Card,Success
PAY004825,ORD004825,Credit Card,Success
PAY004826,ORD004826,Cash,Success
PAY004827,ORD004827,Debit Card,Success
PAY004828,ORD004828,Debit Card,Success
PAY004829,ORD004829,Credit Card,Success
PAY004830,ORD004830,UPI,Success
PAY004831,ORD004831,Credit Card,Refunded
PAY004832,ORD004832,Cash,Success
PAY004833,ORD004833,UPI,Success
PAY004834,ORD004834,Credit Card,Failed
PAY004835,ORD004835,Cash,Success
PAY004836,ORD004836,UPI,Failed
PAY004837,ORD004837,Wallet,Success
PAY004838,ORD004838,Wallet,Success
PAY004839,ORD004839,UPI,Failed
PAY004840,ORD004840,Cash,Success
PAY004841,ORD004841,UPI,Success
PAY004842,ORD004842,Cash,Success
PAY004843,ORD004843,Cash,Success
PAY004844,ORD004844,Wallet,Success
PAY004845,ORD004845,Credit Card,Success
PAY004846,ORD004846,UPI,Success
PAY004847,ORD004847,Cash,Success
PAY004848,ORD004848,Wallet,Refunded
PAY004849,ORD004849,Wallet,Success
PAY004850,ORD004850,Wallet,Success
PAY004851,ORD004851,Credit Card,Success
PAY004852,ORD004852,Wallet,Success
PAY004853,ORD004853,Wallet,Success
PAY004854,ORD004854,Cash,Success
PAY004855,ORD004855,UPI,Success
PAY004856,ORD004856,Credit Card,Success
PAY004857,ORD004857,Credit Card,Failed
PAY004858,ORD004858,UPI,Success
PAY004859,ORD004859,UPI,Success
PAY004860,ORD004860,Debit Card,Success
PAY004861,ORD004861,Credit Card,Success
PAY004862,ORD004862,Credit Card,Success
PAY004863,ORD004863,UPI,Success
PAY004864,ORD004864,Cash,Success
PAY004865,ORD004865,UPI,Success
PAY004866,ORD004866,Wallet,Success
PAY004867,ORD004867,Wallet,Refunded
PAY004868,ORD004868,UPI,Success
PAY004869,ORD004869,UPI,Success
PAY004870,ORD004870,UPI,Success
PAY004871,ORD004871,Wallet,Success
PAY004872,ORD004872,Cash,Success
PAY004873,ORD004873,Wallet,Success
PAY004874,ORD004874,Cash,Success
PAY004875,ORD004875,Debit Card,Success
PAY004876,ORD004876,Cash,Success
PAY004877,ORD004877,UPI,Success
PAY004878,ORD004878,Credit Card,Success
PAY004879,ORD004879,Cash,Failed
PAY004880,ORD004880,Credit Card,Success
PAY004881,ORD004881,Debit Card,Success
PAY004882,ORD004882,Debit Card,Success
PAY004883,ORD004883,Debit Card,Failed
PAY004884,ORD004884,Cash,Failed
PAY004885,ORD004885,Cash,Refunded
PAY004886,ORD004886,Credit Card,Success
PAY004887,ORD004887,UPI,Success
PAY004888,ORD004888,Debit Card,Refunded
PAY004889,ORD004889,UPI,Success
PAY004890,ORD004890,Cash,Success
PAY004891,ORD004891,Debit Card,Success
PAY004892,ORD004892,Cash,Success
PAY004893,ORD004893,Debit Card,Success
PAY004894,ORD004894,UPI,Success
PAY004895,ORD004895,UPI,Success
PAY004896,ORD004896,Cash,Success
PAY004897,ORD004897,UPI,Success
PAY004898,ORD004898,Wallet,Refunded
PAY004899,ORD004899,Cash,Success
PAY004900,ORD004900,Debit Card,Failed
PAY004901,ORD004901,Cash,Success
PAY004902,ORD004902,Debit Card,Success
PAY004903,ORD004903,UPI,Success
PAY004904,ORD004904,Wallet,Success
PAY004905,ORD004905,Credit Card,Success
PAY004906,ORD004906,UPI,Refunded
PAY004907,ORD004907,Debit Card,Success
PAY004908,ORD004908,Credit Card,Success
PAY004909,ORD004909,UPI,Failed
PAY004910,ORD004910,Credit Card,Success
PAY004911,ORD004911,Cash,Success
PAY004912,ORD004912,Credit Card,Refunded
PAY004913,ORD004913,Wallet,Success
PAY004914,ORD004914,Wallet,Success
PAY004915,ORD004915,Debit Card,Refunded
PAY004916,ORD004916,Wallet,Success
PAY004917,ORD004917,Debit Card,Success
PAY004918,ORD004918,Credit Card,Success
PAY004919,ORD004919,UPI,Success
PAY004920,ORD004920,UPI,Failed
PAY004921,ORD004921,Credit Card,Success
PAY004922,ORD004922,Cash,Success
PAY004923,ORD004923,Wallet,Success
PAY004924,ORD004924,Cash,Success
PAY004925,ORD004925,Credit Card,Success
PAY004926,ORD004926,Cash,Success
PAY004927,ORD004927,Cash,Success
PAY004928,ORD004928,Wallet,Success
PAY004929,ORD004929,Wallet,Failed
PAY004930,ORD004930,Credit Card,Success
PAY004931,ORD004931,Debit Card,Success
PAY004932,ORD004932,Credit Card,Success
PAY004933,ORD004933,UPI,Failed
PAY004934,ORD004934,Wallet,Success
PAY004935,ORD004935,Cash,Success
PAY004936,ORD004936,UPI,Refunded
PAY004937,ORD004937,Wallet,Success
PAY004938,ORD004938,UPI,Success
PAY004939,ORD004939,Wallet,Success
PAY004940,ORD004940,UPI,Success
PAY004941,ORD004941,UPI,Success
PAY004942,ORD004942,Cash,Success
PAY004943,ORD004943,UPI,Success
PAY004944,ORD004944,Debit Card,Success
PAY004945,ORD004945,Wallet,Success
PAY004946,ORD004946,UPI,Success
PAY004947,ORD004947,UPI,Success
PAY004948,ORD004948,Wallet,Success
PAY004949,ORD004949,Wallet,Success
PAY004950,ORD004950,UPI,Success
PAY004951,ORD004951,Debit Card,Success
PAY004952,ORD004952,Cash,Success
PAY004953,ORD004953,Cash,Success
PAY004954,ORD004954,Debit Card,Success
PAY004955,ORD004955,Cash,Success
PAY004956,ORD004956,Cash,Refunded
PAY004957,ORD004957,Debit Card,Success
PAY004958,ORD004958,Debit Card,Success
PAY004959,ORD004959,Credit Card,Success
PAY004960,ORD004960,UPI,Success
PAY004961,ORD004961,Cash,Success
PAY004962,ORD004962,UPI,Success
PAY004963,ORD004963,Wallet,Success
PAY004964,ORD004964,Cash,Refunded
PAY004965,ORD004965,Debit Card,Success
PAY004966,ORD004966,Debit Card,Success
PAY004967,ORD004967,Wallet,Success
PAY004968,ORD004968,Debit Card,Success
PAY004969,ORD004969,Wallet,Success
PAY004970,ORD004970,Wallet,Failed
PAY004971,ORD004971,Credit Card,Success
PAY004972,ORD004972,Debit Card,Success
PAY004973,ORD004973,Debit Card,Success
PAY004974,ORD004974,UPI,Refunded
PAY004975,ORD004975,Debit Card,Failed
PAY004976,ORD004976,Cash,Success
PAY004977,ORD004977,UPI,Success
PAY004978,ORD004978,Debit Card,Success
PAY004979,ORD004979,UPI,Failed
PAY004980,ORD004980,Wallet,Failed
PAY004981,ORD004981,UPI,Success
PAY004982,ORD004982,Cash,Success
PAY004983,ORD004983,Wallet,Success
PAY004984,ORD004984,Debit Card,Success
PAY004985,ORD004985,Cash,Failed
PAY004986,ORD004986,Cash,Success
PAY004987,ORD004987,Debit Card,Success
PAY004988,ORD004988,Wallet,Success
PAY004989,ORD004989,Debit Card,Success
PAY004990,ORD004990,Debit Card,Success
PAY004991,ORD004991,Wallet,Success
PAY004992,ORD004992,Wallet,Refunded
PAY004993,ORD004993,UPI,Success
PAY004994,ORD004994,Credit Card,Success
PAY004995,ORD004995,Cash,Success
PAY004996,ORD004996,Cash,Success
PAY004997,ORD004997,Debit Card,Success
PAY004998,ORD004998,Credit Card,Success
PAY004999,ORD004999,UPI,Success
PAY005000,ORD005000,Credit Card,Success
PAY005001,ORD005001,Debit Card,Success
PAY005002,ORD005002,Credit Card,Success
PAY005003,ORD005003,Debit Card,Success
PAY005004,ORD005004,Wallet,Failed
PAY005005,ORD005005,Debit Card,Success
PAY005006,ORD005006,UPI,Success
PAY005007,ORD005007,Debit Card,Refunded
PAY005008,ORD005008,Wallet,Success
PAY005009,ORD005009,Credit Card,Success
PAY005010,ORD005010,UPI,Failed
PAY005011,ORD005011,Wallet,Success
PAY005012,ORD005012,Credit Card,Success
PAY005013,ORD005013,Cash,Success
PAY005014,ORD005014,Wallet,Success
PAY005015,ORD005015,Credit Card,Success
PAY005016,ORD005016,Credit Card,Success
PAY005017,ORD005017,Credit Card,Success
PAY005018,ORD005018,UPI,Refunded
PAY005019,ORD005019,Wallet,Failed
PAY005020,ORD005020,Wallet,Success
PAY005021,ORD005021,Credit Card,Success
PAY005022,ORD005022,Wallet,Success
PAY005023,ORD005023,Wallet,Success
PAY005024,ORD005024,UPI,Refunded
PAY005025,ORD005025,Wallet,Success
PAY005026,ORD005026,Debit Card,Success
PAY005027,ORD005027,Credit Card,Success
PAY005028,ORD005028,Debit Card,Failed
PAY005029,ORD005029,Debit Card,Success
PAY005030,ORD005030,Cash,Success
PAY005031,ORD005031,Debit Card,Success
PAY005032,ORD005032,Debit Card,Success
PAY005033,ORD005033,Cash,Success
PAY005034,ORD005034,UPI,Success
PAY005035,ORD005035,Cash,Success
PAY005036,ORD005036,Cash,Success
PAY005037,ORD005037,Wallet,Success
PAY005038,ORD005038,Credit Card,Success
PAY005039,ORD005039,UPI,Success
PAY005040,ORD005040,Debit Card,Success
PAY005041,ORD005041,Cash,Success
PAY005042,ORD005042,UPI,Success
PAY005043,ORD005043,Cash,Success
PAY005044,ORD005044,Cash,Success
PAY005045,ORD005045,Cash,Success
PAY005046,ORD005046,UPI,Success
PAY005047,ORD005047,Credit Card,Success
PAY005048,ORD005048,UPI,Refunded
PAY005049,ORD005049,Cash,Success
PAY005050,ORD005050,Debit Card,Success
PAY005051,ORD005051,Debit Card,Failed
PAY005052,ORD005052,Wallet,Refunded
PAY005053,ORD005053,Debit Card,Failed
PAY005054,ORD005054,Credit Card,Failed
PAY005055,ORD005055,UPI,Success
PAY005056,ORD005056,Cash,Success
PAY005057,ORD005057,Debit Card,Success
PAY005058,ORD005058,UPI,Success
PAY005059,ORD005059,Debit Card,Success
PAY005060,ORD005060,Credit Card,Success
PAY005061,ORD005061,Wallet,Success
PAY005062,ORD005062,Wallet,Success
PAY005063,ORD005063,Cash,Success
PAY005064,ORD005064,Cash,Success
PAY005065,ORD005065,Cash,Success
PAY005066,ORD005066,Credit Card,Success
PAY005067,ORD005067,Cash,Success
PAY005068,ORD005068,Debit Card,Success
PAY005069,ORD005069,Wallet,Success
PAY005070,ORD005070,Cash,Success
PAY005071,ORD005071,Cash,Success
PAY005072,ORD005072,Debit Card,Success
PAY005073,ORD005073,Credit Card,Success
PAY005074,ORD005074,Wallet,Success
PAY005075,ORD005075,Credit Card,Success
PAY005076,ORD005076,Debit Card,Success
PAY005077,ORD005077,Credit Card,Success
PAY005078,ORD005078,UPI,Success
PAY005079,ORD005079,Cash,Success
PAY005080,ORD005080,UPI,Success
PAY005081,ORD005081,Credit Card,Success
PAY005082,ORD005082,Cash,Success
PAY005083,ORD005083,Debit Card,Success
PAY005084,ORD005084,Cash,Success
PAY005085,ORD005085,Debit Card,Success
PAY005086,ORD005086,Credit Card,Success
PAY005087,ORD005087,Debit Card,Success
PAY005088,ORD005088,Debit Card,Success
PAY005089,ORD005089,Credit Card,Success
PAY005090,ORD005090,Wallet,Success
PAY005091,ORD005091,UPI,Success
PAY005092,ORD005092,Debit Card,Success
PAY005093,ORD005093,Wallet,Success
PAY005094,ORD005094,Debit Card,Success
PAY005095,ORD005095,Debit Card,Success
PAY005096,ORD005096,UPI,Success
PAY005097,ORD005097,Cash,Success
PAY005098,ORD005098,Credit Card,Success
PAY005099,ORD005099,Cash,Success
PAY005100,ORD005100,Credit Card,Success
PAY005101,ORD005101,Cash,Success
PAY005102,ORD005102,Cash,Success
PAY005103,ORD005103,UPI,Success
PAY005104,ORD005104,Cash,Success
PAY005105,ORD005105,Debit Card,Success
PAY005106,ORD005106,Cash,Success
PAY005107,ORD005107,Cash,Success
PAY005108,ORD005108,Debit Card,Refunded
PAY005109,ORD005109,UPI,Refunded
PAY005110,ORD005110,Debit Card,Success
PAY005111,ORD005111,Credit Card,Success
PAY005112,ORD005112,Credit Card,Success
PAY005113,ORD005113,UPI,Success
PAY005114,ORD005114,Cash,Success
PAY005115,ORD005115,UPI,Success
PAY005116,ORD005116,UPI,Success
PAY005117,ORD005117,Wallet,Success
PAY005118,ORD005118,UPI,Success
PAY005119,ORD005119,UPI,Success
PAY005120,ORD005120,Cash,Success
PAY005121,ORD005121,Debit Card,Success
PAY005122,ORD005122,Credit Card,Success
PAY005123,ORD005123,Cash,Success
PAY005124,ORD005124,Cash,Success
PAY005125,ORD005125,Debit Card,Success
PAY005126,ORD005126,Debit Card,Failed
PAY005127,ORD005127,Credit Card,Refunded
PAY005128,ORD005128,UPI,Success
PAY005129,ORD005129,Debit Card,Success
PAY005130,ORD005130,Wallet,Refunded
PAY005131,ORD005131,Cash,Success
PAY005132,ORD005132,Wallet,Success
PAY005133,ORD005133,UPI,Success
PAY005134,ORD005134,Debit Card,Success
PAY005135,ORD005135,Debit Card,Success
PAY005136,ORD005136,Cash,Success
PAY005137,ORD005137,Wallet,Success
PAY005138,ORD005138,Cash,Success
PAY005139,ORD005139,Wallet,Success
PAY005140,ORD005140,Wallet,Success
PAY005141,ORD005141,Debit Card,Success
PAY005142,ORD005142,Debit Card,Success
PAY005143,ORD005143,Credit Card,Success
PAY005144,ORD005144,Debit Card,Failed
PAY005145,ORD005145,Debit Card,Success
PAY005146,ORD005146,UPI,Success
PAY005147,ORD005147,Wallet,Success
PAY005148,ORD005148,Debit Card,Success
PAY005149,ORD005149,Credit Card,Success
PAY005150,ORD005150,Cash,Refunded
PAY005151,ORD005151,Credit Card,Success
PAY005152,ORD005152,Credit Card,Failed
PAY005153,ORD005153,Debit Card,Success
PAY005154,ORD005154,Wallet,Success
PAY005155,ORD005155,UPI,Success
PAY005156,ORD005156,Debit Card,Success
PAY005157,ORD005157,Credit Card,Success
PAY005158,ORD005158,UPI,Success
PAY005159,ORD005159,Cash,Success
PAY005160,ORD005160,UPI,Success
PAY005161,ORD005161,Cash,Success
PAY005162,ORD005162,Credit Card,Success
PAY005163,ORD005163,UPI,Refunded
PAY005164,ORD005164,UPI,Success
PAY005165,ORD005165,UPI,Failed
PAY005166,ORD005166,Cash,Success
PAY005167,ORD005167,Wallet,Failed
PAY005168,ORD005168,Wallet,Refunded
PAY005169,ORD005169,Cash,Success
PAY005170,ORD005170,UPI,Success
PAY005171,ORD005171,Wallet,Success
PAY005172,ORD005172,Credit Card,Success
PAY005173,ORD005173,Credit Card,Success
PAY005174,ORD005174,Cash,Success
PAY005175,ORD005175,Cash,Success
PAY005176,ORD005176,Cash,Success
PAY005177,ORD005177,Debit Card,Success
PAY005178,ORD005178,Credit Card,Success
PAY005179,ORD005179,Debit Card,Failed
PAY005180,ORD005180,Credit Card,Failed
PAY005181,ORD005181,Credit Card,Success
PAY005182,ORD005182,Debit Card,Success
PAY005183,ORD005183,UPI,Success
PAY005184,ORD005184,Credit Card,Success
PAY005185,ORD005185,Credit Card,Success
PAY005186,ORD005186,Wallet,Success
PAY005187,ORD005187,UPI,Success
PAY005188,ORD005188,Credit Card,Success
PAY005189,ORD005189,Debit Card,Success
PAY005190,ORD005190,Credit Card,Failed
PAY005191,ORD005191,Debit Card,Success
PAY005192,ORD005192,Credit Card,Refunded
PAY005193,ORD005193,Debit Card,Failed
PAY005194,ORD005194,UPI,Success
PAY005195,ORD005195,Debit Card,Success
PAY005196,ORD005196,Wallet,Refunded
PAY005197,ORD005197,Cash,Success
PAY005198,ORD005198,Credit Card,Success
PAY005199,ORD005199,Cash,Success
PAY005200,ORD005200,Cash,Success
PAY005201,ORD005201,Debit Card,Success
PAY005202,ORD005202,Debit Card,Failed
PAY005203,ORD005203,Credit Card,Success
PAY005204,ORD005204,Cash,Success
PAY005205,ORD005205,Cash,Success
PAY005206,ORD005206,UPI,Success
PAY005207,ORD005207,Cash,Success
PAY005208,ORD005208,Cash,Success
PAY005209,ORD005209,Debit Card,Success
PAY005210,ORD005210,Credit Card,Success
PAY005211,ORD005211,Credit Card,Refunded
PAY005212,ORD005212,Debit Card,Success
PAY005213,ORD005213,Credit Card,Success
PAY005214,ORD005214,Cash,Refunded
PAY005215,ORD005215,Debit Card,Failed
PAY005216,ORD005216,Cash,Refunded
PAY005217,ORD005217,Wallet,Refunded
PAY005218,ORD005218,Cash,Success
PAY005219,ORD005219,UPI,Success
PAY005220,ORD005220,Wallet,Success
PAY005221,ORD005221,Wallet,Success
PAY005222,ORD005222,UPI,Failed
PAY005223,ORD005223,Credit Card,Success
PAY005224,ORD005224,Debit Card,Success
PAY005225,ORD005225,Cash,Success
PAY005226,ORD005226,Debit Card,Success
PAY005227,ORD005227,Wallet,Success
PAY005228,ORD005228,Wallet,Success
PAY005229,ORD005229,Cash,Success
PAY005230,ORD005230,Debit Card,Success
PAY005231,ORD005231,Wallet,Success
PAY005232,ORD005232,UPI,Success
PAY005233,ORD005233,Debit Card,Success
PAY005234,ORD005234,Credit Card,Success
PAY005235,ORD005235,Cash,Success
PAY005236,ORD005236,Cash,Success
PAY005237,ORD005237,Debit Card,Success
PAY005238,ORD005238,Wallet,Refunded
PAY005239,ORD005239,Credit Card,Success
PAY005240,ORD005240,UPI,Success
PAY005241,ORD005241,Cash,Refunded
PAY005242,ORD005242,Debit Card,Success
PAY005243,ORD005243,Credit Card,Success
PAY005244,ORD005244,Credit Card,Failed
PAY005245,ORD005245,Debit Card,Refunded
PAY005246,ORD005246,Credit Card,Success
PAY005247,ORD005247,Cash,Success
PAY005248,ORD005248,Credit Card,Refunded
PAY005249,ORD005249,Wallet,Success
PAY005250,ORD005250,Credit Card,Success
PAY005251,ORD005251,Cash,Success
PAY005252,ORD005252,Debit Card,Failed
PAY005253,ORD005253,UPI,Success
PAY005254,ORD005254,Debit Card,Success
PAY005255,ORD005255,UPI,Success
PAY005256,ORD005256,Wallet,Success
PAY005257,ORD005257,Credit Card,Refunded
PAY005258,ORD005258,UPI,Success
PAY005259,ORD005259,Wallet,Success
PAY005260,ORD005260,Cash,Refunded
PAY005261,ORD005261,Credit Card,Failed
PAY005262,ORD005262,UPI,Success
PAY005263,ORD005263,Debit Card,Success
PAY005264,ORD005264,UPI,Success
PAY005265,ORD005265,Debit Card,Success
PAY005266,ORD005266,Cash,Failed
PAY005267,ORD005267,Debit Card,Success
PAY005268,ORD005268,Credit Card,Failed
PAY005269,ORD005269,Debit Card,Failed
PAY005270,ORD005270,UPI,Success
PAY005271,ORD005271,Credit Card,Refunded
PAY005272,ORD005272,Wallet,Refunded
PAY005273,ORD005273,Wallet,Refunded
PAY005274,ORD005274,Cash,Success
PAY005275,ORD005275,Credit Card,Failed
PAY005276,ORD005276,Debit Card,Success
PAY005277,ORD005277,Cash,Failed
PAY005278,ORD005278,UPI,Success
PAY005279,ORD005279,UPI,Success
PAY005280,ORD005280,Cash,Success
PAY005281,ORD005281,Wallet,Success
PAY005282,ORD005282,UPI,Success
PAY005283,ORD005283,Credit Card,Failed
PAY005284,ORD005284,Cash,Success
PAY005285,ORD005285,Debit Card,Success
PAY005286,ORD005286,Wallet,Success
PAY005287,ORD005287,Debit Card,Success
PAY005288,ORD005288,Cash,Success
PAY005289,ORD005289,Credit Card,Success
PAY005290,ORD005290,Cash,Success
PAY005291,ORD005291,Debit Card,Success
PAY005292,ORD005292,Wallet,Refunded
PAY005293,ORD005293,Wallet,Success
PAY005294,ORD005294,UPI,Success
PAY005295,ORD005295,Credit Card,Success
PAY005296,ORD005296,Wallet,Success
PAY005297,ORD005297,Wallet,Refunded
PAY005298,ORD005298,Cash,Success
PAY005299,ORD005299,UPI,Success
PAY005300,ORD005300,Cash,Success
PAY005301,ORD005301,Cash,Success
PAY005302,ORD005302,Credit Card,Success
PAY005303,ORD005303,Cash,Success
PAY005304,ORD005304,Wallet,Success
PAY005305,ORD005305,UPI,Failed
PAY005306,ORD005306,Wallet,Success
PAY005307,ORD005307,Cash,Success
PAY005308,ORD005308,UPI,Refunded
PAY005309,ORD005309,Wallet,Refunded
PAY005310,ORD005310,Wallet,Success
PAY005311,ORD005311,Cash,Success
PAY005312,ORD005312,Debit Card,Success
PAY005313,ORD005313,UPI,Success
PAY005314,ORD005314,Cash,Success
PAY005315,ORD005315,UPI,Success
PAY005316,ORD005316,Wallet,Success
PAY005317,ORD005317,Debit Card,Success
PAY005318,ORD005318,Debit Card,Success
PAY005319,ORD005319,Wallet,Success
PAY005320,ORD005320,Debit Card,Success
PAY005321,ORD005321,Wallet,Refunded
PAY005322,ORD005322,Cash,Success
PAY005323,ORD005323,Wallet,Success
PAY005324,ORD005324,Debit Card,Success
PAY005325,ORD005325,Credit Card,Success
PAY005326,ORD005326,UPI,Success
PAY005327,ORD005327,Wallet,Success
PAY005328,ORD005328,Debit Card,Success
PAY005329,ORD005329,UPI,Success
PAY005330,ORD005330,Wallet,Success
PAY005331,ORD005331,Cash,Success
PAY005332,ORD005332,Cash,Success
PAY005333,ORD005333,UPI,Refunded
PAY005334,ORD005334,Wallet,Success
PAY005335,ORD005335,UPI,Success
PAY005336,ORD005336,UPI,Success
PAY005337,ORD005337,UPI,Success
PAY005338,ORD005338,Debit Card,Failed
PAY005339,ORD005339,Debit Card,Failed
PAY005340,ORD005340,UPI,Success
PAY005341,ORD005341,UPI,Success
PAY005342,ORD005342,Credit Card,Success
PAY005343,ORD005343,Credit Card,Success
PAY005344,ORD005344,Credit Card,Success
PAY005345,ORD005345,Wallet,Success
PAY005346,ORD005346,Debit Card,Success
PAY005347,ORD005347,Cash,Success
PAY005348,ORD005348,UPI,Success
PAY005349,ORD005349,UPI,Success
PAY005350,ORD005350,Debit Card,Success
PAY005351,ORD005351,Cash,Success
PAY005352,ORD005352,Credit Card,Success
PAY005353,ORD005353,Cash,Refunded
PAY005354,ORD005354,Cash,Failed
PAY005355,ORD005355,Credit Card,Success
PAY005356,ORD005356,Debit Card,Success
PAY005357,ORD005357,Wallet,Success
PAY005358,ORD005358,UPI,Failed
PAY005359,ORD005359,Debit Card,Success
PAY005360,ORD005360,Wallet,Success
PAY005361,ORD005361,Debit Card,Success
PAY005362,ORD005362,Cash,Success
PAY005363,ORD005363,UPI,Success
PAY005364,ORD005364,Debit Card,Success
PAY005365,ORD005365,Wallet,Success
PAY005366,ORD005366,Wallet,Success
PAY005367,ORD005367,Credit Card,Success
PAY005368,ORD005368,Cash,Success
PAY005369,ORD005369,Cash,Success
PAY005370,ORD005370,Credit Card,Success
PAY005371,ORD005371,Wallet,Success
PAY005372,ORD005372,UPI,Success
PAY005373,ORD005373,Credit Card,Success
PAY005374,ORD005374,Cash,Success
PAY005375,ORD005375,Debit Card,Success
PAY005376,ORD005376,Cash,Success
PAY005377,ORD005377,Cash,Failed
PAY005378,ORD005378,Debit Card,Success
PAY005379,ORD005379,Wallet,Success
PAY005380,ORD005380,Cash,Success
PAY005381,ORD005381,UPI,Success
PAY005382,ORD005382,Wallet,Success
PAY005383,ORD005383,Cash,Success
PAY005384,ORD005384,UPI,Success
PAY005385,ORD005385,Credit Card,Refunded
PAY005386,ORD005386,Credit Card,Success
PAY005387,ORD005387,Credit Card,Success
PAY005388,ORD005388,Debit Card,Failed
PAY005389,ORD005389,Cash,Success
PAY005390,ORD005390,Wallet,Success
PAY005391,ORD005391,UPI,Success
PAY005392,ORD005392,Credit Card,Success
PAY005393,ORD005393,Wallet,Success
PAY005394,ORD005394,Wallet,Success
PAY005395,ORD005395,Cash,Success
PAY005396,ORD005396,Credit Card,Success
PAY005397,ORD005397,Wallet,Refunded
PAY005398,ORD005398,UPI,Failed
PAY005399,ORD005399,Wallet,Success
PAY005400,ORD005400,UPI,Refunded
PAY005401,ORD005401,Wallet,Success
PAY005402,ORD005402,Debit Card,Success
PAY005403,ORD005403,Wallet,Success
PAY005404,ORD005404,Debit Card,Success
PAY005405,ORD005405,Debit Card,Success
PAY005406,ORD005406,Credit Card,Success
PAY005407,ORD005407,Debit Card,Success
PAY005408,ORD005408,Wallet,Success
PAY005409,ORD005409,Cash,Refunded
PAY005410,ORD005410,Debit Card,Refunded
PAY005411,ORD005411,UPI,Success
PAY005412,ORD005412,Credit Card,Failed
PAY005413,ORD005413,Debit Card,Success
PAY005414,ORD005414,UPI,Refunded
PAY005415,ORD005415,Debit Card,Success
PAY005416,ORD005416,Cash,Success
PAY005417,ORD005417,Wallet,Success
PAY005418,ORD005418,Debit Card,Success
PAY005419,ORD005419,Credit Card,Success
PAY005420,ORD005420,UPI,Success
PAY005421,ORD005421,UPI,Success
PAY005422,ORD005422,Cash,Success
PAY005423,ORD005423,Wallet,Success
PAY005424,ORD005424,Credit Card,Success
PAY005425,ORD005425,Wallet,Success
PAY005426,ORD005426,Credit Card,Success
PAY005427,ORD005427,Credit Card,Success
PAY005428,ORD005428,Wallet,Success
PAY005429,ORD005429,Wallet,Success
PAY005430,ORD005430,UPI,Success
PAY005431,ORD005431,Cash,Success
PAY005432,ORD005432,Debit Card,Success
PAY005433,ORD005433,UPI,Success
PAY005434,ORD005434,Credit Card,Success
PAY005435,ORD005435,UPI,Success
PAY005436,ORD005436,UPI,Failed
PAY005437,ORD005437,Credit Card,Success
PAY005438,ORD005438,UPI,Success
PAY005439,ORD005439,Wallet,Success
PAY005440,ORD005440,Cash,Success
PAY005441,ORD005441,UPI,Success
PAY005442,ORD005442,Cash,Success
PAY005443,ORD005443,Credit Card,Refunded
PAY005444,ORD005444,Debit Card,Refunded
PAY005445,ORD005445,Debit Card,Success
PAY005446,ORD005446,Wallet,Success
PAY005447,ORD005447,Cash,Refunded
PAY005448,ORD005448,Credit Card,Success
PAY005449,ORD005449,Debit Card,Success
PAY005450,ORD005450,Cash,Success
PAY005451,ORD005451,UPI,Refunded
PAY005452,ORD005452,Debit Card,Success
PAY005453,ORD005453,Credit Card,Success
PAY005454,ORD005454,Credit Card,Success
PAY005455,ORD005455,Cash,Success
PAY005456,ORD005456,Debit Card,Refunded
PAY005457,ORD005457,Debit Card,Failed
PAY005458,ORD005458,UPI,Success
PAY005459,ORD005459,UPI,Success
PAY005460,ORD005460,UPI,Refunded
PAY005461,ORD005461,Wallet,Failed
PAY005462,ORD005462,UPI,Success
PAY005463,ORD005463,Wallet,Success
PAY005464,ORD005464,UPI,Success
PAY005465,ORD005465,Cash,Success
PAY005466,ORD005466,Wallet,Success
PAY005467,ORD005467,Debit Card,Success
PAY005468,ORD005468,Credit Card,Refunded
PAY005469,ORD005469,Wallet,Success
PAY005470,ORD005470,Debit Card,Success
PAY005471,ORD005471,Wallet,Success
PAY005472,ORD005472,UPI,Success
PAY005473,ORD005473,UPI,Failed
PAY005474,ORD005474,Credit Card,Refunded
PAY005475,ORD005475,Wallet,Success
PAY005476,ORD005476,Cash,Success
PAY005477,ORD005477,Cash,Success
PAY005478,ORD005478,Cash,Success
PAY005479,ORD005479,Debit Card,Success
PAY005480,ORD005480,Debit Card,Success
PAY005481,ORD005481,Debit Card,Success
PAY005482,ORD005482,Cash,Success
PAY005483,ORD005483,Debit Card,Success
PAY005484,ORD005484,UPI,Success
PAY005485,ORD005485,Debit Card,Success
PAY005486,ORD005486,Debit Card,Success
PAY005487,ORD005487,Wallet,Success
PAY005488,ORD005488,Debit Card,Refunded
PAY005489,ORD005489,UPI,Success
PAY005490,ORD005490,Debit Card,Success
PAY005491,ORD005491,Cash,Success
PAY005492,ORD005492,Debit Card,Success
PAY005493,ORD005493,Cash,Success
PAY005494,ORD005494,Credit Card,Success
PAY005495,ORD005495,Cash,Success
PAY005496,ORD005496,Credit Card,Success
PAY005497,ORD005497,Credit Card,Success
PAY005498,ORD005498,Wallet,Refunded
PAY005499,ORD005499,UPI,Success
PAY005500,ORD005500,Wallet,Success
PAY005501,ORD005501,UPI,Success
PAY005502,ORD005502,Wallet,Success
PAY005503,ORD005503,Cash,Refunded
PAY005504,ORD005504,Debit Card,Failed
PAY005505,ORD005505,Debit Card,Success
PAY005506,ORD005506,Wallet,Success
PAY005507,ORD005507,Credit Card,Success
PAY005508,ORD005508,UPI,Success
PAY005509,ORD005509,UPI,Success
PAY005510,ORD005510,Credit Card,Success
PAY005511,ORD005511,UPI,Refunded
PAY005512,ORD005512,Wallet,Failed
PAY005513,ORD005513,Credit Card,Success
PAY005514,ORD005514,UPI,Success
PAY005515,ORD005515,Wallet,Success
PAY005516,ORD005516,UPI,Success
PAY005517,ORD005517,Credit Card,Success
PAY005518,ORD005518,UPI,Success
PAY005519,ORD005519,Credit Card,Success
PAY005520,ORD005520,Cash,Success
PAY005521,ORD005521,Debit Card,Success
PAY005522,ORD005522,Credit Card,Success
PAY005523,ORD005523,Debit Card,Success
PAY005524,ORD005524,Cash,Success
PAY005525,ORD005525,UPI,Success
PAY005526,ORD005526,UPI,Success
PAY005527,ORD005527,Credit Card,Success
PAY005528,ORD005528,Debit Card,Success
PAY005529,ORD005529,Debit Card,Success
PAY005530,ORD005530,Credit Card,Failed
PAY005531,ORD005531,Cash,Success
PAY005532,ORD005532,Credit Card,Success
PAY005533,ORD005533,Credit Card,Success
PAY005534,ORD005534,UPI,Success
PAY005535,ORD005535,Cash,Refunded
PAY005536,ORD005536,Wallet,Success
PAY005537,ORD005537,Wallet,Success
PAY005538,ORD005538,Credit Card,Success
PAY005539,ORD005539,Credit Card,Success
PAY005540,ORD005540,UPI,Success
PAY005541,ORD005541,Credit Card,Failed
PAY005542,ORD005542,UPI,Refunded
PAY005543,ORD005543,Wallet,Refunded
PAY005544,ORD005544,Debit Card,Success
PAY005545,ORD005545,Cash,Success
PAY005546,ORD005546,Wallet,Success
PAY005547,ORD005547,Cash,Success
PAY005548,ORD005548,Wallet,Success
PAY005549,ORD005549,UPI,Refunded
PAY005550,ORD005550,Wallet,Refunded
PAY005551,ORD005551,UPI,Success
PAY005552,ORD005552,Cash,Success
PAY005553,ORD005553,Wallet,Failed
PAY005554,ORD005554,Credit Card,Failed
PAY005555,ORD005555,Debit Card,Success
PAY005556,ORD005556,Debit Card,Failed
PAY005557,ORD005557,UPI,Success
PAY005558,ORD005558,Credit Card,Failed
PAY005559,ORD005559,Credit Card,Failed
PAY005560,ORD005560,UPI,Success
PAY005561,ORD005561,Credit Card,Refunded
PAY005562,ORD005562,Cash,Success
PAY005563,ORD005563,Wallet,Success
PAY005564,ORD005564,Debit Card,Success
PAY005565,ORD005565,Cash,Failed
PAY005566,ORD005566,Wallet,Success
PAY005567,ORD005567,Cash,Success
PAY005568,ORD005568,Debit Card,Success
PAY005569,ORD005569,Cash,Success
PAY005570,ORD005570,UPI,Success
PAY005571,ORD005571,Wallet,Success
PAY005572,ORD005572,UPI,Success
PAY005573,ORD005573,Credit Card,Success
PAY005574,ORD005574,Credit Card,Success
PAY005575,ORD005575,Credit Card,Refunded
PAY005576,ORD005576,Cash,Success
PAY005577,ORD005577,Debit Card,Success
PAY005578,ORD005578,Credit Card,Success
PAY005579,ORD005579,Cash,Success
PAY005580,ORD005580,Credit Card,Success
PAY005581,ORD005581,Credit Card,Success
PAY005582,ORD005582,Wallet,Success
PAY005583,ORD005583,Credit Card,Failed
PAY005584,ORD005584,Cash,Success
PAY005585,ORD005585,Cash,Refunded
PAY005586,ORD005586,UPI,Success
PAY005587,ORD005587,Credit Card,Success
PAY005588,ORD005588,UPI,Success
PAY005589,ORD005589,Cash,Success
PAY005590,ORD005590,Wallet,Success
PAY005591,ORD005591,Cash,Success
PAY005592,ORD005592,Wallet,Success
PAY005593,ORD005593,Debit Card,Failed
PAY005594,ORD005594,UPI,Failed
PAY005595,ORD005595,Cash,Success
PAY005596,ORD005596,Wallet,Refunded
PAY005597,ORD005597,Cash,Failed
PAY005598,ORD005598,Credit Card,Success
PAY005599,ORD005599,Credit Card,Success
PAY005600,ORD005600,Credit Card,Refunded
PAY005601,ORD005601,Debit Card,Success
PAY005602,ORD005602,Cash,Success
PAY005603,ORD005603,Credit Card,Success
PAY005604,ORD005604,Cash,Success
PAY005605,ORD005605,UPI,Success
PAY005606,ORD005606,Credit Card,Success
PAY005607,ORD005607,Wallet,Success
PAY005608,ORD005608,Credit Card,Success
PAY005609,ORD005609,Debit Card,Failed
PAY005610,ORD005610,Debit Card,Success
PAY005611,ORD005611,Debit Card,Success
PAY005612,ORD005612,Debit Card,Success
PAY005613,ORD005613,UPI,Success
PAY005614,ORD005614,Debit Card,Success
PAY005615,ORD005615,Cash,Success
PAY005616,ORD005616,UPI,Success
PAY005617,ORD005617,Credit Card,Success
PAY005618,ORD005618,UPI,Success
PAY005619,ORD005619,UPI,Success
PAY005620,ORD005620,Credit Card,Refunded
PAY005621,ORD005621,Debit Card,Success
PAY005622,ORD005622,Credit Card,Failed
PAY005623,ORD005623,Debit Card,Success
PAY005624,ORD005624,Credit Card,Success
PAY005625,ORD005625,Wallet,Success
PAY005626,ORD005626,Credit Card,Refunded
PAY005627,ORD005627,Debit Card,Success
PAY005628,ORD005628,Debit Card,Success
PAY005629,ORD005629,Wallet,Success
PAY005630,ORD005630,Debit Card,Success
PAY005631,ORD005631,Credit Card,Success
PAY005632,ORD005632,Cash,Success
PAY005633,ORD005633,Cash,Success
PAY005634,ORD005634,Credit Card,Success
PAY005635,ORD005635,Cash,Success
PAY005636,ORD005636,Debit Card,Success
PAY005637,ORD005637,Debit Card,Success
PAY005638,ORD005638,Wallet,Success
PAY005639,ORD005639,Wallet,Success
PAY005640,ORD005640,Cash,Success
PAY005641,ORD005641,Wallet,Success
PAY005642,ORD005642,Wallet,Success
PAY005643,ORD005643,UPI,Success
PAY005644,ORD005644,Cash,Success
PAY005645,ORD005645,Debit Card,Success
PAY005646,ORD005646,Wallet,Success
PAY005647,ORD005647,UPI,Success
PAY005648,ORD005648,Cash,Failed
PAY005649,ORD005649,Wallet,Refunded
PAY005650,ORD005650,Cash,Success
PAY005651,ORD005651,Wallet,Success
PAY005652,ORD005652,UPI,Success
PAY005653,ORD005653,Wallet,Success
PAY005654,ORD005654,Cash,Success
PAY005655,ORD005655,Cash,Success
PAY005656,ORD005656,UPI,Success
PAY005657,ORD005657,Cash,Success
PAY005658,ORD005658,Debit Card,Success
PAY005659,ORD005659,Wallet,Success
PAY005660,ORD005660,Cash,Success
PAY005661,ORD005661,Wallet,Success
PAY005662,ORD005662,Cash,Success
PAY005663,ORD005663,Debit Card,Success
PAY005664,ORD005664,Cash,Success
PAY005665,ORD005665,Debit Card,Success
PAY005666,ORD005666,Wallet,Success
PAY005667,ORD005667,Debit Card,Success
PAY005668,ORD005668,Cash,Success
PAY005669,ORD005669,Wallet,Success
PAY005670,ORD005670,Cash,Success
PAY005671,ORD005671,Debit Card,Success
PAY005672,ORD005672,Wallet,Refunded
PAY005673,ORD005673,Wallet,Success
PAY005674,ORD005674,Cash,Success
PAY005675,ORD005675,Debit Card,Success
PAY005676,ORD005676,Wallet,Success
PAY005677,ORD005677,Credit Card,Refunded
PAY005678,ORD005678,Wallet,Failed
PAY005679,ORD005679,Wallet,Success
PAY005680,ORD005680,Wallet,Success
PAY005681,ORD005681,Wallet,Success
PAY005682,ORD005682,Credit Card,Success
PAY005683,ORD005683,Debit Card,Success
PAY005684,ORD005684,Debit Card,Success
PAY005685,ORD005685,Debit Card,Failed
PAY005686,ORD005686,Credit Card,Success
PAY005687,ORD005687,Cash,Success
PAY005688,ORD005688,Credit Card,Refunded
PAY005689,ORD005689,UPI,Success
PAY005690,ORD005690,Cash,Success
PAY005691,ORD005691,Cash,Success
PAY005692,ORD005692,Wallet,Success
PAY005693,ORD005693,Debit Card,Success
PAY005694,ORD005694,Wallet,Success
PAY005695,ORD005695,Wallet,Success
PAY005696,ORD005696,Cash,Refunded
PAY005697,ORD005697,UPI,Success
PAY005698,ORD005698,Debit Card,Refunded
PAY005699,ORD005699,Debit Card,Success
PAY005700,ORD005700,Wallet,Success
PAY005701,ORD005701,UPI,Failed
PAY005702,ORD005702,Credit Card,Success
PAY005703,ORD005703,Debit Card,Success
PAY005704,ORD005704,UPI,Success
PAY005705,ORD005705,Wallet,Success
PAY005706,ORD005706,Credit Card,Success
PAY005707,ORD005707,Debit Card,Success
PAY005708,ORD005708,Cash,Refunded
PAY005709,ORD005709,Credit Card,Failed
PAY005710,ORD005710,Wallet,Success
PAY005711,ORD005711,UPI,Success
PAY005712,ORD005712,Debit Card,Success
PAY005713,ORD005713,Wallet,Success
PAY005714,ORD005714,Debit Card,Success
PAY005715,ORD005715,UPI,Success
PAY005716,ORD005716,Debit Card,Failed
PAY005717,ORD005717,UPI,Success
PAY005718,ORD005718,UPI,Success
PAY005719,ORD005719,Debit Card,Success
PAY005720,ORD005720,Credit Card,Success
PAY005721,ORD005721,Credit Card,Success
PAY005722,ORD005722,UPI,Success
PAY005723,ORD005723,Wallet,Success
PAY005724,ORD005724,Credit Card,Success
PAY005725,ORD005725,Debit Card,Success
PAY005726,ORD005726,Credit Card,Success
PAY005727,ORD005727,UPI,Success
PAY005728,ORD005728,Cash,Success
PAY005729,ORD005729,Credit Card,Success
PAY005730,ORD005730,Cash,Success
PAY005731,ORD005731,Credit Card,Success
PAY005732,ORD005732,Wallet,Success
PAY005733,ORD005733,Wallet,Success
PAY005734,ORD005734,Cash,Success
PAY005735,ORD005735,UPI,Success
PAY005736,ORD005736,Credit Card,Refunded
PAY005737,ORD005737,Cash,Refunded
PAY005738,ORD005738,UPI,Success
PAY005739,ORD005739,Wallet,Success
PAY005740,ORD005740,Credit Card,Success
PAY005741,ORD005741,Credit Card,Success
PAY005742,ORD005742,Credit Card,Success
PAY005743,ORD005743,UPI,Success
PAY005744,ORD005744,UPI,Success
PAY005745,ORD005745,Cash,Refunded
PAY005746,ORD005746,Credit Card,Failed
PAY005747,ORD005747,Credit Card,Success
PAY005748,ORD005748,UPI,Success
PAY005749,ORD005749,Debit Card,Failed
PAY005750,ORD005750,UPI,Success
PAY005751,ORD005751,Wallet,Success
PAY005752,ORD005752,Wallet,Success
PAY005753,ORD005753,UPI,Success
PAY005754,ORD005754,Credit Card,Success
PAY005755,ORD005755,Debit Card,Success
PAY005756,ORD005756,Wallet,Success
PAY005757,ORD005757,UPI,Success
PAY005758,ORD005758,UPI,Success
PAY005759,ORD005759,Debit Card,Refunded
PAY005760,ORD005760,UPI,Success
PAY005761,ORD005761,Cash,Success
PAY005762,ORD005762,Cash,Success
PAY005763,ORD005763,Cash,Success
PAY005764,ORD005764,Debit Card,Failed
PAY005765,ORD005765,Credit Card,Success
PAY005766,ORD005766,Cash,Success
PAY005767,ORD005767,Credit Card,Success
PAY005768,ORD005768,Cash,Success
PAY005769,ORD005769,Credit Card,Success
PAY005770,ORD005770,Debit Card,Failed
PAY005771,ORD005771,UPI,Success
PAY005772,ORD005772,Credit Card,Success
PAY005773,ORD005773,Cash,Success
PAY005774,ORD005774,Credit Card,Success
PAY005775,ORD005775,Wallet,Success
PAY005776,ORD005776,Debit Card,Success
PAY005777,ORD005777,Credit Card,Success
PAY005778,ORD005778,Credit Card,Success
PAY005779,ORD005779,Wallet,Success
PAY005780,ORD005780,UPI,Failed
PAY005781,ORD005781,UPI,Success
PAY005782,ORD005782,Debit Card,Success
PAY005783,ORD005783,Wallet,Success
PAY005784,ORD005784,Debit Card,Success
PAY005785,ORD005785,Debit Card,Success
PAY005786,ORD005786,Debit Card,Failed
PAY005787,ORD005787,Debit Card,Success
PAY005788,ORD005788,Wallet,Success
PAY005789,ORD005789,Wallet,Success
PAY005790,ORD005790,Debit Card,Refunded
PAY005791,ORD005791,Debit Card,Success
PAY005792,ORD005792,Cash,Success
PAY005793,ORD005793,Credit Card,Success
PAY005794,ORD005794,Wallet,Failed
PAY005795,ORD005795,Debit Card,Success
PAY005796,ORD005796,Credit Card,Success
PAY005797,ORD005797,Cash,Success
PAY005798,ORD005798,UPI,Success
PAY005799,ORD005799,UPI,Success
PAY005800,ORD005800,UPI,Success
PAY005801,ORD005801,UPI,Success
PAY005802,ORD005802,Wallet,Failed
PAY005803,ORD005803,UPI,Success
PAY005804,ORD005804,Debit Card,Failed
PAY005805,ORD005805,Cash,Success
PAY005806,ORD005806,Wallet,Success
PAY005807,ORD005807,UPI,Success
PAY005808,ORD005808,UPI,Success
PAY005809,ORD005809,Credit Card,Success
PAY005810,ORD005810,UPI,Failed
PAY005811,ORD005811,Wallet,Success
PAY005812,ORD005812,Cash,Failed
PAY005813,ORD005813,Wallet,Success
PAY005814,ORD005814,Credit Card,Success
PAY005815,ORD005815,Wallet,Refunded
PAY005816,ORD005816,UPI,Refunded
PAY005817,ORD005817,Wallet,Success
PAY005818,ORD005818,UPI,Success
PAY005819,ORD005819,Debit Card,Success
PAY005820,ORD005820,Credit Card,Failed
PAY005821,ORD005821,Credit Card,Success
PAY005822,ORD005822,Cash,Success
PAY005823,ORD005823,UPI,Success
PAY005824,ORD005824,Wallet,Success
PAY005825,ORD005825,Credit Card,Success
PAY005826,ORD005826,Wallet,Success
PAY005827,ORD005827,Cash,Success
PAY005828,ORD005828,UPI,Success
PAY005829,ORD005829,UPI,Success
PAY005830,ORD005830,Debit Card,Success
PAY005831,ORD005831,Cash,Success
PAY005832,ORD005832,Debit Card,Success
PAY005833,ORD005833,Cash,Success
PAY005834,ORD005834,Debit Card,Refunded
PAY005835,ORD005835,Wallet,Success
PAY005836,ORD005836,Credit Card,Success
PAY005837,ORD005837,Cash,Success
PAY005838,ORD005838,Wallet,Success
PAY005839,ORD005839,Credit Card,Success
PAY005840,ORD005840,Wallet,Success
PAY005841,ORD005841,Wallet,Success
PAY005842,ORD005842,Credit Card,Success
PAY005843,ORD005843,Cash,Success
PAY005844,ORD005844,Debit Card,Success
PAY005845,ORD005845,Debit Card,Success
PAY005846,ORD005846,Debit Card,Success
PAY005847,ORD005847,UPI,Success
PAY005848,ORD005848,UPI,Refunded
PAY005849,ORD005849,UPI,Success
PAY005850,ORD005850,Credit Card,Refunded
PAY005851,ORD005851,Cash,Success
PAY005852,ORD005852,UPI,Success
PAY005853,ORD005853,Cash,Success
PAY005854,ORD005854,UPI,Success
PAY005855,ORD005855,Debit Card,Refunded
PAY005856,ORD005856,Wallet,Failed
PAY005857,ORD005857,Credit Card,Success
PAY005858,ORD005858,Credit Card,Success
PAY005859,ORD005859,Debit Card,Success
PAY005860,ORD005860,Cash,Failed
PAY005861,ORD005861,Wallet,Failed
PAY005862,ORD005862,Debit Card,Success
PAY005863,ORD005863,UPI,Success
PAY005864,ORD005864,Cash,Failed
PAY005865,ORD005865,Debit Card,Failed
PAY005866,ORD005866,Wallet,Success
PAY005867,ORD005867,UPI,Success
PAY005868,ORD005868,Wallet,Success
PAY005869,ORD005869,Cash,Success
PAY005870,ORD005870,Debit Card,Success
PAY005871,ORD005871,UPI,Success
PAY005872,ORD005872,Wallet,Success
PAY005873,ORD005873,Debit Card,Failed
PAY005874,ORD005874,Wallet,Failed
PAY005875,ORD005875,Debit Card,Success
PAY005876,ORD005876,UPI,Success
PAY005877,ORD005877,Credit Card,Success
PAY005878,ORD005878,Cash,Success
PAY005879,ORD005879,Wallet,Success
PAY005880,ORD005880,Debit Card,Success
PAY005881,ORD005881,Wallet,Success
PAY005882,ORD005882,Wallet,Success
PAY005883,ORD005883,UPI,Success
PAY005884,ORD005884,UPI,Success
PAY005885,ORD005885,Credit Card,Success
PAY005886,ORD005886,Credit Card,Success
PAY005887,ORD005887,Wallet,Success
PAY005888,ORD005888,Cash,Success
PAY005889,ORD005889,Cash,Failed
PAY005890,ORD005890,Credit Card,Success
PAY005891,ORD005891,Cash,Success
PAY005892,ORD005892,Wallet,Success
PAY005893,ORD005893,Credit Card,Success
PAY005894,ORD005894,Debit Card,Success
PAY005895,ORD005895,Credit Card,Success
PAY005896,ORD005896,UPI,Success
PAY005897,ORD005897,Cash,Success
PAY005898,ORD005898,Credit Card,Success
PAY005899,ORD005899,UPI,Success
PAY005900,ORD005900,Wallet,Success
PAY005901,ORD005901,UPI,Success
PAY005902,ORD005902,Cash,Success
PAY005903,ORD005903,Wallet,Success
PAY005904,ORD005904,UPI,Success
PAY005905,ORD005905,Cash,Success
PAY005906,ORD005906,Wallet,Refunded
PAY005907,ORD005907,Wallet,Success
PAY005908,ORD005908,Cash,Success
PAY005909,ORD005909,Wallet,Success
PAY005910,ORD005910,UPI,Success
PAY005911,ORD005911,Debit Card,Success
PAY005912,ORD005912,Cash,Success
PAY005913,ORD005913,Debit Card,Success
PAY005914,ORD005914,UPI,Failed
PAY005915,ORD005915,Debit Card,Success
PAY005916,ORD005916,UPI,Success
PAY005917,ORD005917,Credit Card,Success
PAY005918,ORD005918,Cash,Success
PAY005919,ORD005919,Cash,Success
PAY005920,ORD005920,Wallet,Success
PAY005921,ORD005921,Debit Card,Failed
PAY005922,ORD005922,UPI,Success
PAY005923,ORD005923,Debit Card,Success
PAY005924,ORD005924,Credit Card,Success
PAY005925,ORD005925,Credit Card,Success
PAY005926,ORD005926,Debit Card,Success
PAY005927,ORD005927,Wallet,Success
PAY005928,ORD005928,Credit Card,Failed
PAY005929,ORD005929,Wallet,Success
PAY005930,ORD005930,Debit Card,Refunded
PAY005931,ORD005931,Cash,Success
PAY005932,ORD005932,Credit Card,Failed
PAY005933,ORD005933,Cash,Success
PAY005934,ORD005934,Credit Card,Success
PAY005935,ORD005935,Debit Card,Success
PAY005936,ORD005936,Wallet,Success
PAY005937,ORD005937,Cash,Success
PAY005938,ORD005938,Debit Card,Success
PAY005939,ORD005939,Wallet,Success
PAY005940,ORD005940,UPI,Success
PAY005941,ORD005941,Cash,Success
PAY005942,ORD005942,Credit Card,Refunded
PAY005943,ORD005943,Credit Card,Success
PAY005944,ORD005944,Credit Card,Success
PAY005945,ORD005945,Debit Card,Success
PAY005946,ORD005946,UPI,Failed
PAY005947,ORD005947,Wallet,Success
PAY005948,ORD005948,Debit Card,Success
PAY005949,ORD005949,Cash,Success
PAY005950,ORD005950,Credit Card,Success
PAY005951,ORD005951,Debit Card,Failed
PAY005952,ORD005952,Credit Card,Success
PAY005953,ORD005953,Credit Card,Success
PAY005954,ORD005954,Debit Card,Success
PAY005955,ORD005955,Credit Card,Success
PAY005956,ORD005956,UPI,Success
PAY005957,ORD005957,Cash,Success
PAY005958,ORD005958,Cash,Success
PAY005959,ORD005959,UPI,Success
PAY005960,ORD005960,Debit Card,Success
PAY005961,ORD005961,Credit Card,Failed
PAY005962,ORD005962,Cash,Refunded
PAY005963,ORD005963,Credit Card,Success
PAY005964,ORD005964,Debit Card,Success
PAY005965,ORD005965,Credit Card,Success
PAY005966,ORD005966,UPI,Success
PAY005967,ORD005967,Cash,Success
PAY005968,ORD005968,Credit Card,Failed
PAY005969,ORD005969,Debit Card,Success
PAY005970,ORD005970,Credit Card,Success
PAY005971,ORD005971,Cash,Success
PAY005972,ORD005972,Wallet,Success
PAY005973,ORD005973,Credit Card,Refunded
PAY005974,ORD005974,Wallet,Failed
PAY005975,ORD005975,Debit Card,Success
PAY005976,ORD005976,Cash,Success
PAY005977,ORD005977,Cash,Success
PAY005978,ORD005978,Credit Card,Success
PAY005979,ORD005979,Credit Card,Success
PAY005980,ORD005980,Wallet,Success
PAY005981,ORD005981,Wallet,Success
PAY005982,ORD005982,Cash,Success
PAY005983,ORD005983,Cash,Success
PAY005984,ORD005984,Wallet,Success
PAY005985,ORD005985,Wallet,Success
PAY005986,ORD005986,Credit Card,Success
PAY005987,ORD005987,Credit Card,Success
PAY005988,ORD005988,Wallet,Success
PAY005989,ORD005989,Cash,Success
PAY005990,ORD005990,Wallet,Success
PAY005991,ORD005991,Credit Card,Failed
PAY005992,ORD005992,Debit Card,Success
PAY005993,ORD005993,Wallet,Success
PAY005994,ORD005994,Credit Card,Success
PAY005995,ORD005995,UPI,Success
PAY005996,ORD005996,Cash,Success
PAY005997,ORD005997,UPI,Success
PAY005998,ORD005998,Wallet,Failed
PAY005999,ORD005999,Cash,Success
PAY006000,ORD006000,Cash,Success
PAY006001,ORD006001,Wallet,Failed
PAY006002,ORD006002,Wallet,Success
PAY006003,ORD006003,UPI,Success
PAY006004,ORD006004,Debit Card,Success
PAY006005,ORD006005,Debit Card,Success
PAY006006,ORD006006,Cash,Refunded
PAY006007,ORD006007,UPI,Success
PAY006008,ORD006008,Wallet,Success
PAY006009,ORD006009,Wallet,Success
PAY006010,ORD006010,Debit Card,Success
PAY006011,ORD006011,Wallet,Success
PAY006012,ORD006012,Wallet,Success
PAY006013,ORD006013,Debit Card,Failed
PAY006014,ORD006014,Credit Card,Refunded
PAY006015,ORD006015,Cash,Success
PAY006016,ORD006016,Debit Card,Refunded
PAY006017,ORD006017,UPI,Success
PAY006018,ORD006018,UPI,Success
PAY006019,ORD006019,Debit Card,Success
PAY006020,ORD006020,Debit Card,Success
PAY006021,ORD006021,UPI,Success
PAY006022,ORD006022,Wallet,Success
PAY006023,ORD006023,Wallet,Success
PAY006024,ORD006024,Cash,Success
PAY006025,ORD006025,Cash,Success
PAY006026,ORD006026,Cash,Success
PAY006027,ORD006027,UPI,Success
PAY006028,ORD006028,UPI,Success
PAY006029,ORD006029,UPI,Success
PAY006030,ORD006030,Wallet,Success
PAY006031,ORD006031,Wallet,Success
PAY006032,ORD006032,Debit Card,Success
PAY006033,ORD006033,UPI,Success
PAY006034,ORD006034,Cash,Success
PAY006035,ORD006035,Debit Card,Success
PAY006036,ORD006036,UPI,Success
PAY006037,ORD006037,UPI,Success
PAY006038,ORD006038,Cash,Success
PAY006039,ORD006039,Credit Card,Success
PAY006040,ORD006040,Debit Card,Success
PAY006041,ORD006041,Credit Card,Refunded
PAY006042,ORD006042,Cash,Success
PAY006043,ORD006043,Debit Card,Success
PAY006044,ORD006044,Wallet,Success
PAY006045,ORD006045,Wallet,Refunded
PAY006046,ORD006046,Wallet,Success
PAY006047,ORD006047,UPI,Success
PAY006048,ORD006048,Cash,Success
PAY006049,ORD006049,UPI,Success
PAY006050,ORD006050,Credit Card,Success
PAY006051,ORD006051,Credit Card,Success
PAY006052,ORD006052,Credit Card,Refunded
PAY006053,ORD006053,Credit Card,Success
PAY006054,ORD006054,Cash,Success
PAY006055,ORD006055,UPI,Success
PAY006056,ORD006056,Debit Card,Success
PAY006057,ORD006057,Debit Card,Success
PAY006058,ORD006058,Wallet,Success
PAY006059,ORD006059,Cash,Success
PAY006060,ORD006060,UPI,Success
PAY006061,ORD006061,Wallet,Success
PAY006062,ORD006062,UPI,Success
PAY006063,ORD006063,Wallet,Failed
PAY006064,ORD006064,Credit Card,Success
PAY006065,ORD006065,Credit Card,Success
PAY006066,ORD006066,UPI,Success
PAY006067,ORD006067,Wallet,Success
PAY006068,ORD006068,Cash,Success
PAY006069,ORD006069,Debit Card,Success
PAY006070,ORD006070,Debit Card,Success
PAY006071,ORD006071,UPI,Success
PAY006072,ORD006072,Cash,Failed
PAY006073,ORD006073,Credit Card,Success
PAY006074,ORD006074,Wallet,Success
PAY006075,ORD006075,Wallet,Failed
PAY006076,ORD006076,Debit Card,Success
PAY006077,ORD006077,Cash,Success
PAY006078,ORD006078,Cash,Success
PAY006079,ORD006079,Cash,Success
PAY006080,ORD006080,Debit Card,Success
PAY006081,ORD006081,Debit Card,Success
PAY006082,ORD006082,Credit Card,Success
PAY006083,ORD006083,UPI,Success
PAY006084,ORD006084,Debit Card,Failed
PAY006085,ORD006085,UPI,Success
PAY006086,ORD006086,Debit Card,Failed
PAY006087,ORD006087,Wallet,Success
PAY006088,ORD006088,Cash,Success
PAY006089,ORD006089,Debit Card,Success
PAY006090,ORD006090,Wallet,Success
PAY006091,ORD006091,Wallet,Refunded
PAY006092,ORD006092,Wallet,Success
PAY006093,ORD006093,Wallet,Refunded
PAY006094,ORD006094,Cash,Success
PAY006095,ORD006095,Debit Card,Success
PAY006096,ORD006096,UPI,Success
PAY006097,ORD006097,Wallet,Refunded
PAY006098,ORD006098,Credit Card,Success
PAY006099,ORD006099,Credit Card,Success
PAY006100,ORD006100,Credit Card,Success
PAY006101,ORD006101,Cash,Success
PAY006102,ORD006102,Debit Card,Success
PAY006103,ORD006103,Cash,Refunded
PAY006104,ORD006104,Wallet,Success
PAY006105,ORD006105,UPI,Success
PAY006106,ORD006106,Debit Card,Success
PAY006107,ORD006107,Cash,Success
PAY006108,ORD006108,Debit Card,Success
PAY006109,ORD006109,Cash,Success
PAY006110,ORD006110,Credit Card,Success
PAY006111,ORD006111,Wallet,Success
PAY006112,ORD006112,Wallet,Failed
PAY006113,ORD006113,Debit Card,Success
PAY006114,ORD006114,Debit Card,Success
PAY006115,ORD006115,Credit Card,Success
PAY006116,ORD006116,Cash,Success
PAY006117,ORD006117,UPI,Success
PAY006118,ORD006118,Debit Card,Success
PAY006119,ORD006119,Debit Card,Success
PAY006120,ORD006120,Wallet,Success
PAY006121,ORD006121,Credit Card,Success
PAY006122,ORD006122,Debit Card,Success
PAY006123,ORD006123,UPI,Success
PAY006124,ORD006124,Debit Card,Refunded
PAY006125,ORD006125,UPI,Refunded
PAY006126,ORD006126,Credit Card,Success
PAY006127,ORD006127,UPI,Success
PAY006128,ORD006128,Credit Card,Success
PAY006129,ORD006129,Credit Card,Success
PAY006130,ORD006130,Debit Card,Success
PAY006131,ORD006131,Debit Card,Failed
PAY006132,ORD006132,Wallet,Success
PAY006133,ORD006133,Credit Card,Success
PAY006134,ORD006134,Credit Card,Failed
PAY006135,ORD006135,Credit Card,Success
PAY006136,ORD006136,Debit Card,Success
PAY006137,ORD006137,Wallet,Success
PAY006138,ORD006138,Wallet,Success
PAY006139,ORD006139,Credit Card,Success
PAY006140,ORD006140,Wallet,Success
PAY006141,ORD006141,UPI,Success
PAY006142,ORD006142,Wallet,Success
PAY006143,ORD006143,Wallet,Success
PAY006144,ORD006144,Credit Card,Failed
PAY006145,ORD006145,UPI,Success
PAY006146,ORD006146,Credit Card,Failed
PAY006147,ORD006147,Cash,Success
PAY006148,ORD006148,Wallet,Success
PAY006149,ORD006149,UPI,Success
PAY006150,ORD006150,Debit Card,Success
PAY006151,ORD006151,Debit Card,Refunded
PAY006152,ORD006152,Cash,Success
PAY006153,ORD006153,UPI,Failed
PAY006154,ORD006154,Wallet,Success
PAY006155,ORD006155,Debit Card,Success
PAY006156,ORD006156,Debit Card,Success
PAY006157,ORD006157,Cash,Success
PAY006158,ORD006158,Wallet,Success
PAY006159,ORD006159,UPI,Failed
PAY006160,ORD006160,Cash,Success
PAY006161,ORD006161,Debit Card,Success
PAY006162,ORD006162,Debit Card,Success
PAY006163,ORD006163,Debit Card,Success
PAY006164,ORD006164,UPI,Success
PAY006165,ORD006165,Credit Card,Success
PAY006166,ORD006166,Wallet,Success
PAY006167,ORD006167,UPI,Success
PAY006168,ORD006168,Credit Card,Success
PAY006169,ORD006169,UPI,Success
PAY006170,ORD006170,UPI,Refunded
PAY006171,ORD006171,UPI,Refunded
PAY006172,ORD006172,Wallet,Success
PAY006173,ORD006173,Cash,Success
PAY006174,ORD006174,Credit Card,Success
PAY006175,ORD006175,Credit Card,Refunded
PAY006176,ORD006176,Wallet,Success
PAY006177,ORD006177,Credit Card,Success
PAY006178,ORD006178,Wallet,Failed
PAY006179,ORD006179,Debit Card,Refunded
PAY006180,ORD006180,Wallet,Success
PAY006181,ORD006181,Cash,Success
PAY006182,ORD006182,Credit Card,Success
PAY006183,ORD006183,Wallet,Success
PAY006184,ORD006184,Wallet,Success
PAY006185,ORD006185,Debit Card,Success
PAY006186,ORD006186,Credit Card,Success
PAY006187,ORD006187,Cash,Success
PAY006188,ORD006188,UPI,Success
PAY006189,ORD006189,Wallet,Success
PAY006190,ORD006190,Credit Card,Refunded
PAY006191,ORD006191,UPI,Success
PAY006192,ORD006192,Cash,Success
PAY006193,ORD006193,Debit Card,Success
PAY006194,ORD006194,Wallet,Failed
PAY006195,ORD006195,Credit Card,Failed
PAY006196,ORD006196,Cash,Success
PAY006197,ORD006197,UPI,Success
PAY006198,ORD006198,Debit Card,Refunded
PAY006199,ORD006199,Debit Card,Success
PAY006200,ORD006200,Wallet,Refunded
PAY006201,ORD006201,Wallet,Success
PAY006202,ORD006202,Cash,Success
PAY006203,ORD006203,UPI,Success
PAY006204,ORD006204,Cash,Refunded
PAY006205,ORD006205,Cash,Success
PAY006206,ORD006206,UPI,Success
PAY006207,ORD006207,Credit Card,Success
PAY006208,ORD006208,Credit Card,Failed
PAY006209,ORD006209,Credit Card,Success
PAY006210,ORD006210,Credit Card,Success
PAY006211,ORD006211,Credit Card,Success
PAY006212,ORD006212,Cash,Success
PAY006213,ORD006213,Wallet,Success
PAY006214,ORD006214,Credit Card,Success
PAY006215,ORD006215,Debit Card,Failed
PAY006216,ORD006216,Debit Card,Success
PAY006217,ORD006217,UPI,Success
PAY006218,ORD006218,Wallet,Success
PAY006219,ORD006219,Credit Card,Refunded
PAY006220,ORD006220,UPI,Failed
PAY006221,ORD006221,Wallet,Success
PAY006222,ORD006222,Debit Card,Success
PAY006223,ORD006223,Cash,Success
PAY006224,ORD006224,Wallet,Success
PAY006225,ORD006225,Cash,Refunded
PAY006226,ORD006226,UPI,Refunded
PAY006227,ORD006227,Credit Card,Failed
PAY006228,ORD006228,Cash,Refunded
PAY006229,ORD006229,Debit Card,Refunded
PAY006230,ORD006230,UPI,Success
PAY006231,ORD006231,Cash,Refunded
PAY006232,ORD006232,Cash,Success
PAY006233,ORD006233,Wallet,Success
PAY006234,ORD006234,Wallet,Success
PAY006235,ORD006235,Cash,Failed
PAY006236,ORD006236,Cash,Success
PAY006237,ORD006237,UPI,Success
PAY006238,ORD006238,UPI,Success
PAY006239,ORD006239,UPI,Success
PAY006240,ORD006240,Debit Card,Refunded
PAY006241,ORD006241,Wallet,Success
PAY006242,ORD006242,Debit Card,Success
PAY006243,ORD006243,Wallet,Success
PAY006244,ORD006244,Debit Card,Success
PAY006245,ORD006245,Debit Card,Refunded
PAY006246,ORD006246,Wallet,Success
PAY006247,ORD006247,Debit Card,Success
PAY006248,ORD006248,Wallet,Success
PAY006249,ORD006249,UPI,Success
PAY006250,ORD006250,UPI,Success
PAY006251,ORD006251,UPI,Success
PAY006252,ORD006252,Debit Card,Success
PAY006253,ORD006253,Wallet,Success
PAY006254,ORD006254,Cash,Success
PAY006255,ORD006255,Debit Card,Success
PAY006256,ORD006256,Cash,Refunded
PAY006257,ORD006257,Credit Card,Success
PAY006258,ORD006258,Debit Card,Success
PAY006259,ORD006259,UPI,Success
PAY006260,ORD006260,Cash,Success
PAY006261,ORD006261,Wallet,Success
PAY006262,ORD006262,UPI,Failed
PAY006263,ORD006263,Debit Card,Refunded
PAY006264,ORD006264,Debit Card,Refunded
PAY006265,ORD006265,UPI,Success
PAY006266,ORD006266,Debit Card,Refunded
PAY006267,ORD006267,Debit Card,Failed
PAY006268,ORD006268,Credit Card,Success
PAY006269,ORD006269,Wallet,Success
PAY006270,ORD006270,Credit Card,Failed
PAY006271,ORD006271,Credit Card,Success
PAY006272,ORD006272,Wallet,Success
PAY006273,ORD006273,UPI,Success
PAY006274,ORD006274,Wallet,Success
PAY006275,ORD006275,Debit Card,Success
PAY006276,ORD006276,UPI,Success
PAY006277,ORD006277,Wallet,Success
PAY006278,ORD006278,Wallet,Success
PAY006279,ORD006279,Debit Card,Success
PAY006280,ORD006280,Cash,Success
PAY006281,ORD006281,UPI,Success
PAY006282,ORD006282,Credit Card,Success
PAY006283,ORD006283,Wallet,Success
PAY006284,ORD006284,Debit Card,Success
PAY006285,ORD006285,Wallet,Refunded
PAY006286,ORD006286,Debit Card,Refunded
PAY006287,ORD006287,Cash,Refunded
PAY006288,ORD006288,UPI,Failed
PAY006289,ORD006289,UPI,Success
PAY006290,ORD006290,Debit Card,Success
PAY006291,ORD006291,Debit Card,Success
PAY006292,ORD006292,Cash,Failed
PAY006293,ORD006293,Credit Card,Success
PAY006294,ORD006294,Debit Card,Success
PAY006295,ORD006295,UPI,Success
PAY006296,ORD006296,Wallet,Success
PAY006297,ORD006297,Wallet,Refunded
PAY006298,ORD006298,Cash,Failed
PAY006299,ORD006299,UPI,Success
PAY006300,ORD006300,Cash,Success
PAY006301,ORD006301,Wallet,Success
PAY006302,ORD006302,UPI,Success
PAY006303,ORD006303,Cash,Success
PAY006304,ORD006304,Cash,Failed
PAY006305,ORD006305,Cash,Success
PAY006306,ORD006306,UPI,Success
PAY006307,ORD006307,Cash,Success
PAY006308,ORD006308,Debit Card,Refunded
PAY006309,ORD006309,Debit Card,Failed
PAY006310,ORD006310,Debit Card,Success
PAY006311,ORD006311,Credit Card,Success
PAY006312,ORD006312,Debit Card,Success
PAY006313,ORD006313,Wallet,Success
PAY006314,ORD006314,Credit Card,Failed
PAY006315,ORD006315,Wallet,Refunded
PAY006316,ORD006316,Credit Card,Success
PAY006317,ORD006317,Cash,Failed
PAY006318,ORD006318,Cash,Failed
PAY006319,ORD006319,UPI,Success
PAY006320,ORD006320,Cash,Success
PAY006321,ORD006321,Wallet,Success
PAY006322,ORD006322,UPI,Success
PAY006323,ORD006323,UPI,Refunded
PAY006324,ORD006324,Cash,Success
PAY006325,ORD006325,UPI,Success
PAY006326,ORD006326,Cash,Success
PAY006327,ORD006327,UPI,Success
PAY006328,ORD006328,UPI,Success
PAY006329,ORD006329,Debit Card,Success
PAY006330,ORD006330,Debit Card,Success
PAY006331,ORD006331,Credit Card,Failed
PAY006332,ORD006332,Credit Card,Success
PAY006333,ORD006333,UPI,Success
PAY006334,ORD006334,Cash,Failed
PAY006335,ORD006335,Credit Card,Success
PAY006336,ORD006336,Credit Card,Success
PAY006337,ORD006337,Debit Card,Success
PAY006338,ORD006338,Debit Card,Success
PAY006339,ORD006339,Cash,Success
PAY006340,ORD006340,Cash,Success
PAY006341,ORD006341,Cash,Success
PAY006342,ORD006342,Wallet,Success
PAY006343,ORD006343,Wallet,Refunded
PAY006344,ORD006344,Cash,Success
PAY006345,ORD006345,Wallet,Failed
PAY006346,ORD006346,Credit Card,Success
PAY006347,ORD006347,Wallet,Success
PAY006348,ORD006348,Wallet,Success
PAY006349,ORD006349,Credit Card,Success
PAY006350,ORD006350,UPI,Success
PAY006351,ORD006351,Cash,Refunded
PAY006352,ORD006352,Wallet,Success
PAY006353,ORD006353,UPI,Success
PAY006354,ORD006354,Debit Card,Success
PAY006355,ORD006355,Debit Card,Success
PAY006356,ORD006356,UPI,Success
PAY006357,ORD006357,Debit Card,Success
PAY006358,ORD006358,Debit Card,Success
PAY006359,ORD006359,Debit Card,Success
PAY006360,ORD006360,Credit Card,Success
PAY006361,ORD006361,Wallet,Success
PAY006362,ORD006362,Cash,Success
PAY006363,ORD006363,UPI,Success
PAY006364,ORD006364,Debit Card,Success
PAY006365,ORD006365,UPI,Success
PAY006366,ORD006366,UPI,Success
PAY006367,ORD006367,Debit Card,Success
PAY006368,ORD006368,Debit Card,Success
PAY006369,ORD006369,Credit Card,Success
PAY006370,ORD006370,Cash,Success
PAY006371,ORD006371,UPI,Success
PAY006372,ORD006372,Credit Card,Success
PAY006373,ORD006373,Cash,Success
PAY006374,ORD006374,Cash,Success
PAY006375,ORD006375,Wallet,Refunded
PAY006376,ORD006376,Credit Card,Failed
PAY006377,ORD006377,UPI,Refunded
PAY006378,ORD006378,Wallet,Success
PAY006379,ORD006379,Credit Card,Success
PAY006380,ORD006380,Cash,Success
PAY006381,ORD006381,Cash,Success
PAY006382,ORD006382,Credit Card,Success
PAY006383,ORD006383,Credit Card,Success
PAY006384,ORD006384,Wallet,Refunded
PAY006385,ORD006385,Credit Card,Success
PAY006386,ORD006386,UPI,Success
PAY006387,ORD006387,Cash,Success
PAY006388,ORD006388,Wallet,Success
PAY006389,ORD006389,Cash,Success
PAY006390,ORD006390,Credit Card,Success
PAY006391,ORD006391,UPI,Success
PAY006392,ORD006392,Cash,Success
PAY006393,ORD006393,Credit Card,Success
PAY006394,ORD006394,Cash,Success
PAY006395,ORD006395,UPI,Success
PAY006396,ORD006396,Debit Card,Success
PAY006397,ORD006397,UPI,Refunded
PAY006398,ORD006398,Debit Card,Success
PAY006399,ORD006399,Wallet,Success
PAY006400,ORD006400,Debit Card,Refunded
PAY006401,ORD006401,Wallet,Refunded
PAY006402,ORD006402,Credit Card,Success
PAY006403,ORD006403,Cash,Success
PAY006404,ORD006404,Debit Card,Success
PAY006405,ORD006405,Wallet,Success
PAY006406,ORD006406,Credit Card,Success
PAY006407,ORD006407,Cash,Success
PAY006408,ORD006408,Debit Card,Success
PAY006409,ORD006409,UPI,Success
PAY006410,ORD006410,Credit Card,Success
PAY006411,ORD006411,Wallet,Success
PAY006412,ORD006412,UPI,Success
PAY006413,ORD006413,UPI,Failed
PAY006414,ORD006414,UPI,Success
PAY006415,ORD006415,Wallet,Success
PAY006416,ORD006416,Credit Card,Success
PAY006417,ORD006417,Wallet,Success
PAY006418,ORD006418,UPI,Success
PAY006419,ORD006419,Debit Card,Success
PAY006420,ORD006420,Credit Card,Success
PAY006421,ORD006421,Debit Card,Refunded
PAY006422,ORD006422,UPI,Success
PAY006423,ORD006423,Debit Card,Success
PAY006424,ORD006424,Debit Card,Success
PAY006425,ORD006425,Wallet,Success
PAY006426,ORD006426,Credit Card,Success
PAY006427,ORD006427,UPI,Success
PAY006428,ORD006428,UPI,Success
PAY006429,ORD006429,Cash,Success
PAY006430,ORD006430,Cash,Success
PAY006431,ORD006431,Wallet,Success
PAY006432,ORD006432,Credit Card,Success
PAY006433,ORD006433,UPI,Success
PAY006434,ORD006434,Wallet,Failed
PAY006435,ORD006435,Debit Card,Refunded
PAY006436,ORD006436,UPI,Success
PAY006437,ORD006437,Credit Card,Refunded
PAY006438,ORD006438,UPI,Success
PAY006439,ORD006439,Credit Card,Success
PAY006440,ORD006440,Wallet,Success
PAY006441,ORD006441,Credit Card,Success
PAY006442,ORD006442,Wallet,Success
PAY006443,ORD006443,Cash,Success
PAY006444,ORD006444,Cash,Success
PAY006445,ORD006445,Credit Card,Success
PAY006446,ORD006446,Cash,Refunded
PAY006447,ORD006447,Wallet,Success
PAY006448,ORD006448,Cash,Success
PAY006449,ORD006449,Credit Card,Success
PAY006450,ORD006450,Credit Card,Success
PAY006451,ORD006451,UPI,Success
PAY006452,ORD006452,Wallet,Success
PAY006453,ORD006453,Cash,Success
PAY006454,ORD006454,Cash,Success
PAY006455,ORD006455,Cash,Success
PAY006456,ORD006456,Debit Card,Success
PAY006457,ORD006457,UPI,Refunded
PAY006458,ORD006458,UPI,Success
PAY006459,ORD006459,Wallet,Success
PAY006460,ORD006460,Wallet,Success
PAY006461,ORD006461,Debit Card,Success
PAY006462,ORD006462,UPI,Success
PAY006463,ORD006463,Cash,Success
PAY006464,ORD006464,Cash,Success
PAY006465,ORD006465,Cash,Success
PAY006466,ORD006466,Credit Card,Success
PAY006467,ORD006467,Debit Card,Success
PAY006468,ORD006468,Credit Card,Success
PAY006469,ORD006469,Debit Card,Success
PAY006470,ORD006470,Debit Card,Refunded
PAY006471,ORD006471,Cash,Success
PAY006472,ORD006472,Wallet,Success
PAY006473,ORD006473,Cash,Success
PAY006474,ORD006474,UPI,Success
PAY006475,ORD006475,Cash,Success
PAY006476,ORD006476,Wallet,Refunded
PAY006477,ORD006477,Debit Card,Refunded
PAY006478,ORD006478,UPI,Success
PAY006479,ORD006479,Debit Card,Success
PAY006480,ORD006480,Credit Card,Success
PAY006481,ORD006481,Credit Card,Success
PAY006482,ORD006482,UPI,Refunded
PAY006483,ORD006483,UPI,Failed
PAY006484,ORD006484,Debit Card,Success
PAY006485,ORD006485,Credit Card,Success
PAY006486,ORD006486,Credit Card,Success
PAY006487,ORD006487,Wallet,Success
PAY006488,ORD006488,UPI,Success
PAY006489,ORD006489,Wallet,Success
PAY006490,ORD006490,Wallet,Failed
PAY006491,ORD006491,UPI,Success
PAY006492,ORD006492,Credit Card,Success
PAY006493,ORD006493,Credit Card,Success
PAY006494,ORD006494,Cash,Success
PAY006495,ORD006495,UPI,Success
PAY006496,ORD006496,Wallet,Failed
PAY006497,ORD006497,Debit Card,Success
PAY006498,ORD006498,Cash,Success
PAY006499,ORD006499,Debit Card,Success
PAY006500,ORD006500,Credit Card,Success
PAY006501,ORD006501,Cash,Success
PAY006502,ORD006502,Debit Card,Success
PAY006503,ORD006503,Debit Card,Refunded
PAY006504,ORD006504,Credit Card,Success
PAY006505,ORD006505,Debit Card,Success
PAY006506,ORD006506,Credit Card,Success
PAY006507,ORD006507,Wallet,Success
PAY006508,ORD006508,Debit Card,Failed
PAY006509,ORD006509,Debit Card,Success
PAY006510,ORD006510,Cash,Success
PAY006511,ORD006511,Credit Card,Success
PAY006512,ORD006512,Wallet,Success
PAY006513,ORD006513,Debit Card,Success
PAY006514,ORD006514,Credit Card,Failed
PAY006515,ORD006515,Wallet,Success
PAY006516,ORD006516,Wallet,Refunded
PAY006517,ORD006517,Debit Card,Success
PAY006518,ORD006518,Debit Card,Success
PAY006519,ORD006519,Credit Card,Success
PAY006520,ORD006520,Debit Card,Success
PAY006521,ORD006521,Credit Card,Refunded
PAY006522,ORD006522,Credit Card,Success
PAY006523,ORD006523,UPI,Refunded
PAY006524,ORD006524,Cash,Success
PAY006525,ORD006525,UPI,Failed
PAY006526,ORD006526,Debit Card,Refunded
PAY006527,ORD006527,Wallet,Success
PAY006528,ORD006528,Credit Card,Success
PAY006529,ORD006529,Wallet,Success
PAY006530,ORD006530,UPI,Success
PAY006531,ORD006531,Cash,Success
PAY006532,ORD006532,Debit Card,Success
PAY006533,ORD006533,Cash,Success
PAY006534,ORD006534,Wallet,Success
PAY006535,ORD006535,Debit Card,Success
PAY006536,ORD006536,Wallet,Refunded
PAY006537,ORD006537,UPI,Success
PAY006538,ORD006538,Credit Card,Success
PAY006539,ORD006539,Credit Card,Success
PAY006540,ORD006540,Wallet,Success
PAY006541,ORD006541,Wallet,Failed
PAY006542,ORD006542,Credit Card,Success
PAY006543,ORD006543,Wallet,Success
PAY006544,ORD006544,Debit Card,Success
PAY006545,ORD006545,Debit Card,Success
PAY006546,ORD006546,Debit Card,Success
PAY006547,ORD006547,UPI,Refunded
PAY006548,ORD006548,Debit Card,Success
PAY006549,ORD006549,UPI,Success
PAY006550,ORD006550,Wallet,Success
PAY006551,ORD006551,Debit Card,Success
PAY006552,ORD006552,Debit Card,Success
PAY006553,ORD006553,Wallet,Success
PAY006554,ORD006554,Cash,Success
PAY006555,ORD006555,Credit Card,Success
PAY006556,ORD006556,Cash,Success
PAY006557,ORD006557,UPI,Success
PAY006558,ORD006558,Debit Card,Success
PAY006559,ORD006559,UPI,Success
PAY006560,ORD006560,Debit Card,Success
PAY006561,ORD006561,Debit Card,Failed
PAY006562,ORD006562,Wallet,Refunded
PAY006563,ORD006563,Debit Card,Success
PAY006564,ORD006564,Wallet,Success
PAY006565,ORD006565,Credit Card,Success
PAY006566,ORD006566,Cash,Success
PAY006567,ORD006567,Debit Card,Refunded
PAY006568,ORD006568,Cash,Success
PAY006569,ORD006569,Cash,Success
PAY006570,ORD006570,Cash,Success
PAY006571,ORD006571,Cash,Success
PAY006572,ORD006572,Wallet,Failed
PAY006573,ORD006573,Wallet,Failed
PAY006574,ORD006574,UPI,Success
PAY006575,ORD006575,Credit Card,Success
PAY006576,ORD006576,Wallet,Success
PAY006577,ORD006577,Cash,Success
PAY006578,ORD006578,UPI,Refunded
PAY006579,ORD006579,Cash,Refunded
PAY006580,ORD006580,Debit Card,Success
PAY006581,ORD006581,Cash,Success
PAY006582,ORD006582,Wallet,Refunded
PAY006583,ORD006583,Credit Card,Success
PAY006584,ORD006584,UPI,Success
PAY006585,ORD006585,Wallet,Success
PAY006586,ORD006586,Debit Card,Success
PAY006587,ORD006587,Credit Card,Success
PAY006588,ORD006588,Credit Card,Success
PAY006589,ORD006589,UPI,Success
PAY006590,ORD006590,Cash,Success
PAY006591,ORD006591,Cash,Success
PAY006592,ORD006592,Credit Card,Success
PAY006593,ORD006593,Credit Card,Success
PAY006594,ORD006594,UPI,Success
PAY006595,ORD006595,Credit Card,Success
PAY006596,ORD006596,UPI,Success
PAY006597,ORD006597,Debit Card,Success
PAY006598,ORD006598,Wallet,Success
PAY006599,ORD006599,Cash,Success
PAY006600,ORD006600,Cash,Success
PAY006601,ORD006601,Credit Card,Success
PAY006602,ORD006602,UPI,Success
PAY006603,ORD006603,Cash,Failed
PAY006604,ORD006604,Credit Card,Success
PAY006605,ORD006605,Cash,Success
PAY006606,ORD006606,Credit Card,Success
PAY006607,ORD006607,UPI,Success
PAY006608,ORD006608,Debit Card,Success
PAY006609,ORD006609,UPI,Refunded
PAY006610,ORD006610,UPI,Refunded
PAY006611,ORD006611,Cash,Success
PAY006612,ORD006612,Credit Card,Success
PAY006613,ORD006613,Cash,Success
PAY006614,ORD006614,Debit Card,Success
PAY006615,ORD006615,Cash,Refunded
PAY006616,ORD006616,Debit Card,Success
PAY006617,ORD006617,Debit Card,Refunded
PAY006618,ORD006618,Debit Card,Success
PAY006619,ORD006619,Wallet,Success
PAY006620,ORD006620,Credit Card,Success
PAY006621,ORD006621,Debit Card,Failed
PAY006622,ORD006622,Debit Card,Success
PAY006623,ORD006623,Wallet,Success
PAY006624,ORD006624,Cash,Success
PAY006625,ORD006625,Wallet,Success
PAY006626,ORD006626,Credit Card,Success
PAY006627,ORD006627,Debit Card,Success
PAY006628,ORD006628,UPI,Success
PAY006629,ORD006629,Wallet,Success
PAY006630,ORD006630,Credit Card,Failed
PAY006631,ORD006631,Wallet,Refunded
PAY006632,ORD006632,Credit Card,Failed
PAY006633,ORD006633,Debit Card,Success
PAY006634,ORD006634,Debit Card,Success
PAY006635,ORD006635,Credit Card,Success
PAY006636,ORD006636,Credit Card,Success
PAY006637,ORD006637,Debit Card,Success
PAY006638,ORD006638,UPI,Success
PAY006639,ORD006639,Debit Card,Success
PAY006640,ORD006640,Credit Card,Success
PAY006641,ORD006641,UPI,Failed
PAY006642,ORD006642,Wallet,Success
PAY006643,ORD006643,Credit Card,Success
PAY006644,ORD006644,Cash,Success
PAY006645,ORD006645,Wallet,Success
PAY006646,ORD006646,UPI,Success
PAY006647,ORD006647,Debit Card,Success
PAY006648,ORD006648,Wallet,Success
PAY006649,ORD006649,Credit Card,Refunded
PAY006650,ORD006650,Cash,Success
PAY006651,ORD006651,UPI,Success
PAY006652,ORD006652,Credit Card,Failed
PAY006653,ORD006653,UPI,Success
PAY006654,ORD006654,Debit Card,Success
PAY006655,ORD006655,Debit Card,Success
PAY006656,ORD006656,Debit Card,Success
PAY006657,ORD006657,Credit Card,Success
PAY006658,ORD006658,Wallet,Success
PAY006659,ORD006659,UPI,Success
PAY006660,ORD006660,Debit Card,Success
PAY006661,ORD006661,Debit Card,Refunded
PAY006662,ORD006662,Credit Card,Success
PAY006663,ORD006663,Credit Card,Success
PAY006664,ORD006664,Wallet,Success
PAY006665,ORD006665,Wallet,Success
PAY006666,ORD006666,Credit Card,Success
PAY006667,ORD006667,Debit Card,Success
PAY006668,ORD006668,Wallet,Success
PAY006669,ORD006669,Wallet,Success
PAY006670,ORD006670,Wallet,Success
PAY006671,ORD006671,UPI,Success
PAY006672,ORD006672,Wallet,Success
PAY006673,ORD006673,Debit Card,Success
PAY006674,ORD006674,Cash,Success
PAY006675,ORD006675,Debit Card,Failed
PAY006676,ORD006676,Cash,Success
PAY006677,ORD006677,UPI,Success
PAY006678,ORD006678,UPI,Success
PAY006679,ORD006679,Wallet,Success
PAY006680,ORD006680,Debit Card,Success
PAY006681,ORD006681,Wallet,Success
PAY006682,ORD006682,UPI,Success
PAY006683,ORD006683,Debit Card,Success
PAY006684,ORD006684,Cash,Success
PAY006685,ORD006685,UPI,Success
PAY006686,ORD006686,Debit Card,Success
PAY006687,ORD006687,Wallet,Success
PAY006688,ORD006688,Cash,Success
PAY006689,ORD006689,Cash,Success
PAY006690,ORD006690,Cash,Failed
PAY006691,ORD006691,Cash,Failed
PAY006692,ORD006692,Credit Card,Failed
PAY006693,ORD006693,UPI,Failed
PAY006694,ORD006694,Cash,Success
PAY006695,ORD006695,Debit Card,Success
PAY006696,ORD006696,Cash,Success
PAY006697,ORD006697,Wallet,Success
PAY006698,ORD006698,Credit Card,Success
PAY006699,ORD006699,Wallet,Success
PAY006700,ORD006700,UPI,Success
PAY006701,ORD006701,Cash,Success
PAY006702,ORD006702,UPI,Refunded
PAY006703,ORD006703,Wallet,Success
PAY006704,ORD006704,Credit Card,Success
PAY006705,ORD006705,Credit Card,Success
PAY006706,ORD006706,Wallet,Success
PAY006707,ORD006707,Wallet,Success
PAY006708,ORD006708,Credit Card,Refunded
PAY006709,ORD006709,Cash,Success
PAY006710,ORD006710,Credit Card,Success
PAY006711,ORD006711,UPI,Success
PAY006712,ORD006712,Credit Card,Success
PAY006713,ORD006713,Debit Card,Success
PAY006714,ORD006714,UPI,Failed
PAY006715,ORD006715,Credit Card,Success
PAY006716,ORD006716,Cash,Success
PAY006717,ORD006717,Cash,Success
PAY006718,ORD006718,Debit Card,Success
PAY006719,ORD006719,Credit Card,Failed
PAY006720,ORD006720,Wallet,Success
PAY006721,ORD006721,Cash,Success
PAY006722,ORD006722,Cash,Success
PAY006723,ORD006723,Credit Card,Success
PAY006724,ORD006724,Debit Card,Refunded
PAY006725,ORD006725,Cash,Success
PAY006726,ORD006726,Cash,Success
PAY006727,ORD006727,Debit Card,Refunded
PAY006728,ORD006728,Debit Card,Refunded
PAY006729,ORD006729,Wallet,Failed
PAY006730,ORD006730,Cash,Success
PAY006731,ORD006731,UPI,Success
PAY006732,ORD006732,UPI,Success
PAY006733,ORD006733,UPI,Success
PAY006734,ORD006734,Wallet,Refunded
PAY006735,ORD006735,Credit Card,Success
PAY006736,ORD006736,Debit Card,Success
PAY006737,ORD006737,Debit Card,Success
PAY006738,ORD006738,Credit Card,Success
PAY006739,ORD006739,Wallet,Success
PAY006740,ORD006740,Cash,Refunded
PAY006741,ORD006741,Credit Card,Success
PAY006742,ORD006742,Wallet,Success
PAY006743,ORD006743,Cash,Success
PAY006744,ORD006744,Wallet,Success
PAY006745,ORD006745,Debit Card,Success
PAY006746,ORD006746,Credit Card,Success
PAY006747,ORD006747,Debit Card,Success
PAY006748,ORD006748,Cash,Success
PAY006749,ORD006749,Credit Card,Success
PAY006750,ORD006750,Debit Card,Success
PAY006751,ORD006751,Cash,Success
PAY006752,ORD006752,UPI,Failed
PAY006753,ORD006753,Credit Card,Success
PAY006754,ORD006754,Wallet,Success
PAY006755,ORD006755,Cash,Failed
PAY006756,ORD006756,Cash,Refunded
PAY006757,ORD006757,Wallet,Success
PAY006758,ORD006758,Wallet,Success
PAY006759,ORD006759,UPI,Failed
PAY006760,ORD006760,Debit Card,Success
PAY006761,ORD006761,Cash,Success
PAY006762,ORD006762,Debit Card,Success
PAY006763,ORD006763,Debit Card,Success
PAY006764,ORD006764,Cash,Success
PAY006765,ORD006765,Credit Card,Success
PAY006766,ORD006766,Wallet,Success
PAY006767,ORD006767,Credit Card,Success
PAY006768,ORD006768,Wallet,Success
PAY006769,ORD006769,Credit Card,Refunded
PAY006770,ORD006770,Debit Card,Success
PAY006771,ORD006771,Credit Card,Success
PAY006772,ORD006772,Cash,Success
PAY006773,ORD006773,Credit Card,Success
PAY006774,ORD006774,Credit Card,Success
PAY006775,ORD006775,UPI,Success
PAY006776,ORD006776,Debit Card,Success
PAY006777,ORD006777,Credit Card,Success
PAY006778,ORD006778,Wallet,Success
PAY006779,ORD006779,Cash,Success
PAY006780,ORD006780,Wallet,Refunded
PAY006781,ORD006781,Debit Card,Success
PAY006782,ORD006782,Debit Card,Success
PAY006783,ORD006783,Cash,Failed
PAY006784,ORD006784,UPI,Success
PAY006785,ORD006785,Cash,Success
PAY006786,ORD006786,Debit Card,Failed
PAY006787,ORD006787,Cash,Refunded
PAY006788,ORD006788,UPI,Success
PAY006789,ORD006789,Debit Card,Failed
PAY006790,ORD006790,Cash,Success
PAY006791,ORD006791,Debit Card,Refunded
PAY006792,ORD006792,Cash,Success
PAY006793,ORD006793,Credit Card,Failed
PAY006794,ORD006794,Wallet,Success
PAY006795,ORD006795,Debit Card,Success
PAY006796,ORD006796,UPI,Success
PAY006797,ORD006797,UPI,Success
PAY006798,ORD006798,Debit Card,Success
PAY006799,ORD006799,UPI,Success
PAY006800,ORD006800,Wallet,Success
PAY006801,ORD006801,UPI,Failed
PAY006802,ORD006802,Debit Card,Success
PAY006803,ORD006803,UPI,Success
PAY006804,ORD006804,Cash,Success
PAY006805,ORD006805,UPI,Success
PAY006806,ORD006806,Wallet,Success
PAY006807,ORD006807,UPI,Success
PAY006808,ORD006808,UPI,Success
PAY006809,ORD006809,Debit Card,Success
PAY006810,ORD006810,Wallet,Success
PAY006811,ORD006811,UPI,Failed
PAY006812,ORD006812,Credit Card,Success
PAY006813,ORD006813,Cash,Refunded
PAY006814,ORD006814,Debit Card,Success
PAY006815,ORD006815,Credit Card,Success
PAY006816,ORD006816,Credit Card,Success
PAY006817,ORD006817,Debit Card,Refunded
PAY006818,ORD006818,Cash,Success
PAY006819,ORD006819,Cash,Refunded
PAY006820,ORD006820,Credit Card,Success
PAY006821,ORD006821,Credit Card,Success
PAY006822,ORD006822,Credit Card,Success
PAY006823,ORD006823,Credit Card,Success
PAY006824,ORD006824,UPI,Success
PAY006825,ORD006825,UPI,Refunded
PAY006826,ORD006826,Wallet,Success
PAY006827,ORD006827,Wallet,Success
PAY006828,ORD006828,Cash,Success
PAY006829,ORD006829,Debit Card,Success
PAY006830,ORD006830,Credit Card,Success
PAY006831,ORD006831,UPI,Failed
PAY006832,ORD006832,Debit Card,Success
PAY006833,ORD006833,UPI,Failed
PAY006834,ORD006834,Debit Card,Success
PAY006835,ORD006835,Debit Card,Success
PAY006836,ORD006836,Credit Card,Success
PAY006837,ORD006837,Wallet,Failed
PAY006838,ORD006838,UPI,Success
PAY006839,ORD006839,Cash,Success
PAY006840,ORD006840,Wallet,Success
PAY006841,ORD006841,Wallet,Success
PAY006842,ORD006842,Debit Card,Refunded
PAY006843,ORD006843,UPI,Success
PAY006844,ORD006844,Credit Card,Success
PAY006845,ORD006845,Cash,Success
PAY006846,ORD006846,Debit Card,Success
PAY006847,ORD006847,UPI,Refunded
PAY006848,ORD006848,Cash,Success
PAY006849,ORD006849,UPI,Success
PAY006850,ORD006850,Wallet,Failed
PAY006851,ORD006851,Debit Card,Success
PAY006852,ORD006852,Cash,Success
PAY006853,ORD006853,Debit Card,Success
PAY006854,ORD006854,Debit Card,Success
PAY006855,ORD006855,Wallet,Success
PAY006856,ORD006856,Cash,Success
PAY006857,ORD006857,Debit Card,Success
PAY006858,ORD006858,Cash,Success
PAY006859,ORD006859,Cash,Success
PAY006860,ORD006860,Credit Card,Success
PAY006861,ORD006861,Credit Card,Success
PAY006862,ORD006862,Cash,Success
PAY006863,ORD006863,Credit Card,Success
PAY006864,ORD006864,Cash,Success
PAY006865,ORD006865,Debit Card,Success
PAY006866,ORD006866,Wallet,Success
PAY006867,ORD006867,Credit Card,Success
PAY006868,ORD006868,Wallet,Success
PAY006869,ORD006869,Wallet,Refunded
PAY006870,ORD006870,Debit Card,Success
PAY006871,ORD006871,Cash,Success
PAY006872,ORD006872,Debit Card,Success
PAY006873,ORD006873,UPI,Success
PAY006874,ORD006874,Cash,Failed
PAY006875,ORD006875,Cash,Success
PAY006876,ORD006876,Wallet,Failed
PAY006877,ORD006877,Debit Card,Success
PAY006878,ORD006878,UPI,Success
PAY006879,ORD006879,Credit Card,Refunded
PAY006880,ORD006880,Credit Card,Success
PAY006881,ORD006881,Cash,Success
PAY006882,ORD006882,Debit Card,Success
PAY006883,ORD006883,Wallet,Success
PAY006884,ORD006884,Debit Card,Success
PAY006885,ORD006885,Credit Card,Success
PAY006886,ORD006886,Debit Card,Success
PAY006887,ORD006887,Debit Card,Success
PAY006888,ORD006888,Wallet,Failed
PAY006889,ORD006889,Wallet,Success
PAY006890,ORD006890,Cash,Success
PAY006891,ORD006891,Wallet,Success
PAY006892,ORD006892,UPI,Success
PAY006893,ORD006893,Cash,Success
PAY006894,ORD006894,Cash,Success
PAY006895,ORD006895,Wallet,Refunded
PAY006896,ORD006896,UPI,Success
PAY006897,ORD006897,Wallet,Success
PAY006898,ORD006898,Debit Card,Success
PAY006899,ORD006899,Credit Card,Success
PAY006900,ORD006900,Cash,Refunded
PAY006901,ORD006901,UPI,Success
PAY006902,ORD006902,Debit Card,Success
PAY006903,ORD006903,Credit Card,Success
PAY006904,ORD006904,Wallet,Success
PAY006905,ORD006905,Debit Card,Success
PAY006906,ORD006906,Wallet,Success
PAY006907,ORD006907,Wallet,Success
PAY006908,ORD006908,Wallet,Success
PAY006909,ORD006909,Cash,Failed
PAY006910,ORD006910,Wallet,Success
PAY006911,ORD006911,Cash,Refunded
PAY006912,ORD006912,Cash,Success
PAY006913,ORD006913,Credit Card,Success
PAY006914,ORD006914,UPI,Failed
PAY006915,ORD006915,Wallet,Success
PAY006916,ORD006916,Cash,Success
PAY006917,ORD006917,Cash,Success
PAY006918,ORD006918,Debit Card,Success
PAY006919,ORD006919,Cash,Success
PAY006920,ORD006920,Credit Card,Failed
PAY006921,ORD006921,Cash,Success
PAY006922,ORD006922,Cash,Success
PAY006923,ORD006923,Cash,Success
PAY006924,ORD006924,Credit Card,Success
PAY006925,ORD006925,Debit Card,Success
PAY006926,ORD006926,Wallet,Success
PAY006927,ORD006927,Credit Card,Success
PAY006928,ORD006928,Cash,Failed
PAY006929,ORD006929,Cash,Success
PAY006930,ORD006930,Wallet,Success
PAY006931,ORD006931,Debit Card,Success
PAY006932,ORD006932,Credit Card,Success
PAY006933,ORD006933,UPI,Success
PAY006934,ORD006934,Cash,Success
PAY006935,ORD006935,UPI,Failed
PAY006936,ORD006936,Debit Card,Refunded
PAY006937,ORD006937,UPI,Refunded
PAY006938,ORD006938,Cash,Success
PAY006939,ORD006939,Wallet,Success
PAY006940,ORD006940,Wallet,Refunded
PAY006941,ORD006941,Credit Card,Success
PAY006942,ORD006942,Wallet,Success
PAY006943,ORD006943,UPI,Success
PAY006944,ORD006944,UPI,Success
PAY006945,ORD006945,Debit Card,Failed
PAY006946,ORD006946,Credit Card,Success
PAY006947,ORD006947,Wallet,Success
PAY006948,ORD006948,Credit Card,Success
PAY006949,ORD006949,Debit Card,Failed
PAY006950,ORD006950,Credit Card,Success
PAY006951,ORD006951,Cash,Success
PAY006952,ORD006952,UPI,Failed
PAY006953,ORD006953,Wallet,Success
PAY006954,ORD006954,Wallet,Success
PAY006955,ORD006955,UPI,Refunded
PAY006956,ORD006956,Credit Card,Success
PAY006957,ORD006957,Credit Card,Success
PAY006958,ORD006958,Cash,Success
PAY006959,ORD006959,Debit Card,Success
PAY006960,ORD006960,Wallet,Failed
PAY006961,ORD006961,Debit Card,Success
PAY006962,ORD006962,UPI,Success
PAY006963,ORD006963,Cash,Refunded
PAY006964,ORD006964,Cash,Success
PAY006965,ORD006965,Debit Card,Success
PAY006966,ORD006966,Debit Card,Success
PAY006967,ORD006967,Cash,Success
PAY006968,ORD006968,Credit Card,Success
PAY006969,ORD006969,Cash,Success
PAY006970,ORD006970,Credit Card,Success
PAY006971,ORD006971,Wallet,Success
PAY006972,ORD006972,Cash,Success
PAY006973,ORD006973,Wallet,Success
PAY006974,ORD006974,UPI,Success
PAY006975,ORD006975,Wallet,Success
PAY006976,ORD006976,Cash,Success
PAY006977,ORD006977,Wallet,Success
PAY006978,ORD006978,Credit Card,Refunded
PAY006979,ORD006979,Credit Card,Refunded
PAY006980,ORD006980,Cash,Success
PAY006981,ORD006981,Cash,Success
PAY006982,ORD006982,UPI,Success
PAY006983,ORD006983,Debit Card,Success
PAY006984,ORD006984,Debit Card,Success
PAY006985,ORD006985,Credit Card,Success
PAY006986,ORD006986,Credit Card,Success
PAY006987,ORD006987,Cash,Refunded
PAY006988,ORD006988,Wallet,Failed
PAY006989,ORD006989,Credit Card,Success
PAY006990,ORD006990,Debit Card,Success
PAY006991,ORD006991,UPI,Success
PAY006992,ORD006992,Cash,Success
PAY006993,ORD006993,Debit Card,Refunded
PAY006994,ORD006994,Credit Card,Success
PAY006995,ORD006995,Cash,Success
PAY006996,ORD006996,Credit Card,Success
PAY006997,ORD006997,UPI,Failed
PAY006998,ORD006998,Debit Card,Success
PAY006999,ORD006999,UPI,Failed
PAY007000,ORD007000,Credit Card,Success
PAY007001,ORD007001,Wallet,Success
PAY007002,ORD007002,Wallet,Success
PAY007003,ORD007003,Credit Card,Success
PAY007004,ORD007004,UPI,Success
PAY007005,ORD007005,Debit Card,Refunded
PAY007006,ORD007006,Debit Card,Success
PAY007007,ORD007007,Wallet,Success
PAY007008,ORD007008,Wallet,Success
PAY007009,ORD007009,Debit Card,Success
PAY007010,ORD007010,Wallet,Success
PAY007011,ORD007011,Credit Card,Success
PAY007012,ORD007012,Credit Card,Success
PAY007013,ORD007013,UPI,Failed
PAY007014,ORD007014,Cash,Success
PAY007015,ORD007015,Debit Card,Refunded
PAY007016,ORD007016,UPI,Success
PAY007017,ORD007017,Debit Card,Success
PAY007018,ORD007018,UPI,Success
PAY007019,ORD007019,Credit Card,Success
PAY007020,ORD007020,UPI,Success
PAY007021,ORD007021,UPI,Success
PAY007022,ORD007022,UPI,Failed
PAY007023,ORD007023,Wallet,Success
PAY007024,ORD007024,Credit Card,Success
PAY007025,ORD007025,Credit Card,Success
PAY007026,ORD007026,Credit Card,Success
PAY007027,ORD007027,Debit Card,Success
PAY007028,ORD007028,Cash,Success
PAY007029,ORD007029,Wallet,Success
PAY007030,ORD007030,Cash,Success
PAY007031,ORD007031,Wallet,Refunded
PAY007032,ORD007032,Debit Card,Failed
PAY007033,ORD007033,Credit Card,Success
PAY007034,ORD007034,Debit Card,Success
PAY007035,ORD007035,Credit Card,Success
PAY007036,ORD007036,Wallet,Success
PAY007037,ORD007037,Credit Card,Success
PAY007038,ORD007038,Debit Card,Success
PAY007039,ORD007039,Wallet,Success
PAY007040,ORD007040,Credit Card,Success
PAY007041,ORD007041,Cash,Success
PAY007042,ORD007042,Cash,Success
PAY007043,ORD007043,Cash,Success
PAY007044,ORD007044,Cash,Success
PAY007045,ORD007045,UPI,Refunded
PAY007046,ORD007046,Credit Card,Success
PAY007047,ORD007047,Credit Card,Success
PAY007048,ORD007048,Credit Card,Success
PAY007049,ORD007049,Debit Card,Success
PAY007050,ORD007050,Credit Card,Success
PAY007051,ORD007051,Debit Card,Success
PAY007052,ORD007052,Debit Card,Success
PAY007053,ORD007053,Credit Card,Success
PAY007054,ORD007054,Credit Card,Success
PAY007055,ORD007055,Debit Card,Success
PAY007056,ORD007056,Wallet,Success
PAY007057,ORD007057,Debit Card,Refunded
PAY007058,ORD007058,Debit Card,Refunded
PAY007059,ORD007059,Wallet,Failed
PAY007060,ORD007060,Debit Card,Success
PAY007061,ORD007061,UPI,Success
PAY007062,ORD007062,UPI,Success
PAY007063,ORD007063,Debit Card,Success
PAY007064,ORD007064,Cash,Success
PAY007065,ORD007065,Debit Card,Success
PAY007066,ORD007066,Debit Card,Success
PAY007067,ORD007067,Credit Card,Success
PAY007068,ORD007068,Cash,Success
PAY007069,ORD007069,Cash,Success
PAY007070,ORD007070,Debit Card,Failed
PAY007071,ORD007071,Cash,Success
PAY007072,ORD007072,Credit Card,Refunded
PAY007073,ORD007073,Wallet,Success
PAY007074,ORD007074,Debit Card,Failed
PAY007075,ORD007075,UPI,Success
PAY007076,ORD007076,Wallet,Success
PAY007077,ORD007077,Wallet,Success
PAY007078,ORD007078,Wallet,Refunded
PAY007079,ORD007079,UPI,Success
PAY007080,ORD007080,Credit Card,Success
PAY007081,ORD007081,Debit Card,Success
PAY007082,ORD007082,Debit Card,Success
PAY007083,ORD007083,UPI,Success
PAY007084,ORD007084,Wallet,Success
PAY007085,ORD007085,Wallet,Success
PAY007086,ORD007086,UPI,Success
PAY007087,ORD007087,Cash,Success
PAY007088,ORD007088,Debit Card,Success
PAY007089,ORD007089,Credit Card,Success
PAY007090,ORD007090,Debit Card,Success
PAY007091,ORD007091,Cash,Success
PAY007092,ORD007092,Credit Card,Success
PAY007093,ORD007093,Credit Card,Refunded
PAY007094,ORD007094,Cash,Success
PAY007095,ORD007095,Cash,Success
PAY007096,ORD007096,Debit Card,Refunded
PAY007097,ORD007097,Wallet,Success
PAY007098,ORD007098,Wallet,Success
PAY007099,ORD007099,Debit Card,Failed
PAY007100,ORD007100,UPI,Success
PAY007101,ORD007101,UPI,Success
PAY007102,ORD007102,Cash,Success
PAY007103,ORD007103,Wallet,Success
PAY007104,ORD007104,UPI,Success
PAY007105,ORD007105,Wallet,Success
PAY007106,ORD007106,Credit Card,Success
PAY007107,ORD007107,Credit Card,Success
PAY007108,ORD007108,Credit Card,Success
PAY007109,ORD007109,Credit Card,Success
PAY007110,ORD007110,UPI,Success
PAY007111,ORD007111,Wallet,Success
PAY007112,ORD007112,Debit Card,Success
PAY007113,ORD007113,UPI,Failed
PAY007114,ORD007114,Credit Card,Success
PAY007115,ORD007115,Wallet,Refunded
PAY007116,ORD007116,Wallet,Success
PAY007117,ORD007117,Credit Card,Failed
PAY007118,ORD007118,Credit Card,Success
PAY007119,ORD007119,Debit Card,Success
PAY007120,ORD007120,Wallet,Success
PAY007121,ORD007121,Wallet,Success
PAY007122,ORD007122,Wallet,Success
PAY007123,ORD007123,Debit Card,Refunded
PAY007124,ORD007124,Wallet,Success
PAY007125,ORD007125,Credit Card,Success
PAY007126,ORD007126,Debit Card,Success
PAY007127,ORD007127,Credit Card,Failed
PAY007128,ORD007128,Wallet,Success
PAY007129,ORD007129,Wallet,Success
PAY007130,ORD007130,Wallet,Success
PAY007131,ORD007131,Cash,Success
PAY007132,ORD007132,Wallet,Success
PAY007133,ORD007133,Cash,Success
PAY007134,ORD007134,Credit Card,Success
PAY007135,ORD007135,Wallet,Success
PAY007136,ORD007136,Cash,Success
PAY007137,ORD007137,Wallet,Refunded
PAY007138,ORD007138,UPI,Refunded
PAY007139,ORD007139,Wallet,Success
PAY007140,ORD007140,UPI,Success
PAY007141,ORD007141,Credit Card,Success
PAY007142,ORD007142,Debit Card,Success
PAY007143,ORD007143,Cash,Success
PAY007144,ORD007144,Cash,Success
PAY007145,ORD007145,Debit Card,Success
PAY007146,ORD007146,Wallet,Success
PAY007147,ORD007147,UPI,Success
PAY007148,ORD007148,Credit Card,Success
PAY007149,ORD007149,Wallet,Success
PAY007150,ORD007150,Wallet,Success
PAY007151,ORD007151,Cash,Success
PAY007152,ORD007152,UPI,Success
PAY007153,ORD007153,Wallet,Failed
PAY007154,ORD007154,Wallet,Success
PAY007155,ORD007155,Wallet,Success
PAY007156,ORD007156,UPI,Success
PAY007157,ORD007157,Wallet,Success
PAY007158,ORD007158,Credit Card,Success
PAY007159,ORD007159,Credit Card,Success
PAY007160,ORD007160,Debit Card,Success
PAY007161,ORD007161,Cash,Success
PAY007162,ORD007162,Wallet,Success
PAY007163,ORD007163,UPI,Success
PAY007164,ORD007164,Cash,Success
PAY007165,ORD007165,Cash,Failed
PAY007166,ORD007166,Credit Card,Success
PAY007167,ORD007167,Cash,Success
PAY007168,ORD007168,UPI,Success
PAY007169,ORD007169,Credit Card,Success
PAY007170,ORD007170,Debit Card,Success
PAY007171,ORD007171,UPI,Success
PAY007172,ORD007172,UPI,Refunded
PAY007173,ORD007173,UPI,Success
PAY007174,ORD007174,UPI,Success
PAY007175,ORD007175,Credit Card,Success
PAY007176,ORD007176,Wallet,Success
PAY007177,ORD007177,Wallet,Success
PAY007178,ORD007178,Cash,Success
PAY007179,ORD007179,Debit Card,Success
PAY007180,ORD007180,Cash,Success
PAY007181,ORD007181,Wallet,Success
PAY007182,ORD007182,Cash,Refunded
PAY007183,ORD007183,Credit Card,Success
PAY007184,ORD007184,UPI,Success
PAY007185,ORD007185,Debit Card,Success
PAY007186,ORD007186,UPI,Success
PAY007187,ORD007187,Debit Card,Success
PAY007188,ORD007188,Debit Card,Success
PAY007189,ORD007189,Wallet,Failed
PAY007190,ORD007190,Cash,Refunded
PAY007191,ORD007191,Credit Card,Success
PAY007192,ORD007192,Cash,Success
PAY007193,ORD007193,Debit Card,Success
PAY007194,ORD007194,Cash,Success
PAY007195,ORD007195,Cash,Success
PAY007196,ORD007196,Credit Card,Success
PAY007197,ORD007197,Credit Card,Refunded
PAY007198,ORD007198,Debit Card,Success
PAY007199,ORD007199,Credit Card,Success
PAY007200,ORD007200,Debit Card,Success
PAY007201,ORD007201,Cash,Success
PAY007202,ORD007202,UPI,Success
PAY007203,ORD007203,Credit Card,Success
PAY007204,ORD007204,UPI,Failed
PAY007205,ORD007205,Credit Card,Success
PAY007206,ORD007206,UPI,Failed
PAY007207,ORD007207,Credit Card,Success
PAY007208,ORD007208,Debit Card,Success
PAY007209,ORD007209,UPI,Success
PAY007210,ORD007210,Cash,Refunded
PAY007211,ORD007211,Credit Card,Success
PAY007212,ORD007212,Cash,Success
PAY007213,ORD007213,Wallet,Success
PAY007214,ORD007214,Cash,Success
PAY007215,ORD007215,Cash,Success
PAY007216,ORD007216,Credit Card,Success
PAY007217,ORD007217,Debit Card,Success
PAY007218,ORD007218,Cash,Failed
PAY007219,ORD007219,Debit Card,Refunded
PAY007220,ORD007220,Credit Card,Refunded
PAY007221,ORD007221,Cash,Success
PAY007222,ORD007222,Debit Card,Success
PAY007223,ORD007223,Cash,Success
PAY007224,ORD007224,Credit Card,Success
PAY007225,ORD007225,UPI,Success
PAY007226,ORD007226,Cash,Success
PAY007227,ORD007227,Debit Card,Success
PAY007228,ORD007228,Cash,Success
PAY007229,ORD007229,UPI,Success
PAY007230,ORD007230,Cash,Success
PAY007231,ORD007231,Wallet,Success
PAY007232,ORD007232,Cash,Success
PAY007233,ORD007233,Cash,Success
PAY007234,ORD007234,Cash,Success
PAY007235,ORD007235,Credit Card,Success
PAY007236,ORD007236,Wallet,Success
PAY007237,ORD007237,Cash,Success
PAY007238,ORD007238,UPI,Refunded
PAY007239,ORD007239,Credit Card,Success
PAY007240,ORD007240,UPI,Success
PAY007241,ORD007241,Cash,Success
PAY007242,ORD007242,Credit Card,Success
PAY007243,ORD007243,UPI,Success
PAY007244,ORD007244,UPI,Refunded
PAY007245,ORD007245,Credit Card,Success
PAY007246,ORD007246,Wallet,Success
PAY007247,ORD007247,Credit Card,Refunded
PAY007248,ORD007248,Wallet,Success
PAY007249,ORD007249,Wallet,Success
PAY007250,ORD007250,UPI,Success
PAY007251,ORD007251,Cash,Success
PAY007252,ORD007252,Wallet,Success
PAY007253,ORD007253,Wallet,Success
PAY007254,ORD007254,UPI,Success
PAY007255,ORD007255,Credit Card,Refunded
PAY007256,ORD007256,Wallet,Success
PAY007257,ORD007257,UPI,Success
PAY007258,ORD007258,Debit Card,Refunded
PAY007259,ORD007259,Debit Card,Refunded
PAY007260,ORD007260,Credit Card,Success
PAY007261,ORD007261,Cash,Success
PAY007262,ORD007262,UPI,Success
PAY007263,ORD007263,Debit Card,Success
PAY007264,ORD007264,Cash,Success
PAY007265,ORD007265,Credit Card,Success
PAY007266,ORD007266,Wallet,Success
PAY007267,ORD007267,Wallet,Success
PAY007268,ORD007268,UPI,Success
PAY007269,ORD007269,Wallet,Refunded
PAY007270,ORD007270,Debit Card,Success
PAY007271,ORD007271,Debit Card,Success
PAY007272,ORD007272,UPI,Success
PAY007273,ORD007273,UPI,Success
PAY007274,ORD007274,Credit Card,Success
PAY007275,ORD007275,Wallet,Success
PAY007276,ORD007276,Cash,Refunded
PAY007277,ORD007277,Cash,Refunded
PAY007278,ORD007278,Wallet,Success
PAY007279,ORD007279,Debit Card,Success
PAY007280,ORD007280,Credit Card,Success
PAY007281,ORD007281,Wallet,Success
PAY007282,ORD007282,Credit Card,Success
PAY007283,ORD007283,UPI,Success
PAY007284,ORD007284,Wallet,Success
PAY007285,ORD007285,Wallet,Success
PAY007286,ORD007286,Debit Card,Success
PAY007287,ORD007287,Credit Card,Success
PAY007288,ORD007288,UPI,Success
PAY007289,ORD007289,Debit Card,Success
PAY007290,ORD007290,Debit Card,Success
PAY007291,ORD007291,Wallet,Success
PAY007292,ORD007292,Credit Card,Success
PAY007293,ORD007293,Debit Card,Success
PAY007294,ORD007294,Wallet,Success
PAY007295,ORD007295,Wallet,Success
PAY007296,ORD007296,Cash,Success
PAY007297,ORD007297,Wallet,Success
PAY007298,ORD007298,Credit Card,Refunded
PAY007299,ORD007299,Cash,Success
PAY007300,ORD007300,Wallet,Success
PAY007301,ORD007301,Credit Card,Failed
PAY007302,ORD007302,UPI,Success
PAY007303,ORD007303,Credit Card,Success
PAY007304,ORD007304,Wallet,Success
PAY007305,ORD007305,Credit Card,Failed
PAY007306,ORD007306,Credit Card,Success
PAY007307,ORD007307,Cash,Success
PAY007308,ORD007308,Credit Card,Success
PAY007309,ORD007309,Wallet,Success
PAY007310,ORD007310,Cash,Success
PAY007311,ORD007311,Cash,Success
PAY007312,ORD007312,Wallet,Success
PAY007313,ORD007313,Wallet,Failed
PAY007314,ORD007314,UPI,Success
PAY007315,ORD007315,Wallet,Success
PAY007316,ORD007316,Cash,Failed
PAY007317,ORD007317,Credit Card,Success
PAY007318,ORD007318,UPI,Refunded
PAY007319,ORD007319,Debit Card,Failed
PAY007320,ORD007320,Cash,Success
PAY007321,ORD007321,UPI,Success
PAY007322,ORD007322,UPI,Success
PAY007323,ORD007323,Wallet,Success
PAY007324,ORD007324,Credit Card,Success
PAY007325,ORD007325,Credit Card,Success
PAY007326,ORD007326,Wallet,Refunded
PAY007327,ORD007327,Cash,Refunded
PAY007328,ORD007328,Cash,Success
PAY007329,ORD007329,Credit Card,Success
PAY007330,ORD007330,Credit Card,Success
PAY007331,ORD007331,UPI,Success
PAY007332,ORD007332,UPI,Success
PAY007333,ORD007333,Cash,Failed
PAY007334,ORD007334,UPI,Success
PAY007335,ORD007335,Credit Card,Success
PAY007336,ORD007336,Debit Card,Success
PAY007337,ORD007337,Debit Card,Success
PAY007338,ORD007338,Wallet,Success
PAY007339,ORD007339,Wallet,Success
PAY007340,ORD007340,Wallet,Success
PAY007341,ORD007341,Credit Card,Success
PAY007342,ORD007342,UPI,Success
PAY007343,ORD007343,Cash,Success
PAY007344,ORD007344,Credit Card,Failed
PAY007345,ORD007345,UPI,Success
PAY007346,ORD007346,Debit Card,Success
PAY007347,ORD007347,Credit Card,Success
PAY007348,ORD007348,Debit Card,Success
PAY007349,ORD007349,UPI,Success
PAY007350,ORD007350,Debit Card,Success
PAY007351,ORD007351,UPI,Success
PAY007352,ORD007352,Cash,Success
PAY007353,ORD007353,Cash,Success
PAY007354,ORD007354,Wallet,Success
PAY007355,ORD007355,Wallet,Success
PAY007356,ORD007356,Credit Card,Success
PAY007357,ORD007357,Debit Card,Success
PAY007358,ORD007358,Debit Card,Failed
PAY007359,ORD007359,Credit Card,Failed
PAY007360,ORD007360,Cash,Success
PAY007361,ORD007361,Credit Card,Success
PAY007362,ORD007362,Debit Card,Success
PAY007363,ORD007363,Debit Card,Success
PAY007364,ORD007364,Debit Card,Success
PAY007365,ORD007365,Credit Card,Success
PAY007366,ORD007366,Credit Card,Success
PAY007367,ORD007367,Debit Card,Success
PAY007368,ORD007368,Cash,Success
PAY007369,ORD007369,Wallet,Failed
PAY007370,ORD007370,Cash,Refunded
PAY007371,ORD007371,Debit Card,Success
PAY007372,ORD007372,Debit Card,Success
PAY007373,ORD007373,Debit Card,Success
PAY007374,ORD007374,Credit Card,Success
PAY007375,ORD007375,Wallet,Success
PAY007376,ORD007376,Credit Card,Success
PAY007377,ORD007377,Debit Card,Refunded
PAY007378,ORD007378,UPI,Failed
PAY007379,ORD007379,UPI,Success
PAY007380,ORD007380,Debit Card,Success
PAY007381,ORD007381,Debit Card,Success
PAY007382,ORD007382,UPI,Success
PAY007383,ORD007383,Cash,Success
PAY007384,ORD007384,Credit Card,Success
PAY007385,ORD007385,Debit Card,Success
PAY007386,ORD007386,Wallet,Failed
PAY007387,ORD007387,UPI,Success
PAY007388,ORD007388,UPI,Success
PAY007389,ORD007389,Cash,Success
PAY007390,ORD007390,Cash,Failed
PAY007391,ORD007391,Debit Card,Success
PAY007392,ORD007392,Cash,Refunded
PAY007393,ORD007393,Debit Card,Refunded
PAY007394,ORD007394,Credit Card,Success
PAY007395,ORD007395,Wallet,Success
PAY007396,ORD007396,Wallet,Success
PAY007397,ORD007397,Cash,Success
PAY007398,ORD007398,Cash,Success
PAY007399,ORD007399,Credit Card,Failed
PAY007400,ORD007400,Credit Card,Success
PAY007401,ORD007401,Credit Card,Success
PAY007402,ORD007402,UPI,Success
PAY007403,ORD007403,Credit Card,Success
PAY007404,ORD007404,UPI,Success
PAY007405,ORD007405,Debit Card,Success
PAY007406,ORD007406,Debit Card,Success
PAY007407,ORD007407,Wallet,Success
PAY007408,ORD007408,Credit Card,Success
PAY007409,ORD007409,Credit Card,Refunded
PAY007410,ORD007410,Cash,Success
PAY007411,ORD007411,Credit Card,Refunded
PAY007412,ORD007412,Debit Card,Success
PAY007413,ORD007413,Debit Card,Success
PAY007414,ORD007414,Cash,Success
PAY007415,ORD007415,UPI,Success
PAY007416,ORD007416,Cash,Success
PAY007417,ORD007417,Wallet,Failed
PAY007418,ORD007418,Wallet,Success
PAY007419,ORD007419,UPI,Success
PAY007420,ORD007420,Debit Card,Success
PAY007421,ORD007421,Wallet,Success
PAY007422,ORD007422,UPI,Refunded
PAY007423,ORD007423,Cash,Success
PAY007424,ORD007424,UPI,Success
PAY007425,ORD007425,Cash,Success
PAY007426,ORD007426,Debit Card,Success
PAY007427,ORD007427,Cash,Success
PAY007428,ORD007428,Debit Card,Success
PAY007429,ORD007429,UPI,Success
PAY007430,ORD007430,Cash,Success
PAY007431,ORD007431,Credit Card,Success
PAY007432,ORD007432,Wallet,Success
PAY007433,ORD007433,UPI,Success
PAY007434,ORD007434,UPI,Success
PAY007435,ORD007435,Debit Card,Success
PAY007436,ORD007436,Cash,Success
PAY007437,ORD007437,Debit Card,Success
PAY007438,ORD007438,Debit Card,Success
PAY007439,ORD007439,UPI,Refunded
PAY007440,ORD007440,UPI,Success
PAY007441,ORD007441,Cash,Success
PAY007442,ORD007442,Wallet,Refunded
PAY007443,ORD007443,Cash,Success
PAY007444,ORD007444,Debit Card,Success
PAY007445,ORD007445,Cash,Success
PAY007446,ORD007446,Debit Card,Success
PAY007447,ORD007447,Debit Card,Success
PAY007448,ORD007448,Credit Card,Failed
PAY007449,ORD007449,Wallet,Success
PAY007450,ORD007450,Credit Card,Success
PAY007451,ORD007451,Cash,Success
PAY007452,ORD007452,Credit Card,Success
PAY007453,ORD007453,Debit Card,Success
PAY007454,ORD007454,Debit Card,Success
PAY007455,ORD007455,Cash,Success
PAY007456,ORD007456,UPI,Refunded
PAY007457,ORD007457,Debit Card,Success
PAY007458,ORD007458,Debit Card,Success
PAY007459,ORD007459,Cash,Success
PAY007460,ORD007460,Credit Card,Success
PAY007461,ORD007461,Credit Card,Success
PAY007462,ORD007462,UPI,Refunded
PAY007463,ORD007463,Cash,Success
PAY007464,ORD007464,Wallet,Success
PAY007465,ORD007465,Credit Card,Success
PAY007466,ORD007466,Cash,Success
PAY007467,ORD007467,Wallet,Success
PAY007468,ORD007468,Credit Card,Refunded
PAY007469,ORD007469,Debit Card,Success
PAY007470,ORD007470,Cash,Refunded
PAY007471,ORD007471,UPI,Success
PAY007472,ORD007472,Cash,Refunded
PAY007473,ORD007473,Wallet,Success
PAY007474,ORD007474,Debit Card,Success
PAY007475,ORD007475,Debit Card,Success
PAY007476,ORD007476,Credit Card,Success
PAY007477,ORD007477,UPI,Refunded
PAY007478,ORD007478,Wallet,Success
PAY007479,ORD007479,Cash,Success
PAY007480,ORD007480,Credit Card,Success
PAY007481,ORD007481,Credit Card,Success
PAY007482,ORD007482,Credit Card,Success
PAY007483,ORD007483,Credit Card,Success
PAY007484,ORD007484,UPI,Refunded
PAY007485,ORD007485,Cash,Success
PAY007486,ORD007486,Cash,Success
PAY007487,ORD007487,Wallet,Failed
PAY007488,ORD007488,Cash,Refunded
PAY007489,ORD007489,Debit Card,Failed
PAY007490,ORD007490,UPI,Success
PAY007491,ORD007491,Debit Card,Success
PAY007492,ORD007492,Debit Card,Success
PAY007493,ORD007493,UPI,Success
PAY007494,ORD007494,UPI,Refunded
PAY007495,ORD007495,Wallet,Success
PAY007496,ORD007496,UPI,Refunded
PAY007497,ORD007497,Debit Card,Success
PAY007498,ORD007498,Cash,Success
PAY007499,ORD007499,Cash,Success
PAY007500,ORD007500,UPI,Refunded
PAY007501,ORD007501,Wallet,Success
PAY007502,ORD007502,UPI,Success
PAY007503,ORD007503,Wallet,Success
PAY007504,ORD007504,Debit Card,Refunded
PAY007505,ORD007505,Cash,Success
PAY007506,ORD007506,Debit Card,Success
PAY007507,ORD007507,Cash,Success
PAY007508,ORD007508,Credit Card,Success
PAY007509,ORD007509,Cash,Success
PAY007510,ORD007510,UPI,Success
PAY007511,ORD007511,Credit Card,Success
PAY007512,ORD007512,UPI,Success
PAY007513,ORD007513,Credit Card,Success
PAY007514,ORD007514,UPI,Refunded
PAY007515,ORD007515,Credit Card,Success
PAY007516,ORD007516,Debit Card,Success
PAY007517,ORD007517,UPI,Success
PAY007518,ORD007518,UPI,Success
PAY007519,ORD007519,Wallet,Failed
PAY007520,ORD007520,Cash,Success
PAY007521,ORD007521,UPI,Success
PAY007522,ORD007522,Cash,Success
PAY007523,ORD007523,Credit Card,Success
PAY007524,ORD007524,Cash,Success
PAY007525,ORD007525,Debit Card,Success
PAY007526,ORD007526,UPI,Success
PAY007527,ORD007527,Wallet,Success
PAY007528,ORD007528,Wallet,Success
PAY007529,ORD007529,Credit Card,Success
PAY007530,ORD007530,Wallet,Success
PAY007531,ORD007531,UPI,Success
PAY007532,ORD007532,Wallet,Success
PAY007533,ORD007533,Wallet,Refunded
PAY007534,ORD007534,Credit Card,Refunded
PAY007535,ORD007535,Debit Card,Success
PAY007536,ORD007536,Cash,Success
PAY007537,ORD007537,Credit Card,Success
PAY007538,ORD007538,UPI,Success
PAY007539,ORD007539,UPI,Refunded
PAY007540,ORD007540,Wallet,Refunded
PAY007541,ORD007541,Debit Card,Success
PAY007542,ORD007542,UPI,Success
PAY007543,ORD007543,Credit Card,Failed
PAY007544,ORD007544,Wallet,Success
PAY007545,ORD007545,Cash,Success
PAY007546,ORD007546,Wallet,Success
PAY007547,ORD007547,Debit Card,Success
PAY007548,ORD007548,Debit Card,Success
PAY007549,ORD007549,Debit Card,Success
PAY007550,ORD007550,UPI,Success
PAY007551,ORD007551,Debit Card,Failed
PAY007552,ORD007552,Wallet,Refunded
PAY007553,ORD007553,Debit Card,Success
PAY007554,ORD007554,Credit Card,Success
PAY007555,ORD007555,UPI,Success
PAY007556,ORD007556,UPI,Success
PAY007557,ORD007557,Cash,Success
PAY007558,ORD007558,UPI,Refunded
PAY007559,ORD007559,Wallet,Success
PAY007560,ORD007560,Cash,Failed
PAY007561,ORD007561,Cash,Failed
PAY007562,ORD007562,Wallet,Failed
PAY007563,ORD007563,Credit Card,Success
PAY007564,ORD007564,Debit Card,Failed
PAY007565,ORD007565,UPI,Success
PAY007566,ORD007566,Wallet,Success
PAY007567,ORD007567,Debit Card,Failed
PAY007568,ORD007568,Cash,Refunded
PAY007569,ORD007569,Debit Card,Success
PAY007570,ORD007570,UPI,Success
PAY007571,ORD007571,Debit Card,Failed
PAY007572,ORD007572,Credit Card,Success
PAY007573,ORD007573,Wallet,Success
PAY007574,ORD007574,UPI,Success
PAY007575,ORD007575,Debit Card,Success
PAY007576,ORD007576,Debit Card,Success
PAY007577,ORD007577,UPI,Success
PAY007578,ORD007578,UPI,Success
PAY007579,ORD007579,Cash,Success
PAY007580,ORD007580,Cash,Refunded
PAY007581,ORD007581,Debit Card,Success
PAY007582,ORD007582,UPI,Success
PAY007583,ORD007583,Credit Card,Success
PAY007584,ORD007584,Wallet,Success
PAY007585,ORD007585,Credit Card,Refunded
PAY007586,ORD007586,Debit Card,Refunded
PAY007587,ORD007587,Cash,Success
PAY007588,ORD007588,Cash,Success
PAY007589,ORD007589,Debit Card,Success
PAY007590,ORD007590,Cash,Success
PAY007591,ORD007591,Debit Card,Refunded
PAY007592,ORD007592,Cash,Refunded
PAY007593,ORD007593,UPI,Success
PAY007594,ORD007594,Credit Card,Success
PAY007595,ORD007595,Wallet,Success
PAY007596,ORD007596,Cash,Success
PAY007597,ORD007597,Wallet,Success
PAY007598,ORD007598,Cash,Success
PAY007599,ORD007599,UPI,Success
PAY007600,ORD007600,Wallet,Refunded
PAY007601,ORD007601,UPI,Success
PAY007602,ORD007602,Wallet,Success
PAY007603,ORD007603,Wallet,Success
PAY007604,ORD007604,Debit Card,Success
PAY007605,ORD007605,Cash,Success
PAY007606,ORD007606,Debit Card,Success
PAY007607,ORD007607,Credit Card,Refunded
PAY007608,ORD007608,Credit Card,Success
PAY007609,ORD007609,Cash,Refunded
PAY007610,ORD007610,Credit Card,Success
PAY007611,ORD007611,Wallet,Success
PAY007612,ORD007612,UPI,Success
PAY007613,ORD007613,Debit Card,Success
PAY007614,ORD007614,Wallet,Refunded
PAY007615,ORD007615,Cash,Success
PAY007616,ORD007616,Debit Card,Refunded
PAY007617,ORD007617,Credit Card,Success
PAY007618,ORD007618,UPI,Success
PAY007619,ORD007619,Credit Card,Success
PAY007620,ORD007620,Debit Card,Success
PAY007621,ORD007621,Cash,Success
PAY007622,ORD007622,Wallet,Success
PAY007623,ORD007623,UPI,Refunded
PAY007624,ORD007624,Credit Card,Success
PAY007625,ORD007625,Debit Card,Success
PAY007626,ORD007626,Debit Card,Success
PAY007627,ORD007627,UPI,Success
PAY007628,ORD007628,UPI,Success
PAY007629,ORD007629,Debit Card,Success
PAY007630,ORD007630,Credit Card,Success
PAY007631,ORD007631,Debit Card,Success
PAY007632,ORD007632,Debit Card,Failed
PAY007633,ORD007633,Debit Card,Failed
PAY007634,ORD007634,Wallet,Success
PAY007635,ORD007635,Wallet,Success
PAY007636,ORD007636,Credit Card,Success
PAY007637,ORD007637,UPI,Refunded
PAY007638,ORD007638,Cash,Success
PAY007639,ORD007639,Cash,Success
PAY007640,ORD007640,Wallet,Success
PAY007641,ORD007641,Credit Card,Success
PAY007642,ORD007642,Cash,Success
PAY007643,ORD007643,Cash,Success
PAY007644,ORD007644,Wallet,Success
PAY007645,ORD007645,Credit Card,Success
PAY007646,ORD007646,Credit Card,Success
PAY007647,ORD007647,UPI,Success
PAY007648,ORD007648,UPI,Success
PAY007649,ORD007649,Wallet,Success
PAY007650,ORD007650,Wallet,Success
PAY007651,ORD007651,UPI,Success
PAY007652,ORD007652,UPI,Success
PAY007653,ORD007653,Credit Card,Success
PAY007654,ORD007654,UPI,Success
PAY007655,ORD007655,UPI,Refunded
PAY007656,ORD007656,Credit Card,Success
PAY007657,ORD007657,UPI,Success
PAY007658,ORD007658,Cash,Success
PAY007659,ORD007659,Cash,Success
PAY007660,ORD007660,UPI,Success
PAY007661,ORD007661,UPI,Success
PAY007662,ORD007662,Debit Card,Success
PAY007663,ORD007663,Cash,Success
PAY007664,ORD007664,Credit Card,Failed
PAY007665,ORD007665,Debit Card,Success
PAY007666,ORD007666,Credit Card,Success
PAY007667,ORD007667,Cash,Success
PAY007668,ORD007668,Cash,Success
PAY007669,ORD007669,Debit Card,Success
PAY007670,ORD007670,Wallet,Success
PAY007671,ORD007671,Credit Card,Success
PAY007672,ORD007672,Cash,Success
PAY007673,ORD007673,Debit Card,Success
PAY007674,ORD007674,Cash,Refunded
PAY007675,ORD007675,UPI,Failed
PAY007676,ORD007676,Wallet,Success
PAY007677,ORD007677,Cash,Refunded
PAY007678,ORD007678,UPI,Refunded
PAY007679,ORD007679,Credit Card,Refunded
PAY007680,ORD007680,Debit Card,Success
PAY007681,ORD007681,Cash,Success
PAY007682,ORD007682,UPI,Success
PAY007683,ORD007683,Wallet,Success
PAY007684,ORD007684,Debit Card,Success
PAY007685,ORD007685,Debit Card,Success
PAY007686,ORD007686,Wallet,Success
PAY007687,ORD007687,Cash,Success
PAY007688,ORD007688,Cash,Success
PAY007689,ORD007689,Debit Card,Success
PAY007690,ORD007690,Debit Card,Refunded
PAY007691,ORD007691,Debit Card,Success
PAY007692,ORD007692,Wallet,Refunded
PAY007693,ORD007693,Wallet,Success
PAY007694,ORD007694,Wallet,Success
PAY007695,ORD007695,Credit Card,Success
PAY007696,ORD007696,Credit Card,Refunded
PAY007697,ORD007697,Cash,Success
PAY007698,ORD007698,Credit Card,Success
PAY007699,ORD007699,UPI,Success
PAY007700,ORD007700,Credit Card,Success
PAY007701,ORD007701,Debit Card,Success
PAY007702,ORD007702,UPI,Success
PAY007703,ORD007703,Debit Card,Success
PAY007704,ORD007704,Credit Card,Success
PAY007705,ORD007705,Wallet,Success
PAY007706,ORD007706,Debit Card,Success
PAY007707,ORD007707,UPI,Success
PAY007708,ORD007708,Cash,Success
PAY007709,ORD007709,UPI,Refunded
PAY007710,ORD007710,Debit Card,Success
PAY007711,ORD007711,UPI,Refunded
PAY007712,ORD007712,Credit Card,Refunded
PAY007713,ORD007713,Wallet,Success
PAY007714,ORD007714,Credit Card,Success
PAY007715,ORD007715,Cash,Success
PAY007716,ORD007716,Credit Card,Success
PAY007717,ORD007717,Debit Card,Success
PAY007718,ORD007718,Wallet,Failed
PAY007719,ORD007719,Wallet,Success
PAY007720,ORD007720,Cash,Success
PAY007721,ORD007721,Wallet,Success
PAY007722,ORD007722,Cash,Success
PAY007723,ORD007723,Credit Card,Success
PAY007724,ORD007724,Cash,Success
PAY007725,ORD007725,Debit Card,Success
PAY007726,ORD007726,Wallet,Success
PAY007727,ORD007727,Wallet,Success
PAY007728,ORD007728,Cash,Failed
PAY007729,ORD007729,Wallet,Success
PAY007730,ORD007730,Credit Card,Success
PAY007731,ORD007731,UPI,Success
PAY007732,ORD007732,Cash,Success
PAY007733,ORD007733,Cash,Refunded
PAY007734,ORD007734,Cash,Success
PAY007735,ORD007735,UPI,Failed
PAY007736,ORD007736,Wallet,Success
PAY007737,ORD007737,Credit Card,Success
PAY007738,ORD007738,Cash,Success
PAY007739,ORD007739,Wallet,Success
PAY007740,ORD007740,Debit Card,Success
PAY007741,ORD007741,Debit Card,Failed
PAY007742,ORD007742,Debit Card,Failed
PAY007743,ORD007743,Credit Card,Success
PAY007744,ORD007744,Cash,Success
PAY007745,ORD007745,UPI,Success
PAY007746,ORD007746,Cash,Success
PAY007747,ORD007747,Cash,Success
PAY007748,ORD007748,UPI,Failed
PAY007749,ORD007749,UPI,Success
PAY007750,ORD007750,UPI,Success
PAY007751,ORD007751,UPI,Success
PAY007752,ORD007752,UPI,Success
PAY007753,ORD007753,Wallet,Refunded
PAY007754,ORD007754,Credit Card,Success
PAY007755,ORD007755,Wallet,Success
PAY007756,ORD007756,Cash,Success
PAY007757,ORD007757,Debit Card,Success
PAY007758,ORD007758,Wallet,Success
PAY007759,ORD007759,Credit Card,Success
PAY007760,ORD007760,Debit Card,Success
PAY007761,ORD007761,UPI,Success
PAY007762,ORD007762,Credit Card,Success
PAY007763,ORD007763,Debit Card,Success
PAY007764,ORD007764,UPI,Success
PAY007765,ORD007765,Credit Card,Failed
PAY007766,ORD007766,Credit Card,Success
PAY007767,ORD007767,UPI,Success
PAY007768,ORD007768,Debit Card,Refunded
PAY007769,ORD007769,UPI,Success
PAY007770,ORD007770,UPI,Failed
PAY007771,ORD007771,Debit Card,Refunded
PAY007772,ORD007772,Debit Card,Success
PAY007773,ORD007773,Credit Card,Failed
PAY007774,ORD007774,Cash,Success
PAY007775,ORD007775,Cash,Success
PAY007776,ORD007776,Cash,Refunded
PAY007777,ORD007777,UPI,Refunded
PAY007778,ORD007778,Cash,Success
PAY007779,ORD007779,Cash,Success
PAY007780,ORD007780,Credit Card,Success
PAY007781,ORD007781,Debit Card,Success
PAY007782,ORD007782,Debit Card,Success
PAY007783,ORD007783,UPI,Success
PAY007784,ORD007784,Credit Card,Success
PAY007785,ORD007785,Wallet,Failed
PAY007786,ORD007786,Debit Card,Success
PAY007787,ORD007787,Wallet,Success
PAY007788,ORD007788,UPI,Success
PAY007789,ORD007789,Debit Card,Success
PAY007790,ORD007790,Debit Card,Success
PAY007791,ORD007791,Wallet,Success
PAY007792,ORD007792,Wallet,Refunded
PAY007793,ORD007793,Wallet,Success
PAY007794,ORD007794,Cash,Success
PAY007795,ORD007795,Cash,Success
PAY007796,ORD007796,Cash,Success
PAY007797,ORD007797,UPI,Success
PAY007798,ORD007798,Credit Card,Success
PAY007799,ORD007799,Debit Card,Success
PAY007800,ORD007800,UPI,Success
PAY007801,ORD007801,Wallet,Success
PAY007802,ORD007802,Cash,Success
PAY007803,ORD007803,UPI,Success
PAY007804,ORD007804,Cash,Failed
PAY007805,ORD007805,Cash,Success
PAY007806,ORD007806,Credit Card,Success
PAY007807,ORD007807,Cash,Success
PAY007808,ORD007808,Wallet,Success
PAY007809,ORD007809,UPI,Success
PAY007810,ORD007810,Credit Card,Success
PAY007811,ORD007811,Cash,Success
PAY007812,ORD007812,Debit Card,Success
PAY007813,ORD007813,Debit Card,Success
PAY007814,ORD007814,Cash,Success
PAY007815,ORD007815,Credit Card,Success
PAY007816,ORD007816,Credit Card,Failed
PAY007817,ORD007817,Cash,Success
PAY007818,ORD007818,Debit Card,Success
PAY007819,ORD007819,Credit Card,Success
PAY007820,ORD007820,Credit Card,Success
PAY007821,ORD007821,UPI,Success
PAY007822,ORD007822,Cash,Success
PAY007823,ORD007823,Cash,Success
PAY007824,ORD007824,Wallet,Success
PAY007825,ORD007825,Debit Card,Success
PAY007826,ORD007826,UPI,Success
PAY007827,ORD007827,UPI,Failed
PAY007828,ORD007828,Debit Card,Success
PAY007829,ORD007829,Debit Card,Failed
PAY007830,ORD007830,Wallet,Success
PAY007831,ORD007831,Wallet,Success
PAY007832,ORD007832,Credit Card,Refunded
PAY007833,ORD007833,Debit Card,Success
PAY007834,ORD007834,Debit Card,Failed
PAY007835,ORD007835,UPI,Success
PAY007836,ORD007836,UPI,Success
PAY007837,ORD007837,Wallet,Success
PAY007838,ORD007838,UPI,Success
PAY007839,ORD007839,Cash,Success
PAY007840,ORD007840,Debit Card,Success
PAY007841,ORD007841,Debit Card,Success
PAY007842,ORD007842,Cash,Success
PAY007843,ORD007843,Credit Card,Success
PAY007844,ORD007844,Credit Card,Success
PAY007845,ORD007845,Credit Card,Success
PAY007846,ORD007846,Cash,Success
PAY007847,ORD007847,UPI,Success
PAY007848,ORD007848,Credit Card,Success
PAY007849,ORD007849,Credit Card,Success
PAY007850,ORD007850,Wallet,Failed
PAY007851,ORD007851,Credit Card,Success
PAY007852,ORD007852,Cash,Success
PAY007853,ORD007853,UPI,Success
PAY007854,ORD007854,Wallet,Success
PAY007855,ORD007855,Debit Card,Success
PAY007856,ORD007856,Cash,Success
PAY007857,ORD007857,Credit Card,Failed
PAY007858,ORD007858,Debit Card,Success
PAY007859,ORD007859,Wallet,Success
PAY007860,ORD007860,Wallet,Success
PAY007861,ORD007861,Wallet,Success
PAY007862,ORD007862,Wallet,Refunded
PAY007863,ORD007863,Wallet,Success
PAY007864,ORD007864,Cash,Success
PAY007865,ORD007865,Debit Card,Success
PAY007866,ORD007866,Debit Card,Success
PAY007867,ORD007867,Credit Card,Success
PAY007868,ORD007868,Credit Card,Failed
PAY007869,ORD007869,Debit Card,Failed
PAY007870,ORD007870,Debit Card,Success
PAY007871,ORD007871,Debit Card,Success
PAY007872,ORD007872,UPI,Refunded
PAY007873,ORD007873,Credit Card,Success
PAY007874,ORD007874,Credit Card,Success
PAY007875,ORD007875,Credit Card,Success
PAY007876,ORD007876,Credit Card,Refunded
PAY007877,ORD007877,Debit Card,Success
PAY007878,ORD007878,Debit Card,Success
PAY007879,ORD007879,Wallet,Success
PAY007880,ORD007880,Cash,Success
PAY007881,ORD007881,Cash,Success
PAY007882,ORD007882,UPI,Refunded
PAY007883,ORD007883,Cash,Success
PAY007884,ORD007884,Cash,Success
PAY007885,ORD007885,Wallet,Success
PAY007886,ORD007886,Wallet,Failed
PAY007887,ORD007887,Wallet,Success
PAY007888,ORD007888,UPI,Success
PAY007889,ORD007889,UPI,Success
PAY007890,ORD007890,Credit Card,Success
PAY007891,ORD007891,Cash,Success
PAY007892,ORD007892,Wallet,Success
PAY007893,ORD007893,UPI,Success
PAY007894,ORD007894,Credit Card,Success
PAY007895,ORD007895,Cash,Success
PAY007896,ORD007896,Cash,Success
PAY007897,ORD007897,Credit Card,Success
PAY007898,ORD007898,Cash,Success
PAY007899,ORD007899,UPI,Failed
PAY007900,ORD007900,Cash,Refunded
PAY007901,ORD007901,Credit Card,Success
PAY007902,ORD007902,Debit Card,Success
PAY007903,ORD007903,Wallet,Success
PAY007904,ORD007904,UPI,Success
PAY007905,ORD007905,Credit Card,Success
PAY007906,ORD007906,Credit Card,Success
PAY007907,ORD007907,Debit Card,Success
PAY007908,ORD007908,Credit Card,Failed
PAY007909,ORD007909,Debit Card,Failed
PAY007910,ORD007910,UPI,Success
PAY007911,ORD007911,Cash,Success
PAY007912,ORD007912,UPI,Failed
PAY007913,ORD007913,Cash,Success
PAY007914,ORD007914,Cash,Success
PAY007915,ORD007915,Wallet,Success
PAY007916,ORD007916,Cash,Success
PAY007917,ORD007917,Credit Card,Success
PAY007918,ORD007918,Wallet,Success
PAY007919,ORD007919,Wallet,Success
PAY007920,ORD007920,Wallet,Refunded
PAY007921,ORD007921,Debit Card,Success
PAY007922,ORD007922,Cash,Success
PAY007923,ORD007923,Wallet,Success
PAY007924,ORD007924,UPI,Success
PAY007925,ORD007925,Wallet,Success
PAY007926,ORD007926,UPI,Success
PAY007927,ORD007927,UPI,Success
PAY007928,ORD007928,Cash,Failed
PAY007929,ORD007929,Cash,Success
PAY007930,ORD007930,UPI,Success
PAY007931,ORD007931,Wallet,Success
PAY007932,ORD007932,Credit Card,Success
PAY007933,ORD007933,UPI,Success
PAY007934,ORD007934,UPI,Success
PAY007935,ORD007935,Cash,Success
PAY007936,ORD007936,Cash,Success
PAY007937,ORD007937,Cash,Refunded
PAY007938,ORD007938,Credit Card,Success
PAY007939,ORD007939,Cash,Success
PAY007940,ORD007940,Wallet,Success
PAY007941,ORD007941,Credit Card,Success
PAY007942,ORD007942,Wallet,Success
PAY007943,ORD007943,Debit Card,Success
PAY007944,ORD007944,Wallet,Success
PAY007945,ORD007945,Wallet,Success
PAY007946,ORD007946,Cash,Success
PAY007947,ORD007947,Cash,Refunded
PAY007948,ORD007948,Debit Card,Success
PAY007949,ORD007949,Wallet,Success
PAY007950,ORD007950,Debit Card,Success
PAY007951,ORD007951,Wallet,Success
PAY007952,ORD007952,Wallet,Success
PAY007953,ORD007953,Wallet,Success
PAY007954,ORD007954,UPI,Success
PAY007955,ORD007955,Credit Card,Success
PAY007956,ORD007956,Cash,Success
PAY007957,ORD007957,UPI,Success
PAY007958,ORD007958,Wallet,Success
PAY007959,ORD007959,Credit Card,Failed
PAY007960,ORD007960,Cash,Success
PAY007961,ORD007961,Debit Card,Failed
PAY007962,ORD007962,Credit Card,Success
PAY007963,ORD007963,Cash,Success
PAY007964,ORD007964,Credit Card,Success
PAY007965,ORD007965,Wallet,Failed
PAY007966,ORD007966,UPI,Refunded
PAY007967,ORD007967,Wallet,Success
PAY007968,ORD007968,Cash,Refunded
PAY007969,ORD007969,Credit Card,Success
PAY007970,ORD007970,Credit Card,Success
PAY007971,ORD007971,Credit Card,Success
PAY007972,ORD007972,Debit Card,Success
PAY007973,ORD007973,Wallet,Success
PAY007974,ORD007974,UPI,Success
PAY007975,ORD007975,Cash,Success
PAY007976,ORD007976,UPI,Success
PAY007977,ORD007977,Credit Card,Success
PAY007978,ORD007978,Credit Card,Success
PAY007979,ORD007979,Wallet,Success
PAY007980,ORD007980,Cash,Success
PAY007981,ORD007981,UPI,Success
PAY007982,ORD007982,Cash,Success
PAY007983,ORD007983,Credit Card,Success
PAY007984,ORD007984,Wallet,Success
PAY007985,ORD007985,UPI,Success
PAY007986,ORD007986,Wallet,Success
PAY007987,ORD007987,Debit Card,Success
PAY007988,ORD007988,Debit Card,Success
PAY007989,ORD007989,Cash,Success
PAY007990,ORD007990,Cash,Success
PAY007991,ORD007991,Wallet,Success
PAY007992,ORD007992,Credit Card,Success
PAY007993,ORD007993,Wallet,Success
PAY007994,ORD007994,UPI,Refunded
PAY007995,ORD007995,UPI,Success
PAY007996,ORD007996,Debit Card,Success
PAY007997,ORD007997,UPI,Success
PAY007998,ORD007998,UPI,Success
PAY007999,ORD007999,Debit Card,Success
PAY008000,ORD008000,Debit Card,Success
PAY008001,ORD008001,Cash,Failed
PAY008002,ORD008002,UPI,Success
PAY008003,ORD008003,Wallet,Success
PAY008004,ORD008004,Credit Card,Success
PAY008005,ORD008005,Cash,Success
PAY008006,ORD008006,UPI,Success
PAY008007,ORD008007,Cash,Refunded
PAY008008,ORD008008,UPI,Success
PAY008009,ORD008009,Wallet,Success
PAY008010,ORD008010,Cash,Success
PAY008011,ORD008011,Debit Card,Refunded
PAY008012,ORD008012,Debit Card,Success
PAY008013,ORD008013,Cash,Success
PAY008014,ORD008014,Wallet,Success
PAY008015,ORD008015,Cash,Success
PAY008016,ORD008016,UPI,Success
PAY008017,ORD008017,UPI,Success
PAY008018,ORD008018,Cash,Refunded
PAY008019,ORD008019,Credit Card,Success
PAY008020,ORD008020,Credit Card,Failed
PAY008021,ORD008021,Wallet,Success
PAY008022,ORD008022,Debit Card,Success
PAY008023,ORD008023,Credit Card,Success
PAY008024,ORD008024,Wallet,Success
PAY008025,ORD008025,Cash,Success
PAY008026,ORD008026,Cash,Success
PAY008027,ORD008027,Wallet,Success
PAY008028,ORD008028,UPI,Failed
PAY008029,ORD008029,Cash,Success
PAY008030,ORD008030,Cash,Success
PAY008031,ORD008031,Wallet,Success
PAY008032,ORD008032,Cash,Success
PAY008033,ORD008033,Debit Card,Success
PAY008034,ORD008034,Debit Card,Success
PAY008035,ORD008035,Debit Card,Success
PAY008036,ORD008036,Wallet,Success
PAY008037,ORD008037,Debit Card,Refunded
PAY008038,ORD008038,Wallet,Success
PAY008039,ORD008039,UPI,Success
PAY008040,ORD008040,Credit Card,Success
PAY008041,ORD008041,Wallet,Success
PAY008042,ORD008042,Debit Card,Refunded
PAY008043,ORD008043,Cash,Success
PAY008044,ORD008044,Wallet,Success
PAY008045,ORD008045,Wallet,Success
PAY008046,ORD008046,Cash,Success
PAY008047,ORD008047,Debit Card,Success
PAY008048,ORD008048,Debit Card,Success
PAY008049,ORD008049,Debit Card,Success
PAY008050,ORD008050,Cash,Success
PAY008051,ORD008051,Wallet,Failed
PAY008052,ORD008052,Credit Card,Failed
PAY008053,ORD008053,Debit Card,Refunded
PAY008054,ORD008054,Wallet,Success
PAY008055,ORD008055,UPI,Success
PAY008056,ORD008056,Debit Card,Failed
PAY008057,ORD008057,Credit Card,Success
PAY008058,ORD008058,UPI,Success
PAY008059,ORD008059,Wallet,Success
PAY008060,ORD008060,Credit Card,Success
PAY008061,ORD008061,Credit Card,Success
PAY008062,ORD008062,Credit Card,Success
PAY008063,ORD008063,Debit Card,Success
PAY008064,ORD008064,UPI,Failed
PAY008065,ORD008065,UPI,Success
PAY008066,ORD008066,Cash,Success
PAY008067,ORD008067,Credit Card,Success
PAY008068,ORD008068,Cash,Success
PAY008069,ORD008069,Credit Card,Success
PAY008070,ORD008070,UPI,Success
PAY008071,ORD008071,Cash,Success
PAY008072,ORD008072,Debit Card,Success
PAY008073,ORD008073,Wallet,Success
PAY008074,ORD008074,Wallet,Success
PAY008075,ORD008075,Debit Card,Failed
PAY008076,ORD008076,UPI,Success
PAY008077,ORD008077,Credit Card,Failed
PAY008078,ORD008078,Cash,Success
PAY008079,ORD008079,UPI,Failed
PAY008080,ORD008080,UPI,Success
PAY008081,ORD008081,Debit Card,Success
PAY008082,ORD008082,Credit Card,Success
PAY008083,ORD008083,Debit Card,Success
PAY008084,ORD008084,Debit Card,Success
PAY008085,ORD008085,Wallet,Success
PAY008086,ORD008086,Credit Card,Success
PAY008087,ORD008087,Debit Card,Success
PAY008088,ORD008088,Cash,Success
PAY008089,ORD008089,Cash,Success
PAY008090,ORD008090,UPI,Success
PAY008091,ORD008091,Debit Card,Refunded
PAY008092,ORD008092,Debit Card,Success
PAY008093,ORD008093,Cash,Success
PAY008094,ORD008094,Debit Card,Success
PAY008095,ORD008095,Cash,Success
PAY008096,ORD008096,Wallet,Success
PAY008097,ORD008097,Credit Card,Success
PAY008098,ORD008098,Credit Card,Success
PAY008099,ORD008099,Debit Card,Success
PAY008100,ORD008100,Cash,Success
PAY008101,ORD008101,UPI,Refunded
PAY008102,ORD008102,Cash,Failed
PAY008103,ORD008103,Credit Card,Success
PAY008104,ORD008104,Credit Card,Success
PAY008105,ORD008105,Credit Card,Success
PAY008106,ORD008106,Cash,Success
PAY008107,ORD008107,Credit Card,Success
PAY008108,ORD008108,Credit Card,Success
PAY008109,ORD008109,UPI,Success
PAY008110,ORD008110,Cash,Success
PAY008111,ORD008111,UPI,Success
PAY008112,ORD008112,Wallet,Failed
PAY008113,ORD008113,UPI,Success
PAY008114,ORD008114,UPI,Success
PAY008115,ORD008115,Debit Card,Success
PAY008116,ORD008116,UPI,Success
PAY008117,ORD008117,Credit Card,Success
PAY008118,ORD008118,Credit Card,Success
PAY008119,ORD008119,UPI,Success
PAY008120,ORD008120,Cash,Success
PAY008121,ORD008121,UPI,Success
PAY008122,ORD008122,Debit Card,Success
PAY008123,ORD008123,UPI,Success
PAY008124,ORD008124,Cash,Success
PAY008125,ORD008125,Wallet,Success
PAY008126,ORD008126,Cash,Refunded
PAY008127,ORD008127,Cash,Success
PAY008128,ORD008128,Credit Card,Success
PAY008129,ORD008129,Wallet,Success
PAY008130,ORD008130,Debit Card,Success
PAY008131,ORD008131,UPI,Failed
PAY008132,ORD008132,Wallet,Success
PAY008133,ORD008133,Debit Card,Refunded
PAY008134,ORD008134,Cash,Success
PAY008135,ORD008135,Credit Card,Success
PAY008136,ORD008136,UPI,Refunded
PAY008137,ORD008137,Wallet,Success
PAY008138,ORD008138,UPI,Success
PAY008139,ORD008139,UPI,Success
PAY008140,ORD008140,Debit Card,Success
PAY008141,ORD008141,Wallet,Success
PAY008142,ORD008142,UPI,Success
PAY008143,ORD008143,Cash,Success
PAY008144,ORD008144,UPI,Success
PAY008145,ORD008145,Cash,Refunded
PAY008146,ORD008146,Credit Card,Success
PAY008147,ORD008147,Debit Card,Success
PAY008148,ORD008148,Credit Card,Success
PAY008149,ORD008149,Credit Card,Success
PAY008150,ORD008150,UPI,Failed
PAY008151,ORD008151,Cash,Success
PAY008152,ORD008152,Wallet,Success
PAY008153,ORD008153,Credit Card,Success
PAY008154,ORD008154,Debit Card,Failed
PAY008155,ORD008155,Credit Card,Success
PAY008156,ORD008156,UPI,Success
PAY008157,ORD008157,Wallet,Success
PAY008158,ORD008158,Wallet,Success
PAY008159,ORD008159,Credit Card,Failed
PAY008160,ORD008160,UPI,Success
PAY008161,ORD008161,Wallet,Success
PAY008162,ORD008162,Wallet,Success
PAY008163,ORD008163,Credit Card,Success
PAY008164,ORD008164,UPI,Success
PAY008165,ORD008165,UPI,Failed
PAY008166,ORD008166,UPI,Success
PAY008167,ORD008167,Cash,Success
PAY008168,ORD008168,Debit Card,Success
PAY008169,ORD008169,Cash,Success
PAY008170,ORD008170,UPI,Success
PAY008171,ORD008171,Debit Card,Failed
PAY008172,ORD008172,Wallet,Success
PAY008173,ORD008173,UPI,Success
PAY008174,ORD008174,Credit Card,Success
PAY008175,ORD008175,Cash,Success
PAY008176,ORD008176,Cash,Success
PAY008177,ORD008177,Credit Card,Success
PAY008178,ORD008178,Debit Card,Success
PAY008179,ORD008179,Cash,Success
PAY008180,ORD008180,Cash,Success
PAY008181,ORD008181,Wallet,Success
PAY008182,ORD008182,Credit Card,Success
PAY008183,ORD008183,Credit Card,Failed
PAY008184,ORD008184,Credit Card,Success
PAY008185,ORD008185,Debit Card,Success
PAY008186,ORD008186,UPI,Success
PAY008187,ORD008187,Credit Card,Success
PAY008188,ORD008188,Debit Card,Success
PAY008189,ORD008189,Credit Card,Refunded
PAY008190,ORD008190,UPI,Success
PAY008191,ORD008191,Wallet,Success
PAY008192,ORD008192,Debit Card,Success
PAY008193,ORD008193,Credit Card,Success
PAY008194,ORD008194,Wallet,Failed
PAY008195,ORD008195,Cash,Success
PAY008196,ORD008196,Cash,Success
PAY008197,ORD008197,Cash,Success
PAY008198,ORD008198,Debit Card,Success
PAY008199,ORD008199,Credit Card,Success
PAY008200,ORD008200,Debit Card,Success
PAY008201,ORD008201,UPI,Success
PAY008202,ORD008202,Cash,Success
PAY008203,ORD008203,Credit Card,Failed
PAY008204,ORD008204,Wallet,Success
PAY008205,ORD008205,Cash,Refunded
PAY008206,ORD008206,Cash,Success
PAY008207,ORD008207,UPI,Success
PAY008208,ORD008208,UPI,Success
PAY008209,ORD008209,Wallet,Success
PAY008210,ORD008210,Cash,Success
PAY008211,ORD008211,Credit Card,Success
PAY008212,ORD008212,Credit Card,Failed
PAY008213,ORD008213,Wallet,Success
PAY008214,ORD008214,Cash,Refunded
PAY008215,ORD008215,Debit Card,Success
PAY008216,ORD008216,Wallet,Refunded
PAY008217,ORD008217,Cash,Refunded
PAY008218,ORD008218,Wallet,Success
PAY008219,ORD008219,UPI,Success
PAY008220,ORD008220,Debit Card,Refunded
PAY008221,ORD008221,Cash,Refunded
PAY008222,ORD008222,Wallet,Success
PAY008223,ORD008223,UPI,Refunded
PAY008224,ORD008224,Wallet,Success
PAY008225,ORD008225,Cash,Success
PAY008226,ORD008226,Wallet,Success
PAY008227,ORD008227,Credit Card,Success
PAY008228,ORD008228,Cash,Success
PAY008229,ORD008229,Credit Card,Success
PAY008230,ORD008230,Debit Card,Success
PAY008231,ORD008231,Cash,Refunded
PAY008232,ORD008232,Cash,Success
PAY008233,ORD008233,Debit Card,Success
PAY008234,ORD008234,Credit Card,Success
PAY008235,ORD008235,Wallet,Success
PAY008236,ORD008236,Cash,Refunded
PAY008237,ORD008237,Wallet,Success
PAY008238,ORD008238,Debit Card,Success
PAY008239,ORD008239,UPI,Success
PAY008240,ORD008240,Cash,Success
PAY008241,ORD008241,UPI,Success
PAY008242,ORD008242,Debit Card,Success
PAY008243,ORD008243,Wallet,Success
PAY008244,ORD008244,Cash,Success
PAY008245,ORD008245,Credit Card,Success
PAY008246,ORD008246,UPI,Success
PAY008247,ORD008247,Cash,Success
PAY008248,ORD008248,Cash,Failed
PAY008249,ORD008249,Credit Card,Success
PAY008250,ORD008250,Debit Card,Success
PAY008251,ORD008251,Debit Card,Failed
PAY008252,ORD008252,UPI,Success
PAY008253,ORD008253,Wallet,Success
PAY008254,ORD008254,Debit Card,Success
PAY008255,ORD008255,UPI,Success
PAY008256,ORD008256,Wallet,Success
PAY008257,ORD008257,Debit Card,Success
PAY008258,ORD008258,UPI,Success
PAY008259,ORD008259,Credit Card,Success
PAY008260,ORD008260,Debit Card,Success
PAY008261,ORD008261,UPI,Success
PAY008262,ORD008262,Debit Card,Success
PAY008263,ORD008263,Debit Card,Success
PAY008264,ORD008264,Cash,Success
PAY008265,ORD008265,Cash,Refunded
PAY008266,ORD008266,Credit Card,Success
PAY008267,ORD008267,UPI,Success
PAY008268,ORD008268,Cash,Success
PAY008269,ORD008269,Credit Card,Success
PAY008270,ORD008270,Credit Card,Success
PAY008271,ORD008271,Cash,Success
PAY008272,ORD008272,Cash,Success
PAY008273,ORD008273,Cash,Success
PAY008274,ORD008274,Debit Card,Success
PAY008275,ORD008275,Wallet,Success
PAY008276,ORD008276,Wallet,Success
PAY008277,ORD008277,Debit Card,Success
PAY008278,ORD008278,Cash,Success
PAY008279,ORD008279,Debit Card,Success
PAY008280,ORD008280,Cash,Success
PAY008281,ORD008281,Wallet,Success
PAY008282,ORD008282,Credit Card,Success
PAY008283,ORD008283,Debit Card,Success
PAY008284,ORD008284,Credit Card,Success
PAY008285,ORD008285,UPI,Success
PAY008286,ORD008286,Wallet,Success
PAY008287,ORD008287,Cash,Success
PAY008288,ORD008288,Cash,Success
PAY008289,ORD008289,UPI,Success
PAY008290,ORD008290,Wallet,Success
PAY008291,ORD008291,UPI,Success
PAY008292,ORD008292,Debit Card,Success
PAY008293,ORD008293,Wallet,Success
PAY008294,ORD008294,Cash,Success
PAY008295,ORD008295,Credit Card,Success
PAY008296,ORD008296,Debit Card,Success
PAY008297,ORD008297,UPI,Success
PAY008298,ORD008298,Debit Card,Refunded
PAY008299,ORD008299,UPI,Success
PAY008300,ORD008300,Debit Card,Success
PAY008301,ORD008301,Credit Card,Success
PAY008302,ORD008302,UPI,Success
PAY008303,ORD008303,Wallet,Refunded
PAY008304,ORD008304,Credit Card,Success
PAY008305,ORD008305,Debit Card,Success
PAY008306,ORD008306,Wallet,Success
PAY008307,ORD008307,Credit Card,Success
PAY008308,ORD008308,Credit Card,Success
PAY008309,ORD008309,UPI,Success
PAY008310,ORD008310,UPI,Success
PAY008311,ORD008311,Wallet,Success
PAY008312,ORD008312,UPI,Success
PAY008313,ORD008313,Credit Card,Failed
PAY008314,ORD008314,Wallet,Success
PAY008315,ORD008315,UPI,Success
PAY008316,ORD008316,UPI,Success
PAY008317,ORD008317,Debit Card,Success
PAY008318,ORD008318,UPI,Success
PAY008319,ORD008319,UPI,Success
PAY008320,ORD008320,UPI,Refunded
PAY008321,ORD008321,UPI,Success
PAY008322,ORD008322,UPI,Success
PAY008323,ORD008323,Cash,Success
PAY008324,ORD008324,Debit Card,Success
PAY008325,ORD008325,Cash,Success
PAY008326,ORD008326,Debit Card,Success
PAY008327,ORD008327,Wallet,Failed
PAY008328,ORD008328,UPI,Failed
PAY008329,ORD008329,UPI,Failed
PAY008330,ORD008330,Credit Card,Failed
PAY008331,ORD008331,UPI,Failed
PAY008332,ORD008332,Credit Card,Success
PAY008333,ORD008333,UPI,Success
PAY008334,ORD008334,Credit Card,Success
PAY008335,ORD008335,UPI,Success
PAY008336,ORD008336,Credit Card,Success
PAY008337,ORD008337,UPI,Failed
PAY008338,ORD008338,UPI,Success
PAY008339,ORD008339,Debit Card,Failed
PAY008340,ORD008340,Credit Card,Success
PAY008341,ORD008341,Wallet,Success
PAY008342,ORD008342,UPI,Success
PAY008343,ORD008343,Cash,Success
PAY008344,ORD008344,UPI,Success
PAY008345,ORD008345,Wallet,Success
PAY008346,ORD008346,Debit Card,Success
PAY008347,ORD008347,Credit Card,Success
PAY008348,ORD008348,Cash,Success
PAY008349,ORD008349,Credit Card,Success
PAY008350,ORD008350,Wallet,Success
PAY008351,ORD008351,UPI,Success
PAY008352,ORD008352,Wallet,Success
PAY008353,ORD008353,Credit Card,Success
PAY008354,ORD008354,Credit Card,Success
PAY008355,ORD008355,Credit Card,Success
PAY008356,ORD008356,Credit Card,Success
PAY008357,ORD008357,UPI,Success
PAY008358,ORD008358,Debit Card,Success
PAY008359,ORD008359,Debit Card,Success
PAY008360,ORD008360,Credit Card,Refunded
PAY008361,ORD008361,Debit Card,Success
PAY008362,ORD008362,Credit Card,Success
PAY008363,ORD008363,Cash,Success
PAY008364,ORD008364,Credit Card,Success
PAY008365,ORD008365,Cash,Success
PAY008366,ORD008366,Cash,Success
PAY008367,ORD008367,UPI,Success
PAY008368,ORD008368,Cash,Success
PAY008369,ORD008369,Credit Card,Refunded
PAY008370,ORD008370,Cash,Success
PAY008371,ORD008371,Cash,Success
PAY008372,ORD008372,Cash,Success
PAY008373,ORD008373,Cash,Success
PAY008374,ORD008374,Wallet,Success
PAY008375,ORD008375,UPI,Refunded
PAY008376,ORD008376,Cash,Success
PAY008377,ORD008377,Credit Card,Success
PAY008378,ORD008378,UPI,Success
PAY008379,ORD008379,Credit Card,Refunded
PAY008380,ORD008380,Cash,Success
PAY008381,ORD008381,UPI,Success
PAY008382,ORD008382,UPI,Success
PAY008383,ORD008383,UPI,Refunded
PAY008384,ORD008384,Credit Card,Success
PAY008385,ORD008385,Cash,Success
PAY008386,ORD008386,Wallet,Success
PAY008387,ORD008387,Cash,Success
PAY008388,ORD008388,Debit Card,Success
PAY008389,ORD008389,UPI,Success
PAY008390,ORD008390,UPI,Success
PAY008391,ORD008391,Debit Card,Success
PAY008392,ORD008392,Debit Card,Success
PAY008393,ORD008393,Wallet,Success
PAY008394,ORD008394,Credit Card,Success
PAY008395,ORD008395,UPI,Success
PAY008396,ORD008396,Cash,Success
PAY008397,ORD008397,Credit Card,Success
PAY008398,ORD008398,Debit Card,Success
PAY008399,ORD008399,Debit Card,Refunded
PAY008400,ORD008400,Debit Card,Failed
PAY008401,ORD008401,Cash,Success
PAY008402,ORD008402,Cash,Failed
PAY008403,ORD008403,Cash,Success
PAY008404,ORD008404,UPI,Success
PAY008405,ORD008405,Wallet,Success
PAY008406,ORD008406,UPI,Failed
PAY008407,ORD008407,Cash,Success
PAY008408,ORD008408,Cash,Refunded
PAY008409,ORD008409,Debit Card,Success
PAY008410,ORD008410,Wallet,Success
PAY008411,ORD008411,Credit Card,Refunded
PAY008412,ORD008412,Debit Card,Failed
PAY008413,ORD008413,Wallet,Success
PAY008414,ORD008414,Cash,Success
PAY008415,ORD008415,Cash,Success
PAY008416,ORD008416,Cash,Success
PAY008417,ORD008417,Wallet,Refunded
PAY008418,ORD008418,Debit Card,Success
PAY008419,ORD008419,Wallet,Success
PAY008420,ORD008420,Cash,Success
PAY008421,ORD008421,Cash,Success
PAY008422,ORD008422,UPI,Success
PAY008423,ORD008423,Wallet,Refunded
PAY008424,ORD008424,Wallet,Refunded
PAY008425,ORD008425,UPI,Success
PAY008426,ORD008426,Debit Card,Success
PAY008427,ORD008427,Debit Card,Success
PAY008428,ORD008428,Wallet,Success
PAY008429,ORD008429,Debit Card,Success
PAY008430,ORD008430,UPI,Refunded
PAY008431,ORD008431,Wallet,Success
PAY008432,ORD008432,Credit Card,Refunded
PAY008433,ORD008433,Wallet,Success
PAY008434,ORD008434,Wallet,Success
PAY008435,ORD008435,UPI,Refunded
PAY008436,ORD008436,Debit Card,Success
PAY008437,ORD008437,UPI,Success
PAY008438,ORD008438,Cash,Success
PAY008439,ORD008439,Debit Card,Success
PAY008440,ORD008440,Wallet,Success
PAY008441,ORD008441,Credit Card,Success
PAY008442,ORD008442,UPI,Success
PAY008443,ORD008443,Cash,Success
PAY008444,ORD008444,Wallet,Failed
PAY008445,ORD008445,Cash,Success
PAY008446,ORD008446,Debit Card,Success
PAY008447,ORD008447,Cash,Success
PAY008448,ORD008448,Cash,Success
PAY008449,ORD008449,UPI,Success
PAY008450,ORD008450,UPI,Success
PAY008451,ORD008451,Cash,Success
PAY008452,ORD008452,Cash,Success
PAY008453,ORD008453,Wallet,Refunded
PAY008454,ORD008454,UPI,Failed
PAY008455,ORD008455,UPI,Failed
PAY008456,ORD008456,UPI,Success
PAY008457,ORD008457,Cash,Success
PAY008458,ORD008458,Cash,Success
PAY008459,ORD008459,UPI,Success
PAY008460,ORD008460,UPI,Success
PAY008461,ORD008461,Wallet,Failed
PAY008462,ORD008462,Debit Card,Success
PAY008463,ORD008463,UPI,Failed
PAY008464,ORD008464,Credit Card,Success
PAY008465,ORD008465,Debit Card,Success
PAY008466,ORD008466,Credit Card,Failed
PAY008467,ORD008467,Cash,Success
PAY008468,ORD008468,Debit Card,Success
PAY008469,ORD008469,Credit Card,Failed
PAY008470,ORD008470,Cash,Success
PAY008471,ORD008471,Cash,Success
PAY008472,ORD008472,Credit Card,Success
PAY008473,ORD008473,Debit Card,Success
PAY008474,ORD008474,Debit Card,Success
PAY008475,ORD008475,Debit Card,Success
PAY008476,ORD008476,Credit Card,Refunded
PAY008477,ORD008477,UPI,Failed
PAY008478,ORD008478,UPI,Refunded
PAY008479,ORD008479,Debit Card,Success
PAY008480,ORD008480,Debit Card,Success
PAY008481,ORD008481,Wallet,Refunded
PAY008482,ORD008482,Wallet,Success
PAY008483,ORD008483,Credit Card,Success
PAY008484,ORD008484,Wallet,Success
PAY008485,ORD008485,Cash,Failed
PAY008486,ORD008486,Credit Card,Success
PAY008487,ORD008487,UPI,Failed
PAY008488,ORD008488,UPI,Success
PAY008489,ORD008489,Wallet,Success
PAY008490,ORD008490,Wallet,Failed
PAY008491,ORD008491,UPI,Success
PAY008492,ORD008492,Credit Card,Success
PAY008493,ORD008493,Credit Card,Success
PAY008494,ORD008494,Debit Card,Success
PAY008495,ORD008495,UPI,Success
PAY008496,ORD008496,Credit Card,Refunded
PAY008497,ORD008497,Credit Card,Success
PAY008498,ORD008498,Wallet,Success
PAY008499,ORD008499,Cash,Success
PAY008500,ORD008500,Cash,Success
PAY008501,ORD008501,Debit Card,Success
PAY008502,ORD008502,Credit Card,Success
PAY008503,ORD008503,Wallet,Success
PAY008504,ORD008504,Debit Card,Success
PAY008505,ORD008505,Debit Card,Refunded
PAY008506,ORD008506,Wallet,Success
PAY008507,ORD008507,UPI,Success
PAY008508,ORD008508,Credit Card,Failed
PAY008509,ORD008509,UPI,Refunded
PAY008510,ORD008510,UPI,Success
PAY008511,ORD008511,UPI,Success
PAY008512,ORD008512,Debit Card,Success
PAY008513,ORD008513,Cash,Success
PAY008514,ORD008514,Cash,Success
PAY008515,ORD008515,Cash,Success
PAY008516,ORD008516,Wallet,Success
PAY008517,ORD008517,Wallet,Success
PAY008518,ORD008518,Wallet,Failed
PAY008519,ORD008519,Cash,Refunded
PAY008520,ORD008520,Wallet,Success
PAY008521,ORD008521,UPI,Success
PAY008522,ORD008522,Debit Card,Success
PAY008523,ORD008523,Credit Card,Success
PAY008524,ORD008524,Cash,Refunded
PAY008525,ORD008525,Debit Card,Failed
PAY008526,ORD008526,Cash,Success
PAY008527,ORD008527,Cash,Refunded
PAY008528,ORD008528,UPI,Success
PAY008529,ORD008529,Debit Card,Success
PAY008530,ORD008530,Wallet,Success
PAY008531,ORD008531,Credit Card,Refunded
PAY008532,ORD008532,Cash,Refunded
PAY008533,ORD008533,Debit Card,Failed
PAY008534,ORD008534,Wallet,Success
PAY008535,ORD008535,Wallet,Success
PAY008536,ORD008536,Wallet,Success
PAY008537,ORD008537,Debit Card,Success
PAY008538,ORD008538,Credit Card,Failed
PAY008539,ORD008539,Wallet,Success
PAY008540,ORD008540,Cash,Success
PAY008541,ORD008541,Debit Card,Success
PAY008542,ORD008542,Wallet,Failed
PAY008543,ORD008543,Debit Card,Success
PAY008544,ORD008544,Wallet,Success
PAY008545,ORD008545,Debit Card,Success
PAY008546,ORD008546,Wallet,Success
PAY008547,ORD008547,Credit Card,Success
PAY008548,ORD008548,Cash,Success
PAY008549,ORD008549,Credit Card,Success
PAY008550,ORD008550,Wallet,Success
PAY008551,ORD008551,Cash,Refunded
PAY008552,ORD008552,Credit Card,Success
PAY008553,ORD008553,Debit Card,Success
PAY008554,ORD008554,Credit Card,Success
PAY008555,ORD008555,Cash,Success
PAY008556,ORD008556,Debit Card,Success
PAY008557,ORD008557,UPI,Success
PAY008558,ORD008558,Wallet,Success
PAY008559,ORD008559,Cash,Success
PAY008560,ORD008560,Credit Card,Success
PAY008561,ORD008561,Credit Card,Success
PAY008562,ORD008562,Cash,Success
PAY008563,ORD008563,Credit Card,Success
PAY008564,ORD008564,Wallet,Success
PAY008565,ORD008565,UPI,Refunded
PAY008566,ORD008566,UPI,Success
PAY008567,ORD008567,UPI,Refunded
PAY008568,ORD008568,Credit Card,Success
PAY008569,ORD008569,Credit Card,Success
PAY008570,ORD008570,UPI,Success
PAY008571,ORD008571,Cash,Failed
PAY008572,ORD008572,UPI,Success
PAY008573,ORD008573,UPI,Failed
PAY008574,ORD008574,Cash,Success
PAY008575,ORD008575,Debit Card,Success
PAY008576,ORD008576,Debit Card,Success
PAY008577,ORD008577,UPI,Success
PAY008578,ORD008578,UPI,Success
PAY008579,ORD008579,Credit Card,Success
PAY008580,ORD008580,UPI,Failed
PAY008581,ORD008581,Debit Card,Success
PAY008582,ORD008582,Wallet,Success
PAY008583,ORD008583,Debit Card,Success
PAY008584,ORD008584,Credit Card,Success
PAY008585,ORD008585,UPI,Failed
PAY008586,ORD008586,Wallet,Refunded
PAY008587,ORD008587,Cash,Failed
PAY008588,ORD008588,UPI,Success
PAY008589,ORD008589,Wallet,Success
PAY008590,ORD008590,Debit Card,Success
PAY008591,ORD008591,UPI,Success
PAY008592,ORD008592,Wallet,Success
PAY008593,ORD008593,Cash,Success
PAY008594,ORD008594,Wallet,Success
PAY008595,ORD008595,Credit Card,Success
PAY008596,ORD008596,UPI,Success
PAY008597,ORD008597,Debit Card,Success
PAY008598,ORD008598,UPI,Success
PAY008599,ORD008599,Debit Card,Success
PAY008600,ORD008600,Wallet,Success
PAY008601,ORD008601,Credit Card,Success
PAY008602,ORD008602,Wallet,Success
PAY008603,ORD008603,Credit Card,Success
PAY008604,ORD008604,Debit Card,Success
PAY008605,ORD008605,Cash,Failed
PAY008606,ORD008606,Debit Card,Success
PAY008607,ORD008607,Debit Card,Failed
PAY008608,ORD008608,Credit Card,Success
PAY008609,ORD008609,Cash,Success
PAY008610,ORD008610,UPI,Success
PAY008611,ORD008611,Wallet,Success
PAY008612,ORD008612,UPI,Success
PAY008613,ORD008613,Cash,Success
PAY008614,ORD008614,Debit Card,Success
PAY008615,ORD008615,Cash,Success
PAY008616,ORD008616,Credit Card,Success
PAY008617,ORD008617,Debit Card,Success
PAY008618,ORD008618,UPI,Success
PAY008619,ORD008619,Debit Card,Success
PAY008620,ORD008620,Cash,Success
PAY008621,ORD008621,Credit Card,Success
PAY008622,ORD008622,Debit Card,Success
PAY008623,ORD008623,Debit Card,Success
PAY008624,ORD008624,Cash,Success
PAY008625,ORD008625,UPI,Success
PAY008626,ORD008626,Wallet,Success
PAY008627,ORD008627,Cash,Success
PAY008628,ORD008628,Wallet,Success
PAY008629,ORD008629,Wallet,Failed
PAY008630,ORD008630,Credit Card,Success
PAY008631,ORD008631,Debit Card,Failed
PAY008632,ORD008632,Debit Card,Success
PAY008633,ORD008633,Credit Card,Success
PAY008634,ORD008634,Credit Card,Success
PAY008635,ORD008635,Wallet,Success
PAY008636,ORD008636,Wallet,Success
PAY008637,ORD008637,Cash,Success
PAY008638,ORD008638,Credit Card,Success
PAY008639,ORD008639,UPI,Success
PAY008640,ORD008640,UPI,Success
PAY008641,ORD008641,Cash,Success
PAY008642,ORD008642,Wallet,Success
PAY008643,ORD008643,Credit Card,Refunded
PAY008644,ORD008644,Wallet,Success
PAY008645,ORD008645,Credit Card,Success
PAY008646,ORD008646,Credit Card,Success
PAY008647,ORD008647,Debit Card,Success
PAY008648,ORD008648,UPI,Success
PAY008649,ORD008649,Wallet,Success
PAY008650,ORD008650,Wallet,Success
PAY008651,ORD008651,Wallet,Failed
PAY008652,ORD008652,UPI,Success
PAY008653,ORD008653,Debit Card,Refunded
PAY008654,ORD008654,UPI,Success
PAY008655,ORD008655,Cash,Success
PAY008656,ORD008656,Cash,Success
PAY008657,ORD008657,Debit Card,Success
PAY008658,ORD008658,UPI,Success
PAY008659,ORD008659,Credit Card,Failed
PAY008660,ORD008660,UPI,Success
PAY008661,ORD008661,Credit Card,Success
PAY008662,ORD008662,Debit Card,Success
PAY008663,ORD008663,Wallet,Success
PAY008664,ORD008664,Debit Card,Success
PAY008665,ORD008665,UPI,Success
PAY008666,ORD008666,Credit Card,Failed
PAY008667,ORD008667,UPI,Success
PAY008668,ORD008668,Cash,Success
PAY008669,ORD008669,Wallet,Success
PAY008670,ORD008670,UPI,Success
PAY008671,ORD008671,Debit Card,Success
PAY008672,ORD008672,Debit Card,Refunded
PAY008673,ORD008673,Debit Card,Refunded
PAY008674,ORD008674,Wallet,Success
PAY008675,ORD008675,Wallet,Success
PAY008676,ORD008676,Debit Card,Success
PAY008677,ORD008677,Wallet,Success
PAY008678,ORD008678,Cash,Success
PAY008679,ORD008679,Cash,Refunded
PAY008680,ORD008680,Credit Card,Success
PAY008681,ORD008681,Cash,Success
PAY008682,ORD008682,UPI,Success
PAY008683,ORD008683,Credit Card,Success
PAY008684,ORD008684,Credit Card,Success
PAY008685,ORD008685,Credit Card,Refunded
PAY008686,ORD008686,Wallet,Success
PAY008687,ORD008687,Debit Card,Success
PAY008688,ORD008688,Debit Card,Success
PAY008689,ORD008689,Credit Card,Success
PAY008690,ORD008690,Debit Card,Success
PAY008691,ORD008691,Credit Card,Success
PAY008692,ORD008692,Credit Card,Success
PAY008693,ORD008693,Wallet,Success
PAY008694,ORD008694,Credit Card,Success
PAY008695,ORD008695,Credit Card,Success
PAY008696,ORD008696,Credit Card,Success
PAY008697,ORD008697,Debit Card,Success
PAY008698,ORD008698,Credit Card,Success
PAY008699,ORD008699,Credit Card,Success
PAY008700,ORD008700,Credit Card,Refunded
PAY008701,ORD008701,Cash,Success
PAY008702,ORD008702,UPI,Success
PAY008703,ORD008703,Cash,Success
PAY008704,ORD008704,Cash,Success
PAY008705,ORD008705,UPI,Success
PAY008706,ORD008706,UPI,Success
PAY008707,ORD008707,Credit Card,Refunded
PAY008708,ORD008708,Wallet,Success
PAY008709,ORD008709,Debit Card,Success
PAY008710,ORD008710,UPI,Failed
PAY008711,ORD008711,Credit Card,Success
PAY008712,ORD008712,UPI,Success
PAY008713,ORD008713,Wallet,Failed
PAY008714,ORD008714,Wallet,Success
PAY008715,ORD008715,Wallet,Refunded
PAY008716,ORD008716,UPI,Success
PAY008717,ORD008717,Cash,Success
PAY008718,ORD008718,Wallet,Success
PAY008719,ORD008719,Wallet,Success
PAY008720,ORD008720,Credit Card,Failed
PAY008721,ORD008721,Debit Card,Success
PAY008722,ORD008722,Cash,Success
PAY008723,ORD008723,Debit Card,Success
PAY008724,ORD008724,Wallet,Success
PAY008725,ORD008725,Debit Card,Success
PAY008726,ORD008726,Wallet,Success
PAY008727,ORD008727,Cash,Success
PAY008728,ORD008728,Debit Card,Success
PAY008729,ORD008729,Wallet,Success
PAY008730,ORD008730,Credit Card,Success
PAY008731,ORD008731,UPI,Success
PAY008732,ORD008732,UPI,Success
PAY008733,ORD008733,Debit Card,Refunded
PAY008734,ORD008734,Credit Card,Success
PAY008735,ORD008735,Credit Card,Refunded
PAY008736,ORD008736,Cash,Success
PAY008737,ORD008737,Credit Card,Success
PAY008738,ORD008738,Credit Card,Success
PAY008739,ORD008739,Cash,Success
PAY008740,ORD008740,Cash,Success
PAY008741,ORD008741,Wallet,Refunded
PAY008742,ORD008742,Debit Card,Success
PAY008743,ORD008743,Credit Card,Failed
PAY008744,ORD008744,Cash,Success
PAY008745,ORD008745,Debit Card,Success
PAY008746,ORD008746,Cash,Success
PAY008747,ORD008747,Credit Card,Success
PAY008748,ORD008748,UPI,Success
PAY008749,ORD008749,Cash,Success
PAY008750,ORD008750,Debit Card,Failed
PAY008751,ORD008751,Debit Card,Success
PAY008752,ORD008752,Wallet,Refunded
PAY008753,ORD008753,Credit Card,Success
PAY008754,ORD008754,UPI,Failed
PAY008755,ORD008755,Credit Card,Success
PAY008756,ORD008756,Cash,Failed
PAY008757,ORD008757,UPI,Success
PAY008758,ORD008758,Credit Card,Success
PAY008759,ORD008759,Credit Card,Success
PAY008760,ORD008760,Credit Card,Success
PAY008761,ORD008761,Debit Card,Success
PAY008762,ORD008762,Debit Card,Success
PAY008763,ORD008763,Debit Card,Success
PAY008764,ORD008764,UPI,Success
PAY008765,ORD008765,Cash,Success
PAY008766,ORD008766,Wallet,Success
PAY008767,ORD008767,Cash,Success
PAY008768,ORD008768,Wallet,Success
PAY008769,ORD008769,Wallet,Refunded
PAY008770,ORD008770,Debit Card,Success
PAY008771,ORD008771,Credit Card,Success
PAY008772,ORD008772,Cash,Success
PAY008773,ORD008773,Credit Card,Failed
PAY008774,ORD008774,Cash,Success
PAY008775,ORD008775,Cash,Refunded
PAY008776,ORD008776,Cash,Success
PAY008777,ORD008777,Cash,Success
PAY008778,ORD008778,Debit Card,Success
PAY008779,ORD008779,Wallet,Success
PAY008780,ORD008780,Debit Card,Success
PAY008781,ORD008781,UPI,Success
PAY008782,ORD008782,Credit Card,Success
PAY008783,ORD008783,UPI,Success
PAY008784,ORD008784,Credit Card,Failed
PAY008785,ORD008785,Cash,Success
PAY008786,ORD008786,Wallet,Success
PAY008787,ORD008787,Cash,Failed
PAY008788,ORD008788,Credit Card,Success
PAY008789,ORD008789,Debit Card,Success
PAY008790,ORD008790,UPI,Success
PAY008791,ORD008791,UPI,Refunded
PAY008792,ORD008792,Wallet,Success
PAY008793,ORD008793,UPI,Success
PAY008794,ORD008794,Cash,Success
PAY008795,ORD008795,Debit Card,Success
PAY008796,ORD008796,Debit Card,Success
PAY008797,ORD008797,Credit Card,Refunded
PAY008798,ORD008798,Cash,Success
PAY008799,ORD008799,Cash,Success
PAY008800,ORD008800,Credit Card,Success
PAY008801,ORD008801,Debit Card,Success
PAY008802,ORD008802,Credit Card,Failed
PAY008803,ORD008803,Credit Card,Success
PAY008804,ORD008804,Credit Card,Success
PAY008805,ORD008805,UPI,Success
PAY008806,ORD008806,UPI,Success
PAY008807,ORD008807,Credit Card,Success
PAY008808,ORD008808,UPI,Success
PAY008809,ORD008809,Cash,Success
PAY008810,ORD008810,Cash,Success
PAY008811,ORD008811,Wallet,Success
PAY008812,ORD008812,UPI,Success
PAY008813,ORD008813,Cash,Success
PAY008814,ORD008814,Cash,Failed
PAY008815,ORD008815,Wallet,Success
PAY008816,ORD008816,Credit Card,Failed
PAY008817,ORD008817,Wallet,Success
PAY008818,ORD008818,Credit Card,Failed
PAY008819,ORD008819,Cash,Success
PAY008820,ORD008820,Debit Card,Success
PAY008821,ORD008821,Credit Card,Success
PAY008822,ORD008822,UPI,Failed
PAY008823,ORD008823,Wallet,Success
PAY008824,ORD008824,Credit Card,Success
PAY008825,ORD008825,Debit Card,Failed
PAY008826,ORD008826,Cash,Success
PAY008827,ORD008827,Debit Card,Success
PAY008828,ORD008828,UPI,Success
PAY008829,ORD008829,Debit Card,Success
PAY008830,ORD008830,Credit Card,Success
PAY008831,ORD008831,Wallet,Failed
PAY008832,ORD008832,Cash,Success
PAY008833,ORD008833,Wallet,Refunded
PAY008834,ORD008834,UPI,Success
PAY008835,ORD008835,Wallet,Success
PAY008836,ORD008836,Wallet,Success
PAY008837,ORD008837,Debit Card,Success
PAY008838,ORD008838,Wallet,Success
PAY008839,ORD008839,UPI,Success
PAY008840,ORD008840,Wallet,Success
PAY008841,ORD008841,Cash,Success
PAY008842,ORD008842,Credit Card,Success
PAY008843,ORD008843,UPI,Failed
PAY008844,ORD008844,UPI,Success
PAY008845,ORD008845,UPI,Success
PAY008846,ORD008846,Wallet,Success
PAY008847,ORD008847,Cash,Refunded
PAY008848,ORD008848,Cash,Success
PAY008849,ORD008849,UPI,Success
PAY008850,ORD008850,UPI,Success
PAY008851,ORD008851,Debit Card,Success
PAY008852,ORD008852,Credit Card,Success
PAY008853,ORD008853,UPI,Success
PAY008854,ORD008854,Wallet,Success
PAY008855,ORD008855,Debit Card,Success
PAY008856,ORD008856,Debit Card,Success
PAY008857,ORD008857,Wallet,Success
PAY008858,ORD008858,UPI,Success
PAY008859,ORD008859,Wallet,Refunded
PAY008860,ORD008860,Cash,Success
PAY008861,ORD008861,Credit Card,Success
PAY008862,ORD008862,Cash,Success
PAY008863,ORD008863,Cash,Success
PAY008864,ORD008864,Credit Card,Success
PAY008865,ORD008865,Cash,Success
PAY008866,ORD008866,UPI,Success
PAY008867,ORD008867,Cash,Success
PAY008868,ORD008868,Debit Card,Success
PAY008869,ORD008869,Cash,Success
PAY008870,ORD008870,Wallet,Success
PAY008871,ORD008871,UPI,Success
PAY008872,ORD008872,Debit Card,Success
PAY008873,ORD008873,Cash,Success
PAY008874,ORD008874,Credit Card,Success
PAY008875,ORD008875,UPI,Failed
PAY008876,ORD008876,Credit Card,Success
PAY008877,ORD008877,Wallet,Success
PAY008878,ORD008878,Cash,Success
PAY008879,ORD008879,UPI,Success
PAY008880,ORD008880,Debit Card,Success
PAY008881,ORD008881,UPI,Success
PAY008882,ORD008882,Cash,Success
PAY008883,ORD008883,Credit Card,Success
PAY008884,ORD008884,Credit Card,Success
PAY008885,ORD008885,Wallet,Success
PAY008886,ORD008886,Debit Card,Success
PAY008887,ORD008887,Credit Card,Success
PAY008888,ORD008888,Wallet,Success
PAY008889,ORD008889,Credit Card,Success
PAY008890,ORD008890,UPI,Success
PAY008891,ORD008891,Wallet,Refunded
PAY008892,ORD008892,UPI,Success
PAY008893,ORD008893,Debit Card,Refunded
PAY008894,ORD008894,Cash,Refunded
PAY008895,ORD008895,Wallet,Failed
PAY008896,ORD008896,Wallet,Success
PAY008897,ORD008897,Wallet,Success
PAY008898,ORD008898,Cash,Refunded
PAY008899,ORD008899,Debit Card,Failed
PAY008900,ORD008900,UPI,Success
PAY008901,ORD008901,Wallet,Success
PAY008902,ORD008902,Credit Card,Failed
PAY008903,ORD008903,Wallet,Success
PAY008904,ORD008904,Cash,Success
PAY008905,ORD008905,Credit Card,Success
PAY008906,ORD008906,UPI,Success
PAY008907,ORD008907,UPI,Success
PAY008908,ORD008908,Credit Card,Success
PAY008909,ORD008909,UPI,Refunded
PAY008910,ORD008910,Cash,Success
PAY008911,ORD008911,Wallet,Success
PAY008912,ORD008912,Wallet,Success
PAY008913,ORD008913,Credit Card,Success
PAY008914,ORD008914,Debit Card,Success
PAY008915,ORD008915,Debit Card,Refunded
PAY008916,ORD008916,Cash,Success
PAY008917,ORD008917,UPI,Refunded
PAY008918,ORD008918,Credit Card,Success
PAY008919,ORD008919,Credit Card,Success
PAY008920,ORD008920,Debit Card,Success
PAY008921,ORD008921,UPI,Success
PAY008922,ORD008922,Wallet,Success
PAY008923,ORD008923,Debit Card,Success
PAY008924,ORD008924,Debit Card,Success
PAY008925,ORD008925,Debit Card,Success
PAY008926,ORD008926,Cash,Failed
PAY008927,ORD008927,Cash,Failed
PAY008928,ORD008928,Debit Card,Success
PAY008929,ORD008929,Cash,Failed
PAY008930,ORD008930,Credit Card,Success
PAY008931,ORD008931,UPI,Success
PAY008932,ORD008932,Wallet,Success
PAY008933,ORD008933,Wallet,Success
PAY008934,ORD008934,UPI,Success
PAY008935,ORD008935,UPI,Refunded
PAY008936,ORD008936,Debit Card,Success
PAY008937,ORD008937,Wallet,Success
PAY008938,ORD008938,Debit Card,Success
PAY008939,ORD008939,UPI,Success
PAY008940,ORD008940,Cash,Success
PAY008941,ORD008941,UPI,Success
PAY008942,ORD008942,Cash,Success
PAY008943,ORD008943,UPI,Success
PAY008944,ORD008944,Wallet,Refunded
PAY008945,ORD008945,UPI,Success
PAY008946,ORD008946,Credit Card,Success
PAY008947,ORD008947,Cash,Success
PAY008948,ORD008948,UPI,Success
PAY008949,ORD008949,UPI,Refunded
PAY008950,ORD008950,Debit Card,Success
PAY008951,ORD008951,Credit Card,Success
PAY008952,ORD008952,UPI,Success
PAY008953,ORD008953,UPI,Success
PAY008954,ORD008954,Cash,Success
PAY008955,ORD008955,Cash,Refunded
PAY008956,ORD008956,Cash,Failed
PAY008957,ORD008957,Wallet,Success
PAY008958,ORD008958,Cash,Success
PAY008959,ORD008959,Cash,Success
PAY008960,ORD008960,Cash,Success
PAY008961,ORD008961,Cash,Success
PAY008962,ORD008962,UPI,Success
PAY008963,ORD008963,UPI,Success
PAY008964,ORD008964,Debit Card,Success
PAY008965,ORD008965,Debit Card,Success
PAY008966,ORD008966,Debit Card,Failed
PAY008967,ORD008967,Credit Card,Success
PAY008968,ORD008968,Debit Card,Success
PAY008969,ORD008969,Debit Card,Success
PAY008970,ORD008970,Debit Card,Success
PAY008971,ORD008971,Debit Card,Failed
PAY008972,ORD008972,Debit Card,Success
PAY008973,ORD008973,Wallet,Success
PAY008974,ORD008974,Cash,Failed
PAY008975,ORD008975,UPI,Success
PAY008976,ORD008976,Cash,Success
PAY008977,ORD008977,Credit Card,Success
PAY008978,ORD008978,UPI,Refunded
PAY008979,ORD008979,Debit Card,Success
PAY008980,ORD008980,Credit Card,Success
PAY008981,ORD008981,Wallet,Success
PAY008982,ORD008982,Credit Card,Success
PAY008983,ORD008983,UPI,Failed
PAY008984,ORD008984,Debit Card,Success
PAY008985,ORD008985,Debit Card,Failed
PAY008986,ORD008986,Credit Card,Success
PAY008987,ORD008987,Debit Card,Success
PAY008988,ORD008988,Credit Card,Refunded
PAY008989,ORD008989,Cash,Success
PAY008990,ORD008990,UPI,Success
PAY008991,ORD008991,Cash,Failed
PAY008992,ORD008992,Credit Card,Success
PAY008993,ORD008993,Debit Card,Success
PAY008994,ORD008994,Credit Card,Success
PAY008995,ORD008995,UPI,Failed
PAY008996,ORD008996,UPI,Success
PAY008997,ORD008997,Debit Card,Success
PAY008998,ORD008998,Credit Card,Failed
PAY008999,ORD008999,Cash,Success
PAY009000,ORD009000,Credit Card,Success
PAY009001,ORD009001,UPI,Failed
PAY009002,ORD009002,UPI,Success
PAY009003,ORD009003,Wallet,Success
PAY009004,ORD009004,Cash,Success
PAY009005,ORD009005,Credit Card,Success
PAY009006,ORD009006,Debit Card,Success
PAY009007,ORD009007,Credit Card,Success
PAY009008,ORD009008,UPI,Success
PAY009009,ORD009009,UPI,Success
PAY009010,ORD009010,Wallet,Success
PAY009011,ORD009011,Credit Card,Success
PAY009012,ORD009012,UPI,Refunded
PAY009013,ORD009013,Debit Card,Success
PAY009014,ORD009014,UPI,Refunded
PAY009015,ORD009015,Credit Card,Success
PAY009016,ORD009016,Credit Card,Success
PAY009017,ORD009017,Debit Card,Success
PAY009018,ORD009018,Credit Card,Success
PAY009019,ORD009019,UPI,Success
PAY009020,ORD009020,Credit Card,Success
PAY009021,ORD009021,Wallet,Refunded
PAY009022,ORD009022,Debit Card,Success
PAY009023,ORD009023,Wallet,Success
PAY009024,ORD009024,Debit Card,Success
PAY009025,ORD009025,Cash,Success
PAY009026,ORD009026,Wallet,Success
PAY009027,ORD009027,Credit Card,Success
PAY009028,ORD009028,Wallet,Success
PAY009029,ORD009029,UPI,Success
PAY009030,ORD009030,Wallet,Success
PAY009031,ORD009031,Credit Card,Success
PAY009032,ORD009032,Cash,Success
PAY009033,ORD009033,Debit Card,Success
PAY009034,ORD009034,Debit Card,Success
PAY009035,ORD009035,Wallet,Failed
PAY009036,ORD009036,Debit Card,Success
PAY009037,ORD009037,Cash,Success
PAY009038,ORD009038,Credit Card,Success
PAY009039,ORD009039,Cash,Refunded
PAY009040,ORD009040,UPI,Success
PAY009041,ORD009041,Wallet,Success
PAY009042,ORD009042,UPI,Success
PAY009043,ORD009043,Debit Card,Success
PAY009044,ORD009044,UPI,Success
PAY009045,ORD009045,Cash,Success
PAY009046,ORD009046,Cash,Success
PAY009047,ORD009047,Cash,Success
PAY009048,ORD009048,Debit Card,Success
PAY009049,ORD009049,Wallet,Success
PAY009050,ORD009050,Credit Card,Success
PAY009051,ORD009051,Credit Card,Success
PAY009052,ORD009052,Credit Card,Success
PAY009053,ORD009053,Wallet,Success
PAY009054,ORD009054,Debit Card,Success
PAY009055,ORD009055,Credit Card,Success
PAY009056,ORD009056,Debit Card,Success
PAY009057,ORD009057,Credit Card,Success
PAY009058,ORD009058,Debit Card,Success
PAY009059,ORD009059,Credit Card,Success
PAY009060,ORD009060,Wallet,Success
PAY009061,ORD009061,UPI,Success
PAY009062,ORD009062,Wallet,Success
PAY009063,ORD009063,Debit Card,Success
PAY009064,ORD009064,Cash,Success
PAY009065,ORD009065,Credit Card,Refunded
PAY009066,ORD009066,Credit Card,Success
PAY009067,ORD009067,Cash,Success
PAY009068,ORD009068,UPI,Success
PAY009069,ORD009069,UPI,Success
PAY009070,ORD009070,UPI,Failed
PAY009071,ORD009071,Debit Card,Success
PAY009072,ORD009072,Wallet,Success
PAY009073,ORD009073,Cash,Success
PAY009074,ORD009074,Debit Card,Success
PAY009075,ORD009075,UPI,Success
PAY009076,ORD009076,Cash,Success
PAY009077,ORD009077,UPI,Success
PAY009078,ORD009078,Credit Card,Success
PAY009079,ORD009079,UPI,Success
PAY009080,ORD009080,Wallet,Success
PAY009081,ORD009081,Wallet,Success
PAY009082,ORD009082,Wallet,Failed
PAY009083,ORD009083,Credit Card,Success
PAY009084,ORD009084,Debit Card,Success
PAY009085,ORD009085,Cash,Success
PAY009086,ORD009086,Cash,Success
PAY009087,ORD009087,Credit Card,Success
PAY009088,ORD009088,UPI,Success
PAY009089,ORD009089,Wallet,Success
PAY009090,ORD009090,Debit Card,Success
PAY009091,ORD009091,UPI,Success
PAY009092,ORD009092,UPI,Success
PAY009093,ORD009093,Credit Card,Success
PAY009094,ORD009094,Cash,Success
PAY009095,ORD009095,UPI,Failed
PAY009096,ORD009096,UPI,Refunded
PAY009097,ORD009097,Debit Card,Success
PAY009098,ORD009098,Debit Card,Success
PAY009099,ORD009099,Wallet,Success
PAY009100,ORD009100,UPI,Failed
PAY009101,ORD009101,Credit Card,Success
PAY009102,ORD009102,Debit Card,Success
PAY009103,ORD009103,UPI,Success
PAY009104,ORD009104,Wallet,Success
PAY009105,ORD009105,Cash,Success
PAY009106,ORD009106,Credit Card,Success
PAY009107,ORD009107,Credit Card,Success
PAY009108,ORD009108,Cash,Success
PAY009109,ORD009109,Wallet,Success
PAY009110,ORD009110,UPI,Success
PAY009111,ORD009111,Debit Card,Refunded
PAY009112,ORD009112,UPI,Success
PAY009113,ORD009113,Wallet,Success
PAY009114,ORD009114,Wallet,Success
PAY009115,ORD009115,UPI,Failed
PAY009116,ORD009116,Cash,Refunded
PAY009117,ORD009117,Cash,Success
PAY009118,ORD009118,Debit Card,Success
PAY009119,ORD009119,Debit Card,Success
PAY009120,ORD009120,UPI,Success
PAY009121,ORD009121,Wallet,Success
PAY009122,ORD009122,Debit Card,Success
PAY009123,ORD009123,Debit Card,Success
PAY009124,ORD009124,Cash,Success
PAY009125,ORD009125,Credit Card,Success
PAY009126,ORD009126,Debit Card,Success
PAY009127,ORD009127,Wallet,Success
PAY009128,ORD009128,Debit Card,Failed
PAY009129,ORD009129,Credit Card,Success
PAY009130,ORD009130,Wallet,Failed
PAY009131,ORD009131,Credit Card,Success
PAY009132,ORD009132,Credit Card,Success
PAY009133,ORD009133,Debit Card,Success
PAY009134,ORD009134,Cash,Success
PAY009135,ORD009135,Wallet,Success
PAY009136,ORD009136,Credit Card,Success
PAY009137,ORD009137,Cash,Refunded
PAY009138,ORD009138,Debit Card,Success
PAY009139,ORD009139,Wallet,Success
PAY009140,ORD009140,UPI,Success
PAY009141,ORD009141,Credit Card,Success
PAY009142,ORD009142,Credit Card,Success
PAY009143,ORD009143,UPI,Success
PAY009144,ORD009144,Cash,Success
PAY009145,ORD009145,Wallet,Success
PAY009146,ORD009146,Wallet,Failed
PAY009147,ORD009147,Debit Card,Success
PAY009148,ORD009148,UPI,Success
PAY009149,ORD009149,UPI,Success
PAY009150,ORD009150,Debit Card,Success
PAY009151,ORD009151,Credit Card,Success
PAY009152,ORD009152,Cash,Success
PAY009153,ORD009153,Wallet,Success
PAY009154,ORD009154,UPI,Success
PAY009155,ORD009155,Cash,Success
PAY009156,ORD009156,Wallet,Success
PAY009157,ORD009157,Wallet,Success
PAY009158,ORD009158,UPI,Success
PAY009159,ORD009159,UPI,Success
PAY009160,ORD009160,Credit Card,Failed
PAY009161,ORD009161,Credit Card,Success
PAY009162,ORD009162,Credit Card,Success
PAY009163,ORD009163,Debit Card,Success
PAY009164,ORD009164,Credit Card,Refunded
PAY009165,ORD009165,Cash,Failed
PAY009166,ORD009166,Credit Card,Success
PAY009167,ORD009167,Credit Card,Success
PAY009168,ORD009168,Wallet,Success
PAY009169,ORD009169,Cash,Success
PAY009170,ORD009170,UPI,Success
PAY009171,ORD009171,Credit Card,Success
PAY009172,ORD009172,UPI,Success
PAY009173,ORD009173,Credit Card,Success
PAY009174,ORD009174,UPI,Success
PAY009175,ORD009175,Debit Card,Refunded
PAY009176,ORD009176,Wallet,Success
PAY009177,ORD009177,UPI,Success
PAY009178,ORD009178,Wallet,Failed
PAY009179,ORD009179,Wallet,Success
PAY009180,ORD009180,Cash,Success
PAY009181,ORD009181,Debit Card,Success
PAY009182,ORD009182,Wallet,Success
PAY009183,ORD009183,Cash,Success
PAY009184,ORD009184,Credit Card,Refunded
PAY009185,ORD009185,UPI,Success
PAY009186,ORD009186,Wallet,Success
PAY009187,ORD009187,Cash,Success
PAY009188,ORD009188,Wallet,Success
PAY009189,ORD009189,UPI,Refunded
PAY009190,ORD009190,UPI,Success
PAY009191,ORD009191,Wallet,Success
PAY009192,ORD009192,Wallet,Success
PAY009193,ORD009193,Cash,Refunded
PAY009194,ORD009194,Credit Card,Success
PAY009195,ORD009195,Credit Card,Success
PAY009196,ORD009196,Cash,Failed
PAY009197,ORD009197,Cash,Failed
PAY009198,ORD009198,Wallet,Success
PAY009199,ORD009199,Wallet,Success
PAY009200,ORD009200,Debit Card,Success
PAY009201,ORD009201,Cash,Success
PAY009202,ORD009202,Credit Card,Failed
PAY009203,ORD009203,Wallet,Success
PAY009204,ORD009204,Cash,Success
PAY009205,ORD009205,Cash,Success
PAY009206,ORD009206,Wallet,Failed
PAY009207,ORD009207,Cash,Success
PAY009208,ORD009208,Cash,Success
PAY009209,ORD009209,Credit Card,Failed
PAY009210,ORD009210,Wallet,Success
PAY009211,ORD009211,Debit Card,Success
PAY009212,ORD009212,Debit Card,Success
PAY009213,ORD009213,UPI,Success
PAY009214,ORD009214,UPI,Success
PAY009215,ORD009215,Credit Card,Failed
PAY009216,ORD009216,Debit Card,Failed
PAY009217,ORD009217,Wallet,Success
PAY009218,ORD009218,UPI,Success
PAY009219,ORD009219,Credit Card,Failed
PAY009220,ORD009220,Debit Card,Refunded
PAY009221,ORD009221,Credit Card,Success
PAY009222,ORD009222,Credit Card,Success
PAY009223,ORD009223,Debit Card,Success
PAY009224,ORD009224,Wallet,Refunded
PAY009225,ORD009225,Wallet,Success
PAY009226,ORD009226,Debit Card,Success
PAY009227,ORD009227,Cash,Failed
PAY009228,ORD009228,Cash,Success
PAY009229,ORD009229,Debit Card,Success
PAY009230,ORD009230,UPI,Failed
PAY009231,ORD009231,Cash,Success
PAY009232,ORD009232,Credit Card,Success
PAY009233,ORD009233,Cash,Success
PAY009234,ORD009234,Cash,Success
PAY009235,ORD009235,Credit Card,Success
PAY009236,ORD009236,UPI,Success
PAY009237,ORD009237,Cash,Refunded
PAY009238,ORD009238,Wallet,Success
PAY009239,ORD009239,Debit Card,Refunded
PAY009240,ORD009240,Debit Card,Success
PAY009241,ORD009241,Credit Card,Success
PAY009242,ORD009242,Credit Card,Success
PAY009243,ORD009243,Cash,Success
PAY009244,ORD009244,Cash,Success
PAY009245,ORD009245,Cash,Success
PAY009246,ORD009246,Cash,Success
PAY009247,ORD009247,Wallet,Success
PAY009248,ORD009248,Credit Card,Success
PAY009249,ORD009249,UPI,Success
PAY009250,ORD009250,Cash,Success
PAY009251,ORD009251,Credit Card,Success
PAY009252,ORD009252,Wallet,Success
PAY009253,ORD009253,UPI,Failed
PAY009254,ORD009254,Cash,Success
PAY009255,ORD009255,UPI,Success
PAY009256,ORD009256,Credit Card,Success
PAY009257,ORD009257,Credit Card,Success
PAY009258,ORD009258,Debit Card,Success
PAY009259,ORD009259,Cash,Success
PAY009260,ORD009260,UPI,Success
PAY009261,ORD009261,UPI,Success
PAY009262,ORD009262,Credit Card,Success
PAY009263,ORD009263,Wallet,Refunded
PAY009264,ORD009264,UPI,Success
PAY009265,ORD009265,Wallet,Failed
PAY009266,ORD009266,Credit Card,Success
PAY009267,ORD009267,Cash,Success
PAY009268,ORD009268,Debit Card,Success
PAY009269,ORD009269,Cash,Refunded
PAY009270,ORD009270,Debit Card,Success
PAY009271,ORD009271,UPI,Success
PAY009272,ORD009272,Wallet,Success
PAY009273,ORD009273,UPI,Success
PAY009274,ORD009274,Credit Card,Success
PAY009275,ORD009275,Debit Card,Success
PAY009276,ORD009276,Cash,Success
PAY009277,ORD009277,Cash,Success
PAY009278,ORD009278,Cash,Success
PAY009279,ORD009279,Debit Card,Refunded
PAY009280,ORD009280,Debit Card,Success
PAY009281,ORD009281,Cash,Success
PAY009282,ORD009282,Debit Card,Success
PAY009283,ORD009283,Cash,Failed
PAY009284,ORD009284,Wallet,Failed
PAY009285,ORD009285,Cash,Success
PAY009286,ORD009286,Wallet,Refunded
PAY009287,ORD009287,Debit Card,Success
PAY009288,ORD009288,UPI,Success
PAY009289,ORD009289,Credit Card,Success
PAY009290,ORD009290,Credit Card,Success
PAY009291,ORD009291,Debit Card,Success
PAY009292,ORD009292,Credit Card,Success
PAY009293,ORD009293,Cash,Success
PAY009294,ORD009294,Credit Card,Success
PAY009295,ORD009295,Cash,Success
PAY009296,ORD009296,Cash,Success
PAY009297,ORD009297,UPI,Refunded
PAY009298,ORD009298,Credit Card,Success
PAY009299,ORD009299,Credit Card,Success
PAY009300,ORD009300,UPI,Success
PAY009301,ORD009301,Credit Card,Success
PAY009302,ORD009302,UPI,Success
PAY009303,ORD009303,Debit Card,Success
PAY009304,ORD009304,Credit Card,Success
PAY009305,ORD009305,UPI,Success
PAY009306,ORD009306,Cash,Success
PAY009307,ORD009307,Credit Card,Refunded
PAY009308,ORD009308,Wallet,Success
PAY009309,ORD009309,Debit Card,Refunded
PAY009310,ORD009310,UPI,Success
PAY009311,ORD009311,UPI,Success
PAY009312,ORD009312,Cash,Success
PAY009313,ORD009313,UPI,Success
PAY009314,ORD009314,Credit Card,Success
PAY009315,ORD009315,Credit Card,Failed
PAY009316,ORD009316,Wallet,Success
PAY009317,ORD009317,Wallet,Failed
PAY009318,ORD009318,Credit Card,Failed
PAY009319,ORD009319,Credit Card,Success
PAY009320,ORD009320,Credit Card,Success
PAY009321,ORD009321,Cash,Success
PAY009322,ORD009322,UPI,Success
PAY009323,ORD009323,Cash,Success
PAY009324,ORD009324,Debit Card,Success
PAY009325,ORD009325,Credit Card,Success
PAY009326,ORD009326,Wallet,Success
PAY009327,ORD009327,Credit Card,Success
PAY009328,ORD009328,Cash,Success
PAY009329,ORD009329,Debit Card,Success
PAY009330,ORD009330,Cash,Success
PAY009331,ORD009331,UPI,Success
PAY009332,ORD009332,Credit Card,Success
PAY009333,ORD009333,Wallet,Success
PAY009334,ORD009334,Wallet,Success
PAY009335,ORD009335,UPI,Success
PAY009336,ORD009336,Wallet,Success
PAY009337,ORD009337,Debit Card,Success
PAY009338,ORD009338,UPI,Success
PAY009339,ORD009339,Credit Card,Success
PAY009340,ORD009340,Wallet,Success
PAY009341,ORD009341,Credit Card,Success
PAY009342,ORD009342,Cash,Success
PAY009343,ORD009343,Debit Card,Success
PAY009344,ORD009344,Credit Card,Failed
PAY009345,ORD009345,Wallet,Success
PAY009346,ORD009346,Cash,Success
PAY009347,ORD009347,UPI,Success
PAY009348,ORD009348,Wallet,Success
PAY009349,ORD009349,Debit Card,Success
PAY009350,ORD009350,UPI,Success
PAY009351,ORD009351,Debit Card,Success
PAY009352,ORD009352,Credit Card,Success
PAY009353,ORD009353,Cash,Failed
PAY009354,ORD009354,Wallet,Success
PAY009355,ORD009355,Cash,Success
PAY009356,ORD009356,Cash,Refunded
PAY009357,ORD009357,UPI,Success
PAY009358,ORD009358,Wallet,Refunded
PAY009359,ORD009359,Credit Card,Success
PAY009360,ORD009360,Cash,Success
PAY009361,ORD009361,UPI,Success
PAY009362,ORD009362,Wallet,Success
PAY009363,ORD009363,Credit Card,Success
PAY009364,ORD009364,Wallet,Success
PAY009365,ORD009365,Wallet,Success
PAY009366,ORD009366,Credit Card,Success
PAY009367,ORD009367,Debit Card,Success
PAY009368,ORD009368,UPI,Success
PAY009369,ORD009369,UPI,Success
PAY009370,ORD009370,Credit Card,Success
PAY009371,ORD009371,Debit Card,Success
PAY009372,ORD009372,Wallet,Success
PAY009373,ORD009373,Cash,Success
PAY009374,ORD009374,Debit Card,Success
PAY009375,ORD009375,Credit Card,Success
PAY009376,ORD009376,Debit Card,Success
PAY009377,ORD009377,UPI,Refunded
PAY009378,ORD009378,Wallet,Refunded
PAY009379,ORD009379,Debit Card,Success
PAY009380,ORD009380,Credit Card,Success
PAY009381,ORD009381,Cash,Failed
PAY009382,ORD009382,UPI,Refunded
PAY009383,ORD009383,Wallet,Success
PAY009384,ORD009384,Cash,Refunded
PAY009385,ORD009385,UPI,Success
PAY009386,ORD009386,UPI,Success
PAY009387,ORD009387,Debit Card,Success
PAY009388,ORD009388,Debit Card,Success
PAY009389,ORD009389,Wallet,Success
PAY009390,ORD009390,Credit Card,Success
PAY009391,ORD009391,Debit Card,Success
PAY009392,ORD009392,UPI,Refunded
PAY009393,ORD009393,Credit Card,Success
PAY009394,ORD009394,Credit Card,Success
PAY009395,ORD009395,Cash,Success
PAY009396,ORD009396,Credit Card,Success
PAY009397,ORD009397,Credit Card,Success
PAY009398,ORD009398,Debit Card,Success
PAY009399,ORD009399,Credit Card,Success
PAY009400,ORD009400,Wallet,Success
PAY009401,ORD009401,Wallet,Success
PAY009402,ORD009402,Cash,Success
PAY009403,ORD009403,UPI,Success
PAY009404,ORD009404,UPI,Success
PAY009405,ORD009405,Wallet,Success
PAY009406,ORD009406,Wallet,Success
PAY009407,ORD009407,UPI,Success
PAY009408,ORD009408,Cash,Success
PAY009409,ORD009409,Wallet,Failed
PAY009410,ORD009410,Debit Card,Success
PAY009411,ORD009411,Wallet,Success
PAY009412,ORD009412,Credit Card,Success
PAY009413,ORD009413,Debit Card,Failed
PAY009414,ORD009414,Debit Card,Success
PAY009415,ORD009415,Credit Card,Success
PAY009416,ORD009416,Cash,Success
PAY009417,ORD009417,UPI,Failed
PAY009418,ORD009418,UPI,Success
PAY009419,ORD009419,UPI,Success
PAY009420,ORD009420,Debit Card,Success
PAY009421,ORD009421,Credit Card,Success
PAY009422,ORD009422,UPI,Success
PAY009423,ORD009423,Cash,Success
PAY009424,ORD009424,Wallet,Failed
PAY009425,ORD009425,Cash,Success
PAY009426,ORD009426,Credit Card,Refunded
PAY009427,ORD009427,Credit Card,Refunded
PAY009428,ORD009428,Debit Card,Success
PAY009429,ORD009429,Credit Card,Success
PAY009430,ORD009430,Credit Card,Success
PAY009431,ORD009431,Credit Card,Success
PAY009432,ORD009432,Cash,Success
PAY009433,ORD009433,UPI,Success
PAY009434,ORD009434,Wallet,Success
PAY009435,ORD009435,Credit Card,Failed
PAY009436,ORD009436,UPI,Success
PAY009437,ORD009437,Credit Card,Success
PAY009438,ORD009438,Wallet,Success
PAY009439,ORD009439,Credit Card,Success
PAY009440,ORD009440,Credit Card,Success
PAY009441,ORD009441,UPI,Success
PAY009442,ORD009442,Wallet,Success
PAY009443,ORD009443,Credit Card,Success
PAY009444,ORD009444,Wallet,Success
PAY009445,ORD009445,Cash,Success
PAY009446,ORD009446,UPI,Success
PAY009447,ORD009447,Cash,Success
PAY009448,ORD009448,Cash,Success
PAY009449,ORD009449,Credit Card,Success
PAY009450,ORD009450,Wallet,Success
PAY009451,ORD009451,Wallet,Success
PAY009452,ORD009452,Debit Card,Refunded
PAY009453,ORD009453,Debit Card,Success
PAY009454,ORD009454,Cash,Success
PAY009455,ORD009455,Cash,Success
PAY009456,ORD009456,Debit Card,Success
PAY009457,ORD009457,Wallet,Success
PAY009458,ORD009458,UPI,Success
PAY009459,ORD009459,Credit Card,Success
PAY009460,ORD009460,Cash,Success
PAY009461,ORD009461,Cash,Failed
PAY009462,ORD009462,Wallet,Success
PAY009463,ORD009463,Cash,Success
PAY009464,ORD009464,Debit Card,Success
PAY009465,ORD009465,UPI,Success
PAY009466,ORD009466,Wallet,Success
PAY009467,ORD009467,UPI,Refunded
PAY009468,ORD009468,Credit Card,Success
PAY009469,ORD009469,Debit Card,Success
PAY009470,ORD009470,Wallet,Success
PAY009471,ORD009471,Debit Card,Refunded
PAY009472,ORD009472,Wallet,Success
PAY009473,ORD009473,Debit Card,Success
PAY009474,ORD009474,UPI,Refunded
PAY009475,ORD009475,Debit Card,Success
PAY009476,ORD009476,Cash,Success
PAY009477,ORD009477,Cash,Success
PAY009478,ORD009478,Debit Card,Success
PAY009479,ORD009479,Cash,Success
PAY009480,ORD009480,Wallet,Success
PAY009481,ORD009481,Debit Card,Refunded
PAY009482,ORD009482,Debit Card,Success
PAY009483,ORD009483,UPI,Refunded
PAY009484,ORD009484,Debit Card,Success
PAY009485,ORD009485,Debit Card,Success
PAY009486,ORD009486,Credit Card,Success
PAY009487,ORD009487,UPI,Refunded
PAY009488,ORD009488,Cash,Refunded
PAY009489,ORD009489,Credit Card,Success
PAY009490,ORD009490,UPI,Success
PAY009491,ORD009491,Debit Card,Success
PAY009492,ORD009492,Wallet,Success
PAY009493,ORD009493,UPI,Refunded
PAY009494,ORD009494,UPI,Refunded
PAY009495,ORD009495,UPI,Success
PAY009496,ORD009496,Credit Card,Success
PAY009497,ORD009497,Debit Card,Success
PAY009498,ORD009498,Credit Card,Success
PAY009499,ORD009499,Debit Card,Success
PAY009500,ORD009500,Debit Card,Failed
PAY009501,ORD009501,Credit Card,Success
PAY009502,ORD009502,Cash,Success
PAY009503,ORD009503,Cash,Success
PAY009504,ORD009504,Cash,Success
PAY009505,ORD009505,Wallet,Failed
PAY009506,ORD009506,Wallet,Refunded
PAY009507,ORD009507,Wallet,Success
PAY009508,ORD009508,Credit Card,Success
PAY009509,ORD009509,Credit Card,Refunded
PAY009510,ORD009510,Wallet,Success
PAY009511,ORD009511,Debit Card,Success
PAY009512,ORD009512,UPI,Success
PAY009513,ORD009513,Debit Card,Success
PAY009514,ORD009514,UPI,Success
PAY009515,ORD009515,Credit Card,Success
PAY009516,ORD009516,UPI,Success
PAY009517,ORD009517,Credit Card,Success
PAY009518,ORD009518,UPI,Success
PAY009519,ORD009519,Debit Card,Success
PAY009520,ORD009520,Debit Card,Success
PAY009521,ORD009521,Debit Card,Success
PAY009522,ORD009522,Credit Card,Success
PAY009523,ORD009523,Wallet,Success
PAY009524,ORD009524,Wallet,Refunded
PAY009525,ORD009525,Debit Card,Failed
PAY009526,ORD009526,UPI,Success
PAY009527,ORD009527,UPI,Success
PAY009528,ORD009528,Credit Card,Success
PAY009529,ORD009529,Wallet,Success
PAY009530,ORD009530,Cash,Success
PAY009531,ORD009531,Wallet,Success
PAY009532,ORD009532,Credit Card,Success
PAY009533,ORD009533,Cash,Success
PAY009534,ORD009534,UPI,Refunded
PAY009535,ORD009535,UPI,Success
PAY009536,ORD009536,UPI,Success
PAY009537,ORD009537,Credit Card,Success
PAY009538,ORD009538,Credit Card,Success
PAY009539,ORD009539,Debit Card,Success
PAY009540,ORD009540,Wallet,Success
PAY009541,ORD009541,Wallet,Success
PAY009542,ORD009542,Cash,Success
PAY009543,ORD009543,Debit Card,Success
PAY009544,ORD009544,Credit Card,Success
PAY009545,ORD009545,Credit Card,Success
PAY009546,ORD009546,Cash,Success
PAY009547,ORD009547,Debit Card,Refunded
PAY009548,ORD009548,UPI,Success
PAY009549,ORD009549,UPI,Refunded
PAY009550,ORD009550,UPI,Success
PAY009551,ORD009551,Debit Card,Success
PAY009552,ORD009552,UPI,Success
PAY009553,ORD009553,Wallet,Success
PAY009554,ORD009554,Credit Card,Success
PAY009555,ORD009555,Credit Card,Success
PAY009556,ORD009556,Wallet,Success
PAY009557,ORD009557,UPI,Success
PAY009558,ORD009558,Wallet,Success
PAY009559,ORD009559,Debit Card,Success
PAY009560,ORD009560,Debit Card,Success
PAY009561,ORD009561,Wallet,Success
PAY009562,ORD009562,Debit Card,Success
PAY009563,ORD009563,UPI,Success
PAY009564,ORD009564,Credit Card,Success
PAY009565,ORD009565,UPI,Success
PAY009566,ORD009566,Debit Card,Success
PAY009567,ORD009567,Debit Card,Refunded
PAY009568,ORD009568,Debit Card,Failed
PAY009569,ORD009569,Wallet,Success
PAY009570,ORD009570,Cash,Success
PAY009571,ORD009571,Wallet,Success
PAY009572,ORD009572,Wallet,Success
PAY009573,ORD009573,Debit Card,Success
PAY009574,ORD009574,Cash,Success
PAY009575,ORD009575,Credit Card,Success
PAY009576,ORD009576,Credit Card,Success
PAY009577,ORD009577,Credit Card,Success
PAY009578,ORD009578,Credit Card,Refunded
PAY009579,ORD009579,Wallet,Refunded
PAY009580,ORD009580,Wallet,Success
PAY009581,ORD009581,UPI,Success
PAY009582,ORD009582,UPI,Success
PAY009583,ORD009583,Cash,Success
PAY009584,ORD009584,Credit Card,Success
PAY009585,ORD009585,Cash,Success
PAY009586,ORD009586,Cash,Success
PAY009587,ORD009587,Cash,Success
PAY009588,ORD009588,Credit Card,Success
PAY009589,ORD009589,Debit Card,Success
PAY009590,ORD009590,Debit Card,Success
PAY009591,ORD009591,Credit Card,Success
PAY009592,ORD009592,Wallet,Success
PAY009593,ORD009593,Wallet,Success
PAY009594,ORD009594,Credit Card,Success
PAY009595,ORD009595,Credit Card,Refunded
PAY009596,ORD009596,Credit Card,Success
PAY009597,ORD009597,Wallet,Success
PAY009598,ORD009598,Credit Card,Success
PAY009599,ORD009599,Cash,Success
PAY009600,ORD009600,Cash,Success
PAY009601,ORD009601,Debit Card,Success
PAY009602,ORD009602,Credit Card,Success
PAY009603,ORD009603,Cash,Success
PAY009604,ORD009604,Cash,Success
PAY009605,ORD009605,Wallet,Success
PAY009606,ORD009606,Wallet,Success
PAY009607,ORD009607,Debit Card,Success
PAY009608,ORD009608,Cash,Refunded
PAY009609,ORD009609,UPI,Success
PAY009610,ORD009610,Cash,Success
PAY009611,ORD009611,Cash,Success
PAY009612,ORD009612,Wallet,Success
PAY009613,ORD009613,Cash,Failed
PAY009614,ORD009614,UPI,Success
PAY009615,ORD009615,Cash,Success
PAY009616,ORD009616,Debit Card,Success
PAY009617,ORD009617,Cash,Success
PAY009618,ORD009618,UPI,Success
PAY009619,ORD009619,Wallet,Success
PAY009620,ORD009620,Debit Card,Failed
PAY009621,ORD009621,Cash,Success
PAY009622,ORD009622,Debit Card,Success
PAY009623,ORD009623,Cash,Success
PAY009624,ORD009624,UPI,Success
PAY009625,ORD009625,Credit Card,Success
PAY009626,ORD009626,Debit Card,Success
PAY009627,ORD009627,Debit Card,Refunded
PAY009628,ORD009628,Cash,Success
PAY009629,ORD009629,Wallet,Success
PAY009630,ORD009630,Cash,Success
PAY009631,ORD009631,Wallet,Success
PAY009632,ORD009632,UPI,Success
PAY009633,ORD009633,UPI,Success
PAY009634,ORD009634,Cash,Success
PAY009635,ORD009635,Cash,Success
PAY009636,ORD009636,Debit Card,Refunded
PAY009637,ORD009637,UPI,Success
PAY009638,ORD009638,Cash,Success
PAY009639,ORD009639,Cash,Success
PAY009640,ORD009640,Credit Card,Failed
PAY009641,ORD009641,Cash,Success
PAY009642,ORD009642,Credit Card,Failed
PAY009643,ORD009643,Credit Card,Success
PAY009644,ORD009644,Cash,Success
PAY009645,ORD009645,Debit Card,Success
PAY009646,ORD009646,Debit Card,Failed
PAY009647,ORD009647,Credit Card,Success
PAY009648,ORD009648,Wallet,Success
PAY009649,ORD009649,Credit Card,Success
PAY009650,ORD009650,Cash,Success
PAY009651,ORD009651,UPI,Success
PAY009652,ORD009652,UPI,Success
PAY009653,ORD009653,Wallet,Success
PAY009654,ORD009654,Credit Card,Success
PAY009655,ORD009655,UPI,Success
PAY009656,ORD009656,Wallet,Failed
PAY009657,ORD009657,Credit Card,Refunded
PAY009658,ORD009658,Wallet,Failed
PAY009659,ORD009659,UPI,Success
PAY009660,ORD009660,Credit Card,Success
PAY009661,ORD009661,UPI,Refunded
PAY009662,ORD009662,UPI,Success
PAY009663,ORD009663,Debit Card,Success
PAY009664,ORD009664,Wallet,Success
PAY009665,ORD009665,Debit Card,Success
PAY009666,ORD009666,Debit Card,Success
PAY009667,ORD009667,Credit Card,Success
PAY009668,ORD009668,Wallet,Success
PAY009669,ORD009669,Credit Card,Success
PAY009670,ORD009670,Debit Card,Success
PAY009671,ORD009671,Wallet,Refunded
PAY009672,ORD009672,Debit Card,Success
PAY009673,ORD009673,Cash,Success
PAY009674,ORD009674,Cash,Refunded
PAY009675,ORD009675,Debit Card,Success
PAY009676,ORD009676,Cash,Refunded
PAY009677,ORD009677,Wallet,Refunded
PAY009678,ORD009678,Debit Card,Refunded
PAY009679,ORD009679,UPI,Success
PAY009680,ORD009680,Credit Card,Failed
PAY009681,ORD009681,Cash,Refunded
PAY009682,ORD009682,Credit Card,Success
PAY009683,ORD009683,Debit Card,Success
PAY009684,ORD009684,UPI,Success
PAY009685,ORD009685,UPI,Success
PAY009686,ORD009686,Credit Card,Success
PAY009687,ORD009687,Cash,Success
PAY009688,ORD009688,Wallet,Success
PAY009689,ORD009689,Credit Card,Success
PAY009690,ORD009690,Cash,Success
PAY009691,ORD009691,Cash,Success
PAY009692,ORD009692,Debit Card,Success
PAY009693,ORD009693,Wallet,Success
PAY009694,ORD009694,Debit Card,Success
PAY009695,ORD009695,Cash,Success
PAY009696,ORD009696,Cash,Success
PAY009697,ORD009697,Credit Card,Success
PAY009698,ORD009698,UPI,Success
PAY009699,ORD009699,Credit Card,Refunded
PAY009700,ORD009700,UPI,Success
PAY009701,ORD009701,Wallet,Success
PAY009702,ORD009702,Credit Card,Success
PAY009703,ORD009703,Debit Card,Refunded
PAY009704,ORD009704,Credit Card,Success
PAY009705,ORD009705,Wallet,Success
PAY009706,ORD009706,Credit Card,Success
PAY009707,ORD009707,Cash,Success
PAY009708,ORD009708,Debit Card,Success
PAY009709,ORD009709,UPI,Success
PAY009710,ORD009710,Wallet,Success
PAY009711,ORD009711,Debit Card,Success
PAY009712,ORD009712,Cash,Success
PAY009713,ORD009713,Credit Card,Refunded
PAY009714,ORD009714,Wallet,Refunded
PAY009715,ORD009715,Wallet,Success
PAY009716,ORD009716,Wallet,Success
PAY009717,ORD009717,Wallet,Success
PAY009718,ORD009718,Cash,Success
PAY009719,ORD009719,Wallet,Success
PAY009720,ORD009720,UPI,Success
PAY009721,ORD009721,Debit Card,Failed
PAY009722,ORD009722,Cash,Success
PAY009723,ORD009723,Debit Card,Success
PAY009724,ORD009724,Cash,Success
PAY009725,ORD009725,UPI,Success
PAY009726,ORD009726,Wallet,Success
PAY009727,ORD009727,Wallet,Success
PAY009728,ORD009728,Cash,Success
PAY009729,ORD009729,UPI,Success
PAY009730,ORD009730,Credit Card,Failed
PAY009731,ORD009731,Credit Card,Failed
PAY009732,ORD009732,Debit Card,Success
PAY009733,ORD009733,Cash,Success
PAY009734,ORD009734,Cash,Success
PAY009735,ORD009735,UPI,Success
PAY009736,ORD009736,Debit Card,Success
PAY009737,ORD009737,Wallet,Success
PAY009738,ORD009738,Debit Card,Success
PAY009739,ORD009739,Cash,Success
PAY009740,ORD009740,UPI,Success
PAY009741,ORD009741,Debit Card,Success
PAY009742,ORD009742,Cash,Success
PAY009743,ORD009743,Cash,Failed
PAY009744,ORD009744,UPI,Success
PAY009745,ORD009745,Wallet,Refunded
PAY009746,ORD009746,Wallet,Success
PAY009747,ORD009747,Debit Card,Success
PAY009748,ORD009748,Credit Card,Success
PAY009749,ORD009749,Debit Card,Failed
PAY009750,ORD009750,Debit Card,Success
PAY009751,ORD009751,Credit Card,Failed
PAY009752,ORD009752,Credit Card,Success
PAY009753,ORD009753,Wallet,Refunded
PAY009754,ORD009754,UPI,Success
PAY009755,ORD009755,Wallet,Failed
PAY009756,ORD009756,Credit Card,Success
PAY009757,ORD009757,Wallet,Success
PAY009758,ORD009758,Cash,Success
PAY009759,ORD009759,Debit Card,Success
PAY009760,ORD009760,Cash,Success
PAY009761,ORD009761,Cash,Success
PAY009762,ORD009762,Credit Card,Success
PAY009763,ORD009763,UPI,Success
PAY009764,ORD009764,UPI,Success
PAY009765,ORD009765,UPI,Success
PAY009766,ORD009766,Debit Card,Success
PAY009767,ORD009767,Credit Card,Success
PAY009768,ORD009768,Credit Card,Success
PAY009769,ORD009769,Wallet,Success
PAY009770,ORD009770,Cash,Success
PAY009771,ORD009771,Wallet,Success
PAY009772,ORD009772,UPI,Success
PAY009773,ORD009773,Debit Card,Failed
PAY009774,ORD009774,UPI,Success
PAY009775,ORD009775,Credit Card,Success
PAY009776,ORD009776,Cash,Success
PAY009777,ORD009777,Credit Card,Success
PAY009778,ORD009778,UPI,Success
PAY009779,ORD009779,Cash,Failed
PAY009780,ORD009780,Debit Card,Failed
PAY009781,ORD009781,UPI,Failed
PAY009782,ORD009782,UPI,Success
PAY009783,ORD009783,Credit Card,Success
PAY009784,ORD009784,Cash,Success
PAY009785,ORD009785,Wallet,Success
PAY009786,ORD009786,UPI,Success
PAY009787,ORD009787,Credit Card,Success
PAY009788,ORD009788,Debit Card,Refunded
PAY009789,ORD009789,Credit Card,Success
PAY009790,ORD009790,Wallet,Refunded
PAY009791,ORD009791,Debit Card,Failed
PAY009792,ORD009792,Debit Card,Success
PAY009793,ORD009793,Debit Card,Success
PAY009794,ORD009794,UPI,Success
PAY009795,ORD009795,Cash,Success
PAY009796,ORD009796,Cash,Refunded
PAY009797,ORD009797,Credit Card,Refunded
PAY009798,ORD009798,Credit Card,Failed
PAY009799,ORD009799,Credit Card,Success
PAY009800,ORD009800,Cash,Failed
PAY009801,ORD009801,UPI,Success
PAY009802,ORD009802,Wallet,Success
PAY009803,ORD009803,Cash,Success
PAY009804,ORD009804,UPI,Refunded
PAY009805,ORD009805,UPI,Success
PAY009806,ORD009806,Debit Card,Success
PAY009807,ORD009807,Debit Card,Success
PAY009808,ORD009808,Wallet,Success
PAY009809,ORD009809,Debit Card,Success
PAY009810,ORD009810,UPI,Success
PAY009811,ORD009811,UPI,Success
PAY009812,ORD009812,Credit Card,Refunded
PAY009813,ORD009813,Wallet,Success
PAY009814,ORD009814,Credit Card,Success
PAY009815,ORD009815,Credit Card,Refunded
PAY009816,ORD009816,UPI,Success
PAY009817,ORD009817,Debit Card,Failed
PAY009818,ORD009818,Wallet,Success
PAY009819,ORD009819,Wallet,Success
PAY009820,ORD009820,Wallet,Success
PAY009821,ORD009821,Wallet,Success
PAY009822,ORD009822,Credit Card,Success
PAY009823,ORD009823,Wallet,Success
PAY009824,ORD009824,UPI,Success
PAY009825,ORD009825,Debit Card,Success
PAY009826,ORD009826,Wallet,Success
PAY009827,ORD009827,Cash,Refunded
PAY009828,ORD009828,Credit Card,Success
PAY009829,ORD009829,Credit Card,Success
PAY009830,ORD009830,Credit Card,Refunded
PAY009831,ORD009831,Debit Card,Success
PAY009832,ORD009832,Credit Card,Success
PAY009833,ORD009833,Cash,Success
PAY009834,ORD009834,UPI,Success
PAY009835,ORD009835,Debit Card,Failed
PAY009836,ORD009836,Cash,Refunded
PAY009837,ORD009837,UPI,Failed
PAY009838,ORD009838,UPI,Success
PAY009839,ORD009839,Credit Card,Success
PAY009840,ORD009840,UPI,Failed
PAY009841,ORD009841,Wallet,Success
PAY009842,ORD009842,Debit Card,Success
PAY009843,ORD009843,Debit Card,Success
PAY009844,ORD009844,Debit Card,Success
PAY009845,ORD009845,Wallet,Success
PAY009846,ORD009846,Wallet,Failed
PAY009847,ORD009847,Wallet,Failed
PAY009848,ORD009848,Debit Card,Failed
PAY009849,ORD009849,Cash,Success
PAY009850,ORD009850,UPI,Success
PAY009851,ORD009851,UPI,Success
PAY009852,ORD009852,Cash,Success
PAY009853,ORD009853,UPI,Refunded
PAY009854,ORD009854,Debit Card,Success
PAY009855,ORD009855,UPI,Success
PAY009856,ORD009856,Wallet,Success
PAY009857,ORD009857,Wallet,Success
PAY009858,ORD009858,UPI,Success
PAY009859,ORD009859,Cash,Success
PAY009860,ORD009860,Credit Card,Success
PAY009861,ORD009861,Credit Card,Success
PAY009862,ORD009862,Cash,Success
PAY009863,ORD009863,Credit Card,Success
PAY009864,ORD009864,Cash,Failed
PAY009865,ORD009865,UPI,Success
PAY009866,ORD009866,UPI,Success
PAY009867,ORD009867,Wallet,Failed
PAY009868,ORD009868,Cash,Success
PAY009869,ORD009869,Debit Card,Success
PAY009870,ORD009870,Wallet,Success
PAY009871,ORD009871,Debit Card,Success
PAY009872,ORD009872,Credit Card,Failed
PAY009873,ORD009873,Wallet,Failed
PAY009874,ORD009874,UPI,Success
PAY009875,ORD009875,Cash,Success
PAY009876,ORD009876,Debit Card,Failed
PAY009877,ORD009877,UPI,Success
PAY009878,ORD009878,Wallet,Refunded
PAY009879,ORD009879,Debit Card,Success
PAY009880,ORD009880,Debit Card,Success
PAY009881,ORD009881,UPI,Success
PAY009882,ORD009882,Debit Card,Success
PAY009883,ORD009883,UPI,Refunded
PAY009884,ORD009884,Credit Card,Refunded
PAY009885,ORD009885,Wallet,Success
PAY009886,ORD009886,Debit Card,Failed
PAY009887,ORD009887,Wallet,Success
PAY009888,ORD009888,Debit Card,Success
PAY009889,ORD009889,Debit Card,Success
PAY009890,ORD009890,Cash,Success
PAY009891,ORD009891,Debit Card,Refunded
PAY009892,ORD009892,Credit Card,Success
PAY009893,ORD009893,Wallet,Success
PAY009894,ORD009894,Wallet,Success
PAY009895,ORD009895,UPI,Success
PAY009896,ORD009896,Cash,Success
PAY009897,ORD009897,Credit Card,Success
PAY009898,ORD009898,Credit Card,Success
PAY009899,ORD009899,Credit Card,Success
PAY009900,ORD009900,UPI,Refunded
PAY009901,ORD009901,Credit Card,Success
PAY009902,ORD009902,UPI,Success
PAY009903,ORD009903,Wallet,Refunded
PAY009904,ORD009904,Wallet,Failed
PAY009905,ORD009905,Debit Card,Success
PAY009906,ORD009906,UPI,Success
PAY009907,ORD009907,Debit Card,Refunded
PAY009908,ORD009908,Debit Card,Failed
PAY009909,ORD009909,Debit Card,Success
PAY009910,ORD009910,UPI,Refunded
PAY009911,ORD009911,Credit Card,Success
PAY009912,ORD009912,UPI,Success
PAY009913,ORD009913,UPI,Success
PAY009914,ORD009914,Wallet,Success
PAY009915,ORD009915,Credit Card,Success
PAY009916,ORD009916,Cash,Refunded
PAY009917,ORD009917,Wallet,Success
PAY009918,ORD009918,Debit Card,Success
PAY009919,ORD009919,Wallet,Success
PAY009920,ORD009920,UPI,Success
PAY009921,ORD009921,Credit Card,Success
PAY009922,ORD009922,Wallet,Success
PAY009923,ORD009923,UPI,Success
PAY009924,ORD009924,Credit Card,Success
PAY009925,ORD009925,Wallet,Refunded
PAY009926,ORD009926,Wallet,Success
PAY009927,ORD009927,Debit Card,Success
PAY009928,ORD009928,Wallet,Success
PAY009929,ORD009929,Credit Card,Success
PAY009930,ORD009930,UPI,Success
PAY009931,ORD009931,Debit Card,Success
PAY009932,ORD009932,Debit Card,Failed
PAY009933,ORD009933,UPI,Success
PAY009934,ORD009934,Credit Card,Success
PAY009935,ORD009935,UPI,Success
PAY009936,ORD009936,Wallet,Success
PAY009937,ORD009937,Cash,Success
PAY009938,ORD009938,UPI,Success
PAY009939,ORD009939,Wallet,Failed
PAY009940,ORD009940,Wallet,Success
PAY009941,ORD009941,Credit Card,Success
PAY009942,ORD009942,Cash,Success
PAY009943,ORD009943,Wallet,Success
PAY009944,ORD009944,Wallet,Refunded
PAY009945,ORD009945,Wallet,Success
PAY009946,ORD009946,Wallet,Success
PAY009947,ORD009947,Cash,Failed
PAY009948,ORD009948,Cash,Refunded
PAY009949,ORD009949,Wallet,Success
PAY009950,ORD009950,Wallet,Success
PAY009951,ORD009951,Debit Card,Success
PAY009952,ORD009952,Credit Card,Success
PAY009953,ORD009953,Wallet,Success
PAY009954,ORD009954,UPI,Failed
PAY009955,ORD009955,Credit Card,Success
PAY009956,ORD009956,Credit Card,Success
PAY009957,ORD009957,Wallet,Failed
PAY009958,ORD009958,Wallet,Success
PAY009959,ORD009959,UPI,Success
PAY009960,ORD009960,UPI,Failed
PAY009961,ORD009961,Debit Card,Refunded
PAY009962,ORD009962,Wallet,Success
PAY009963,ORD009963,UPI,Success
PAY009964,ORD009964,Cash,Success
PAY009965,ORD009965,Debit Card,Failed
PAY009966,ORD009966,Cash,Success
PAY009967,ORD009967,Credit Card,Success
PAY009968,ORD009968,Cash,Failed
PAY009969,ORD009969,Wallet,Success
PAY009970,ORD009970,Credit Card,Success
PAY009971,ORD009971,Debit Card,Success
PAY009972,ORD009972,UPI,Success
PAY009973,ORD009973,Wallet,Success
PAY009974,ORD009974,Cash,Success
PAY009975,ORD009975,Credit Card,Success
PAY009976,ORD009976,UPI,Success
PAY009977,ORD009977,Debit Card,Success
PAY009978,ORD009978,Credit Card,Success
PAY009979,ORD009979,Cash,Success
PAY009980,ORD009980,Cash,Refunded
PAY009981,ORD009981,UPI,Failed
PAY009982,ORD009982,UPI,Success
PAY009983,ORD009983,Cash,Success
PAY009984,ORD009984,Debit Card,Failed
PAY009985,ORD009985,Credit Card,Success
PAY009986,ORD009986,Cash,Success
PAY009987,ORD009987,Wallet,Success
PAY009988,ORD009988,Wallet,Success
PAY009989,ORD009989,Wallet,Success
PAY009990,ORD009990,Debit Card,Success
PAY009991,ORD009991,Debit Card,Refunded
PAY009992,ORD009992,Debit Card,Success
PAY009993,ORD009993,UPI,Success
PAY009994,ORD009994,UPI,Success
PAY009995,ORD009995,Wallet,Success
PAY009996,ORD009996,Credit Card,Success
PAY009997,ORD009997,Cash,Success
PAY009998,ORD009998,Debit Card,Success
PAY009999,ORD009999,UPI,Success
PAY010000,ORD010000,Cash,Success
