review_id,order_id,customer_id,restaurant_id,rating,review_text
REV00001,ORD006253,CUST00127,REST0268,4,Amazing food
REV00002,ORD004685,CUST00497,REST0066,1,Worth the money
REV00003,ORD001732,CUST01717,REST0045,5,Excellent taste
REV00004,ORD004743,CUST01865,REST0179,3,Amazing food
REV00005,ORD004522,CUST00306,REST0206,2,Loved it
REV00006,ORD006341,CUST00219,REST0074,3,Average experience
REV00007,ORD000577,CUST01655,REST0269,1,Amazing food
REV00008,ORD005203,CUST02036,REST0069,4,Loved it
REV00009,ORD006364,CUST00240,REST0235,5,Average experience
REV00010,ORD000440,CUST00259,REST0010,2,Very late delivery
REV00011,ORD002751,CUST01626,REST0203,4,Packaging was poor
REV00012,ORD007488,CUST01838,REST0272,4,Average experience
REV00013,ORD005273,CUST00242,REST0014,2,Packaging was poor
REV00014,ORD005654,CUST00616,REST0233,1,Amazing food
REV00015,ORD004000,CUST01688,REST0121,1,Amazing food
REV00016,ORD006034,CUST00438,REST0293,5,Would order again
REV00017,ORD000583,CUST01994,REST0205,3,Not satisfied
REV00018,ORD009931,CUST01925,REST0219,4,Excellent taste
REV00019,ORD007052,CUST02012,REST0191,1,Packaging was poor
REV00020,ORD008159,CUST01115,REST0253,1,Very late delivery
REV00021,ORD009897,CUST02047,REST0278,2,Amazing food
REV00022,ORD002250,CUST01975,REST0095,4,Packaging was poor
REV00023,ORD004641,CUST02034,REST0012,1,Loved it
REV00024,ORD009486,CUST01966,REST0142,1,Delivery was delayed
REV00025,ORD004948,CUST01196,REST0192,2,Would order again
REV00026,ORD009921,CUST02053,REST0265,5,Very late delivery
REV00027,ORD001964,CUST02367,REST0014,1,Amazing food
REV00028,ORD008244,CUST02323,REST0014,3,Amazing food
REV00029,ORD006591,CUST01327,REST0213,2,Average experience
REV00030,ORD008848,CUST01236,REST0299,2,Excellent taste
REV00031,ORD000322,CUST00168,REST0126,4,Average experience
REV00032,ORD002679,CUST00289,REST0126,2,Delivery was delayed
REV00033,ORD004626,CUST01696,REST0097,1,Not satisfied
REV00034,ORD004950,CUST01362,REST0186,3,Loved it
REV00035,ORD008329,CUST00478,REST0275,3,Packaging was poor
REV00036,ORD003338,CUST00409,REST0189,4,Very late delivery
REV00037,ORD005590,CUST00002,REST0199,2,Average experience
REV00038,ORD000252,CUST01598,REST0010,2,Excellent taste
REV00039,ORD003974,CUST00847,REST0277,5,Excellent taste
REV00040,ORD006631,CUST00869,REST0289,5,Worth the money
REV00041,ORD005548,CUST01010,REST0127,3,Packaging was poor
REV00042,ORD000036,CUST02072,REST0040,3,Loved it
REV00043,ORD008363,CUST01595,REST0226,2,Worth the money
REV00044,ORD001514,CUST00018,REST0123,5,Amazing food
REV00045,ORD009318,CUST00530,REST0127,5,Excellent taste
REV00046,ORD000040,CUST01860,REST0008,4,Delivery was delayed
REV00047,ORD004820,CUST01327,REST0033,2,Packaging was poor
REV00048,ORD003466,CUST00694,REST0262,4,Worth the money
REV00049,ORD001761,CUST01116,REST0216,2,Not satisfied
REV00050,ORD002305,CUST01215,REST0284,1,Delivery was delayed
REV00051,ORD003724,CUST01619,REST0297,1,Packaging was poor
REV00052,ORD008285,CUST01137,REST0137,3,Amazing food
REV00053,ORD004994,CUST01869,REST0168,2,Would order again
REV00054,ORD008128,CUST01725,REST0035,5,Excellent taste
REV00055,ORD003033,CUST00757,REST0124,3,Worth the money
REV00056,ORD007939,CUST00778,REST0012,3,Delivery was delayed
REV00057,ORD003040,CUST00774,REST0242,5,Average experience
REV00058,ORD009656,CUST00399,REST0219,1,Loved it
REV00059,ORD002546,CUST02079,REST0133,5,Amazing food
REV00060,ORD002593,CUST01925,REST0231,4,Packaging was poor
REV00061,ORD001189,CUST02489,REST0150,3,Average experience
REV00062,ORD007967,CUST00257,REST0134,2,Not satisfied
REV00063,ORD006078,CUST00621,REST0295,5,Not satisfied
REV00064,ORD000108,CUST00588,REST0085,5,Worth the money
REV00065,ORD001316,CUST02384,REST0086,1,Excellent taste
REV00066,ORD008188,CUST00449,REST0088,3,Very late delivery
REV00067,ORD002754,CUST02340,REST0101,2,Average experience
REV00068,ORD009754,CUST01588,REST0011,2,Loved it
REV00069,ORD006232,CUST01777,REST0211,2,Not satisfied
REV00070,ORD002877,CUST01820,REST0217,1,Worth the money
REV00071,ORD005324,CUST01170,REST0085,4,Very late delivery
REV00072,ORD000800,CUST02276,REST0048,4,Would order again
REV00073,ORD003571,CUST00156,REST0245,2,Very late delivery
REV00074,ORD002895,CUST00751,REST0256,4,Not satisfied
REV00075,ORD002928,CUST00093,REST0160,3,Loved it
REV00076,ORD008179,CUST02031,REST0130,1,Amazing food
REV00077,ORD000972,CUST01362,REST0012,4,Loved it
REV00078,ORD006688,CUST01487,REST0230,3,Very late delivery
REV00079,ORD008576,CUST00763,REST0004,1,Delivery was delayed
REV00080,ORD002021,CUST00120,REST0066,1,Worth the money
REV00081,ORD009055,CUST00547,REST0024,1,Very late delivery
REV00082,ORD000953,CUST00106,REST0133,2,Worth the money
REV00083,ORD005360,CUST02066,REST0103,1,Worth the money
REV00084,ORD003858,CUST01171,REST0288,3,Loved it
REV00085,ORD005862,CUST02416,REST0279,3,Average experience
REV00086,ORD003146,CUST01415,REST0100,2,Packaging was poor
REV00087,ORD003306,CUST01932,REST0287,5,Average experience
REV00088,ORD003007,CUST00406,REST0228,3,Loved it
REV00089,ORD009002,CUST02004,REST0170,3,Loved it
REV00090,ORD007771,CUST01052,REST0008,5,Packaging was poor
REV00091,ORD007439,CUST00787,REST0214,4,Not satisfied
REV00092,ORD007943,CUST01125,REST0070,5,Amazing food
REV00093,ORD009239,CUST01279,REST0137,2,Worth the money
REV00094,ORD001057,CUST00074,REST0026,3,Amazing food
REV00095,ORD003155,CUST01394,REST0078,5,Very late delivery
REV00096,ORD003788,CUST02359,REST0136,2,Excellent taste
REV00097,ORD009190,CUST00875,REST0212,4,Loved it
REV00098,ORD007826,CUST01798,REST0097,1,Packaging was poor
REV00099,ORD007540,CUST00415,REST0012,4,Would order again
REV00100,ORD007232,CUST01957,REST0193,2,Very late delivery
REV00101,ORD000765,CUST00112,REST0198,3,Very late delivery
REV00102,ORD005020,CUST01522,REST0197,3,Average experience
REV00103,ORD004904,CUST01173,REST0251,1,Not satisfied
REV00104,ORD008094,CUST02478,REST0001,5,Excellent taste
REV00105,ORD006844,CUST02416,REST0179,2,Very late delivery
REV00106,ORD002166,CUST02223,REST0111,1,Would order again
REV00107,ORD001863,CUST00613,REST0151,4,Amazing food
REV00108,ORD007851,CUST02353,REST0094,3,Not satisfied
REV00109,ORD009124,CUST00310,REST0081,5,Not satisfied
REV00110,ORD002341,CUST00293,REST0211,5,Worth the money
REV00111,ORD005528,CUST00690,REST0122,4,Very late delivery
REV00112,ORD006744,CUST01667,REST0132,1,Amazing food
REV00113,ORD004004,CUST00150,REST0196,3,Would order again
REV00114,ORD001124,CUST00005,REST0028,4,Delivery was delayed
REV00115,ORD008710,CUST00537,REST0231,1,Would order again
REV00116,ORD004050,CUST01494,REST0200,5,Would order again
REV00117,ORD007641,CUST02035,REST0145,2,Would order again
REV00118,ORD000766,CUST00719,REST0112,1,Excellent taste
REV00119,ORD002345,CUST00604,REST0251,1,Very late delivery
REV00120,ORD004072,CUST01825,REST0188,2,Delivery was delayed
REV00121,ORD007217,CUST02119,REST0090,5,Very late delivery
REV00122,ORD004217,CUST01592,REST0170,5,Would order again
REV00123,ORD007953,CUST00184,REST0179,3,Average experience
REV00124,ORD005971,CUST02051,REST0021,3,Would order again
REV00125,ORD003351,CUST00446,REST0206,3,Worth the money
REV00126,ORD004696,CUST00103,REST0190,2,Excellent taste
REV00127,ORD003400,CUST01848,REST0123,3,Loved it
REV00128,ORD004082,CUST01996,REST0209,5,Average experience
REV00129,ORD009150,CUST01976,REST0262,2,Not satisfied
REV00130,ORD001225,CUST01260,REST0132,3,Excellent taste
REV00131,ORD006293,CUST01682,REST0084,1,Excellent taste
REV00132,ORD003123,CUST00173,REST0289,3,Worth the money
REV00133,ORD000511,CUST01975,REST0249,3,Very late delivery
REV00134,ORD005795,CUST01304,REST0038,1,Amazing food
REV00135,ORD008182,CUST01171,REST0247,5,Average experience
REV00136,ORD009418,CUST00091,REST0286,1,Excellent taste
REV00137,ORD000097,CUST01523,REST0289,3,Amazing food
REV00138,ORD006682,CUST02342,REST0035,5,Not satisfied
REV00139,ORD001513,CUST00121,REST0061,2,Worth the money
REV00140,ORD008792,CUST02001,REST0152,5,Packaging was poor
REV00141,ORD000120,CUST00725,REST0068,3,Delivery was delayed
REV00142,ORD007792,CUST01700,REST0113,4,Worth the money
REV00143,ORD006518,CUST00017,REST0141,5,Average experience
REV00144,ORD000034,CUST01201,REST0125,2,Excellent taste
REV00145,ORD007888,CUST01166,REST0228,3,Loved it
REV00146,ORD006831,CUST01343,REST0300,2,Excellent taste
REV00147,ORD005422,CUST02373,REST0038,3,Excellent taste
REV00148,ORD001069,CUST02275,REST0294,5,Not satisfied
REV00149,ORD001348,CUST00883,REST0151,3,Average experience
REV00150,ORD004748,CUST02195,REST0082,2,Delivery was delayed
REV00151,ORD006006,CUST02144,REST0166,2,Would order again
REV00152,ORD006040,CUST01522,REST0201,5,Excellent taste
REV00153,ORD003818,CUST02334,REST0029,3,Amazing food
REV00154,ORD008447,CUST00134,REST0278,1,Worth the money
REV00155,ORD005270,CUST00082,REST0281,2,Amazing food
REV00156,ORD006898,CUST00742,REST0123,5,Average experience
REV00157,ORD005310,CUST00397,REST0208,2,Not satisfied
REV00158,ORD000032,CUST00920,REST0290,4,Average experience
REV00159,ORD005675,CUST00393,REST0151,5,Worth the money
REV00160,ORD004387,CUST02448,REST0179,5,Delivery was delayed
REV00161,ORD000030,CUST00436,REST0109,4,Very late delivery
REV00162,ORD004203,CUST01534,REST0033,5,Loved it
REV00163,ORD007508,CUST01568,REST0177,2,Loved it
REV00164,ORD000736,CUST01209,REST0088,3,Not satisfied
REV00165,ORD002068,CUST02209,REST0183,1,Would order again
REV00166,ORD000107,CUST00689,REST0002,1,Delivery was delayed
REV00167,ORD009645,CUST01408,REST0291,2,Amazing food
REV00168,ORD008895,CUST02351,REST0121,5,Would order again
REV00169,ORD008021,CUST00537,REST0258,2,Would order again
REV00170,ORD002233,CUST01009,REST0204,1,Amazing food
REV00171,ORD000994,CUST01369,REST0178,2,Packaging was poor
REV00172,ORD009413,CUST02336,REST0099,1,Very late delivery
REV00173,ORD007059,CUST01116,REST0285,2,Amazing food
REV00174,ORD006790,CUST01804,REST0077,1,Very late delivery
REV00175,ORD000361,CUST00064,REST0024,2,Worth the money
REV00176,ORD000305,CUST02400,REST0254,4,Packaging was poor
REV00177,ORD002628,CUST02402,REST0047,2,Not satisfied
REV00178,ORD008966,CUST02228,REST0133,5,Loved it
REV00179,ORD004514,CUST01013,REST0035,4,Loved it
REV00180,ORD005911,CUST00319,REST0106,3,Not satisfied
REV00181,ORD008314,CUST01199,REST0293,4,Delivery was delayed
REV00182,ORD003101,CUST02338,REST0200,4,Loved it
REV00183,ORD005704,CUST00334,REST0227,4,Average experience
REV00184,ORD003899,CUST01331,REST0066,2,Would order again
REV00185,ORD005441,CUST02115,REST0046,5,Very late delivery
REV00186,ORD007931,CUST00011,REST0195,3,Packaging was poor
REV00187,ORD000622,CUST00765,REST0255,5,Very late delivery
REV00188,ORD007236,CUST02268,REST0237,2,Worth the money
REV00189,ORD002499,CUST01547,REST0191,1,Not satisfied
REV00190,ORD000714,CUST00343,REST0174,1,Would order again
REV00191,ORD008404,CUST02032,REST0074,2,Delivery was delayed
REV00192,ORD002856,CUST02100,REST0076,1,Excellent taste
REV00193,ORD004270,CUST01834,REST0078,4,Not satisfied
REV00194,ORD002909,CUST01443,REST0215,1,Would order again
REV00195,ORD008081,CUST02204,REST0257,2,Delivery was delayed
REV00196,ORD004517,CUST02469,REST0198,3,Would order again
REV00197,ORD001262,CUST00632,REST0241,3,Delivery was delayed
REV00198,ORD003161,CUST00927,REST0056,5,Would order again
REV00199,ORD000971,CUST01019,REST0023,3,Worth the money
REV00200,ORD003913,CUST00656,REST0259,1,Very late delivery
REV00201,ORD005199,CUST00014,REST0236,1,Delivery was delayed
REV00202,ORD008847,CUST00939,REST0078,4,Amazing food
REV00203,ORD000260,CUST00843,REST0195,5,Not satisfied
REV00204,ORD003791,CUST00456,REST0063,1,Excellent taste
REV00205,ORD009203,CUST00296,REST0281,2,Amazing food
REV00206,ORD000488,CUST01525,REST0240,2,Worth the money
REV00207,ORD007908,CUST02183,REST0169,4,Very late delivery
REV00208,ORD000519,CUST01958,REST0035,3,Very late delivery
REV00209,ORD008343,CUST01602,REST0101,5,Average experience
REV00210,ORD000312,CUST01019,REST0142,1,Amazing food
REV00211,ORD003232,CUST01127,REST0227,3,Amazing food
REV00212,ORD007933,CUST01269,REST0168,3,Would order again
REV00213,ORD007458,CUST01060,REST0270,4,Would order again
REV00214,ORD009784,CUST02410,REST0010,4,Packaging was poor
REV00215,ORD005184,CUST01589,REST0119,5,Not satisfied
REV00216,ORD008077,CUST01867,REST0170,5,Not satisfied
REV00217,ORD006502,CUST01395,REST0129,2,Worth the money
REV00218,ORD006791,CUST00784,REST0289,5,Would order again
REV00219,ORD007773,CUST00729,REST0186,1,Very late delivery
REV00220,ORD002738,CUST01073,REST0060,3,Would order again
REV00221,ORD007842,CUST02294,REST0268,5,Average experience
REV00222,ORD006262,CUST01972,REST0021,5,Amazing food
REV00223,ORD008206,CUST01693,REST0146,3,Average experience
REV00224,ORD001248,CUST02198,REST0188,2,Excellent taste
REV00225,ORD009336,CUST00601,REST0130,5,Amazing food
REV00226,ORD004195,CUST00251,REST0172,3,Would order again
REV00227,ORD008001,CUST01700,REST0079,1,Delivery was delayed
REV00228,ORD007378,CUST01833,REST0085,2,Very late delivery
REV00229,ORD003435,CUST00306,REST0133,5,Not satisfied
REV00230,ORD005382,CUST02122,REST0096,2,Average experience
REV00231,ORD000959,CUST02025,REST0283,3,Amazing food
REV00232,ORD000417,CUST01356,REST0055,1,Delivery was delayed
REV00233,ORD005742,CUST01460,REST0280,5,Worth the money
REV00234,ORD006728,CUST01883,REST0151,1,Excellent taste
REV00235,ORD004382,CUST00609,REST0149,2,Not satisfied
REV00236,ORD005197,CUST02310,REST0225,1,Amazing food
REV00237,ORD001113,CUST00765,REST0040,3,Amazing food
REV00238,ORD002689,CUST00158,REST0258,4,Average experience
REV00239,ORD006473,CUST01637,REST0171,3,Loved it
REV00240,ORD008820,CUST01623,REST0231,1,Average experience
REV00241,ORD007808,CUST02455,REST0094,5,Loved it
REV00242,ORD003411,CUST00501,REST0232,5,Amazing food
REV00243,ORD000081,CUST00796,REST0160,2,Packaging was poor
REV00244,ORD004614,CUST00954,REST0056,1,Packaging was poor
REV00245,ORD001374,CUST01399,REST0027,5,Packaging was poor
REV00246,ORD001510,CUST02117,REST0142,4,Excellent taste
REV00247,ORD006443,CUST01856,REST0014,5,Very late delivery
REV00248,ORD003071,CUST00906,REST0234,2,Amazing food
REV00249,ORD003016,CUST02051,REST0004,1,Worth the money
REV00250,ORD004823,CUST01588,REST0043,1,Average experience
REV00251,ORD007822,CUST00727,REST0095,1,Not satisfied
REV00252,ORD000093,CUST00318,REST0193,5,Would order again
REV00253,ORD009421,CUST01711,REST0003,3,Not satisfied
REV00254,ORD006600,CUST01246,REST0137,3,Average experience
REV00255,ORD004443,CUST00383,REST0054,1,Loved it
REV00256,ORD007602,CUST00807,REST0184,1,Packaging was poor
REV00257,ORD003835,CUST00528,REST0145,3,Very late delivery
REV00258,ORD009702,CUST01831,REST0207,1,Worth the money
REV00259,ORD004322,CUST00850,REST0284,5,Amazing food
REV00260,ORD003394,CUST01483,REST0200,4,Very late delivery
REV00261,ORD004752,CUST01494,REST0055,4,Not satisfied
REV00262,ORD007229,CUST01051,REST0207,1,Loved it
REV00263,ORD009191,CUST00992,REST0091,3,Packaging was poor
REV00264,ORD002361,CUST00992,REST0149,4,Very late delivery
REV00265,ORD001148,CUST01558,REST0135,1,Delivery was delayed
REV00266,ORD005666,CUST01497,REST0027,4,Amazing food
REV00267,ORD008075,CUST01522,REST0064,4,Delivery was delayed
REV00268,ORD004943,CUST00870,REST0077,5,Delivery was delayed
REV00269,ORD003663,CUST02439,REST0270,4,Amazing food
REV00270,ORD001563,CUST00344,REST0168,2,Excellent taste
REV00271,ORD004113,CUST02081,REST0022,5,Not satisfied
REV00272,ORD009050,CUST00451,REST0042,1,Worth the money
REV00273,ORD009276,CUST02430,REST0024,4,Very late delivery
REV00274,ORD008538,CUST00943,REST0034,4,Average experience
REV00275,ORD000795,CUST01144,REST0042,2,Worth the money
REV00276,ORD005854,CUST00360,REST0159,4,Loved it
REV00277,ORD007619,CUST01048,REST0229,3,Average experience
REV00278,ORD001594,CUST00137,REST0116,5,Very late delivery
REV00279,ORD007418,CUST00856,REST0187,1,Excellent taste
REV00280,ORD005267,CUST01044,REST0256,2,Loved it
REV00281,ORD007147,CUST02012,REST0079,5,Would order again
REV00282,ORD000089,CUST02321,REST0120,1,Delivery was delayed
REV00283,ORD008695,CUST01154,REST0243,5,Delivery was delayed
REV00284,ORD009732,CUST00286,REST0098,2,Very late delivery
REV00285,ORD009446,CUST01295,REST0057,5,Excellent taste
REV00286,ORD006754,CUST01358,REST0226,3,Worth the money
REV00287,ORD003502,CUST01860,REST0252,3,Delivery was delayed
REV00288,ORD002234,CUST01783,REST0248,4,Delivery was delayed
REV00289,ORD002803,CUST02216,REST0266,4,Loved it
REV00290,ORD004424,CUST00517,REST0093,4,Not satisfied
REV00291,ORD005663,CUST02276,REST0090,1,Excellent taste
REV00292,ORD007170,CUST00229,REST0201,3,Very late delivery
REV00293,ORD008337,CUST00745,REST0140,1,Delivery was delayed
REV00294,ORD002148,CUST02041,REST0066,4,Not satisfied
REV00295,ORD007969,CUST01686,REST0092,1,Very late delivery
REV00296,ORD006551,CUST01335,REST0034,3,Packaging was poor
REV00297,ORD007643,CUST01581,REST0262,3,Amazing food
REV00298,ORD006164,CUST00054,REST0149,3,Worth the money
REV00299,ORD001495,CUST00840,REST0159,3,Worth the money
REV00300,ORD007696,CUST01919,REST0209,4,Not satisfied
REV00301,ORD007094,CUST00726,REST0207,5,Delivery was delayed
REV00302,ORD001409,CUST01530,REST0064,5,Delivery was delayed
REV00303,ORD006691,CUST00007,REST0248,5,Average experience
REV00304,ORD003401,CUST00964,REST0191,4,Loved it
REV00305,ORD000109,CUST02096,REST0226,4,Not satisfied
REV00306,ORD005636,CUST01458,REST0231,5,Amazing food
REV00307,ORD008482,CUST00560,REST0188,1,Average experience
REV00308,ORD006604,CUST00853,REST0003,5,Worth the money
REV00309,ORD001091,CUST02417,REST0188,5,Very late delivery
REV00310,ORD005560,CUST01619,REST0157,4,Amazing food
REV00311,ORD009412,CUST01687,REST0261,3,Very late delivery
REV00312,ORD008143,CUST01677,REST0217,2,Average experience
REV00313,ORD008664,CUST00729,REST0037,5,Delivery was delayed
REV00314,ORD006596,CUST02262,REST0263,3,Amazing food
REV00315,ORD000624,CUST01704,REST0048,3,Not satisfied
REV00316,ORD006871,CUST00667,REST0180,4,Amazing food
REV00317,ORD004814,CUST00545,REST0037,2,Loved it
REV00318,ORD006553,CUST02187,REST0105,2,Would order again
REV00319,ORD007530,CUST00121,REST0234,1,Amazing food
REV00320,ORD005796,CUST00836,REST0093,2,Very late delivery
REV00321,ORD007437,CUST00510,REST0213,1,Very late delivery
REV00322,ORD004218,CUST01133,REST0294,3,Excellent taste
REV00323,ORD005941,CUST00837,REST0069,4,Average experience
REV00324,ORD008501,CUST00989,REST0177,1,Very late delivery
REV00325,ORD006429,CUST01166,REST0023,5,Packaging was poor
REV00326,ORD006827,CUST02095,REST0208,1,Average experience
REV00327,ORD004131,CUST02362,REST0126,5,Would order again
REV00328,ORD007802,CUST00993,REST0066,5,Amazing food
REV00329,ORD007754,CUST00836,REST0163,5,Worth the money
REV00330,ORD004722,CUST02219,REST0080,3,Excellent taste
REV00331,ORD001651,CUST02052,REST0173,4,Amazing food
REV00332,ORD004141,CUST00392,REST0145,5,Would order again
REV00333,ORD001618,CUST02063,REST0184,2,Worth the money
REV00334,ORD002030,CUST02359,REST0001,1,Very late delivery
REV00335,ORD008518,CUST00870,REST0077,2,Amazing food
REV00336,ORD004576,CUST00394,REST0008,2,Worth the money
REV00337,ORD003993,CUST00864,REST0011,2,Not satisfied
REV00338,ORD007377,CUST00775,REST0009,2,Excellent taste
REV00339,ORD006150,CUST00244,REST0208,3,Amazing food
REV00340,ORD004909,CUST01672,REST0027,2,Excellent taste
REV00341,ORD005027,CUST01309,REST0194,4,Very late delivery
REV00342,ORD008261,CUST01989,REST0063,2,Packaging was poor
REV00343,ORD004732,CUST01537,REST0172,5,Would order again
REV00344,ORD007549,CUST00313,REST0224,3,Average experience
REV00345,ORD008135,CUST00662,REST0032,2,Average experience
REV00346,ORD001607,CUST02430,REST0082,5,Very late delivery
REV00347,ORD004774,CUST02066,REST0111,2,Very late delivery
REV00348,ORD008110,CUST01099,REST0062,5,Delivery was delayed
REV00349,ORD006952,CUST00470,REST0281,3,Average experience
REV00350,ORD006005,CUST01914,REST0207,2,Excellent taste
REV00351,ORD007729,CUST00261,REST0018,1,Excellent taste
REV00352,ORD003542,CUST02339,REST0160,3,Not satisfied
REV00353,ORD000389,CUST01489,REST0238,4,Amazing food
REV00354,ORD001795,CUST01963,REST0109,4,Delivery was delayed
REV00355,ORD008732,CUST01269,REST0174,1,Average experience
REV00356,ORD004920,CUST01580,REST0252,4,Delivery was delayed
REV00357,ORD005538,CUST01158,REST0025,3,Average experience
REV00358,ORD003873,CUST01695,REST0051,1,Worth the money
REV00359,ORD008869,CUST01493,REST0296,3,Packaging was poor
REV00360,ORD002255,CUST01722,REST0242,3,Delivery was delayed
REV00361,ORD003413,CUST00034,REST0126,5,Packaging was poor
REV00362,ORD005460,CUST01154,REST0218,3,Loved it
REV00363,ORD004956,CUST00566,REST0200,3,Would order again
REV00364,ORD007397,CUST02000,REST0258,5,Average experience
REV00365,ORD005415,CUST00137,REST0060,3,Very late delivery
REV00366,ORD007400,CUST01868,REST0189,3,Average experience
REV00367,ORD007415,CUST00981,REST0229,5,Loved it
REV00368,ORD009101,CUST00146,REST0114,1,Amazing food
REV00369,ORD004852,CUST01042,REST0070,3,Loved it
REV00370,ORD002026,CUST02291,REST0013,2,Worth the money
REV00371,ORD002616,CUST01421,REST0090,4,Not satisfied
REV00372,ORD007389,CUST02355,REST0215,4,Packaging was poor
REV00373,ORD002927,CUST00516,REST0237,4,Amazing food
REV00374,ORD001122,CUST02384,REST0246,4,Packaging was poor
REV00375,ORD002911,CUST02211,REST0025,1,Very late delivery
REV00376,ORD008147,CUST01826,REST0222,4,Not satisfied
REV00377,ORD007384,CUST02157,REST0161,5,Worth the money
REV00378,ORD003483,CUST00574,REST0265,1,Amazing food
REV00379,ORD000796,CUST00726,REST0268,5,Excellent taste
REV00380,ORD001576,CUST00795,REST0229,5,Worth the money
REV00381,ORD006177,CUST01823,REST0129,4,Loved it
REV00382,ORD006267,CUST02416,REST0096,2,Packaging was poor
REV00383,ORD002459,CUST00677,REST0174,2,Loved it
REV00384,ORD003313,CUST00758,REST0002,3,Not satisfied
REV00385,ORD001254,CUST01869,REST0187,4,Loved it
REV00386,ORD006835,CUST00906,REST0152,2,Would order again
REV00387,ORD008795,CUST00571,REST0197,3,Very late delivery
REV00388,ORD003838,CUST01709,REST0037,1,Delivery was delayed
REV00389,ORD004399,CUST02309,REST0110,1,Amazing food
REV00390,ORD003596,CUST02213,REST0064,4,Excellent taste
REV00391,ORD006622,CUST01455,REST0203,1,Excellent taste
REV00392,ORD008383,CUST01668,REST0187,1,Packaging was poor
REV00393,ORD002125,CUST01914,REST0098,5,Worth the money
REV00394,ORD003239,CUST01945,REST0114,2,Worth the money
REV00395,ORD005404,CUST01272,REST0016,4,Worth the money
REV00396,ORD005999,CUST00890,REST0017,5,Packaging was poor
REV00397,ORD005939,CUST01877,REST0151,4,Excellent taste
REV00398,ORD002046,CUST00083,REST0072,5,Loved it
REV00399,ORD001579,CUST01775,REST0124,2,Would order again
REV00400,ORD000015,CUST02126,REST0134,5,Not satisfied
REV00401,ORD002674,CUST00471,REST0093,4,Amazing food
REV00402,ORD007017,CUST00193,REST0015,3,Worth the money
REV00403,ORD008721,CUST01625,REST0075,1,Would order again
REV00404,ORD008850,CUST01441,REST0037,5,Loved it
REV00405,ORD004813,CUST01267,REST0199,2,Excellent taste
REV00406,ORD001085,CUST01520,REST0120,2,Delivery was delayed
REV00407,ORD004984,CUST00811,REST0073,4,Not satisfied
REV00408,ORD007156,CUST00783,REST0278,1,Packaging was poor
REV00409,ORD002885,CUST02123,REST0191,5,Loved it
REV00410,ORD000334,CUST02206,REST0156,3,Very late delivery
REV00411,ORD007205,CUST00705,REST0030,3,Loved it
REV00412,ORD004368,CUST00351,REST0256,4,Not satisfied
REV00413,ORD003080,CUST00844,REST0294,3,Amazing food
REV00414,ORD007204,CUST01372,REST0049,5,Would order again
REV00415,ORD009910,CUST00947,REST0099,5,Average experience
REV00416,ORD008865,CUST01276,REST0182,1,Loved it
REV00417,ORD000264,CUST01721,REST0205,5,Worth the money
REV00418,ORD004338,CUST02153,REST0233,5,Not satisfied
REV00419,ORD008896,CUST00145,REST0281,1,Average experience
REV00420,ORD008448,CUST00730,REST0127,5,Amazing food
REV00421,ORD005904,CUST00595,REST0245,4,Delivery was delayed
REV00422,ORD001499,CUST00314,REST0227,4,Very late delivery
REV00423,ORD004191,CUST00317,REST0200,3,Would order again
REV00424,ORD007486,CUST01407,REST0141,3,Loved it
REV00425,ORD009644,CUST01339,REST0067,1,Delivery was delayed
REV00426,ORD008311,CUST01552,REST0019,1,Loved it
REV00427,ORD007591,CUST01744,REST0032,4,Amazing food
REV00428,ORD000501,CUST02416,REST0245,1,Very late delivery
REV00429,ORD009156,CUST00525,REST0242,2,Delivery was delayed
REV00430,ORD009415,CUST02213,REST0047,3,Very late delivery
REV00431,ORD003096,CUST02346,REST0016,2,Worth the money
REV00432,ORD004632,CUST01814,REST0005,1,Very late delivery
REV00433,ORD000368,CUST01051,REST0204,4,Packaging was poor
REV00434,ORD004059,CUST00655,REST0282,3,Average experience
REV00435,ORD008175,CUST00472,REST0148,4,Not satisfied
REV00436,ORD004631,CUST02445,REST0069,1,Packaging was poor
REV00437,ORD006071,CUST00317,REST0101,4,Would order again
REV00438,ORD002665,CUST01139,REST0055,4,Worth the money
REV00439,ORD001027,CUST00869,REST0086,3,Not satisfied
REV00440,ORD005909,CUST00355,REST0171,5,Excellent taste
REV00441,ORD005051,CUST00923,REST0116,4,Loved it
REV00442,ORD006329,CUST01699,REST0238,3,Worth the money
REV00443,ORD009734,CUST01414,REST0251,1,Worth the money
REV00444,ORD001692,CUST01129,REST0046,2,Loved it
REV00445,ORD000674,CUST00454,REST0008,5,Loved it
REV00446,ORD005573,CUST00129,REST0091,3,Packaging was poor
REV00447,ORD005767,CUST00383,REST0072,3,Would order again
REV00448,ORD005157,CUST01171,REST0228,1,Would order again
REV00449,ORD000734,CUST01020,REST0265,2,Amazing food
REV00450,ORD003527,CUST01051,REST0031,1,Not satisfied
REV00451,ORD000569,CUST00688,REST0121,3,Worth the money
REV00452,ORD009188,CUST00482,REST0158,4,Average experience
REV00453,ORD002923,CUST01101,REST0225,2,Delivery was delayed
REV00454,ORD007912,CUST00116,REST0133,2,Worth the money
REV00455,ORD001559,CUST02473,REST0065,3,Very late delivery
REV00456,ORD000102,CUST00274,REST0180,3,Packaging was poor
REV00457,ORD003008,CUST00227,REST0298,1,Amazing food
REV00458,ORD007202,CUST00289,REST0200,3,Packaging was poor
REV00459,ORD000304,CUST01719,REST0129,1,Loved it
REV00460,ORD000077,CUST02157,REST0053,1,Would order again
REV00461,ORD006755,CUST01064,REST0274,3,Packaging was poor
REV00462,ORD008630,CUST00814,REST0059,1,Amazing food
REV00463,ORD001209,CUST01265,REST0104,1,Worth the money
REV00464,ORD007743,CUST01534,REST0166,3,Not satisfied
REV00465,ORD008215,CUST01365,REST0076,1,Would order again
REV00466,ORD008945,CUST00820,REST0075,4,Excellent taste
REV00467,ORD008414,CUST00538,REST0147,3,Average experience
REV00468,ORD001776,CUST01436,REST0272,4,Not satisfied
REV00469,ORD003474,CUST01699,REST0065,1,Average experience
REV00470,ORD000484,CUST01114,REST0097,1,Packaging was poor
REV00471,ORD002190,CUST01353,REST0034,3,Not satisfied
REV00472,ORD000347,CUST00159,REST0276,3,Very late delivery
REV00473,ORD005482,CUST00697,REST0142,5,Would order again
REV00474,ORD008362,CUST02283,REST0232,4,Not satisfied
REV00475,ORD001473,CUST01001,REST0229,1,Average experience
REV00476,ORD005101,CUST01176,REST0278,2,Loved it
REV00477,ORD006766,CUST00495,REST0112,3,Average experience
REV00478,ORD008707,CUST01623,REST0046,1,Worth the money
REV00479,ORD004930,CUST02497,REST0142,4,Very late delivery
REV00480,ORD006330,CUST01588,REST0158,5,Not satisfied
REV00481,ORD002610,CUST02479,REST0289,2,Average experience
REV00482,ORD000004,CUST01817,REST0155,2,Would order again
REV00483,ORD002214,CUST01812,REST0129,1,Not satisfied
REV00484,ORD004828,CUST01001,REST0019,5,Average experience
REV00485,ORD000857,CUST01702,REST0231,5,Packaging was poor
REV00486,ORD006978,CUST00562,REST0158,2,Packaging was poor
REV00487,ORD005886,CUST02122,REST0022,2,Amazing food
REV00488,ORD000625,CUST02101,REST0254,4,Excellent taste
REV00489,ORD000291,CUST00411,REST0085,3,Not satisfied
REV00490,ORD002019,CUST00597,REST0085,4,Delivery was delayed
REV00491,ORD000669,CUST01179,REST0138,1,Packaging was poor
REV00492,ORD008922,CUST02319,REST0224,3,Excellent taste
REV00493,ORD008265,CUST01644,REST0164,2,Worth the money
REV00494,ORD009697,CUST01047,REST0045,1,Worth the money
REV00495,ORD001632,CUST00356,REST0114,2,Average experience
REV00496,ORD005171,CUST01303,REST0084,5,Delivery was delayed
REV00497,ORD007206,CUST01223,REST0005,1,Average experience
REV00498,ORD002523,CUST00043,REST0073,4,Amazing food
REV00499,ORD002216,CUST01738,REST0015,1,Very late delivery
REV00500,ORD006969,CUST01555,REST0018,2,Loved it
REV00501,ORD006497,CUST00710,REST0040,1,Loved it
REV00502,ORD006214,CUST01604,REST0004,3,Excellent taste
REV00503,ORD007033,CUST00945,REST0029,1,Average experience
REV00504,ORD007421,CUST00521,REST0147,2,Not satisfied
REV00505,ORD001108,CUST00058,REST0078,3,Loved it
REV00506,ORD000451,CUST01727,REST0041,5,Not satisfied
REV00507,ORD006290,CUST00415,REST0124,5,Packaging was poor
REV00508,ORD009967,CUST02419,REST0099,2,Very late delivery
REV00509,ORD000136,CUST01947,REST0072,1,Not satisfied
REV00510,ORD001786,CUST01337,REST0158,5,Not satisfied
REV00511,ORD003405,CUST01514,REST0123,4,Loved it
REV00512,ORD002907,CUST01842,REST0154,2,Excellent taste
REV00513,ORD008305,CUST00372,REST0114,3,Amazing food
REV00514,ORD007493,CUST02242,REST0008,3,Worth the money
REV00515,ORD006101,CUST01360,REST0300,3,Delivery was delayed
REV00516,ORD004505,CUST02312,REST0034,3,Amazing food
REV00517,ORD005054,CUST02204,REST0003,4,Amazing food
REV00518,ORD005206,CUST01564,REST0124,3,Delivery was delayed
REV00519,ORD004081,CUST02333,REST0013,3,Packaging was poor
REV00520,ORD006919,CUST01869,REST0065,2,Not satisfied
REV00521,ORD006803,CUST01793,REST0083,1,Amazing food
REV00522,ORD005207,CUST00603,REST0026,5,Loved it
REV00523,ORD000533,CUST02006,REST0176,5,Excellent taste
REV00524,ORD004831,CUST02323,REST0215,1,Not satisfied
REV00525,ORD004039,CUST01496,REST0060,1,Excellent taste
REV00526,ORD004085,CUST01977,REST0065,4,Worth the money
REV00527,ORD003205,CUST01525,REST0294,4,Excellent taste
REV00528,ORD007111,CUST00424,REST0197,1,Delivery was delayed
REV00529,ORD000331,CUST00091,REST0287,2,Delivery was delayed
REV00530,ORD004958,CUST00669,REST0044,2,Worth the money
REV00531,ORD003034,CUST00020,REST0029,5,Loved it
REV00532,ORD007685,CUST00679,REST0082,2,Worth the money
REV00533,ORD001598,CUST00663,REST0297,3,Amazing food
REV00534,ORD009920,CUST02481,REST0243,3,Packaging was poor
REV00535,ORD003598,CUST01995,REST0198,5,Delivery was delayed
REV00536,ORD009039,CUST02078,REST0234,3,Packaging was poor
REV00537,ORD008002,CUST01504,REST0213,1,Worth the money
REV00538,ORD000591,CUST01796,REST0250,2,Excellent taste
REV00539,ORD000648,CUST00929,REST0254,5,Would order again
REV00540,ORD009103,CUST01335,REST0255,5,Would order again
REV00541,ORD008016,CUST01828,REST0217,2,Amazing food
REV00542,ORD003772,CUST00665,REST0226,5,Would order again
REV00543,ORD009040,CUST00106,REST0220,1,Loved it
REV00544,ORD005083,CUST01165,REST0250,3,Would order again
REV00545,ORD007883,CUST01569,REST0184,3,Delivery was delayed
REV00546,ORD009363,CUST01055,REST0193,2,Amazing food
REV00547,ORD004211,CUST00619,REST0267,3,Worth the money
REV00548,ORD008835,CUST00611,REST0021,3,Excellent taste
REV00549,ORD008700,CUST00963,REST0232,4,Not satisfied
REV00550,ORD001796,CUST01062,REST0021,4,Worth the money
REV00551,ORD002587,CUST01395,REST0259,4,Packaging was poor
REV00552,ORD008356,CUST01282,REST0019,1,Packaging was poor
REV00553,ORD002317,CUST00770,REST0139,5,Worth the money
REV00554,ORD004186,CUST01701,REST0037,1,Very late delivery
REV00555,ORD008828,CUST00611,REST0167,5,Amazing food
REV00556,ORD007073,CUST00520,REST0247,5,Worth the money
REV00557,ORD005235,CUST00024,REST0247,5,Packaging was poor
REV00558,ORD008744,CUST02249,REST0006,5,Amazing food
REV00559,ORD008671,CUST00091,REST0148,4,Would order again
REV00560,ORD004769,CUST02074,REST0089,2,Loved it
REV00561,ORD009973,CUST00725,REST0284,3,Average experience
REV00562,ORD007145,CUST01703,REST0287,2,Not satisfied
REV00563,ORD002914,CUST02140,REST0091,1,Packaging was poor
REV00564,ORD009872,CUST01014,REST0058,2,Very late delivery
REV00565,ORD009894,CUST00359,REST0149,4,Excellent taste
REV00566,ORD002076,CUST00387,REST0051,1,Excellent taste
REV00567,ORD004303,CUST01280,REST0089,3,Delivery was delayed
REV00568,ORD005823,CUST00010,REST0080,4,Packaging was poor
REV00569,ORD002150,CUST00072,REST0164,2,Average experience
REV00570,ORD000145,CUST00580,REST0178,4,Very late delivery
REV00571,ORD004964,CUST00527,REST0068,1,Average experience
REV00572,ORD008160,CUST01111,REST0241,2,Average experience
REV00573,ORD009031,CUST01596,REST0105,4,Loved it
REV00574,ORD004776,CUST00593,REST0050,4,Delivery was delayed
REV00575,ORD008934,CUST00660,REST0038,3,Not satisfied
REV00576,ORD007750,CUST00123,REST0294,4,Packaging was poor
REV00577,ORD009829,CUST01347,REST0140,2,Would order again
REV00578,ORD009215,CUST01769,REST0129,4,Amazing food
REV00579,ORD006061,CUST01111,REST0219,3,Average experience
REV00580,ORD009476,CUST01827,REST0033,1,Excellent taste
REV00581,ORD006410,CUST00955,REST0041,1,Worth the money
REV00582,ORD003318,CUST01140,REST0077,1,Very late delivery
REV00583,ORD007465,CUST01212,REST0153,5,Worth the money
REV00584,ORD003062,CUST00783,REST0120,3,Amazing food
REV00585,ORD001356,CUST02394,REST0157,3,Loved it
REV00586,ORD004515,CUST00387,REST0135,2,Delivery was delayed
REV00587,ORD005506,CUST00137,REST0088,5,Worth the money
REV00588,ORD005251,CUST00954,REST0019,3,Very late delivery
REV00589,ORD004512,CUST00016,REST0047,4,Amazing food
REV00590,ORD001731,CUST02032,REST0101,2,Would order again
REV00591,ORD001759,CUST01968,REST0030,3,Excellent taste
REV00592,ORD006651,CUST01760,REST0298,2,Delivery was delayed
REV00593,ORD006647,CUST00030,REST0247,4,Would order again
REV00594,ORD009861,CUST01589,REST0059,4,Not satisfied
REV00595,ORD004140,CUST02341,REST0147,2,Would order again
REV00596,ORD009394,CUST00583,REST0186,3,Packaging was poor
REV00597,ORD005124,CUST00974,REST0157,2,Worth the money
REV00598,ORD000001,CUST00520,REST0225,2,Loved it
REV00599,ORD001865,CUST00592,REST0113,2,Average experience
REV00600,ORD000544,CUST02439,REST0056,2,Very late delivery
REV00601,ORD000350,CUST01386,REST0127,2,Amazing food
REV00602,ORD006907,CUST02406,REST0139,2,Average experience
REV00603,ORD009766,CUST01656,REST0281,2,Worth the money
REV00604,ORD002524,CUST01221,REST0099,2,Amazing food
REV00605,ORD003465,CUST02380,REST0283,3,Would order again
REV00606,ORD000458,CUST00670,REST0121,5,Would order again
REV00607,ORD003024,CUST01437,REST0077,1,Amazing food
REV00608,ORD007262,CUST01348,REST0180,1,Would order again
REV00609,ORD009516,CUST00691,REST0047,3,Packaging was poor
REV00610,ORD007873,CUST02309,REST0083,3,Would order again
REV00611,ORD006626,CUST01154,REST0204,3,Delivery was delayed
REV00612,ORD002535,CUST00039,REST0199,2,Worth the money
REV00613,ORD000132,CUST01455,REST0297,4,Not satisfied
REV00614,ORD003705,CUST00609,REST0160,2,Loved it
REV00615,ORD001373,CUST01623,REST0070,1,Average experience
REV00616,ORD006201,CUST00616,REST0204,2,Average experience
REV00617,ORD004857,CUST01375,REST0166,2,Would order again
REV00618,ORD004713,CUST02279,REST0240,2,Packaging was poor
REV00619,ORD005545,CUST01935,REST0148,3,Average experience
REV00620,ORD001414,CUST01066,REST0002,4,Worth the money
REV00621,ORD004114,CUST01158,REST0013,1,Would order again
REV00622,ORD000656,CUST01667,REST0012,5,Would order again
REV00623,ORD008138,CUST01074,REST0293,3,Packaging was poor
REV00624,ORD004099,CUST02404,REST0299,4,Delivery was delayed
REV00625,ORD000593,CUST00583,REST0101,2,Loved it
REV00626,ORD008709,CUST02349,REST0276,2,Excellent taste
REV00627,ORD003124,CUST00300,REST0242,3,Not satisfied
REV00628,ORD003048,CUST02401,REST0139,5,Would order again
REV00629,ORD003888,CUST01424,REST0083,5,Would order again
REV00630,ORD005736,CUST00834,REST0270,5,Worth the money
REV00631,ORD002185,CUST02042,REST0101,4,Excellent taste
REV00632,ORD002146,CUST02027,REST0072,5,Delivery was delayed
REV00633,ORD007048,CUST00538,REST0280,3,Excellent taste
REV00634,ORD003106,CUST01750,REST0001,5,Loved it
REV00635,ORD009234,CUST00191,REST0256,4,Delivery was delayed
REV00636,ORD009097,CUST00219,REST0024,5,Would order again
REV00637,ORD002770,CUST00196,REST0007,1,Packaging was poor
REV00638,ORD005222,CUST01232,REST0100,1,Amazing food
REV00639,ORD005834,CUST00711,REST0240,5,Average experience
REV00640,ORD001733,CUST02420,REST0102,1,Amazing food
REV00641,ORD000266,CUST01325,REST0024,4,Worth the money
REV00642,ORD005145,CUST01473,REST0243,2,Excellent taste
REV00643,ORD008268,CUST01398,REST0139,5,Very late delivery
REV00644,ORD003938,CUST00134,REST0289,4,Not satisfied
REV00645,ORD000762,CUST00176,REST0188,2,Very late delivery
REV00646,ORD007221,CUST00295,REST0265,5,Worth the money
REV00647,ORD008440,CUST01560,REST0015,3,Would order again
REV00648,ORD003258,CUST02371,REST0034,4,Would order again
REV00649,ORD004339,CUST00042,REST0080,5,Excellent taste
REV00650,ORD004363,CUST01512,REST0045,4,Delivery was delayed
REV00651,ORD000317,CUST01381,REST0225,3,Delivery was delayed
REV00652,ORD008070,CUST02151,REST0270,4,Amazing food
REV00653,ORD001852,CUST00575,REST0222,2,Amazing food
REV00654,ORD002485,CUST01024,REST0181,4,Delivery was delayed
REV00655,ORD009874,CUST00312,REST0231,2,Would order again
REV00656,ORD009575,CUST01260,REST0236,3,Very late delivery
REV00657,ORD001079,CUST01820,REST0142,2,Amazing food
REV00658,ORD008359,CUST00717,REST0261,5,Delivery was delayed
REV00659,ORD007334,CUST00619,REST0075,1,Worth the money
REV00660,ORD001072,CUST01057,REST0171,4,Packaging was poor
REV00661,ORD000104,CUST02299,REST0278,3,Loved it
REV00662,ORD005749,CUST00884,REST0095,3,Average experience
REV00663,ORD001419,CUST02142,REST0034,5,Would order again
REV00664,ORD001659,CUST00138,REST0031,5,Would order again
REV00665,ORD005285,CUST00338,REST0229,1,Loved it
REV00666,ORD001150,CUST02178,REST0121,3,Would order again
REV00667,ORD007151,CUST02261,REST0290,2,Delivery was delayed
REV00668,ORD001569,CUST01520,REST0251,3,Would order again
REV00669,ORD001088,CUST01382,REST0110,5,Excellent taste
REV00670,ORD006086,CUST00392,REST0142,2,Average experience
REV00671,ORD008675,CUST01814,REST0166,1,Excellent taste
REV00672,ORD008342,CUST01574,REST0089,4,Excellent taste
REV00673,ORD007812,CUST01685,REST0099,3,Not satisfied
REV00674,ORD006085,CUST02017,REST0179,3,Very late delivery
REV00675,ORD008774,CUST01096,REST0058,3,Loved it
REV00676,ORD008758,CUST01876,REST0098,4,Would order again
REV00677,ORD001693,CUST00461,REST0198,3,Not satisfied
REV00678,ORD004735,CUST01548,REST0058,1,Excellent taste
REV00679,ORD003388,CUST01141,REST0293,1,Worth the money
REV00680,ORD003647,CUST01037,REST0178,2,Worth the money
REV00681,ORD001684,CUST01544,REST0139,5,Excellent taste
REV00682,ORD000009,CUST01574,REST0154,1,Loved it
REV00683,ORD006063,CUST01700,REST0073,3,Loved it
REV00684,ORD006517,CUST00701,REST0019,5,Average experience
REV00685,ORD004124,CUST02099,REST0050,4,Loved it
REV00686,ORD008730,CUST02440,REST0116,1,Very late delivery
REV00687,ORD006046,CUST00925,REST0237,4,Excellent taste
REV00688,ORD000568,CUST00378,REST0027,3,Amazing food
REV00689,ORD009162,CUST00182,REST0072,5,Not satisfied
REV00690,ORD001804,CUST01813,REST0166,1,Would order again
REV00691,ORD008502,CUST01597,REST0021,5,Amazing food
REV00692,ORD004901,CUST00384,REST0265,5,Average experience
REV00693,ORD001600,CUST00812,REST0039,4,Not satisfied
REV00694,ORD007932,CUST00546,REST0262,5,Very late delivery
REV00695,ORD009548,CUST02103,REST0188,3,Average experience
REV00696,ORD002824,CUST00172,REST0077,3,Loved it
REV00697,ORD005468,CUST00525,REST0024,1,Amazing food
REV00698,ORD003530,CUST00432,REST0099,3,Loved it
REV00699,ORD008684,CUST02110,REST0063,4,Not satisfied
REV00700,ORD001156,CUST00324,REST0091,1,Loved it
REV00701,ORD006548,CUST02275,REST0085,1,Worth the money
REV00702,ORD009089,CUST01217,REST0149,4,Average experience
REV00703,ORD007621,CUST02115,REST0133,5,Worth the money
REV00704,ORD008297,CUST00273,REST0217,2,Would order again
REV00705,ORD004541,CUST01070,REST0008,5,Amazing food
REV00706,ORD009135,CUST00253,REST0127,5,Packaging was poor
REV00707,ORD006483,CUST01148,REST0121,3,Worth the money
REV00708,ORD005827,CUST01772,REST0118,4,Would order again
REV00709,ORD001191,CUST00865,REST0191,5,Average experience
REV00710,ORD007445,CUST00923,REST0273,5,Would order again
REV00711,ORD008521,CUST00600,REST0232,4,Excellent taste
REV00712,ORD000961,CUST00745,REST0150,2,Worth the money
REV00713,ORD007455,CUST00568,REST0152,5,Very late delivery
REV00714,ORD000037,CUST02333,REST0065,3,Excellent taste
REV00715,ORD007517,CUST01491,REST0296,1,Excellent taste
REV00716,ORD007645,CUST01360,REST0280,4,Worth the money
REV00717,ORD004439,CUST02112,REST0249,3,Not satisfied
REV00718,ORD006162,CUST01688,REST0156,5,Packaging was poor
REV00719,ORD007745,CUST01439,REST0162,4,Worth the money
REV00720,ORD009588,CUST00517,REST0179,5,Not satisfied
REV00721,ORD008120,CUST02346,REST0187,3,Worth the money
REV00722,ORD006968,CUST01157,REST0039,1,Would order again
REV00723,ORD005719,CUST00041,REST0235,2,Amazing food
REV00724,ORD000578,CUST01030,REST0269,1,Delivery was delayed
REV00725,ORD009834,CUST02092,REST0007,1,Would order again
REV00726,ORD004103,CUST01026,REST0172,2,Delivery was delayed
REV00727,ORD007647,CUST00238,REST0006,2,Average experience
REV00728,ORD004152,CUST01551,REST0098,3,Not satisfied
REV00729,ORD003131,CUST02029,REST0298,5,Average experience
REV00730,ORD004891,CUST02207,REST0247,2,Not satisfied
REV00731,ORD009976,CUST01288,REST0070,5,Would order again
REV00732,ORD007472,CUST00865,REST0101,4,Loved it
REV00733,ORD001834,CUST00543,REST0004,3,Loved it
REV00734,ORD009149,CUST01446,REST0088,3,Average experience
REV00735,ORD004892,CUST01326,REST0179,4,Amazing food
REV00736,ORD002288,CUST01212,REST0191,3,Amazing food
REV00737,ORD001331,CUST00041,REST0086,3,Average experience
REV00738,ORD002772,CUST01113,REST0073,3,Not satisfied
REV00739,ORD003687,CUST02078,REST0229,5,Average experience
REV00740,ORD008284,CUST00128,REST0138,3,Packaging was poor
REV00741,ORD005929,CUST01725,REST0256,5,Worth the money
REV00742,ORD000638,CUST01966,REST0011,5,Very late delivery
REV00743,ORD000048,CUST00397,REST0119,5,Loved it
REV00744,ORD002603,CUST01912,REST0124,1,Not satisfied
REV00745,ORD001966,CUST02238,REST0040,3,Amazing food
REV00746,ORD002169,CUST02109,REST0006,3,Would order again
REV00747,ORD005050,CUST01356,REST0277,5,Would order again
REV00748,ORD003335,CUST00919,REST0085,4,Excellent taste
REV00749,ORD003020,CUST02483,REST0250,2,Not satisfied
REV00750,ORD008765,CUST00785,REST0141,1,Loved it
REV00751,ORD009177,CUST01987,REST0182,5,Packaging was poor
REV00752,ORD001361,CUST02167,REST0152,3,Loved it
REV00753,ORD005799,CUST01751,REST0253,1,Excellent taste
REV00754,ORD009401,CUST00930,REST0250,5,Packaging was poor
REV00755,ORD003252,CUST01679,REST0017,1,Average experience
REV00756,ORD006301,CUST00283,REST0030,4,Loved it
REV00757,ORD002252,CUST01102,REST0288,2,Amazing food
REV00758,ORD006028,CUST00464,REST0033,3,Would order again
REV00759,ORD001176,CUST00499,REST0102,2,Delivery was delayed
REV00760,ORD008800,CUST01020,REST0200,1,Worth the money
REV00761,ORD003280,CUST00596,REST0097,3,Would order again
REV00762,ORD002974,CUST01761,REST0015,2,Very late delivery
REV00763,ORD003397,CUST01462,REST0055,1,Average experience
REV00764,ORD006940,CUST01461,REST0116,2,Loved it
REV00765,ORD000966,CUST00910,REST0137,3,Not satisfied
REV00766,ORD008575,CUST01080,REST0036,4,Worth the money
REV00767,ORD000743,CUST00989,REST0285,4,Would order again
REV00768,ORD007515,CUST01474,REST0103,2,Delivery was delayed
REV00769,ORD003315,CUST01161,REST0231,5,Would order again
REV00770,ORD004899,CUST00269,REST0240,5,Excellent taste
REV00771,ORD009341,CUST00641,REST0107,1,Average experience
REV00772,ORD004673,CUST01079,REST0041,1,Very late delivery
REV00773,ORD008619,CUST00032,REST0019,2,Would order again
REV00774,ORD001218,CUST01582,REST0140,2,Worth the money
REV00775,ORD004398,CUST01487,REST0124,2,Excellent taste
REV00776,ORD006081,CUST00154,REST0162,3,Amazing food
REV00777,ORD002615,CUST02354,REST0205,3,Would order again
REV00778,ORD002621,CUST01534,REST0098,1,Excellent taste
REV00779,ORD008715,CUST01341,REST0231,4,Very late delivery
REV00780,ORD007283,CUST01554,REST0107,1,Delivery was delayed
REV00781,ORD003380,CUST01540,REST0148,2,Amazing food
REV00782,ORD007302,CUST01541,REST0033,5,Amazing food
REV00783,ORD009858,CUST01902,REST0297,2,Amazing food
REV00784,ORD005606,CUST00870,REST0176,1,Very late delivery
REV00785,ORD009814,CUST02446,REST0250,1,Would order again
REV00786,ORD005787,CUST01198,REST0083,1,Worth the money
REV00787,ORD008519,CUST00234,REST0247,3,Loved it
REV00788,ORD006851,CUST00332,REST0021,5,Delivery was delayed
REV00789,ORD001517,CUST00367,REST0142,1,Would order again
REV00790,ORD005099,CUST00733,REST0234,5,Delivery was delayed
REV00791,ORD007637,CUST01755,REST0111,1,Worth the money
REV00792,ORD009086,CUST00051,REST0197,2,Excellent taste
REV00793,ORD008024,CUST02040,REST0145,1,Not satisfied
REV00794,ORD002393,CUST00372,REST0045,2,Amazing food
REV00795,ORD000587,CUST00278,REST0181,1,Very late delivery
REV00796,ORD003520,CUST02015,REST0276,5,Loved it
REV00797,ORD007654,CUST00221,REST0059,5,Excellent taste
REV00798,ORD008947,CUST00619,REST0022,3,Worth the money
REV00799,ORD000851,CUST00976,REST0219,4,Very late delivery
REV00800,ORD000336,CUST00491,REST0037,4,Worth the money
REV00801,ORD006635,CUST02058,REST0171,5,Worth the money
REV00802,ORD008973,CUST01492,REST0190,4,Amazing food
REV00803,ORD007494,CUST00921,REST0266,2,Delivery was delayed
REV00804,ORD002869,CUST01921,REST0027,1,Worth the money
REV00805,ORD004873,CUST02218,REST0116,3,Not satisfied
REV00806,ORD003551,CUST01121,REST0290,2,Average experience
REV00807,ORD003843,CUST00271,REST0247,5,Average experience
REV00808,ORD007263,CUST02443,REST0197,4,Amazing food
REV00809,ORD005825,CUST01894,REST0144,3,Amazing food
REV00810,ORD000024,CUST00172,REST0284,2,Average experience
REV00811,ORD001454,CUST02195,REST0212,1,Loved it
REV00812,ORD001685,CUST00422,REST0195,2,Amazing food
REV00813,ORD002311,CUST00818,REST0163,1,Amazing food
REV00814,ORD009064,CUST00249,REST0215,1,Loved it
REV00815,ORD009407,CUST01115,REST0078,3,Not satisfied
REV00816,ORD000382,CUST02010,REST0129,3,Worth the money
REV00817,ORD005815,CUST00460,REST0291,3,Would order again
REV00818,ORD005551,CUST02074,REST0016,1,Amazing food
REV00819,ORD009309,CUST01320,REST0158,2,Excellent taste
REV00820,ORD001619,CUST01314,REST0224,1,Loved it
REV00821,ORD000790,CUST00787,REST0137,5,Not satisfied
REV00822,ORD005984,CUST00592,REST0131,2,Would order again
REV00823,ORD008673,CUST01653,REST0248,3,Average experience
REV00824,ORD004476,CUST00759,REST0261,4,Would order again
REV00825,ORD005607,CUST00196,REST0218,5,Would order again
REV00826,ORD009313,CUST00164,REST0191,4,Loved it
REV00827,ORD005649,CUST01830,REST0139,5,Average experience
REV00828,ORD006217,CUST00636,REST0012,5,Worth the money
REV00829,ORD002287,CUST02467,REST0029,4,Not satisfied
REV00830,ORD009994,CUST02118,REST0211,1,Very late delivery
REV00831,ORD007579,CUST01455,REST0103,4,Very late delivery
REV00832,ORD001184,CUST00819,REST0196,4,Would order again
REV00833,ORD006002,CUST00770,REST0200,4,Delivery was delayed
REV00834,ORD005091,CUST00914,REST0137,4,Packaging was poor
REV00835,ORD002517,CUST01223,REST0067,2,Delivery was delayed
REV00836,ORD004123,CUST01710,REST0182,4,Packaging was poor
REV00837,ORD005522,CUST00532,REST0240,1,Loved it
REV00838,ORD005628,CUST00482,REST0217,5,Worth the money
REV00839,ORD008361,CUST00301,REST0213,5,Average experience
REV00840,ORD005873,CUST01205,REST0289,5,Average experience
REV00841,ORD008613,CUST02023,REST0029,4,Loved it
REV00842,ORD007728,CUST01557,REST0085,2,Would order again
REV00843,ORD005969,CUST01737,REST0083,3,Loved it
REV00844,ORD001181,CUST01451,REST0116,3,Loved it
REV00845,ORD008763,CUST00231,REST0006,3,Very late delivery
REV00846,ORD008236,CUST00025,REST0074,4,Delivery was delayed
REV00847,ORD002819,CUST00768,REST0115,2,Delivery was delayed
REV00848,ORD009965,CUST01562,REST0231,2,Excellent taste
REV00849,ORD008704,CUST00771,REST0072,4,Excellent taste
REV00850,ORD006609,CUST00478,REST0048,3,Loved it
REV00851,ORD002821,CUST00639,REST0135,3,Excellent taste
REV00852,ORD007536,CUST00384,REST0249,2,Would order again
REV00853,ORD002261,CUST01174,REST0024,1,Excellent taste
REV00854,ORD002240,CUST00974,REST0025,3,Very late delivery
REV00855,ORD006022,CUST01267,REST0144,4,Loved it
REV00856,ORD000783,CUST02301,REST0117,2,Packaging was poor
REV00857,ORD000933,CUST01946,REST0010,1,Would order again
REV00858,ORD006203,CUST00045,REST0290,2,Very late delivery
REV00859,ORD002413,CUST00171,REST0297,3,Average experience
REV00860,ORD006998,CUST02044,REST0212,2,Packaging was poor
REV00861,ORD009116,CUST02133,REST0155,5,Amazing food
REV00862,ORD001157,CUST00033,REST0294,2,Worth the money
REV00863,ORD008108,CUST00641,REST0259,4,Amazing food
REV00864,ORD005806,CUST02435,REST0237,3,Excellent taste
REV00865,ORD004880,CUST01892,REST0084,3,Would order again
REV00866,ORD003310,CUST02447,REST0041,1,Worth the money
REV00867,ORD008962,CUST00823,REST0164,4,Would order again
REV00868,ORD001703,CUST01741,REST0131,1,Worth the money
REV00869,ORD002493,CUST00104,REST0263,3,Packaging was poor
REV00870,ORD003707,CUST01888,REST0222,2,Amazing food
REV00871,ORD008277,CUST02490,REST0035,3,Loved it
REV00872,ORD000287,CUST02255,REST0152,5,Worth the money
REV00873,ORD001609,CUST01453,REST0006,1,Average experience
REV00874,ORD006632,CUST02090,REST0108,5,Amazing food
REV00875,ORD008279,CUST01329,REST0173,3,Worth the money
REV00876,ORD007316,CUST01959,REST0117,4,Delivery was delayed
REV00877,ORD002253,CUST00427,REST0093,1,Packaging was poor
REV00878,ORD007416,CUST01292,REST0253,4,Average experience
REV00879,ORD008366,CUST02047,REST0127,4,Packaging was poor
REV00880,ORD001892,CUST02354,REST0151,3,Loved it
REV00881,ORD005063,CUST00949,REST0031,3,Worth the money
REV00882,ORD006121,CUST01741,REST0267,5,Excellent taste
REV00883,ORD000564,CUST02454,REST0272,2,Not satisfied
REV00884,ORD000292,CUST01215,REST0200,3,Loved it
REV00885,ORD004717,CUST00398,REST0159,1,Packaging was poor
REV00886,ORD007709,CUST01179,REST0049,1,Worth the money
REV00887,ORD006350,CUST00395,REST0071,1,Very late delivery
REV00888,ORD000170,CUST01642,REST0012,2,Worth the money
REV00889,ORD000268,CUST01201,REST0191,4,Not satisfied
REV00890,ORD004639,CUST02043,REST0285,4,Loved it
REV00891,ORD007078,CUST00924,REST0250,3,Excellent taste
REV00892,ORD003356,CUST02090,REST0012,5,Delivery was delayed
REV00893,ORD008280,CUST01413,REST0023,3,Worth the money
REV00894,ORD000316,CUST02037,REST0096,1,Very late delivery
REV00895,ORD006729,CUST01715,REST0233,4,Average experience
REV00896,ORD009496,CUST01220,REST0210,5,Amazing food
REV00897,ORD004068,CUST00166,REST0228,1,Worth the money
REV00898,ORD000246,CUST02099,REST0192,5,Very late delivery
REV00899,ORD000253,CUST00913,REST0300,1,Excellent taste
REV00900,ORD001112,CUST01717,REST0092,5,Packaging was poor
REV00901,ORD004802,CUST02386,REST0001,5,Amazing food
REV00902,ORD001714,CUST01956,REST0205,2,Amazing food
REV00903,ORD000051,CUST01288,REST0051,4,Would order again
REV00904,ORD001836,CUST01321,REST0168,1,Delivery was delayed
REV00905,ORD007897,CUST01379,REST0223,4,Amazing food
REV00906,ORD003384,CUST01921,REST0276,2,Very late delivery
REV00907,ORD006411,CUST01969,REST0240,3,Not satisfied
REV00908,ORD004314,CUST00514,REST0230,2,Not satisfied
REV00909,ORD000873,CUST01967,REST0238,1,Average experience
REV00910,ORD001255,CUST01292,REST0128,5,Packaging was poor
REV00911,ORD008882,CUST01672,REST0076,3,Amazing food
REV00912,ORD005852,CUST01829,REST0212,1,Amazing food
REV00913,ORD005703,CUST00655,REST0107,4,Average experience
REV00914,ORD008104,CUST02353,REST0030,2,Excellent taste
REV00915,ORD002099,CUST01038,REST0147,1,Worth the money
REV00916,ORD005129,CUST01435,REST0165,1,Amazing food
REV00917,ORD000249,CUST02351,REST0240,5,Loved it
REV00918,ORD006562,CUST01464,REST0273,3,Not satisfied
REV00919,ORD001340,CUST02316,REST0099,2,Amazing food
REV00920,ORD007018,CUST00194,REST0199,4,Amazing food
REV00921,ORD002111,CUST00837,REST0248,5,Would order again
REV00922,ORD001570,CUST00235,REST0151,2,Loved it
REV00923,ORD001727,CUST00012,REST0230,2,Not satisfied
REV00924,ORD008385,CUST01820,REST0010,1,Packaging was poor
REV00925,ORD006941,CUST01693,REST0085,3,Packaging was poor
REV00926,ORD004396,CUST00976,REST0137,5,Would order again
REV00927,ORD002421,CUST00497,REST0132,1,Very late delivery
REV00928,ORD003046,CUST01394,REST0203,5,Average experience
REV00929,ORD005504,CUST00465,REST0172,2,Average experience
REV00930,ORD003704,CUST00733,REST0287,3,Worth the money
REV00931,ORD008192,CUST01432,REST0176,5,Packaging was poor
REV00932,ORD005332,CUST00491,REST0132,2,Very late delivery
REV00933,ORD009809,CUST01956,REST0007,4,Excellent taste
REV00934,ORD000448,CUST02197,REST0103,4,Very late delivery
REV00935,ORD007895,CUST00693,REST0145,2,Delivery was delayed
REV00936,ORD008729,CUST01518,REST0158,2,Very late delivery
REV00937,ORD007829,CUST01145,REST0063,1,Excellent taste
REV00938,ORD001769,CUST00119,REST0074,5,Delivery was delayed
REV00939,ORD006809,CUST02079,REST0284,5,Excellent taste
REV00940,ORD004705,CUST01829,REST0279,3,Would order again
REV00941,ORD003870,CUST01735,REST0251,5,Very late delivery
REV00942,ORD001656,CUST00338,REST0278,4,Loved it
REV00943,ORD003188,CUST02012,REST0148,1,Loved it
REV00944,ORD000684,CUST01044,REST0051,5,Excellent taste
REV00945,ORD004171,CUST01201,REST0202,3,Average experience
REV00946,ORD004478,CUST00379,REST0137,4,Packaging was poor
REV00947,ORD000462,CUST00924,REST0246,3,Very late delivery
REV00948,ORD005765,CUST00930,REST0025,4,Worth the money
REV00949,ORD007523,CUST02174,REST0276,3,Packaging was poor
REV00950,ORD004503,CUST01631,REST0053,1,Delivery was delayed
REV00951,ORD009710,CUST01043,REST0066,3,Amazing food
REV00952,ORD000319,CUST00729,REST0204,2,Packaging was poor
REV00953,ORD001146,CUST02109,REST0263,4,Packaging was poor
REV00954,ORD005095,CUST01014,REST0191,5,Packaging was poor
REV00955,ORD001394,CUST02350,REST0243,1,Would order again
REV00956,ORD006624,CUST01052,REST0068,3,Average experience
REV00957,ORD001502,CUST02051,REST0290,3,Very late delivery
REV00958,ORD006409,CUST01418,REST0151,2,Not satisfied
REV00959,ORD000377,CUST00660,REST0074,5,Delivery was delayed
REV00960,ORD000411,CUST00148,REST0139,1,Packaging was poor
REV00961,ORD001661,CUST00084,REST0149,4,Average experience
REV00962,ORD003152,CUST01622,REST0190,5,Amazing food
REV00963,ORD001624,CUST01229,REST0229,3,Would order again
REV00964,ORD005610,CUST00838,REST0154,2,Excellent taste
REV00965,ORD008533,CUST01111,REST0276,2,Very late delivery
REV00966,ORD005803,CUST01951,REST0120,4,Amazing food
REV00967,ORD005307,CUST02123,REST0054,2,Average experience
REV00968,ORD007087,CUST02431,REST0001,4,Average experience
REV00969,ORD008898,CUST01470,REST0127,2,Very late delivery
REV00970,ORD007489,CUST00381,REST0225,4,Loved it
REV00971,ORD009616,CUST00720,REST0274,5,Average experience
REV00972,ORD009218,CUST00918,REST0100,2,Loved it
REV00973,ORD001673,CUST01648,REST0084,4,Loved it
REV00974,ORD002359,CUST00851,REST0107,2,Delivery was delayed
REV00975,ORD008468,CUST00328,REST0033,3,Amazing food
REV00976,ORD000275,CUST00003,REST0160,1,Packaging was poor
REV00977,ORD002474,CUST00182,REST0080,1,Worth the money
REV00978,ORD005490,CUST00250,REST0244,2,Excellent taste
REV00979,ORD004772,CUST01133,REST0052,3,Loved it
REV00980,ORD002108,CUST00050,REST0053,2,Delivery was delayed
REV00981,ORD007501,CUST00598,REST0265,4,Worth the money
REV00982,ORD004415,CUST01069,REST0058,3,Packaging was poor
REV00983,ORD008139,CUST02192,REST0254,5,Delivery was delayed
REV00984,ORD008661,CUST02303,REST0033,4,Very late delivery
REV00985,ORD008240,CUST00788,REST0003,5,Packaging was poor
REV00986,ORD002418,CUST00525,REST0071,2,Packaging was poor
REV00987,ORD008772,CUST00811,REST0293,5,Excellent taste
REV00988,ORD002237,CUST00728,REST0004,2,Amazing food
REV00989,ORD003768,CUST01386,REST0067,2,Very late delivery
REV00990,ORD009792,CUST02016,REST0226,3,Excellent taste
REV00991,ORD009990,CUST00404,REST0137,5,Excellent taste
REV00992,ORD009966,CUST00676,REST0092,2,Worth the money
REV00993,ORD007324,CUST00724,REST0039,2,Not satisfied
REV00994,ORD001384,CUST01226,REST0135,2,Very late delivery
REV00995,ORD003102,CUST00911,REST0153,3,Not satisfied
REV00996,ORD003922,CUST02112,REST0097,1,Amazing food
REV00997,ORD006686,CUST01055,REST0165,3,Very late delivery
REV00998,ORD003195,CUST01702,REST0276,5,Excellent taste
REV00999,ORD001942,CUST01024,REST0106,1,Average experience
REV01000,ORD007714,CUST00048,REST0225,5,Average experience
REV01001,ORD004897,CUST02127,REST0272,2,Worth the money
REV01002,ORD004783,CUST00080,REST0269,5,Very late delivery
REV01003,ORD001497,CUST00416,REST0065,1,Loved it
REV01004,ORD001958,CUST01110,REST0202,5,Very late delivery
REV01005,ORD009172,CUST00177,REST0066,5,Loved it
REV01006,ORD009746,CUST01986,REST0283,4,Amazing food
REV01007,ORD007333,CUST01569,REST0251,5,Not satisfied
REV01008,ORD007950,CUST01848,REST0016,5,Excellent taste
REV01009,ORD003018,CUST01307,REST0300,1,Amazing food
REV01010,ORD006747,CUST00191,REST0270,1,Packaging was poor
REV01011,ORD000514,CUST01795,REST0255,5,Loved it
REV01012,ORD003935,CUST00988,REST0026,5,Very late delivery
REV01013,ORD003026,CUST00853,REST0025,1,Packaging was poor
REV01014,ORD001200,CUST01540,REST0109,2,Amazing food
REV01015,ORD005029,CUST00131,REST0068,2,Delivery was delayed
REV01016,ORD009785,CUST01916,REST0089,1,Not satisfied
REV01017,ORD000922,CUST01633,REST0142,4,Amazing food
REV01018,ORD004650,CUST00614,REST0135,2,Packaging was poor
REV01019,ORD005333,CUST01355,REST0116,4,Would order again
REV01020,ORD001077,CUST01244,REST0091,5,Delivery was delayed
REV01021,ORD006769,CUST02459,REST0036,1,Worth the money
REV01022,ORD009411,CUST02414,REST0222,4,Not satisfied
REV01023,ORD001672,CUST01814,REST0016,1,Average experience
REV01024,ORD000475,CUST00002,REST0016,2,Loved it
REV01025,ORD009187,CUST01522,REST0124,1,Average experience
REV01026,ORD008840,CUST00620,REST0063,5,Packaging was poor
REV01027,ORD005759,CUST00231,REST0055,3,Would order again
REV01028,ORD006298,CUST02340,REST0257,4,Not satisfied
REV01029,ORD002479,CUST01161,REST0191,4,Not satisfied
REV01030,ORD005494,CUST00215,REST0188,1,Not satisfied
REV01031,ORD003915,CUST01695,REST0138,1,Amazing food
REV01032,ORD002139,CUST00339,REST0169,2,Packaging was poor
REV01033,ORD005455,CUST00664,REST0012,1,Not satisfied
REV01034,ORD005380,CUST00775,REST0150,2,Average experience
REV01035,ORD008986,CUST00807,REST0132,5,Loved it
REV01036,ORD004024,CUST01053,REST0108,1,Would order again
REV01037,ORD003486,CUST00891,REST0037,3,Delivery was delayed
REV01038,ORD002456,CUST01620,REST0002,1,Amazing food
REV01039,ORD002465,CUST01995,REST0208,4,Not satisfied
REV01040,ORD008697,CUST01485,REST0016,1,Not satisfied
REV01041,ORD001370,CUST00416,REST0263,3,Not satisfied
REV01042,ORD006689,CUST01352,REST0141,2,Packaging was poor
REV01043,ORD007457,CUST01610,REST0142,3,Not satisfied
REV01044,ORD009975,CUST00280,REST0172,2,Amazing food
REV01045,ORD001902,CUST02232,REST0146,2,Average experience
REV01046,ORD004872,CUST01388,REST0100,2,Amazing food
REV01047,ORD004711,CUST01334,REST0117,3,Not satisfied
REV01048,ORD007887,CUST00343,REST0177,5,Average experience
REV01049,ORD001794,CUST00105,REST0185,5,Amazing food
REV01050,ORD002875,CUST01165,REST0058,3,Excellent taste
REV01051,ORD006218,CUST01224,REST0290,1,Very late delivery
REV01052,ORD005214,CUST00663,REST0166,3,Would order again
REV01053,ORD002246,CUST01482,REST0121,2,Amazing food
REV01054,ORD001742,CUST01608,REST0188,1,Very late delivery
REV01055,ORD001021,CUST02108,REST0080,1,Delivery was delayed
REV01056,ORD000706,CUST00300,REST0079,4,Amazing food
REV01057,ORD004295,CUST02311,REST0259,3,Very late delivery
REV01058,ORD005577,CUST00265,REST0195,2,Very late delivery
REV01059,ORD007167,CUST02345,REST0079,1,Average experience
REV01060,ORD008178,CUST00507,REST0042,3,Packaging was poor
REV01061,ORD000909,CUST00582,REST0142,3,Packaging was poor
REV01062,ORD005194,CUST01098,REST0027,3,Would order again
REV01063,ORD003078,CUST00759,REST0159,2,Packaging was poor
REV01064,ORD009367,CUST00513,REST0066,4,Excellent taste
REV01065,ORD000595,CUST01711,REST0078,2,Average experience
REV01066,ORD005305,CUST01621,REST0242,3,Excellent taste
REV01067,ORD000441,CUST00957,REST0161,5,Would order again
REV01068,ORD007607,CUST02413,REST0080,5,Very late delivery
REV01069,ORD004093,CUST02270,REST0035,2,Loved it
REV01070,ORD006135,CUST01101,REST0213,2,Delivery was delayed
REV01071,ORD000011,CUST01554,REST0095,3,Worth the money
REV01072,ORD003777,CUST01736,REST0101,3,Not satisfied
REV01073,ORD009000,CUST00526,REST0206,1,Would order again
REV01074,ORD003709,CUST00207,REST0225,5,Excellent taste
REV01075,ORD003781,CUST00925,REST0121,5,Delivery was delayed
REV01076,ORD000094,CUST00809,REST0225,1,Loved it
REV01077,ORD009240,CUST02078,REST0262,5,Would order again
REV01078,ORD003950,CUST01834,REST0215,4,Excellent taste
REV01079,ORD005786,CUST01529,REST0230,5,Excellent taste
REV01080,ORD004871,CUST02168,REST0019,3,Average experience
REV01081,ORD004803,CUST00281,REST0047,2,Not satisfied
REV01082,ORD004868,CUST00591,REST0267,5,Not satisfied
REV01083,ORD000293,CUST01229,REST0001,2,Amazing food
REV01084,ORD007889,CUST01013,REST0213,1,Delivery was delayed
REV01085,ORD007406,CUST01373,REST0223,1,Worth the money
REV01086,ORD005596,CUST00959,REST0278,4,Not satisfied
REV01087,ORD002887,CUST02363,REST0211,2,Would order again
REV01088,ORD006455,CUST02452,REST0299,2,Delivery was delayed
REV01089,ORD002543,CUST01483,REST0149,2,Loved it
REV01090,ORD001766,CUST00978,REST0223,1,Very late delivery
REV01091,ORD006801,CUST00190,REST0180,3,Amazing food
REV01092,ORD001878,CUST01646,REST0199,4,Very late delivery
REV01093,ORD001982,CUST00187,REST0289,4,Loved it
REV01094,ORD009730,CUST00112,REST0059,5,Worth the money
REV01095,ORD009609,CUST00514,REST0225,2,Worth the money
REV01096,ORD002686,CUST00382,REST0102,1,Average experience
REV01097,ORD008931,CUST00289,REST0149,1,Very late delivery
REV01098,ORD003459,CUST02417,REST0275,3,Delivery was delayed
REV01099,ORD004542,CUST01371,REST0139,4,Excellent taste
REV01100,ORD002179,CUST00179,REST0003,2,Amazing food
REV01101,ORD004451,CUST01374,REST0113,1,Excellent taste
REV01102,ORD003860,CUST01341,REST0245,4,Amazing food
REV01103,ORD007624,CUST01263,REST0228,3,Excellent taste
REV01104,ORD007655,CUST02106,REST0117,4,Amazing food
REV01105,ORD004520,CUST01964,REST0124,1,Would order again
REV01106,ORD002518,CUST01531,REST0287,2,Amazing food
REV01107,ORD004837,CUST02366,REST0131,2,Average experience
REV01108,ORD002886,CUST02498,REST0284,4,Average experience
REV01109,ORD007282,CUST01968,REST0084,5,Not satisfied
REV01110,ORD006256,CUST01802,REST0073,1,Loved it
REV01111,ORD004540,CUST00704,REST0212,2,Would order again
REV01112,ORD005640,CUST00590,REST0030,3,Amazing food
REV01113,ORD009460,CUST02396,REST0224,3,Worth the money
REV01114,ORD003482,CUST02058,REST0239,5,Packaging was poor
REV01115,ORD001278,CUST01055,REST0094,2,Would order again
REV01116,ORD003147,CUST00570,REST0269,2,Amazing food
REV01117,ORD008263,CUST01770,REST0200,1,Not satisfied
REV01118,ORD003206,CUST02351,REST0102,3,Would order again
REV01119,ORD009893,CUST01552,REST0263,1,Amazing food
REV01120,ORD002743,CUST02326,REST0165,5,Would order again
REV01121,ORD006077,CUST01260,REST0229,2,Not satisfied
REV01122,ORD004048,CUST02005,REST0104,4,Not satisfied
REV01123,ORD005732,CUST01204,REST0080,4,Average experience
REV01124,ORD002946,CUST01406,REST0292,4,Would order again
REV01125,ORD005791,CUST01656,REST0225,2,Delivery was delayed
REV01126,ORD006795,CUST00283,REST0147,2,Packaging was poor
REV01127,ORD006544,CUST00606,REST0198,2,Very late delivery
REV01128,ORD000701,CUST00705,REST0081,2,Worth the money
REV01129,ORD003575,CUST00491,REST0022,3,Delivery was delayed
REV01130,ORD007700,CUST02470,REST0197,2,Very late delivery
REV01131,ORD002516,CUST01025,REST0292,2,Average experience
REV01132,ORD003001,CUST01105,REST0195,3,Very late delivery
REV01133,ORD005821,CUST00882,REST0126,3,Amazing food
REV01134,ORD008582,CUST00246,REST0063,3,Excellent taste
REV01135,ORD003685,CUST00031,REST0029,1,Delivery was delayed
REV01136,ORD002996,CUST02101,REST0053,2,Not satisfied
REV01137,ORD004253,CUST02268,REST0047,4,Average experience
REV01138,ORD003412,CUST02372,REST0114,2,Not satisfied
REV01139,ORD007963,CUST01176,REST0280,1,Delivery was delayed
REV01140,ORD006310,CUST01110,REST0193,1,Delivery was delayed
REV01141,ORD008612,CUST00316,REST0036,5,Packaging was poor
REV01142,ORD005013,CUST00487,REST0162,3,Not satisfied
REV01143,ORD007751,CUST02335,REST0110,4,Very late delivery
REV01144,ORD005980,CUST01254,REST0123,4,Would order again
REV01145,ORD004049,CUST00164,REST0295,4,Would order again
REV01146,ORD004900,CUST00892,REST0223,5,Average experience
REV01147,ORD001319,CUST02038,REST0092,5,Worth the money
REV01148,ORD009773,CUST01758,REST0089,1,Average experience
REV01149,ORD009138,CUST00382,REST0063,5,Excellent taste
REV01150,ORD007143,CUST00434,REST0041,2,Amazing food
REV01151,ORD001898,CUST01247,REST0084,4,Excellent taste
REV01152,ORD007466,CUST02054,REST0147,4,Amazing food
REV01153,ORD000604,CUST01971,REST0034,3,Delivery was delayed
REV01154,ORD002847,CUST00106,REST0041,3,Loved it
REV01155,ORD008208,CUST02332,REST0170,2,Average experience
REV01156,ORD000394,CUST00811,REST0078,1,Excellent taste
REV01157,ORD004437,CUST00734,REST0290,2,Amazing food
REV01158,ORD009448,CUST01313,REST0173,2,Average experience
REV01159,ORD007235,CUST02068,REST0075,4,Packaging was poor
REV01160,ORD005399,CUST02218,REST0087,1,Average experience
REV01161,ORD000096,CUST00482,REST0223,3,Loved it
REV01162,ORD001663,CUST02086,REST0126,1,Delivery was delayed
REV01163,ORD008971,CUST00105,REST0062,4,Would order again
REV01164,ORD005131,CUST02498,REST0153,2,Very late delivery
REV01165,ORD001489,CUST00588,REST0235,2,Very late delivery
REV01166,ORD008317,CUST00808,REST0076,5,Worth the money
REV01167,ORD002708,CUST00381,REST0138,4,Worth the money
REV01168,ORD001596,CUST00669,REST0219,3,Not satisfied
REV01169,ORD009278,CUST00968,REST0195,4,Average experience
REV01170,ORD002378,CUST01239,REST0066,2,Would order again
REV01171,ORD005141,CUST02457,REST0007,4,Excellent taste
REV01172,ORD006148,CUST02430,REST0206,2,Very late delivery
REV01173,ORD008242,CUST00509,REST0249,4,Loved it
REV01174,ORD003949,CUST02416,REST0019,3,Very late delivery
REV01175,ORD003934,CUST02419,REST0175,4,Would order again
REV01176,ORD004798,CUST02077,REST0192,4,Excellent taste
REV01177,ORD004373,CUST01251,REST0214,4,Amazing food
REV01178,ORD009863,CUST02351,REST0164,5,Very late delivery
REV01179,ORD008243,CUST02218,REST0160,3,Average experience
REV01180,ORD003449,CUST00304,REST0278,3,Would order again
REV01181,ORD002944,CUST01888,REST0037,1,Excellent taste
REV01182,ORD002466,CUST01900,REST0239,4,Not satisfied
REV01183,ORD008583,CUST00644,REST0062,4,Very late delivery
REV01184,ORD005507,CUST00140,REST0153,3,Worth the money
REV01185,ORD002699,CUST00110,REST0274,5,Worth the money
REV01186,ORD002448,CUST01004,REST0300,2,Would order again
REV01187,ORD000020,CUST01470,REST0246,2,Loved it
REV01188,ORD002749,CUST00214,REST0088,2,Amazing food
REV01189,ORD005400,CUST01967,REST0069,5,Average experience
REV01190,ORD008079,CUST01798,REST0049,5,Loved it
REV01191,ORD006872,CUST01916,REST0172,4,Worth the money
REV01192,ORD004709,CUST00084,REST0023,2,Packaging was poor
REV01193,ORD009477,CUST01921,REST0122,3,Packaging was poor
REV01194,ORD000810,CUST01851,REST0105,3,Worth the money
REV01195,ORD007478,CUST00383,REST0180,2,Very late delivery
REV01196,ORD002274,CUST01829,REST0299,2,Worth the money
REV01197,ORD001924,CUST02346,REST0001,5,Delivery was delayed
REV01198,ORD001471,CUST01967,REST0133,5,Average experience
REV01199,ORD007935,CUST00167,REST0282,5,Average experience
REV01200,ORD007408,CUST01477,REST0189,2,Worth the money
REV01201,ORD002407,CUST00825,REST0081,3,Not satisfied
REV01202,ORD001143,CUST02477,REST0193,5,Not satisfied
REV01203,ORD001748,CUST02214,REST0007,4,Amazing food
REV01204,ORD005710,CUST02422,REST0009,5,Not satisfied
REV01205,ORD004976,CUST00371,REST0126,2,Not satisfied
REV01206,ORD007301,CUST01729,REST0209,3,Average experience
REV01207,ORD008149,CUST00991,REST0025,3,Loved it
REV01208,ORD002834,CUST01077,REST0211,3,Not satisfied
REV01209,ORD003132,CUST00472,REST0146,5,Not satisfied
REV01210,ORD001311,CUST01016,REST0223,2,Would order again
REV01211,ORD008651,CUST01036,REST0046,3,Packaging was poor
REV01212,ORD006775,CUST00177,REST0136,2,Loved it
REV01213,ORD006757,CUST00080,REST0167,1,Very late delivery
REV01214,ORD000621,CUST00785,REST0177,5,Would order again
REV01215,ORD002702,CUST02300,REST0194,1,Not satisfied
REV01216,ORD002200,CUST00804,REST0291,3,Excellent taste
REV01217,ORD006197,CUST02254,REST0070,1,Average experience
REV01218,ORD008825,CUST01867,REST0180,4,Not satisfied
REV01219,ORD001047,CUST02139,REST0296,1,Very late delivery
REV01220,ORD005769,CUST01572,REST0233,4,Very late delivery
REV01221,ORD009948,CUST00437,REST0133,3,Would order again
REV01222,ORD009020,CUST00287,REST0153,5,Not satisfied
REV01223,ORD000744,CUST00550,REST0239,3,Not satisfied
REV01224,ORD000223,CUST02078,REST0248,3,Amazing food
REV01225,ORD003150,CUST01635,REST0223,3,Packaging was poor
REV01226,ORD000626,CUST01478,REST0176,4,Worth the money
REV01227,ORD009335,CUST02100,REST0076,2,Delivery was delayed
REV01228,ORD007567,CUST02058,REST0052,1,Average experience
REV01229,ORD004583,CUST00189,REST0282,4,Loved it
REV01230,ORD005712,CUST00392,REST0123,2,Delivery was delayed
REV01231,ORD003285,CUST00062,REST0151,2,Average experience
REV01232,ORD007586,CUST00306,REST0095,3,Amazing food
REV01233,ORD009647,CUST01274,REST0044,4,Loved it
REV01234,ORD001531,CUST02397,REST0020,3,Not satisfied
REV01235,ORD009686,CUST02027,REST0065,4,Would order again
REV01236,ORD000354,CUST01200,REST0219,4,Excellent taste
REV01237,ORD002475,CUST00687,REST0123,2,Very late delivery
REV01238,ORD008014,CUST00260,REST0155,3,Average experience
REV01239,ORD006476,CUST01783,REST0219,2,Would order again
REV01240,ORD006450,CUST01072,REST0207,5,Not satisfied
REV01241,ORD000240,CUST01330,REST0212,3,Delivery was delayed
REV01242,ORD002626,CUST00292,REST0041,4,Excellent taste
REV01243,ORD009787,CUST02430,REST0259,3,Delivery was delayed
REV01244,ORD007199,CUST00708,REST0249,3,Packaging was poor
REV01245,ORD007693,CUST02198,REST0042,5,Loved it
REV01246,ORD002998,CUST01554,REST0036,5,Not satisfied
REV01247,ORD006441,CUST02379,REST0194,4,Not satisfied
REV01248,ORD004563,CUST01915,REST0201,2,Amazing food
REV01249,ORD008615,CUST00049,REST0291,4,Amazing food
REV01250,ORD001480,CUST02077,REST0078,1,Would order again
REV01251,ORD001019,CUST01313,REST0124,4,Delivery was delayed
REV01252,ORD003095,CUST02211,REST0226,4,Amazing food
REV01253,ORD006183,CUST01235,REST0167,3,Worth the money
REV01254,ORD004961,CUST01428,REST0229,2,Delivery was delayed
REV01255,ORD008493,CUST01840,REST0022,1,Worth the money
REV01256,ORD001104,CUST01882,REST0276,3,Average experience
REV01257,ORD006082,CUST00517,REST0149,1,Packaging was poor
REV01258,ORD009526,CUST00809,REST0190,1,Excellent taste
REV01259,ORD005191,CUST01177,REST0241,2,Amazing food
REV01260,ORD004182,CUST00207,REST0112,4,Would order again
REV01261,ORD004468,CUST01574,REST0181,1,Not satisfied
REV01262,ORD001627,CUST01711,REST0202,1,Not satisfied
REV01263,ORD006718,CUST01564,REST0248,1,Average experience
REV01264,ORD003799,CUST01960,REST0274,1,Delivery was delayed
REV01265,ORD003054,CUST01961,REST0189,4,Not satisfied
REV01266,ORD002868,CUST01342,REST0035,2,Excellent taste
REV01267,ORD001433,CUST01252,REST0196,3,Loved it
REV01268,ORD007984,CUST01616,REST0057,5,Very late delivery
REV01269,ORD009347,CUST01564,REST0233,1,Worth the money
REV01270,ORD009420,CUST00245,REST0152,1,Very late delivery
REV01271,ORD004077,CUST01203,REST0062,3,Amazing food
REV01272,ORD000218,CUST02399,REST0298,5,Very late delivery
REV01273,ORD003556,CUST00497,REST0012,3,Excellent taste
REV01274,ORD007937,CUST00463,REST0186,5,Very late delivery
REV01275,ORD008422,CUST01139,REST0050,4,Average experience
REV01276,ORD001035,CUST00015,REST0102,2,Loved it
REV01277,ORD003774,CUST01943,REST0121,2,Packaging was poor
REV01278,ORD004133,CUST00512,REST0089,5,Not satisfied
REV01279,ORD002336,CUST00069,REST0172,4,Amazing food
REV01280,ORD006493,CUST00504,REST0128,3,Not satisfied
REV01281,ORD001483,CUST00790,REST0211,5,Packaging was poor
REV01282,ORD000907,CUST01503,REST0180,3,Delivery was delayed
REV01283,ORD006089,CUST00024,REST0250,2,Worth the money
REV01284,ORD006467,CUST02275,REST0299,4,Average experience
REV01285,ORD005677,CUST02296,REST0124,1,Packaging was poor
REV01286,ORD002771,CUST00986,REST0165,4,Very late delivery
REV01287,ORD001806,CUST01165,REST0126,5,Packaging was poor
REV01288,ORD007375,CUST01626,REST0298,2,Loved it
REV01289,ORD002115,CUST00116,REST0171,5,Average experience
REV01290,ORD004535,CUST01238,REST0190,3,Worth the money
REV01291,ORD002532,CUST01352,REST0048,3,Average experience
REV01292,ORD008526,CUST02213,REST0203,4,Loved it
REV01293,ORD003471,CUST01916,REST0030,4,Excellent taste
REV01294,ORD001403,CUST01556,REST0149,2,Delivery was delayed
REV01295,ORD000853,CUST01871,REST0197,3,Packaging was poor
REV01296,ORD003083,CUST00239,REST0263,4,Not satisfied
REV01297,ORD008025,CUST01217,REST0170,4,Not satisfied
REV01298,ORD007566,CUST02344,REST0264,4,Excellent taste
REV01299,ORD005530,CUST02397,REST0017,2,Excellent taste
REV01300,ORD007855,CUST00074,REST0209,3,Worth the money
REV01301,ORD004933,CUST00018,REST0094,1,Average experience
REV01302,ORD005160,CUST00166,REST0219,1,Not satisfied
REV01303,ORD009716,CUST01412,REST0084,1,Delivery was delayed
REV01304,ORD003847,CUST00649,REST0035,5,Would order again
REV01305,ORD006484,CUST00402,REST0295,5,Excellent taste
REV01306,ORD000748,CUST00507,REST0279,5,Loved it
REV01307,ORD003035,CUST01396,REST0125,2,Delivery was delayed
REV01308,ORD000348,CUST00739,REST0266,2,Would order again
REV01309,ORD003352,CUST00824,REST0236,5,Would order again
REV01310,ORD002865,CUST01965,REST0240,3,Not satisfied
REV01311,ORD002168,CUST02426,REST0082,1,Excellent taste
REV01312,ORD006955,CUST02389,REST0154,2,Average experience
REV01313,ORD006210,CUST01523,REST0284,3,Would order again
REV01314,ORD002778,CUST01189,REST0170,5,Not satisfied
REV01315,ORD001442,CUST00492,REST0013,1,Would order again
REV01316,ORD005658,CUST00714,REST0061,5,Excellent taste
REV01317,ORD009658,CUST01232,REST0080,1,Very late delivery
REV01318,ORD003028,CUST00266,REST0269,3,Very late delivery
REV01319,ORD006118,CUST02113,REST0253,1,Very late delivery
REV01320,ORD002484,CUST01496,REST0297,1,Loved it
REV01321,ORD002883,CUST02366,REST0286,5,Loved it
REV01322,ORD005562,CUST02388,REST0045,4,Worth the money
REV01323,ORD000764,CUST00791,REST0029,4,Not satisfied
REV01324,ORD006482,CUST00202,REST0018,1,Excellent taste
REV01325,ORD001617,CUST02224,REST0149,5,Would order again
REV01326,ORD001223,CUST02293,REST0292,4,Very late delivery
REV01327,ORD008665,CUST00376,REST0159,2,Average experience
REV01328,ORD006222,CUST00087,REST0173,2,Not satisfied
REV01329,ORD001577,CUST00855,REST0095,2,Delivery was delayed
REV01330,ORD009392,CUST01478,REST0101,4,Delivery was delayed
REV01331,ORD006351,CUST01143,REST0017,5,Excellent taste
REV01332,ORD003783,CUST01073,REST0069,5,Loved it
REV01333,ORD004375,CUST01271,REST0163,1,Loved it
REV01334,ORD000709,CUST01144,REST0162,2,Average experience
REV01335,ORD000510,CUST01190,REST0170,1,Packaging was poor
REV01336,ORD002955,CUST01166,REST0147,5,Would order again
REV01337,ORD007538,CUST00342,REST0036,4,Packaging was poor
REV01338,ORD006339,CUST02037,REST0106,1,Worth the money
REV01339,ORD008923,CUST01689,REST0247,3,Would order again
REV01340,ORD007064,CUST01531,REST0293,5,Average experience
REV01341,ORD007163,CUST00939,REST0153,1,Average experience
REV01342,ORD007372,CUST02134,REST0134,3,Very late delivery
REV01343,ORD006829,CUST00015,REST0076,3,Not satisfied
REV01344,ORD003616,CUST01386,REST0097,4,Delivery was delayed
REV01345,ORD004657,CUST00248,REST0117,4,Would order again
REV01346,ORD006976,CUST01659,REST0023,1,Amazing food
REV01347,ORD004351,CUST00772,REST0060,2,Loved it
REV01348,ORD000712,CUST02379,REST0070,4,Average experience
REV01349,ORD006479,CUST01418,REST0013,3,Very late delivery
REV01350,ORD009130,CUST01390,REST0167,4,Amazing food
REV01351,ORD008205,CUST01696,REST0216,4,Packaging was poor
REV01352,ORD009204,CUST02493,REST0035,1,Not satisfied
REV01353,ORD000713,CUST00986,REST0026,5,Excellent taste
REV01354,ORD009113,CUST01447,REST0004,1,Would order again
REV01355,ORD001246,CUST00627,REST0046,4,Loved it
REV01356,ORD009786,CUST00043,REST0014,5,Worth the money
REV01357,ORD006849,CUST01760,REST0012,3,Excellent taste
REV01358,ORD005134,CUST01939,REST0083,4,Delivery was delayed
REV01359,ORD000716,CUST00904,REST0046,1,Worth the money
REV01360,ORD003464,CUST01790,REST0273,5,Worth the money
REV01361,ORD004395,CUST00437,REST0166,3,Amazing food
REV01362,ORD004569,CUST00379,REST0082,5,Worth the money
REV01363,ORD008804,CUST01872,REST0039,5,Average experience
REV01364,ORD008490,CUST02065,REST0147,2,Average experience
REV01365,ORD007702,CUST01330,REST0150,3,Amazing food
REV01366,ORD000213,CUST02147,REST0117,4,Would order again
REV01367,ORD009768,CUST00399,REST0280,4,Amazing food
REV01368,ORD006839,CUST01428,REST0054,5,Loved it
REV01369,ORD001011,CUST00696,REST0038,4,Amazing food
REV01370,ORD000324,CUST00999,REST0011,3,Would order again
REV01371,ORD005397,CUST00602,REST0072,5,Very late delivery
REV01372,ORD005991,CUST01966,REST0279,4,Amazing food
REV01373,ORD003173,CUST00651,REST0004,4,Packaging was poor
REV01374,ORD000335,CUST00591,REST0277,1,Worth the money
REV01375,ORD008306,CUST02098,REST0036,4,Excellent taste
REV01376,ORD002211,CUST02395,REST0119,5,Average experience
REV01377,ORD004272,CUST00068,REST0147,5,Would order again
REV01378,ORD006741,CUST01757,REST0236,2,Worth the money
REV01379,ORD000234,CUST00574,REST0234,1,Excellent taste
REV01380,ORD005951,CUST01229,REST0165,1,Amazing food
REV01381,ORD005738,CUST01979,REST0177,1,Not satisfied
REV01382,ORD007922,CUST00699,REST0152,3,Packaging was poor
REV01383,ORD002349,CUST00617,REST0101,4,Excellent taste
REV01384,ORD002037,CUST01630,REST0152,5,Delivery was delayed
REV01385,ORD007485,CUST00323,REST0143,1,Average experience
REV01386,ORD006007,CUST00929,REST0261,3,Would order again
REV01387,ORD004554,CUST00698,REST0206,3,Would order again
REV01388,ORD008073,CUST00193,REST0179,2,Worth the money
REV01389,ORD001459,CUST02340,REST0271,2,Packaging was poor
REV01390,ORD003289,CUST02093,REST0040,4,Amazing food
REV01391,ORD003065,CUST02146,REST0191,4,Not satisfied
REV01392,ORD009437,CUST02395,REST0015,3,Packaging was poor
REV01393,ORD000775,CUST02388,REST0085,3,Average experience
REV01394,ORD006833,CUST00871,REST0272,2,Not satisfied
REV01395,ORD000872,CUST01655,REST0266,4,Not satisfied
REV01396,ORD008750,CUST02231,REST0164,2,Worth the money
REV01397,ORD001264,CUST01155,REST0131,1,Excellent taste
REV01398,ORD004834,CUST02264,REST0153,2,Not satisfied
REV01399,ORD003895,CUST01446,REST0252,5,Excellent taste
REV01400,ORD006324,CUST01667,REST0170,5,Delivery was delayed
REV01401,ORD009213,CUST01248,REST0293,1,Average experience
REV01402,ORD007020,CUST00108,REST0022,1,Loved it
REV01403,ORD001221,CUST00452,REST0083,5,Excellent taste
REV01404,ORD001447,CUST00338,REST0073,3,Loved it
REV01405,ORD003185,CUST00282,REST0272,1,Loved it
REV01406,ORD000409,CUST00329,REST0171,5,Worth the money
REV01407,ORD004345,CUST01020,REST0282,4,Would order again
REV01408,ORD003022,CUST01660,REST0039,5,Amazing food
REV01409,ORD002304,CUST00060,REST0049,5,Would order again
REV01410,ORD006272,CUST00014,REST0034,1,Worth the money
REV01411,ORD008281,CUST01703,REST0120,3,Would order again
REV01412,ORD006642,CUST01466,REST0126,4,Worth the money
REV01413,ORD006956,CUST01600,REST0041,3,Delivery was delayed
REV01414,ORD002110,CUST00634,REST0237,2,Packaging was poor
REV01415,ORD005352,CUST01346,REST0134,1,Packaging was poor
REV01416,ORD009684,CUST02065,REST0037,3,Excellent taste
REV01417,ORD008344,CUST00286,REST0170,5,Would order again
REV01418,ORD004550,CUST01585,REST0135,1,Not satisfied
REV01419,ORD001881,CUST00994,REST0162,3,Packaging was poor
REV01420,ORD005946,CUST02459,REST0192,1,Loved it
REV01421,ORD001738,CUST02283,REST0183,5,Would order again
REV01422,ORD007794,CUST01300,REST0144,2,Delivery was delayed
REV01423,ORD005213,CUST00252,REST0251,4,Delivery was delayed
REV01424,ORD003209,CUST01742,REST0037,3,Average experience
REV01425,ORD007083,CUST01601,REST0098,1,Excellent taste
REV01426,ORD002056,CUST00755,REST0175,3,Average experience
REV01427,ORD001689,CUST02166,REST0085,1,Not satisfied
REV01428,ORD004780,CUST01950,REST0278,5,Delivery was delayed
REV01429,ORD007476,CUST01776,REST0174,1,Packaging was poor
REV01430,ORD007877,CUST00167,REST0041,1,Delivery was delayed
REV01431,ORD006750,CUST00283,REST0062,5,Excellent taste
REV01432,ORD008556,CUST00143,REST0121,4,Amazing food
REV01433,ORD008123,CUST02388,REST0134,4,Very late delivery
REV01434,ORD006991,CUST00733,REST0067,2,Amazing food
REV01435,ORD008267,CUST01797,REST0271,5,Amazing food
REV01436,ORD008540,CUST01949,REST0210,2,Loved it
REV01437,ORD003393,CUST01254,REST0223,4,Loved it
REV01438,ORD006326,CUST00957,REST0267,3,Worth the money
REV01439,ORD003529,CUST01655,REST0294,4,Worth the money
REV01440,ORD004605,CUST01568,REST0288,3,Would order again
REV01441,ORD007024,CUST01358,REST0065,1,Delivery was delayed
REV01442,ORD006322,CUST01159,REST0090,5,Excellent taste
REV01443,ORD000746,CUST02156,REST0132,2,Excellent taste
REV01444,ORD000711,CUST00221,REST0118,1,Average experience
REV01445,ORD000380,CUST02323,REST0062,1,Average experience
REV01446,ORD008783,CUST01324,REST0244,1,Very late delivery
REV01447,ORD003012,CUST01941,REST0238,5,Loved it
REV01448,ORD008859,CUST01570,REST0225,2,Worth the money
REV01449,ORD007153,CUST01730,REST0130,1,Packaging was poor
REV01450,ORD008567,CUST00227,REST0083,1,Average experience
REV01451,ORD003498,CUST01378,REST0188,2,Packaging was poor
REV01452,ORD003890,CUST00018,REST0062,4,Very late delivery
REV01453,ORD004485,CUST01783,REST0235,2,Worth the money
REV01454,ORD004012,CUST00099,REST0087,5,Amazing food
REV01455,ORD002620,CUST00733,REST0079,1,Amazing food
REV01456,ORD006671,CUST01631,REST0284,1,Not satisfied
REV01457,ORD006513,CUST01950,REST0085,3,Not satisfied
REV01458,ORD003468,CUST00163,REST0141,3,Amazing food
REV01459,ORD001314,CUST02458,REST0033,5,Average experience
REV01460,ORD008606,CUST02436,REST0243,3,Not satisfied
REV01461,ORD002070,CUST00341,REST0147,3,Amazing food
REV01462,ORD002983,CUST00199,REST0287,2,Packaging was poor
REV01463,ORD005915,CUST01867,REST0087,3,Delivery was delayed
REV01464,ORD009171,CUST00463,REST0061,4,Amazing food
REV01465,ORD001286,CUST01062,REST0264,3,Average experience
REV01466,ORD008991,CUST01823,REST0285,4,Packaging was poor
REV01467,ORD008430,CUST01154,REST0095,4,Would order again
REV01468,ORD001350,CUST02461,REST0224,1,Would order again
REV01469,ORD002612,CUST01022,REST0167,1,Worth the money
REV01470,ORD009495,CUST01410,REST0239,2,Delivery was delayed
REV01471,ORD003669,CUST00966,REST0169,5,Excellent taste
REV01472,ORD002222,CUST01264,REST0258,4,Worth the money
REV01473,ORD000428,CUST01518,REST0256,1,Not satisfied
REV01474,ORD000654,CUST01230,REST0071,3,Loved it
REV01475,ORD009914,CUST00603,REST0164,3,Delivery was delayed
REV01476,ORD003536,CUST00635,REST0106,1,Loved it
REV01477,ORD007737,CUST00185,REST0198,1,Worth the money
REV01478,ORD003246,CUST00286,REST0028,5,Loved it
REV01479,ORD004741,CUST00897,REST0010,2,Packaging was poor
REV01480,ORD009069,CUST01288,REST0202,5,Loved it
REV01481,ORD004100,CUST02300,REST0204,5,Would order again
REV01482,ORD004101,CUST00144,REST0197,2,Average experience
REV01483,ORD006960,CUST02321,REST0060,4,Worth the money
REV01484,ORD000612,CUST01601,REST0252,1,Very late delivery
REV01485,ORD004289,CUST00913,REST0010,5,Packaging was poor
REV01486,ORD008571,CUST01124,REST0082,1,Loved it
REV01487,ORD009713,CUST01049,REST0088,3,Very late delivery
REV01488,ORD001544,CUST02261,REST0173,4,Excellent taste
REV01489,ORD009536,CUST02044,REST0274,2,Amazing food
REV01490,ORD003854,CUST01496,REST0036,5,Average experience
REV01491,ORD000555,CUST01820,REST0227,2,Amazing food
REV01492,ORD006366,CUST01701,REST0270,3,Loved it
REV01493,ORD000512,CUST00180,REST0155,4,Loved it
REV01494,ORD003207,CUST02361,REST0255,1,Loved it
REV01495,ORD008085,CUST01262,REST0244,2,Amazing food
REV01496,ORD000968,CUST00280,REST0218,3,Very late delivery
REV01497,ORD006044,CUST01876,REST0220,2,Not satisfied
REV01498,ORD006880,CUST01439,REST0105,2,Excellent taste
REV01499,ORD006776,CUST00642,REST0257,1,Delivery was delayed
REV01500,ORD003296,CUST01728,REST0251,5,Loved it
REV01501,ORD008702,CUST00570,REST0032,2,Worth the money
REV01502,ORD003430,CUST01400,REST0129,1,Would order again
REV01503,ORD008871,CUST00159,REST0233,3,Excellent taste
REV01504,ORD006963,CUST02098,REST0037,4,Loved it
REV01505,ORD002089,CUST01176,REST0177,4,Packaging was poor
REV01506,ORD008500,CUST00646,REST0211,1,Would order again
REV01507,ORD006163,CUST00898,REST0295,4,Loved it
REV01508,ORD003211,CUST02230,REST0153,4,Amazing food
REV01509,ORD009201,CUST01158,REST0004,3,Very late delivery
REV01510,ORD006606,CUST00789,REST0183,1,Excellent taste
REV01511,ORD001110,CUST02225,REST0231,1,Delivery was delayed
REV01512,ORD005729,CUST01198,REST0163,4,Not satisfied
REV01513,ORD007830,CUST00404,REST0192,3,Excellent taste
REV01514,ORD001039,CUST00007,REST0229,2,Not satisfied
REV01515,ORD001195,CUST01579,REST0090,2,Very late delivery
REV01516,ORD004475,CUST02069,REST0093,5,Very late delivery
REV01517,ORD009875,CUST01682,REST0066,1,Worth the money
REV01518,ORD002123,CUST01298,REST0036,3,Delivery was delayed
REV01519,ORD004983,CUST00928,REST0288,3,Loved it
REV01520,ORD008974,CUST00210,REST0213,5,Amazing food
REV01521,ORD005701,CUST00349,REST0125,4,Loved it
REV01522,ORD000935,CUST01831,REST0249,5,Not satisfied
REV01523,ORD006102,CUST01341,REST0073,5,Amazing food
REV01524,ORD004690,CUST01915,REST0014,4,Amazing food
REV01525,ORD000395,CUST01994,REST0162,4,Average experience
REV01526,ORD004686,CUST02476,REST0241,2,Amazing food
REV01527,ORD008777,CUST01861,REST0104,5,Loved it
REV01528,ORD009166,CUST01450,REST0032,2,Not satisfied
REV01529,ORD005981,CUST01817,REST0119,2,Worth the money
REV01530,ORD009943,CUST00075,REST0249,2,Loved it
REV01531,ORD002192,CUST02301,REST0118,2,Very late delivery
REV01532,ORD001298,CUST00262,REST0024,1,Worth the money
REV01533,ORD005045,CUST00198,REST0202,1,Excellent taste
REV01534,ORD001163,CUST02321,REST0212,2,Packaging was poor
REV01535,ORD004255,CUST00010,REST0187,3,Loved it
REV01536,ORD006373,CUST00666,REST0265,3,Very late delivery
REV01537,ORD001528,CUST00746,REST0147,4,Very late delivery
REV01538,ORD004343,CUST01353,REST0090,5,Packaging was poor
REV01539,ORD002031,CUST01221,REST0184,2,Worth the money
REV01540,ORD003061,CUST00851,REST0129,3,Average experience
REV01541,ORD000059,CUST01858,REST0263,1,Average experience
REV01542,ORD002406,CUST01441,REST0253,4,Not satisfied
REV01543,ORD005007,CUST01017,REST0260,1,Loved it
REV01544,ORD006158,CUST02260,REST0023,3,Amazing food
REV01545,ORD007376,CUST02216,REST0251,4,Would order again
REV01546,ORD004507,CUST00148,REST0051,1,Not satisfied
REV01547,ORD005215,CUST02128,REST0141,4,Average experience
REV01548,ORD006030,CUST02234,REST0226,2,Worth the money
REV01549,ORD001781,CUST01664,REST0009,1,Packaging was poor
REV01550,ORD005448,CUST00625,REST0170,4,Amazing food
REV01551,ORD004607,CUST00835,REST0025,4,Very late delivery
REV01552,ORD006915,CUST01218,REST0074,3,Not satisfied
REV01553,ORD000677,CUST02007,REST0251,5,Average experience
REV01554,ORD003583,CUST01529,REST0014,1,Packaging was poor
REV01555,ORD003654,CUST00479,REST0249,4,Loved it
REV01556,ORD007921,CUST00542,REST0203,3,Would order again
REV01557,ORD009500,CUST02195,REST0142,3,Average experience
REV01558,ORD002733,CUST00252,REST0136,4,Average experience
REV01559,ORD004788,CUST00969,REST0226,4,Packaging was poor
REV01560,ORD002755,CUST02312,REST0075,1,Would order again
REV01561,ORD002338,CUST01781,REST0037,1,Packaging was poor
REV01562,ORD003644,CUST01449,REST0129,1,Not satisfied
REV01563,ORD007738,CUST02467,REST0184,2,Not satisfied
REV01564,ORD005517,CUST02378,REST0078,5,Packaging was poor
REV01565,ORD005247,CUST00491,REST0023,2,Worth the money
REV01566,ORD000867,CUST01501,REST0264,2,Not satisfied
REV01567,ORD004448,CUST00590,REST0050,3,Average experience
REV01568,ORD005072,CUST02013,REST0247,5,Amazing food
REV01569,ORD004882,CUST00781,REST0041,1,Amazing food
REV01570,ORD009511,CUST02437,REST0249,3,Amazing food
REV01571,ORD003003,CUST01094,REST0014,4,Average experience
REV01572,ORD002226,CUST00452,REST0170,1,Excellent taste
REV01573,ORD009057,CUST00586,REST0144,4,Delivery was delayed
REV01574,ORD004827,CUST00280,REST0019,2,Delivery was delayed
REV01575,ORD007622,CUST00120,REST0136,5,Excellent taste
REV01576,ORD009690,CUST00720,REST0143,4,Loved it
REV01577,ORD005501,CUST01799,REST0088,5,Amazing food
REV01578,ORD009701,CUST01914,REST0216,1,Amazing food
REV01579,ORD008479,CUST02217,REST0267,5,Not satisfied
REV01580,ORD005503,CUST01534,REST0001,5,Average experience
REV01581,ORD001211,CUST00188,REST0082,2,Would order again
REV01582,ORD009084,CUST01799,REST0027,5,Worth the money
REV01583,ORD002289,CUST01725,REST0121,5,Amazing food
REV01584,ORD002184,CUST00775,REST0209,3,Excellent taste
REV01585,ORD002863,CUST01072,REST0285,1,Excellent taste
REV01586,ORD006862,CUST00661,REST0066,4,Packaging was poor
REV01587,ORD002363,CUST01761,REST0017,2,Delivery was delayed
REV01588,ORD008464,CUST02017,REST0021,4,Packaging was poor
REV01589,ORD006333,CUST00339,REST0110,1,Excellent taste
REV01590,ORD004065,CUST00505,REST0223,4,Worth the money
REV01591,ORD009547,CUST01803,REST0047,3,Not satisfied
REV01592,ORD000618,CUST00442,REST0230,4,Worth the money
REV01593,ORD003282,CUST01913,REST0215,2,Packaging was poor
REV01594,ORD005227,CUST01276,REST0174,4,Amazing food
REV01595,ORD003398,CUST01937,REST0097,5,Very late delivery
REV01596,ORD003066,CUST00068,REST0198,3,Would order again
REV01597,ORD000767,CUST02254,REST0094,2,Loved it
REV01598,ORD007079,CUST01148,REST0255,5,Would order again
REV01599,ORD005280,CUST01929,REST0255,3,Loved it
REV01600,ORD004150,CUST01827,REST0174,2,Very late delivery
REV01601,ORD001145,CUST01684,REST0071,4,Amazing food
REV01602,ORD004249,CUST00746,REST0076,3,Not satisfied
REV01603,ORD004111,CUST02111,REST0057,4,Amazing food
REV01604,ORD000463,CUST00626,REST0071,5,Very late delivery
REV01605,ORD002933,CUST01217,REST0143,2,Packaging was poor
REV01606,ORD004624,CUST01207,REST0238,1,Average experience
REV01607,ORD003814,CUST02007,REST0258,4,Worth the money
REV01608,ORD006309,CUST00577,REST0117,4,Worth the money
REV01609,ORD004342,CUST00704,REST0033,5,Worth the money
REV01610,ORD005301,CUST00096,REST0021,5,Average experience
REV01611,ORD006805,CUST00426,REST0092,3,Amazing food
REV01612,ORD003283,CUST00169,REST0125,3,Excellent taste
REV01613,ORD002575,CUST00280,REST0029,2,Worth the money
REV01614,ORD007962,CUST02400,REST0088,5,Worth the money
REV01615,ORD007880,CUST01570,REST0077,3,Loved it
REV01616,ORD000829,CUST01646,REST0230,3,Loved it
REV01617,ORD006487,CUST01480,REST0251,1,Worth the money
REV01618,ORD007600,CUST00732,REST0266,3,Average experience
REV01619,ORD002541,CUST02391,REST0185,4,Not satisfied
REV01620,ORD005747,CUST01308,REST0174,5,Loved it
REV01621,ORD008527,CUST01970,REST0098,3,Loved it
REV01622,ORD009567,CUST01738,REST0245,5,Packaging was poor
REV01623,ORD003743,CUST00672,REST0046,5,Average experience
REV01624,ORD007499,CUST01934,REST0026,2,Excellent taste
REV01625,ORD003525,CUST01337,REST0238,1,Amazing food
REV01626,ORD000021,CUST01133,REST0283,5,Not satisfied
REV01627,ORD001916,CUST00673,REST0109,4,Delivery was delayed
REV01628,ORD006572,CUST00753,REST0174,3,Very late delivery
REV01629,ORD009019,CUST02044,REST0186,4,Worth the money
REV01630,ORD002013,CUST00456,REST0063,5,Loved it
REV01631,ORD005406,CUST00004,REST0184,3,Excellent taste
REV01632,ORD001296,CUST00530,REST0112,1,Loved it
REV01633,ORD003746,CUST01774,REST0240,5,Excellent taste
REV01634,ORD000592,CUST00276,REST0079,3,Packaging was poor
REV01635,ORD001407,CUST01689,REST0040,5,Would order again
REV01636,ORD000222,CUST00003,REST0129,3,Packaging was poor
REV01637,ORD005618,CUST01486,REST0022,3,Excellent taste
REV01638,ORD006249,CUST01011,REST0142,2,Packaging was poor
REV01639,ORD004419,CUST02397,REST0179,5,Excellent taste
REV01640,ORD000859,CUST02410,REST0217,2,Very late delivery
REV01641,ORD001784,CUST01734,REST0028,3,Delivery was delayed
REV01642,ORD007260,CUST01911,REST0145,1,Very late delivery
REV01643,ORD006857,CUST02149,REST0097,1,Amazing food
REV01644,ORD001955,CUST01999,REST0200,3,Excellent taste
REV01645,ORD001747,CUST02229,REST0284,5,Average experience
REV01646,ORD003133,CUST02480,REST0054,5,Would order again
REV01647,ORD008037,CUST01848,REST0076,2,Worth the money
REV01648,ORD008851,CUST00137,REST0027,2,Would order again
REV01649,ORD000995,CUST00765,REST0061,1,Packaging was poor
REV01650,ORD006109,CUST00641,REST0185,2,Would order again
REV01651,ORD000731,CUST01455,REST0009,2,Delivery was delayed
REV01652,ORD006975,CUST02499,REST0144,2,Loved it
REV01653,ORD006274,CUST01722,REST0177,5,Loved it
REV01654,ORD006752,CUST01799,REST0068,5,Packaging was poor
REV01655,ORD003510,CUST00977,REST0201,4,Excellent taste
REV01656,ORD003534,CUST01886,REST0139,1,Not satisfied
REV01657,ORD002514,CUST01641,REST0132,3,Delivery was delayed
REV01658,ORD005437,CUST00782,REST0067,3,Would order again
REV01659,ORD003626,CUST00710,REST0215,3,Delivery was delayed
REV01660,ORD000466,CUST00331,REST0298,1,Packaging was poor
REV01661,ORD006756,CUST01190,REST0206,3,Delivery was delayed
REV01662,ORD006760,CUST00196,REST0107,4,Very late delivery
REV01663,ORD007992,CUST00357,REST0103,5,Average experience
REV01664,ORD000158,CUST01863,REST0006,2,Not satisfied
REV01665,ORD003961,CUST00976,REST0007,5,Delivery was delayed
REV01666,ORD008833,CUST00548,REST0266,3,Very late delivery
REV01667,ORD005471,CUST01665,REST0039,4,Delivery was delayed
REV01668,ORD000186,CUST02455,REST0143,3,Average experience
REV01669,ORD001003,CUST01030,REST0118,1,Average experience
REV01670,ORD009509,CUST02281,REST0127,4,Not satisfied
REV01671,ORD005624,CUST01544,REST0279,3,Not satisfied
REV01672,ORD000401,CUST00398,REST0021,1,Worth the money
REV01673,ORD006241,CUST01884,REST0046,1,Amazing food
REV01674,ORD008941,CUST00151,REST0081,2,Worth the money
REV01675,ORD009933,CUST01013,REST0185,3,Loved it
REV01676,ORD007343,CUST01880,REST0219,4,Delivery was delayed
REV01677,ORD009833,CUST00244,REST0182,2,Average experience
REV01678,ORD008467,CUST00754,REST0260,1,Worth the money
REV01679,ORD008757,CUST01794,REST0205,1,Delivery was delayed
REV01680,ORD007959,CUST00808,REST0111,5,Loved it
REV01681,ORD001251,CUST00039,REST0070,4,Amazing food
REV01682,ORD003144,CUST01471,REST0233,5,Very late delivery
REV01683,ORD007431,CUST02009,REST0028,2,Delivery was delayed
REV01684,ORD000060,CUST01301,REST0098,4,Average experience
REV01685,ORD007856,CUST01798,REST0282,1,Average experience
REV01686,ORD001114,CUST00005,REST0228,2,Loved it
REV01687,ORD003058,CUST02129,REST0119,2,Packaging was poor
REV01688,ORD009570,CUST00368,REST0117,2,Average experience
REV01689,ORD001329,CUST02126,REST0176,5,Average experience
REV01690,ORD004996,CUST00990,REST0116,1,Packaging was poor
REV01691,ORD006683,CUST00530,REST0024,1,Worth the money
REV01692,ORD002073,CUST02456,REST0258,4,Very late delivery
REV01693,ORD004794,CUST00500,REST0108,3,Very late delivery
REV01694,ORD006830,CUST00546,REST0294,2,Packaging was poor
REV01695,ORD009630,CUST01755,REST0164,2,Delivery was delayed
REV01696,ORD008219,CUST01096,REST0236,5,Amazing food
REV01697,ORD007568,CUST02381,REST0030,1,Loved it
REV01698,ORD005923,CUST00272,REST0107,4,Packaging was poor
REV01699,ORD001551,CUST01574,REST0135,4,Packaging was poor
REV01700,ORD001010,CUST00995,REST0151,4,Delivery was delayed
REV01701,ORD003756,CUST02038,REST0084,2,Average experience
REV01702,ORD008682,CUST00489,REST0230,3,Worth the money
REV01703,ORD009343,CUST00957,REST0293,1,Loved it
REV01704,ORD008010,CUST01897,REST0035,4,Amazing food
REV01705,ORD003861,CUST00938,REST0185,1,Worth the money
REV01706,ORD003149,CUST01827,REST0199,1,Not satisfied
REV01707,ORD002520,CUST01361,REST0127,1,Worth the money
REV01708,ORD003128,CUST00452,REST0061,3,Very late delivery
REV01709,ORD009085,CUST00122,REST0164,4,Would order again
REV01710,ORD005317,CUST01570,REST0277,3,Average experience
REV01711,ORD001196,CUST00939,REST0293,5,Delivery was delayed
REV01712,ORD009051,CUST02172,REST0228,5,Loved it
REV01713,ORD000880,CUST01242,REST0121,2,Would order again
REV01714,ORD006990,CUST02331,REST0112,5,Not satisfied
REV01715,ORD002488,CUST00437,REST0100,2,Worth the money
REV01716,ORD002841,CUST00974,REST0119,2,Very late delivery
REV01717,ORD004330,CUST00716,REST0074,4,Would order again
REV01718,ORD002931,CUST02202,REST0036,5,Would order again
REV01719,ORD006425,CUST02284,REST0280,5,Average experience
REV01720,ORD002486,CUST01459,REST0270,3,Very late delivery
REV01721,ORD005748,CUST01859,REST0051,3,Worth the money
REV01722,ORD000884,CUST00478,REST0093,1,Packaging was poor
REV01723,ORD004915,CUST00636,REST0095,1,Would order again
REV01724,ORD006211,CUST01472,REST0035,4,Excellent taste
REV01725,ORD009579,CUST01519,REST0039,3,Loved it
REV01726,ORD000212,CUST00490,REST0101,5,Amazing food
REV01727,ORD002276,CUST02459,REST0030,4,Very late delivery
REV01728,ORD002329,CUST02374,REST0133,4,Would order again
REV01729,ORD004951,CUST01100,REST0093,4,Packaging was poor
REV01730,ORD003320,CUST00982,REST0227,5,Packaging was poor
REV01731,ORD009835,CUST02246,REST0244,4,Delivery was delayed
REV01732,ORD004608,CUST00186,REST0225,5,Would order again
REV01733,ORD001439,CUST00107,REST0237,4,Very late delivery
REV01734,ORD000468,CUST02489,REST0132,5,Packaging was poor
REV01735,ORD005467,CUST00464,REST0055,3,Would order again
REV01736,ORD003330,CUST02109,REST0212,5,Not satisfied
REV01737,ORD005829,CUST02494,REST0223,5,Excellent taste
REV01738,ORD008608,CUST00642,REST0018,4,Would order again
REV01739,ORD000697,CUST00181,REST0244,4,Worth the money
REV01740,ORD007268,CUST01249,REST0203,3,Excellent taste
REV01741,ORD009145,CUST01480,REST0032,2,Delivery was delayed
REV01742,ORD008181,CUST01309,REST0194,3,Excellent taste
REV01743,ORD009939,CUST00205,REST0022,3,Delivery was delayed
REV01744,ORD001315,CUST01976,REST0253,1,Excellent taste
REV01745,ORD002302,CUST00704,REST0088,5,Worth the money
REV01746,ORD002040,CUST00328,REST0233,2,Packaging was poor
REV01747,ORD007109,CUST00313,REST0243,5,Not satisfied
REV01748,ORD003667,CUST00573,REST0136,2,Excellent taste
REV01749,ORD000915,CUST01309,REST0134,1,Delivery was delayed
REV01750,ORD000013,CUST00113,REST0175,5,Very late delivery
REV01751,ORD008584,CUST00006,REST0259,2,Amazing food
REV01752,ORD006428,CUST01941,REST0045,4,Loved it
REV01753,ORD001537,CUST02205,REST0114,2,Very late delivery
REV01754,ORD000737,CUST00085,REST0125,2,Not satisfied
REV01755,ORD008202,CUST01067,REST0043,2,Loved it
REV01756,ORD008653,CUST00818,REST0159,3,Amazing food
REV01757,ORD000454,CUST00070,REST0064,2,Would order again
REV01758,ORD004346,CUST00350,REST0260,1,Packaging was poor
REV01759,ORD000928,CUST00072,REST0290,3,Not satisfied
REV01760,ORD006292,CUST01945,REST0273,1,Average experience
REV01761,ORD008282,CUST01560,REST0041,1,Delivery was delayed
REV01762,ORD008723,CUST00501,REST0273,4,Very late delivery
REV01763,ORD006474,CUST01334,REST0092,3,Very late delivery
REV01764,ORD000038,CUST00566,REST0134,3,Worth the money
REV01765,ORD005771,CUST01142,REST0254,3,Loved it
REV01766,ORD002555,CUST01147,REST0195,4,Worth the money
REV01767,ORD007633,CUST02259,REST0146,1,Average experience
REV01768,ORD009999,CUST01530,REST0285,1,Amazing food
REV01769,ORD006621,CUST01111,REST0294,5,Average experience
REV01770,ORD000941,CUST01683,REST0196,5,Very late delivery
REV01771,ORD007399,CUST00182,REST0253,2,Worth the money
REV01772,ORD006129,CUST01063,REST0051,5,Not satisfied
REV01773,ORD009830,CUST00295,REST0214,1,Very late delivery
REV01774,ORD002681,CUST01560,REST0063,1,Very late delivery
REV01775,ORD004355,CUST00819,REST0107,5,Worth the money
REV01776,ORD003059,CUST01381,REST0297,4,Not satisfied
REV01777,ORD007881,CUST01610,REST0063,5,Would order again
REV01778,ORD000739,CUST01195,REST0200,1,Excellent taste
REV01779,ORD000539,CUST01012,REST0106,5,Worth the money
REV01780,ORD003326,CUST01600,REST0215,4,Packaging was poor
REV01781,ORD004240,CUST00970,REST0104,3,Excellent taste
REV01782,ORD001401,CUST01503,REST0150,5,Not satisfied
REV01783,ORD004047,CUST00345,REST0131,5,Delivery was delayed
REV01784,ORD005138,CUST01872,REST0011,3,Not satisfied
REV01785,ORD004230,CUST00996,REST0290,5,Not satisfied
REV01786,ORD004192,CUST00228,REST0154,5,Not satisfied
REV01787,ORD009143,CUST01855,REST0126,2,Amazing food
REV01788,ORD005539,CUST01608,REST0058,5,Excellent taste
REV01789,ORD002693,CUST02457,REST0138,5,Worth the money
REV01790,ORD005341,CUST01832,REST0229,3,Excellent taste
REV01791,ORD009918,CUST00441,REST0008,3,Amazing food
REV01792,ORD007671,CUST01354,REST0290,2,Very late delivery
REV01793,ORD009174,CUST02041,REST0252,4,Packaging was poor
REV01794,ORD001808,CUST01697,REST0260,1,Average experience
REV01795,ORD005112,CUST01903,REST0216,2,Packaging was poor
REV01796,ORD003990,CUST00571,REST0048,3,Not satisfied
REV01797,ORD003456,CUST00995,REST0081,5,Loved it
REV01798,ORD002908,CUST02016,REST0035,3,Average experience
REV01799,ORD006652,CUST01781,REST0153,3,Very late delivery
REV01800,ORD008288,CUST01994,REST0130,2,Worth the money
REV01801,ORD006245,CUST01275,REST0048,3,Packaging was poor
REV01802,ORD002698,CUST01425,REST0251,4,Delivery was delayed
REV01803,ORD004017,CUST02249,REST0037,5,Loved it
REV01804,ORD004340,CUST01630,REST0021,3,Loved it
REV01805,ORD004646,CUST01674,REST0223,2,Loved it
REV01806,ORD007740,CUST00565,REST0017,2,Would order again
REV01807,ORD007092,CUST00246,REST0030,1,Amazing food
REV01808,ORD004693,CUST00301,REST0052,3,Worth the money
REV01809,ORD001740,CUST00152,REST0038,1,Average experience
REV01810,ORD005407,CUST00491,REST0177,1,Amazing food
REV01811,ORD004589,CUST00157,REST0197,1,Excellent taste
REV01812,ORD003126,CUST00743,REST0213,4,Packaging was poor
REV01813,ORD002158,CUST00994,REST0214,2,Not satisfied
REV01814,ORD005334,CUST01964,REST0009,1,Loved it
REV01815,ORD008637,CUST01370,REST0035,1,Average experience
REV01816,ORD001826,CUST01889,REST0259,3,Average experience
REV01817,ORD004231,CUST01953,REST0248,4,Would order again
REV01818,ORD003488,CUST01770,REST0172,3,Not satisfied
REV01819,ORD009054,CUST00269,REST0173,2,Worth the money
REV01820,ORD009769,CUST02016,REST0123,2,Not satisfied
REV01821,ORD003648,CUST01856,REST0293,2,Packaging was poor
REV01822,ORD005903,CUST00888,REST0272,1,Average experience
REV01823,ORD006386,CUST01740,REST0011,3,Worth the money
REV01824,ORD005639,CUST01255,REST0009,2,Worth the money
REV01825,ORD006424,CUST00397,REST0021,5,Not satisfied
REV01826,ORD007827,CUST00525,REST0154,2,Very late delivery
REV01827,ORD007744,CUST00292,REST0133,1,Would order again
REV01828,ORD003013,CUST01355,REST0296,5,Loved it
REV01829,ORD007672,CUST02490,REST0131,5,Amazing food
REV01830,ORD009549,CUST01222,REST0287,4,Not satisfied
REV01831,ORD009978,CUST01874,REST0003,3,Would order again
REV01832,ORD003081,CUST01380,REST0148,1,Delivery was delayed
REV01833,ORD003521,CUST02261,REST0219,2,Average experience
REV01834,ORD004979,CUST01881,REST0001,2,Very late delivery
REV01835,ORD007620,CUST01545,REST0057,2,Delivery was delayed
REV01836,ORD004348,CUST00888,REST0205,4,Very late delivery
REV01837,ORD008441,CUST01133,REST0049,3,Not satisfied
REV01838,ORD001347,CUST00731,REST0095,2,Loved it
REV01839,ORD007088,CUST01854,REST0141,2,Worth the money
REV01840,ORD008948,CUST01729,REST0199,3,Not satisfied
REV01841,ORD005652,CUST00305,REST0014,4,Packaging was poor
REV01842,ORD008082,CUST00173,REST0290,5,Worth the money
REV01843,ORD001792,CUST01920,REST0026,3,Delivery was delayed
REV01844,ORD007429,CUST00965,REST0161,5,Average experience
REV01845,ORD009580,CUST00202,REST0199,1,Delivery was delayed
REV01846,ORD009960,CUST01631,REST0009,5,Not satisfied
REV01847,ORD002271,CUST01148,REST0033,1,Average experience
REV01848,ORD009767,CUST02238,REST0233,3,Excellent taste
REV01849,ORD002956,CUST01187,REST0012,3,Very late delivery
REV01850,ORD003444,CUST00345,REST0111,2,Packaging was poor
REV01851,ORD007736,CUST00638,REST0042,1,Loved it
REV01852,ORD000834,CUST01511,REST0027,1,Excellent taste
REV01853,ORD006499,CUST00017,REST0109,1,Very late delivery
REV01854,ORD002992,CUST01275,REST0212,2,Amazing food
REV01855,ORD007793,CUST01521,REST0229,1,Very late delivery
REV01856,ORD002151,CUST00854,REST0074,1,Excellent taste
REV01857,ORD004023,CUST01154,REST0152,5,Not satisfied
REV01858,ORD007615,CUST01320,REST0146,5,Very late delivery
REV01859,ORD006124,CUST01556,REST0216,1,Would order again
REV01860,ORD003339,CUST02353,REST0048,3,Packaging was poor
REV01861,ORD004344,CUST00716,REST0168,3,Worth the money
REV01862,ORD004464,CUST00698,REST0185,3,Not satisfied
REV01863,ORD002376,CUST01985,REST0158,3,Very late delivery
REV01864,ORD009044,CUST01136,REST0090,3,Delivery was delayed
REV01865,ORD005571,CUST00538,REST0056,1,Packaging was poor
REV01866,ORD008599,CUST01822,REST0123,3,Would order again
REV01867,ORD008504,CUST02169,REST0290,4,Delivery was delayed
REV01868,ORD008880,CUST02305,REST0214,2,Not satisfied
REV01869,ORD001887,CUST01276,REST0033,1,Average experience
REV01870,ORD001198,CUST00276,REST0189,2,Loved it
REV01871,ORD006427,CUST02388,REST0097,4,Excellent taste
REV01872,ORD008911,CUST01066,REST0062,4,Excellent taste
REV01873,ORD002936,CUST00980,REST0135,4,Very late delivery
REV01874,ORD006342,CUST01134,REST0179,5,Very late delivery
REV01875,ORD001430,CUST02353,REST0209,1,Worth the money
REV01876,ORD006307,CUST00120,REST0061,5,Would order again
REV01877,ORD003650,CUST02223,REST0295,5,Amazing food
REV01878,ORD001938,CUST01769,REST0172,3,Amazing food
REV01879,ORD005172,CUST00114,REST0165,1,Worth the money
REV01880,ORD007764,CUST01707,REST0269,4,Worth the money
REV01881,ORD006393,CUST01945,REST0124,3,Very late delivery
REV01882,ORD001154,CUST00817,REST0185,5,Average experience
REV01883,ORD006250,CUST01492,REST0046,3,Amazing food
REV01884,ORD007037,CUST00984,REST0227,2,Loved it
REV01885,ORD004229,CUST02193,REST0130,5,Average experience
REV01886,ORD004975,CUST01885,REST0084,2,Packaging was poor
REV01887,ORD006401,CUST01438,REST0270,5,Very late delivery
REV01888,ORD003640,CUST00253,REST0195,4,Would order again
REV01889,ORD003972,CUST01326,REST0031,3,Would order again
REV01890,ORD009594,CUST00585,REST0216,5,Loved it
REV01891,ORD003376,CUST01560,REST0271,3,Delivery was delayed
REV01892,ORD002487,CUST02188,REST0276,2,Average experience
REV01893,ORD006954,CUST00086,REST0180,3,Average experience
REV01894,ORD000606,CUST02015,REST0203,4,Average experience
REV01895,ORD007444,CUST00819,REST0101,4,Loved it
REV01896,ORD005928,CUST01825,REST0216,2,Worth the money
REV01897,ORD002454,CUST00569,REST0046,1,Loved it
REV01898,ORD003609,CUST00206,REST0113,4,Average experience
REV01899,ORD001484,CUST00035,REST0151,2,Packaging was poor
REV01900,ORD004519,CUST01176,REST0082,4,Worth the money
REV01901,ORD003038,CUST00833,REST0282,4,Excellent taste
REV01902,ORD009352,CUST02394,REST0085,4,Loved it
REV01903,ORD007692,CUST01085,REST0221,2,Average experience
REV01904,ORD004116,CUST02423,REST0020,2,Amazing food
REV01905,ORD001427,CUST00654,REST0139,1,Would order again
REV01906,ORD000497,CUST00592,REST0037,3,Very late delivery
REV01907,ORD003353,CUST01161,REST0126,4,Excellent taste
REV01908,ORD008794,CUST01619,REST0126,3,Not satisfied
REV01909,ORD000759,CUST01669,REST0100,1,Excellent taste
REV01910,ORD000838,CUST01205,REST0096,1,Average experience
REV01911,ORD004327,CUST01008,REST0134,5,Worth the money
REV01912,ORD002128,CUST01970,REST0259,4,Packaging was poor
REV01913,ORD001023,CUST00367,REST0277,2,Excellent taste
REV01914,ORD008762,CUST02173,REST0233,1,Worth the money
REV01915,ORD005614,CUST01987,REST0239,1,Would order again
REV01916,ORD005581,CUST01044,REST0175,2,Very late delivery
REV01917,ORD001058,CUST01127,REST0028,4,Worth the money
REV01918,ORD009542,CUST01609,REST0260,1,Not satisfied
REV01919,ORD006856,CUST00038,REST0195,5,Loved it
REV01920,ORD007349,CUST00039,REST0270,5,Loved it
REV01921,ORD009045,CUST01023,REST0285,2,Packaging was poor
REV01922,ORD002129,CUST00036,REST0227,4,Worth the money
REV01923,ORD002767,CUST00272,REST0081,2,Would order again
REV01924,ORD002109,CUST00451,REST0250,2,Loved it
REV01925,ORD003617,CUST02196,REST0137,2,Packaging was poor
REV01926,ORD001545,CUST02019,REST0169,3,Would order again
REV01927,ORD006914,CUST01111,REST0180,2,Not satisfied
REV01928,ORD001719,CUST01911,REST0205,1,Average experience
REV01929,ORD007435,CUST01179,REST0200,1,Worth the money
REV01930,ORD007365,CUST02468,REST0185,2,Packaging was poor
REV01931,ORD006235,CUST00495,REST0028,1,Worth the money
REV01932,ORD000725,CUST00108,REST0023,3,Packaging was poor
REV01933,ORD006673,CUST01929,REST0052,1,Amazing food
REV01934,ORD008029,CUST01153,REST0014,4,Worth the money
REV01935,ORD005492,CUST00428,REST0078,2,Worth the money
REV01936,ORD001128,CUST00054,REST0066,3,Loved it
REV01937,ORD002957,CUST00159,REST0186,3,Would order again
REV01938,ORD005156,CUST01407,REST0181,3,Would order again
REV01939,ORD004817,CUST01072,REST0060,1,Excellent taste
REV01940,ORD006202,CUST02056,REST0235,1,Packaging was poor
REV01941,ORD006224,CUST02337,REST0286,4,Would order again
REV01942,ORD008686,CUST02320,REST0011,5,Loved it
REV01943,ORD007114,CUST01837,REST0134,4,Amazing food
REV01944,ORD005275,CUST01374,REST0132,3,Excellent taste
REV01945,ORD008536,CUST00791,REST0086,3,Loved it
REV01946,ORD003044,CUST01783,REST0252,1,Amazing food
REV01947,ORD006912,CUST00393,REST0284,3,Average experience
REV01948,ORD000150,CUST00547,REST0205,2,Excellent taste
REV01949,ORD007574,CUST00011,REST0098,2,Not satisfied
REV01950,ORD004206,CUST01791,REST0100,3,Would order again
REV01951,ORD005493,CUST00752,REST0295,5,Packaging was poor
REV01952,ORD002690,CUST01583,REST0233,1,Not satisfied
REV01953,ORD004221,CUST01181,REST0161,5,Loved it
REV01954,ORD009102,CUST02264,REST0085,2,Packaging was poor
REV01955,ORD000842,CUST01654,REST0114,2,Worth the money
REV01956,ORD008137,CUST02437,REST0300,1,Excellent taste
REV01957,ORD006438,CUST01268,REST0250,2,Worth the money
REV01958,ORD009700,CUST01820,REST0144,5,Worth the money
REV01959,ORD006200,CUST01731,REST0064,2,Packaging was poor
REV01960,ORD002795,CUST01332,REST0054,2,Amazing food
REV01961,ORD007626,CUST00790,REST0233,1,Loved it
REV01962,ORD008475,CUST02010,REST0124,4,Very late delivery
REV01963,ORD007890,CUST01958,REST0197,4,Worth the money
REV01964,ORD006608,CUST00228,REST0216,4,Would order again
REV01965,ORD009195,CUST01104,REST0027,3,Delivery was delayed
REV01966,ORD008248,CUST02400,REST0234,1,Not satisfied
REV01967,ORD001393,CUST02358,REST0124,5,Amazing food
REV01968,ORD001922,CUST01371,REST0176,4,Loved it
REV01969,ORD007019,CUST00660,REST0167,4,Worth the money
REV01970,ORD003622,CUST01958,REST0251,1,Very late delivery
REV01971,ORD004849,CUST00893,REST0033,2,Loved it
REV01972,ORD002292,CUST00736,REST0055,3,Average experience
REV01973,ORD002134,CUST01547,REST0269,1,Would order again
REV01974,ORD000551,CUST00657,REST0047,1,Worth the money
REV01975,ORD001741,CUST02231,REST0041,2,Average experience
REV01976,ORD005290,CUST02389,REST0178,3,Not satisfied
REV01977,ORD001818,CUST02353,REST0278,2,Amazing food
REV01978,ORD004699,CUST02012,REST0021,1,Packaging was poor
REV01979,ORD005182,CUST00631,REST0106,5,Worth the money
REV01980,ORD003019,CUST01677,REST0109,5,Excellent taste
REV01981,ORD000018,CUST01027,REST0007,3,Packaging was poor
REV01982,ORD001771,CUST00948,REST0058,4,Packaging was poor
REV01983,ORD001889,CUST01329,REST0202,1,Excellent taste
REV01984,ORD002153,CUST02451,REST0103,4,Packaging was poor
REV01985,ORD001643,CUST01939,REST0168,4,Amazing food
REV01986,ORD007847,CUST01901,REST0160,2,Loved it
REV01987,ORD004194,CUST02440,REST0163,5,Excellent taste
REV01988,ORD009433,CUST02402,REST0093,4,Average experience
REV01989,ORD008899,CUST01463,REST0264,2,Delivery was delayed
REV01990,ORD000534,CUST01099,REST0139,1,Packaging was poor
REV01991,ORD000133,CUST00151,REST0300,2,Packaging was poor
REV01992,ORD007723,CUST01291,REST0133,4,Amazing food
REV01993,ORD008459,CUST01721,REST0284,4,Packaging was poor
REV01994,ORD000965,CUST01666,REST0141,3,Not satisfied
REV01995,ORD008720,CUST00748,REST0125,5,Not satisfied
REV01996,ORD006413,CUST01591,REST0006,5,Amazing food
REV01997,ORD008286,CUST01704,REST0050,4,Average experience
REV01998,ORD007854,CUST01769,REST0067,1,Worth the money
REV01999,ORD001096,CUST00601,REST0024,2,Very late delivery
REV02000,ORD006930,CUST01246,REST0037,4,Excellent taste
REV02001,ORD009255,CUST00754,REST0017,1,Loved it
REV02002,ORD001562,CUST00105,REST0269,1,Amazing food
REV02003,ORD001671,CUST00241,REST0135,3,Packaging was poor
REV02004,ORD006088,CUST00364,REST0104,3,Worth the money
REV02005,ORD006670,CUST02423,REST0059,1,Delivery was delayed
REV02006,ORD005934,CUST01990,REST0102,2,Worth the money
REV02007,ORD008830,CUST01215,REST0217,5,Delivery was delayed
REV02008,ORD007946,CUST00958,REST0100,3,Worth the money
REV02009,ORD003509,CUST02089,REST0170,2,Very late delivery
REV02010,ORD002003,CUST02392,REST0278,1,Not satisfied
REV02011,ORD005867,CUST02321,REST0174,5,Delivery was delayed
REV02012,ORD000169,CUST00602,REST0052,3,Would order again
REV02013,ORD002589,CUST00342,REST0145,4,Very late delivery
REV02014,ORD005906,CUST00395,REST0212,2,Packaging was poor
REV02015,ORD009530,CUST00241,REST0280,3,Very late delivery
REV02016,ORD006385,CUST01496,REST0237,5,Very late delivery
REV02017,ORD007825,CUST00608,REST0294,2,Not satisfied
REV02018,ORD009780,CUST02185,REST0090,1,Delivery was delayed
REV02019,ORD004630,CUST01322,REST0258,5,Delivery was delayed
REV02020,ORD008561,CUST00843,REST0028,1,Delivery was delayed
REV02021,ORD009292,CUST00627,REST0280,2,Excellent taste
REV02022,ORD006875,CUST00564,REST0096,2,Delivery was delayed
REV02023,ORD006522,CUST02344,REST0293,1,Packaging was poor
REV02024,ORD008980,CUST00172,REST0016,5,Very late delivery
REV02025,ORD006648,CUST01678,REST0095,5,Would order again
REV02026,ORD009826,CUST00585,REST0005,5,Average experience
REV02027,ORD000211,CUST00921,REST0159,5,Delivery was delayed
REV02028,ORD005279,CUST01919,REST0076,4,Average experience
REV02029,ORD001920,CUST02387,REST0081,4,Very late delivery
REV02030,ORD000719,CUST00343,REST0166,1,Amazing food
REV02031,ORD004869,CUST00628,REST0166,5,Amazing food
REV02032,ORD007835,CUST00410,REST0138,5,Packaging was poor
REV02033,ORD001299,CUST00462,REST0145,2,Worth the money
REV02034,ORD009194,CUST01682,REST0221,1,Average experience
REV02035,ORD004618,CUST00629,REST0254,4,Worth the money
REV02036,ORD003129,CUST00336,REST0063,3,Average experience
REV02037,ORD009796,CUST00155,REST0202,2,Very late delivery
REV02038,ORD003980,CUST00101,REST0108,4,Not satisfied
REV02039,ORD009925,CUST00850,REST0112,3,Delivery was delayed
REV02040,ORD008318,CUST01546,REST0089,2,Loved it
REV02041,ORD004394,CUST01540,REST0028,3,Not satisfied
REV02042,ORD001288,CUST00920,REST0081,1,Delivery was delayed
REV02043,ORD004356,CUST00714,REST0197,5,Very late delivery
REV02044,ORD007014,CUST01770,REST0277,3,Loved it
REV02045,ORD003886,CUST02267,REST0156,2,Amazing food
REV02046,ORD005750,CUST00101,REST0042,5,Very late delivery
REV02047,ORD009170,CUST00916,REST0075,1,Amazing food
REV02048,ORD002408,CUST02021,REST0066,2,Delivery was delayed
REV02049,ORD002014,CUST00607,REST0093,4,Average experience
REV02050,ORD005154,CUST01575,REST0137,3,Loved it
REV02051,ORD008552,CUST02099,REST0283,1,Loved it
REV02052,ORD004377,CUST00119,REST0199,2,Average experience
REV02053,ORD008823,CUST02310,REST0175,2,Packaging was poor
REV02054,ORD004274,CUST00487,REST0220,4,Average experience
REV02055,ORD005826,CUST02272,REST0006,5,Not satisfied
REV02056,ORD006700,CUST02120,REST0076,4,Not satisfied
REV02057,ORD007244,CUST01725,REST0154,2,Very late delivery
REV02058,ORD000450,CUST00045,REST0153,3,Loved it
REV02059,ORD002228,CUST00922,REST0044,5,Packaging was poor
REV02060,ORD005757,CUST01457,REST0074,4,Excellent taste
REV02061,ORD000811,CUST00581,REST0238,4,Would order again
REV02062,ORD004181,CUST00944,REST0189,5,Excellent taste
REV02063,ORD009001,CUST00107,REST0067,5,Delivery was delayed
REV02064,ORD005439,CUST00960,REST0081,5,Excellent taste
REV02065,ORD007534,CUST01800,REST0133,5,Average experience
REV02066,ORD006370,CUST01413,REST0258,2,Worth the money
REV02067,ORD008417,CUST02345,REST0094,3,Average experience
REV02068,ORD001478,CUST02384,REST0140,3,Would order again
REV02069,ORD001791,CUST01081,REST0287,2,Packaging was poor
REV02070,ORD002009,CUST00340,REST0151,5,Average experience
REV02071,ORD000683,CUST00897,REST0283,2,Packaging was poor
REV02072,ORD002817,CUST00642,REST0077,3,Very late delivery
REV02073,ORD009432,CUST00864,REST0070,3,Worth the money
REV02074,ORD003775,CUST02490,REST0098,5,Packaging was poor
REV02075,ORD006496,CUST01092,REST0229,5,Not satisfied
REV02076,ORD008879,CUST02289,REST0271,1,Very late delivery
REV02077,ORD007362,CUST00489,REST0112,5,Delivery was delayed
REV02078,ORD008367,CUST02101,REST0236,5,Delivery was delayed
REV02079,ORD007475,CUST01597,REST0108,2,Very late delivery
REV02080,ORD000047,CUST01858,REST0195,1,Packaging was poor
REV02081,ORD000031,CUST00881,REST0194,4,Excellent taste
REV02082,ORD008251,CUST01284,REST0240,5,Delivery was delayed
REV02083,ORD006936,CUST00461,REST0195,3,Loved it
REV02084,ORD001469,CUST01871,REST0298,5,Average experience
REV02085,ORD001666,CUST00333,REST0009,2,Amazing food
REV02086,ORD001417,CUST00088,REST0218,4,Average experience
REV02087,ORD006481,CUST01055,REST0207,5,Average experience
REV02088,ORD004853,CUST00381,REST0020,2,Packaging was poor
REV02089,ORD002471,CUST01533,REST0240,5,Would order again
REV02090,ORD004374,CUST01081,REST0048,2,Loved it
REV02091,ORD008525,CUST01929,REST0259,1,Loved it
REV02092,ORD000430,CUST01652,REST0238,2,Delivery was delayed
REV02093,ORD005245,CUST01109,REST0116,5,Excellent taste
REV02094,ORD002120,CUST01097,REST0218,3,Not satisfied
REV02095,ORD000386,CUST00853,REST0208,1,Amazing food
REV02096,ORD001946,CUST00916,REST0295,1,Amazing food
REV02097,ORD004225,CUST01299,REST0298,2,Loved it
REV02098,ORD000474,CUST02014,REST0246,1,Very late delivery
REV02099,ORD002130,CUST00577,REST0100,2,Very late delivery
REV02100,ORD006557,CUST00974,REST0025,5,Worth the money
REV02101,ORD006999,CUST01309,REST0275,3,Would order again
REV02102,ORD001056,CUST00012,REST0296,4,Packaging was poor
REV02103,ORD003275,CUST02119,REST0065,2,Amazing food
REV02104,ORD004962,CUST01517,REST0056,2,Not satisfied
REV02105,ORD005364,CUST01910,REST0123,4,Packaging was poor
REV02106,ORD005817,CUST00639,REST0168,5,Not satisfied
REV02107,ORD000812,CUST00662,REST0048,3,Not satisfied
REV02108,ORD004574,CUST01906,REST0201,5,Worth the money
REV02109,ORD006138,CUST01396,REST0174,4,Would order again
REV02110,ORD002389,CUST02183,REST0034,1,Packaging was poor
REV02111,ORD009649,CUST01966,REST0041,2,Not satisfied
REV02112,ORD006226,CUST00239,REST0267,2,Very late delivery
REV02113,ORD000112,CUST01791,REST0287,2,Worth the money
REV02114,ORD008910,CUST00720,REST0094,5,Packaging was poor
REV02115,ORD001746,CUST00857,REST0196,5,Amazing food
REV02116,ORD007852,CUST00185,REST0138,4,Loved it
REV02117,ORD001453,CUST00700,REST0221,3,Amazing food
REV02118,ORD000320,CUST01658,REST0135,1,Excellent taste
REV02119,ORD008594,CUST00438,REST0274,1,Excellent taste
REV02120,ORD003334,CUST01962,REST0218,4,Packaging was poor
REV02121,ORD001923,CUST02251,REST0205,5,Packaging was poor
REV02122,ORD005866,CUST01558,REST0197,3,Very late delivery
REV02123,ORD009529,CUST00958,REST0134,2,Amazing food
REV02124,ORD003686,CUST02049,REST0123,2,Not satisfied
REV02125,ORD004276,CUST01460,REST0024,5,Would order again
REV02126,ORD004890,CUST01890,REST0196,5,Worth the money
REV02127,ORD005226,CUST02380,REST0150,1,Very late delivery
REV02128,ORD007473,CUST00662,REST0141,2,Packaging was poor
REV02129,ORD003606,CUST01012,REST0225,1,Packaging was poor
REV02130,ORD001053,CUST02471,REST0245,3,Worth the money
REV02131,ORD004157,CUST01300,REST0159,2,Loved it
REV02132,ORD009677,CUST00916,REST0273,5,Not satisfied
REV02133,ORD000100,CUST00275,REST0003,3,Very late delivery
REV02134,ORD007509,CUST01901,REST0012,5,Worth the money
REV02135,ORD001457,CUST02284,REST0046,3,Packaging was poor
REV02136,ORD007689,CUST00363,REST0050,2,Excellent taste
REV02137,ORD004005,CUST01214,REST0215,4,Excellent taste
REV02138,ORD006867,CUST00496,REST0011,1,Not satisfied
REV02139,ORD004510,CUST02374,REST0010,3,Loved it
REV02140,ORD003300,CUST00828,REST0142,3,Delivery was delayed
REV02141,ORD003800,CUST00291,REST0138,3,Excellent taste
REV02142,ORD004282,CUST00158,REST0269,3,Delivery was delayed
REV02143,ORD009052,CUST02201,REST0234,5,Not satisfied
REV02144,ORD006463,CUST00414,REST0191,1,Packaging was poor
REV02145,ORD007913,CUST01663,REST0051,2,Delivery was delayed
REV02146,ORD001415,CUST02086,REST0233,3,Would order again
REV02147,ORD000541,CUST01035,REST0064,3,Packaging was poor
REV02148,ORD005816,CUST01582,REST0063,1,Excellent taste
REV02149,ORD008200,CUST01500,REST0203,4,Would order again
REV02150,ORD003681,CUST00367,REST0216,2,Would order again
REV02151,ORD000755,CUST01162,REST0062,4,Not satisfied
REV02152,ORD004197,CUST02464,REST0050,4,Excellent taste
REV02153,ORD002651,CUST02013,REST0052,4,Would order again
REV02154,ORD004523,CUST00811,REST0081,2,Worth the money
REV02155,ORD009520,CUST02285,REST0279,4,Packaging was poor
REV02156,ORD003119,CUST01774,REST0253,2,Worth the money
REV02157,ORD003729,CUST01618,REST0112,5,Not satisfied
REV02158,ORD003887,CUST02485,REST0210,5,Delivery was delayed
REV02159,ORD007108,CUST02415,REST0272,1,Would order again
REV02160,ORD008069,CUST00364,REST0277,2,Worth the money
REV02161,ORD007326,CUST02263,REST0212,1,Delivery was delayed
REV02162,ORD008484,CUST01229,REST0136,1,Very late delivery
REV02163,ORD008768,CUST01339,REST0210,2,Very late delivery
REV02164,ORD006501,CUST00820,REST0232,4,Amazing food
REV02165,ORD008427,CUST00291,REST0276,3,Packaging was poor
REV02166,ORD007964,CUST00709,REST0050,4,Not satisfied
REV02167,ORD000602,CUST01019,REST0238,4,Excellent taste
REV02168,ORD009250,CUST00337,REST0108,1,Loved it
REV02169,ORD008920,CUST01341,REST0217,3,Packaging was poor
REV02170,ORD006815,CUST00210,REST0044,2,Average experience
REV02171,ORD005412,CUST02130,REST0007,2,Would order again
REV02172,ORD008748,CUST02146,REST0161,1,Average experience
REV02173,ORD005523,CUST01921,REST0029,3,Not satisfied
REV02174,ORD001045,CUST01858,REST0040,1,Not satisfied
REV02175,ORD007335,CUST00664,REST0050,4,Loved it
REV02176,ORD001558,CUST00853,REST0281,2,Average experience
REV02177,ORD003740,CUST02327,REST0059,4,Not satisfied
REV02178,ORD003523,CUST01060,REST0289,5,Very late delivery
REV02179,ORD000181,CUST01246,REST0150,4,Very late delivery
REV02180,ORD002116,CUST02209,REST0035,4,Would order again
REV02181,ORD001700,CUST02259,REST0137,2,Amazing food
REV02182,ORD001380,CUST01346,REST0293,4,Would order again
REV02183,ORD007230,CUST00657,REST0157,2,Average experience
REV02184,ORD009144,CUST00824,REST0130,3,Very late delivery
REV02185,ORD000619,CUST01311,REST0297,4,Average experience
REV02186,ORD003182,CUST01134,REST0298,4,Loved it
REV02187,ORD009852,CUST00249,REST0227,3,Worth the money
REV02188,ORD001601,CUST00656,REST0034,3,Very late delivery
REV02189,ORD005964,CUST01438,REST0248,1,Loved it
REV02190,ORD001616,CUST01452,REST0049,1,Delivery was delayed
REV02191,ORD005921,CUST02285,REST0091,3,Loved it
REV02192,ORD009592,CUST00857,REST0102,5,Average experience
REV02193,ORD003892,CUST02338,REST0258,5,Average experience
REV02194,ORD002084,CUST00450,REST0074,1,Very late delivery
REV02195,ORD004575,CUST00677,REST0176,5,Delivery was delayed
REV02196,ORD005595,CUST00005,REST0134,4,Would order again
REV02197,ORD005122,CUST01825,REST0002,4,Average experience
REV02198,ORD004588,CUST01283,REST0213,3,Packaging was poor
REV02199,ORD004903,CUST02149,REST0118,1,Delivery was delayed
REV02200,ORD008253,CUST02096,REST0127,2,Average experience
REV02201,ORD005917,CUST00498,REST0120,5,Average experience
REV02202,ORD005130,CUST00613,REST0210,1,Delivery was delayed
REV02203,ORD008335,CUST01632,REST0098,4,Not satisfied
REV02204,ORD001919,CUST02325,REST0300,5,Not satisfied
REV02205,ORD008331,CUST01646,REST0165,3,Excellent taste
REV02206,ORD005708,CUST00980,REST0163,1,Excellent taste
REV02207,ORD005385,CUST01220,REST0161,3,Amazing food
REV02208,ORD006337,CUST00988,REST0213,2,Worth the money
REV02209,ORD002055,CUST00089,REST0095,5,Not satisfied
REV02210,ORD007613,CUST02223,REST0211,2,Delivery was delayed
REV02211,ORD009210,CUST00884,REST0075,2,Would order again
REV02212,ORD003964,CUST01155,REST0296,4,Excellent taste
REV02213,ORD001127,CUST00450,REST0034,2,Delivery was delayed
REV02214,ORD003429,CUST01325,REST0146,4,Delivery was delayed
REV02215,ORD004602,CUST00380,REST0149,5,Amazing food
REV02216,ORD003722,CUST00356,REST0118,2,Loved it
REV02217,ORD002390,CUST02486,REST0089,5,Would order again
REV02218,ORD001323,CUST00037,REST0228,4,Very late delivery
REV02219,ORD001604,CUST01973,REST0191,3,Excellent taste
REV02220,ORD007225,CUST00290,REST0080,3,Would order again
REV02221,ORD007426,CUST02133,REST0148,3,Very late delivery
REV02222,ORD004337,CUST00466,REST0149,1,Average experience
REV02223,ORD005594,CUST00590,REST0187,3,Excellent taste
REV02224,ORD004412,CUST02026,REST0097,5,Excellent taste
REV02225,ORD005859,CUST02438,REST0161,5,Packaging was poor
REV02226,ORD009344,CUST01812,REST0102,5,Loved it
REV02227,ORD003992,CUST01221,REST0225,2,Very late delivery
REV02228,ORD006080,CUST00995,REST0149,3,Average experience
REV02229,ORD001560,CUST01665,REST0016,1,Not satisfied
REV02230,ORD004683,CUST02345,REST0227,3,Delivery was delayed
REV02231,ORD007558,CUST00326,REST0257,3,Delivery was delayed
REV02232,ORD003773,CUST00243,REST0181,2,Not satisfied
REV02233,ORD008780,CUST02136,REST0013,3,Delivery was delayed
REV02234,ORD003458,CUST01577,REST0016,4,Worth the money
REV02235,ORD008384,CUST00455,REST0071,2,Amazing food
REV02236,ORD001355,CUST01420,REST0285,5,Excellent taste
REV02237,ORD000046,CUST02087,REST0043,3,Would order again
REV02238,ORD009873,CUST00869,REST0183,3,Packaging was poor
REV02239,ORD000749,CUST00811,REST0253,4,Would order again
REV02240,ORD007918,CUST00883,REST0276,3,Not satisfied
REV02241,ORD004242,CUST00762,REST0062,2,Average experience
REV02242,ORD005629,CUST02383,REST0022,3,Average experience
REV02243,ORD004658,CUST02292,REST0160,5,Amazing food
REV02244,ORD004239,CUST00552,REST0097,5,Loved it
REV02245,ORD003461,CUST00732,REST0150,4,Delivery was delayed
REV02246,ORD007382,CUST00989,REST0182,5,Loved it
REV02247,ORD005550,CUST02058,REST0054,2,Loved it
REV02248,ORD007076,CUST00495,REST0015,3,Not satisfied
REV02249,ORD005839,CUST01020,REST0157,1,Delivery was delayed
REV02250,ORD008092,CUST02167,REST0074,5,Average experience
REV02251,ORD005475,CUST02027,REST0061,1,Excellent taste
REV02252,ORD003615,CUST00842,REST0016,4,Delivery was delayed
REV02253,ORD007502,CUST01382,REST0148,2,Loved it
REV02254,ORD007054,CUST00743,REST0057,5,Would order again
REV02255,ORD007368,CUST02033,REST0283,5,Amazing food
REV02256,ORD008020,CUST00417,REST0129,4,Packaging was poor
REV02257,ORD009639,CUST00255,REST0061,2,Excellent taste
REV02258,ORD009056,CUST01260,REST0165,1,Loved it
REV02259,ORD000665,CUST00426,REST0009,4,Worth the money
REV02260,ORD002320,CUST00720,REST0146,4,Would order again
REV02261,ORD003543,CUST01289,REST0108,4,Average experience
REV02262,ORD003678,CUST02315,REST0036,5,Loved it
REV02263,ORD009600,CUST00718,REST0273,1,Not satisfied
REV02264,ORD003092,CUST02456,REST0102,2,Delivery was delayed
REV02265,ORD000676,CUST01817,REST0104,4,Delivery was delayed
REV02266,ORD008677,CUST00516,REST0060,4,Very late delivery
REV02267,ORD004885,CUST01768,REST0018,4,Average experience
REV02268,ORD008080,CUST01130,REST0190,2,Amazing food
REV02269,ORD001963,CUST01174,REST0211,1,Worth the money
REV02270,ORD001841,CUST01213,REST0003,2,Very late delivery
REV02271,ORD007169,CUST02133,REST0139,5,Packaging was poor
REV02272,ORD009899,CUST00654,REST0059,5,Amazing food
REV02273,ORD003539,CUST00527,REST0091,2,Amazing food
REV02274,ORD008027,CUST02268,REST0266,1,Very late delivery
REV02275,ORD004867,CUST01459,REST0240,3,Excellent taste
REV02276,ORD004175,CUST01820,REST0109,1,Very late delivery
REV02277,ORD008089,CUST00096,REST0227,4,Worth the money
REV02278,ORD004378,CUST00515,REST0232,3,Would order again
REV02279,ORD006212,CUST02037,REST0241,3,Amazing food
REV02280,ORD004767,CUST00870,REST0135,1,Not satisfied
REV02281,ORD000412,CUST01668,REST0176,1,Packaging was poor
REV02282,ORD000614,CUST00645,REST0264,4,Worth the money
REV02283,ORD006127,CUST00859,REST0299,2,Would order again
REV02284,ORD005211,CUST00539,REST0029,4,Worth the money
REV02285,ORD001431,CUST01223,REST0074,3,Worth the money
REV02286,ORD002426,CUST00033,REST0285,3,Packaging was poor
REV02287,ORD008842,CUST01952,REST0138,1,Excellent taste
REV02288,ORD003834,CUST02295,REST0135,4,Not satisfied
REV02289,ORD004719,CUST01077,REST0104,4,Amazing food
REV02290,ORD007186,CUST01309,REST0184,3,Loved it
REV02291,ORD001418,CUST01110,REST0018,1,Loved it
REV02292,ORD007200,CUST00460,REST0046,2,Packaging was poor
REV02293,ORD000605,CUST01697,REST0243,1,Amazing food
REV02294,ORD001273,CUST01068,REST0196,4,Average experience
REV02295,ORD003965,CUST00938,REST0232,5,Not satisfied
REV02296,ORD006368,CUST02343,REST0144,2,Loved it
REV02297,ORD008747,CUST00368,REST0117,3,Delivery was delayed
REV02298,ORD000248,CUST00378,REST0286,2,Not satisfied
REV02299,ORD009227,CUST01770,REST0149,3,Excellent taste
REV02300,ORD001983,CUST00292,REST0223,3,Delivery was delayed
REV02301,ORD002836,CUST00753,REST0077,3,Worth the money
REV02302,ORD005376,CUST00743,REST0065,2,Delivery was delayed
REV02303,ORD000200,CUST00598,REST0135,1,Loved it
REV02304,ORD000486,CUST02450,REST0189,1,Average experience
REV02305,ORD006084,CUST00197,REST0195,3,Not satisfied
REV02306,ORD008957,CUST01243,REST0010,4,Amazing food
REV02307,ORD000456,CUST00142,REST0145,1,Very late delivery
REV02308,ORD009799,CUST01015,REST0298,5,Amazing food
REV02309,ORD008827,CUST02373,REST0254,5,Amazing food
REV02310,ORD006516,CUST00720,REST0011,3,Average experience
REV02311,ORD001722,CUST00543,REST0017,5,Would order again
REV02312,ORD007051,CUST00758,REST0075,5,Amazing food
REV02313,ORD006383,CUST02316,REST0052,3,Very late delivery
REV02314,ORD008166,CUST00752,REST0142,3,Loved it
REV02315,ORD005768,CUST00632,REST0195,3,Loved it
REV02316,ORD005810,CUST01622,REST0287,5,Loved it
REV02317,ORD004627,CUST00279,REST0217,2,Excellent taste
REV02318,ORD000863,CUST00854,REST0003,5,Very late delivery
REV02319,ORD002095,CUST00276,REST0071,2,Amazing food
REV02320,ORD000948,CUST02440,REST0259,2,Average experience
REV02321,ORD005642,CUST00784,REST0187,2,Excellent taste
REV02322,ORD001445,CUST00924,REST0155,5,Very late delivery
REV02323,ORD001281,CUST01636,REST0179,1,Would order again
REV02324,ORD003111,CUST01286,REST0267,1,Delivery was delayed
REV02325,ORD008953,CUST02007,REST0058,5,Not satisfied
REV02326,ORD007610,CUST01730,REST0101,3,Amazing food
REV02327,ORD005136,CUST01724,REST0095,4,Excellent taste
REV02328,ORD003017,CUST01831,REST0105,4,Packaging was poor
REV02329,ORD002303,CUST01687,REST0126,1,Packaging was poor
REV02330,ORD002005,CUST01513,REST0055,2,Loved it
REV02331,ORD004581,CUST01581,REST0028,3,Very late delivery
REV02332,ORD008705,CUST00842,REST0207,3,Excellent taste
REV02333,ORD001006,CUST00953,REST0258,2,Not satisfied
REV02334,ORD005139,CUST01319,REST0229,4,Would order again
REV02335,ORD004318,CUST02028,REST0081,2,Loved it
REV02336,ORD006559,CUST00247,REST0193,4,Delivery was delayed
REV02337,ORD004388,CUST01731,REST0201,4,Average experience
REV02338,ORD002133,CUST01650,REST0234,1,Not satisfied
REV02339,ORD004266,CUST01522,REST0180,1,Worth the money
REV02340,ORD002058,CUST00002,REST0147,2,Packaging was poor
REV02341,ORD005387,CUST00717,REST0046,4,Loved it
REV02342,ORD000230,CUST00647,REST0081,2,Loved it
REV02343,ORD002890,CUST02240,REST0084,4,Loved it
REV02344,ORD004473,CUST00238,REST0084,1,Loved it
REV02345,ORD006065,CUST01776,REST0185,5,Average experience
REV02346,ORD007925,CUST00814,REST0287,1,Average experience
REV02347,ORD007650,CUST01057,REST0174,5,Would order again
REV02348,ORD008382,CUST01556,REST0251,4,Worth the money
REV02349,ORD000210,CUST02152,REST0247,1,Excellent taste
REV02350,ORD002759,CUST00852,REST0016,2,Not satisfied
REV02351,ORD008472,CUST01869,REST0073,1,Average experience
REV02352,ORD002949,CUST00658,REST0161,4,Excellent taste
REV02353,ORD007117,CUST01749,REST0251,1,Loved it
REV02354,ORD006331,CUST00632,REST0185,4,Packaging was poor
REV02355,ORD001729,CUST01259,REST0252,5,Worth the money
REV02356,ORD004177,CUST02455,REST0048,4,Average experience
REV02357,ORD000338,CUST00490,REST0170,4,Not satisfied
REV02358,ORD004985,CUST01726,REST0156,5,Would order again
REV02359,ORD006879,CUST02120,REST0197,2,Very late delivery
REV02360,ORD007249,CUST02233,REST0290,1,Worth the money
REV02361,ORD008453,CUST02035,REST0214,3,Amazing food
REV02362,ORD001227,CUST00928,REST0295,5,Loved it
REV02363,ORD007609,CUST02419,REST0115,4,Amazing food
REV02364,ORD006828,CUST00285,REST0201,3,Packaging was poor
REV02365,ORD003541,CUST01739,REST0062,4,Delivery was delayed
REV02366,ORD005869,CUST01513,REST0205,5,Not satisfied
REV02367,ORD002112,CUST01595,REST0218,5,Excellent taste
REV02368,ORD002692,CUST01114,REST0162,4,Amazing food
REV02369,ORD007154,CUST02162,REST0240,3,Very late delivery
REV02370,ORD003708,CUST02206,REST0109,1,Loved it
REV02371,ORD001018,CUST00271,REST0244,3,Packaging was poor
REV02372,ORD008512,CUST01048,REST0268,3,Delivery was delayed
REV02373,ORD002808,CUST01651,REST0298,3,Worth the money
REV02374,ORD005016,CUST00196,REST0242,2,Very late delivery
REV02375,ORD001929,CUST02030,REST0223,4,Would order again
REV02376,ORD000351,CUST01656,REST0022,2,Very late delivery
REV02377,ORD005174,CUST01237,REST0173,5,Delivery was delayed
REV02378,ORD004193,CUST00801,REST0244,2,Would order again
REV02379,ORD001935,CUST01861,REST0028,4,Very late delivery
REV02380,ORD006902,CUST02190,REST0108,1,Loved it
REV02381,ORD004824,CUST02011,REST0081,4,Excellent taste
REV02382,ORD000565,CUST00369,REST0082,5,Loved it
REV02383,ORD001583,CUST01426,REST0025,4,Amazing food
REV02384,ORD004695,CUST01903,REST0234,4,Loved it
REV02385,ORD002176,CUST01588,REST0169,4,Packaging was poor
REV02386,ORD007029,CUST01516,REST0243,5,Very late delivery
REV02387,ORD004881,CUST00673,REST0244,2,Would order again
REV02388,ORD002229,CUST00440,REST0165,1,Excellent taste
REV02389,ORD001116,CUST00701,REST0035,4,Not satisfied
REV02390,ORD003127,CUST01518,REST0038,2,Delivery was delayed
REV02391,ORD003545,CUST01274,REST0017,5,Worth the money
REV02392,ORD005049,CUST00250,REST0177,3,Loved it
REV02393,ORD007477,CUST00289,REST0191,2,Average experience
REV02394,ORD000822,CUST00714,REST0038,3,Very late delivery
REV02395,ORD006533,CUST00433,REST0075,4,Amazing food
REV02396,ORD002273,CUST01966,REST0064,4,Very late delivery
REV02397,ORD005546,CUST02371,REST0090,3,Amazing food
REV02398,ORD000082,CUST01123,REST0235,2,Excellent taste
REV02399,ORD001324,CUST00585,REST0211,1,Not satisfied
REV02400,ORD009406,CUST00824,REST0080,3,Average experience
REV02401,ORD001615,CUST00813,REST0107,2,Amazing food
REV02402,ORD000832,CUST02037,REST0079,1,Not satisfied
REV02403,ORD003884,CUST02487,REST0207,4,Would order again
REV02404,ORD008642,CUST01866,REST0251,4,Excellent taste
REV02405,ORD004465,CUST02479,REST0073,2,Would order again
REV02406,ORD005340,CUST00188,REST0103,5,Packaging was poor
REV02407,ORD008067,CUST00959,REST0213,3,Loved it
REV02408,ORD001650,CUST01778,REST0137,2,Very late delivery
REV02409,ORD004066,CUST01252,REST0002,1,Would order again
REV02410,ORD009666,CUST01989,REST0007,3,Amazing food
REV02411,ORD003039,CUST01260,REST0207,4,Would order again
REV02412,ORD003321,CUST01818,REST0155,3,Packaging was poor
REV02413,ORD007144,CUST00653,REST0169,2,Would order again
REV02414,ORD006890,CUST00263,REST0250,5,Excellent taste
REV02415,ORD005093,CUST00529,REST0156,4,Not satisfied
REV02416,ORD003721,CUST01476,REST0043,2,Would order again
REV02417,ORD002424,CUST02298,REST0123,1,Very late delivery
REV02418,ORD000750,CUST00161,REST0209,2,Loved it
REV02419,ORD005272,CUST00062,REST0299,3,Not satisfied
REV02420,ORD002374,CUST02192,REST0217,5,Delivery was delayed
REV02421,ORD004694,CUST02093,REST0041,3,Delivery was delayed
REV02422,ORD009880,CUST00483,REST0169,5,Would order again
REV02423,ORD008371,CUST00965,REST0075,5,Amazing food
REV02424,ORD007320,CUST01112,REST0131,5,Excellent taste
REV02425,ORD004369,CUST02021,REST0179,2,Worth the money
REV02426,ORD006786,CUST01941,REST0085,5,Worth the money
REV02427,ORD007402,CUST01877,REST0208,3,Loved it
REV02428,ORD001140,CUST01482,REST0031,4,Would order again
REV02429,ORD007632,CUST01798,REST0248,2,Worth the money
REV02430,ORD002232,CUST02063,REST0251,2,Delivery was delayed
REV02431,ORD002165,CUST01962,REST0051,2,Not satisfied
REV02432,ORD005218,CUST00973,REST0193,5,Worth the money
REV02433,ORD009445,CUST02241,REST0193,3,Not satisfied
REV02434,ORD009238,CUST01092,REST0281,5,Excellent taste
REV02435,ORD004562,CUST01745,REST0185,3,Very late delivery
REV02436,ORD001571,CUST02263,REST0207,1,Would order again
REV02437,ORD000173,CUST00761,REST0142,1,Delivery was delayed
REV02438,ORD007164,CUST01158,REST0204,5,Would order again
REV02439,ORD002088,CUST00763,REST0076,1,Amazing food
REV02440,ORD004668,CUST00188,REST0230,1,Delivery was delayed
REV02441,ORD004566,CUST00025,REST0003,4,Not satisfied
REV02442,ORD007090,CUST00945,REST0213,3,Average experience
REV02443,ORD006570,CUST00520,REST0135,1,Not satisfied
REV02444,ORD004784,CUST00557,REST0215,5,Very late delivery
REV02445,ORD002685,CUST00866,REST0149,2,Amazing food
REV02446,ORD001833,CUST02225,REST0031,1,Very late delivery
REV02447,ORD008547,CUST00053,REST0200,1,Delivery was delayed
REV02448,ORD005066,CUST01506,REST0066,2,Loved it
REV02449,ORD009131,CUST00856,REST0113,2,Amazing food
REV02450,ORD009356,CUST01672,REST0189,3,Excellent taste
REV02451,ORD004413,CUST02008,REST0131,4,Would order again
REV02452,ORD007208,CUST01639,REST0036,1,Not satisfied
REV02453,ORD009891,CUST00107,REST0128,5,Amazing food
REV02454,ORD000835,CUST01360,REST0234,2,Not satisfied
REV02455,ORD006822,CUST01330,REST0296,4,Amazing food
REV02456,ORD003782,CUST00428,REST0211,5,Average experience
REV02457,ORD009013,CUST01783,REST0083,1,Would order again
REV02458,ORD007500,CUST02192,REST0169,5,Worth the money
REV02459,ORD003425,CUST00466,REST0110,2,Very late delivery
REV02460,ORD000066,CUST01211,REST0050,1,Excellent taste
REV02461,ORD002964,CUST00835,REST0258,4,Very late delivery
REV02462,ORD005670,CUST01227,REST0204,2,Very late delivery
REV02463,ORD008963,CUST01706,REST0161,5,Not satisfied
REV02464,ORD000355,CUST02013,REST0054,5,Average experience
REV02465,ORD008172,CUST01597,REST0147,3,Worth the money
REV02466,ORD004031,CUST02327,REST0055,3,Would order again
REV02467,ORD008535,CUST00022,REST0278,4,Amazing food
REV02468,ORD003652,CUST01771,REST0067,4,Loved it
REV02469,ORD006740,CUST00863,REST0296,5,Packaging was poor
REV02470,ORD003298,CUST00086,REST0193,3,Not satisfied
REV02471,ORD004128,CUST02264,REST0251,5,Would order again
REV02472,ORD008044,CUST01755,REST0114,3,Average experience
REV02473,ORD004768,CUST01940,REST0029,2,Excellent taste
REV02474,ORD000473,CUST00846,REST0256,1,Worth the money
REV02475,ORD003762,CUST01119,REST0244,1,Worth the money
REV02476,ORD008618,CUST01388,REST0228,1,Loved it
REV02477,ORD003567,CUST00530,REST0244,4,Excellent taste
REV02478,ORD002761,CUST02289,REST0072,3,Amazing food
REV02479,ORD000869,CUST00820,REST0074,5,Not satisfied
REV02480,ORD009383,CUST00995,REST0227,1,Average experience
REV02481,ORD008689,CUST02010,REST0084,1,Very late delivery
REV02482,ORD004053,CUST01202,REST0057,5,Would order again
REV02483,ORD006131,CUST01945,REST0055,2,Amazing food
REV02484,ORD003245,CUST01084,REST0058,3,Loved it
REV02485,ORD004843,CUST00086,REST0144,3,Average experience
REV02486,ORD009331,CUST01362,REST0054,1,Delivery was delayed
REV02487,ORD005641,CUST00309,REST0134,2,Would order again
REV02488,ORD005781,CUST00961,REST0290,3,Very late delivery
REV02489,ORD008541,CUST00815,REST0128,3,Very late delivery
REV02490,ORD001076,CUST00794,REST0281,2,Delivery was delayed
REV02491,ORD002958,CUST00251,REST0014,1,Worth the money
REV02492,ORD006753,CUST01127,REST0209,3,Amazing food
REV02493,ORD008658,CUST02315,REST0041,2,Delivery was delayed
REV02494,ORD007273,CUST02368,REST0241,1,Very late delivery
REV02495,ORD004760,CUST02282,REST0016,2,Average experience
REV02496,ORD004863,CUST01450,REST0223,5,Worth the money
REV02497,ORD007026,CUST00224,REST0090,4,Amazing food
REV02498,ORD007648,CUST02282,REST0089,5,Very late delivery
REV02499,ORD007162,CUST00713,REST0098,4,Delivery was delayed
REV02500,ORD000074,CUST02265,REST0033,1,Worth the money
REV02501,ORD004902,CUST00826,REST0267,3,Amazing food
REV02502,ORD004376,CUST01042,REST0004,2,Delivery was delayed
REV02503,ORD006699,CUST01642,REST0010,2,Excellent taste
REV02504,ORD009806,CUST00787,REST0225,4,Loved it
REV02505,ORD001102,CUST01344,REST0005,5,Average experience
REV02506,ORD009538,CUST00140,REST0260,5,Excellent taste
REV02507,ORD007656,CUST00506,REST0181,3,Worth the money
REV02508,ORD005236,CUST01785,REST0156,5,Not satisfied
REV02509,ORD005166,CUST02430,REST0267,1,Amazing food
REV02510,ORD000119,CUST00712,REST0243,1,Delivery was delayed
REV02511,ORD002023,CUST00518,REST0262,2,Not satisfied
REV02512,ORD009886,CUST02146,REST0286,1,Delivery was delayed
REV02513,ORD002639,CUST00403,REST0276,5,Delivery was delayed
REV02514,ORD002035,CUST02295,REST0036,4,Amazing food
REV02515,ORD002565,CUST00533,REST0087,5,Packaging was poor
REV02516,ORD008666,CUST02394,REST0292,2,Packaging was poor
REV02517,ORD003544,CUST00522,REST0189,5,Average experience
REV02518,ORD001220,CUST01316,REST0106,5,Worth the money
REV02519,ORD009715,CUST00100,REST0166,3,Amazing food
REV02520,ORD006712,CUST01464,REST0155,5,Packaging was poor
REV02521,ORD002904,CUST01678,REST0284,3,Amazing food
REV02522,ORD003027,CUST01935,REST0050,1,Very late delivery
REV02523,ORD002511,CUST01705,REST0095,4,Amazing food
REV02524,ORD004202,CUST02489,REST0035,3,Average experience
REV02525,ORD003208,CUST02017,REST0244,4,Would order again
REV02526,ORD004490,CUST00191,REST0156,1,Amazing food
REV02527,ORD002756,CUST00264,REST0246,2,Loved it
REV02528,ORD008890,CUST01431,REST0257,1,Delivery was delayed
REV02529,ORD000178,CUST01396,REST0164,1,Delivery was delayed
REV02530,ORD001644,CUST00355,REST0254,1,Packaging was poor
REV02531,ORD009293,CUST00988,REST0237,2,Delivery was delayed
REV02532,ORD003519,CUST00279,REST0064,1,Worth the money
REV02533,ORD001375,CUST00198,REST0273,3,Would order again
REV02534,ORD001721,CUST00837,REST0265,2,Packaging was poor
REV02535,ORD003996,CUST01922,REST0081,4,Would order again
REV02536,ORD003689,CUST02409,REST0023,5,Excellent taste
REV02537,ORD002265,CUST00929,REST0058,4,Loved it
REV02538,ORD000088,CUST02007,REST0128,5,Not satisfied
REV02539,ORD002849,CUST01673,REST0007,4,Loved it
REV02540,ORD008688,CUST02289,REST0277,2,Average experience
REV02541,ORD000404,CUST01230,REST0202,2,Would order again
REV02542,ORD009901,CUST01374,REST0253,4,Amazing food
REV02543,ORD004078,CUST02025,REST0239,4,Worth the money
REV02544,ORD006836,CUST01325,REST0005,3,Delivery was delayed
REV02545,ORD006538,CUST00193,REST0119,2,Excellent taste
REV02546,ORD002457,CUST02305,REST0292,5,Not satisfied
REV02547,ORD002752,CUST01217,REST0038,5,Average experience
REV02548,ORD002215,CUST01949,REST0192,5,Loved it
REV02549,ORD001028,CUST00759,REST0118,5,Delivery was delayed
REV02550,ORD009704,CUST00639,REST0121,5,Delivery was delayed
REV02551,ORD001422,CUST00052,REST0058,2,Amazing food
REV02552,ORD002437,CUST00493,REST0061,3,Excellent taste
REV02553,ORD004278,CUST02338,REST0020,1,Delivery was delayed
REV02554,ORD009610,CUST01777,REST0261,4,Worth the money
REV02555,ORD001279,CUST01697,REST0120,5,Worth the money
REV02556,ORD006221,CUST02252,REST0060,2,Delivery was delayed
REV02557,ORD004908,CUST01021,REST0018,1,Loved it
REV02558,ORD005065,CUST02313,REST0272,2,Excellent taste
REV02559,ORD001979,CUST02340,REST0015,2,Packaging was poor
REV02560,ORD001062,CUST01596,REST0278,2,Not satisfied
REV02561,ORD005015,CUST00070,REST0032,1,Not satisfied
REV02562,ORD004536,CUST01955,REST0030,5,Loved it
REV02563,ORD006994,CUST00926,REST0080,4,Worth the money
REV02564,ORD009254,CUST01539,REST0065,4,Average experience
REV02565,ORD001503,CUST01114,REST0108,1,Worth the money
REV02566,ORD008569,CUST01130,REST0192,5,Average experience
REV02567,ORD009315,CUST00468,REST0260,3,Loved it
REV02568,ORD008837,CUST02222,REST0245,5,Worth the money
REV02569,ORD008921,CUST02464,REST0267,5,Worth the money
REV02570,ORD004919,CUST01593,REST0256,2,Very late delivery
REV02571,ORD000679,CUST01694,REST0057,2,Very late delivery
REV02572,ORD005077,CUST00309,REST0047,5,Average experience
REV02573,ORD008065,CUST00696,REST0221,5,Not satisfied
REV02574,ORD007569,CUST01874,REST0296,1,Worth the money
REV02575,ORD000103,CUST01746,REST0300,2,Amazing food
REV02576,ORD000958,CUST01060,REST0046,4,Excellent taste
REV02577,ORD008557,CUST02395,REST0131,3,Packaging was poor
REV02578,ORD003786,CUST01131,REST0137,2,Excellent taste
REV02579,ORD009631,CUST00127,REST0132,1,Average experience
REV02580,ORD007174,CUST00171,REST0111,3,Not satisfied
REV02581,ORD004044,CUST02498,REST0264,4,Would order again
REV02582,ORD002649,CUST01588,REST0247,4,Loved it
REV02583,ORD006001,CUST00965,REST0124,3,Delivery was delayed
REV02584,ORD007928,CUST02497,REST0091,4,Very late delivery
REV02585,ORD002827,CUST02446,REST0048,5,Would order again
REV02586,ORD004095,CUST01215,REST0183,4,Very late delivery
REV02587,ORD007775,CUST00448,REST0254,3,Packaging was poor
REV02588,ORD009259,CUST02288,REST0110,5,Excellent taste
REV02589,ORD008114,CUST01301,REST0024,1,Delivery was delayed
REV02590,ORD004773,CUST01485,REST0189,1,Average experience
REV02591,ORD001948,CUST01375,REST0211,2,Would order again
REV02592,ORD006110,CUST00521,REST0277,1,Excellent taste
REV02593,ORD002300,CUST00787,REST0220,2,Not satisfied
REV02594,ORD007845,CUST02499,REST0234,3,Average experience
REV02595,ORD004383,CUST01111,REST0089,4,Worth the money
REV02596,ORD005426,CUST02106,REST0103,2,Very late delivery
REV02597,ORD006772,CUST00419,REST0103,2,Packaging was poor
REV02598,ORD008579,CUST02096,REST0242,2,Delivery was delayed
REV02599,ORD004292,CUST00458,REST0080,1,Would order again
REV02600,ORD000529,CUST01179,REST0255,2,Would order again
REV02601,ORD001234,CUST01002,REST0006,3,Delivery was delayed
REV02602,ORD000780,CUST00758,REST0115,3,Loved it
REV02603,ORD005860,CUST01944,REST0133,4,Average experience
REV02604,ORD003060,CUST01932,REST0028,1,Very late delivery
REV02605,ORD008588,CUST02434,REST0241,3,Packaging was poor
REV02606,ORD001861,CUST00405,REST0228,5,Excellent taste
REV02607,ORD008439,CUST02077,REST0262,4,Packaging was poor
REV02608,ORD007404,CUST01530,REST0285,1,Packaging was poor
REV02609,ORD004640,CUST01370,REST0124,2,Would order again
REV02610,ORD004251,CUST00322,REST0180,1,Delivery was delayed
REV02611,ORD001993,CUST02134,REST0285,1,Would order again
REV02612,ORD007380,CUST01109,REST0031,4,Worth the money
REV02613,ORD007306,CUST00064,REST0240,5,Amazing food
REV02614,ORD005304,CUST00873,REST0218,4,Amazing food
REV02615,ORD008193,CUST02460,REST0238,5,Excellent taste
REV02616,ORD007448,CUST01155,REST0128,1,Very late delivery
REV02617,ORD002472,CUST01503,REST0191,3,Worth the money
REV02618,ORD007198,CUST02297,REST0261,4,Excellent taste
REV02619,ORD005313,CUST01150,REST0115,3,Worth the money
REV02620,ORD009036,CUST01548,REST0051,4,Packaging was poor
REV02621,ORD001397,CUST00556,REST0154,3,Would order again
REV02622,ORD004003,CUST00312,REST0054,1,Excellent taste
REV02623,ORD005372,CUST00259,REST0150,4,Amazing food
REV02624,ORD003236,CUST02151,REST0004,1,Packaging was poor
REV02625,ORD001043,CUST02286,REST0285,4,Packaging was poor
REV02626,ORD003299,CUST01628,REST0185,2,Would order again
REV02627,ORD007257,CUST02415,REST0049,5,Packaging was poor
REV02628,ORD000258,CUST01456,REST0014,5,Would order again
REV02629,ORD007287,CUST01236,REST0240,3,Average experience
REV02630,ORD008617,CUST00546,REST0223,1,Excellent taste
REV02631,ORD007817,CUST02105,REST0031,5,Delivery was delayed
REV02632,ORD005844,CUST01273,REST0046,4,Not satisfied
REV02633,ORD002090,CUST00477,REST0267,5,Very late delivery
REV02634,ORD007703,CUST01652,REST0260,3,Not satisfied
REV02635,ORD000504,CUST01946,REST0130,5,Worth the money
REV02636,ORD005266,CUST00459,REST0019,3,Amazing food
REV02637,ORD008815,CUST00813,REST0281,3,Delivery was delayed
REV02638,ORD001346,CUST01326,REST0177,1,Delivery was delayed
REV02639,ORD008456,CUST01597,REST0208,1,Average experience
REV02640,ORD005047,CUST00483,REST0021,1,Packaging was poor
REV02641,ORD002249,CUST00052,REST0239,2,Average experience
REV02642,ORD004982,CUST01665,REST0209,1,Would order again
REV02643,ORD000373,CUST01303,REST0023,4,Very late delivery
REV02644,ORD008455,CUST02403,REST0161,1,Loved it
REV02645,ORD003371,CUST00027,REST0162,3,Delivery was delayed
REV02646,ORD002007,CUST00354,REST0234,2,Amazing food
REV02647,ORD003657,CUST00414,REST0066,4,Not satisfied
REV02648,ORD008328,CUST01691,REST0283,1,Delivery was delayed
REV02649,ORD007522,CUST02143,REST0015,4,Very late delivery
REV02650,ORD004002,CUST01357,REST0233,2,Very late delivery
REV02651,ORD006073,CUST01869,REST0296,2,Very late delivery
REV02652,ORD008737,CUST02139,REST0042,2,Not satisfied
REV02653,ORD000998,CUST01526,REST0258,5,Loved it
REV02654,ORD008180,CUST00869,REST0086,4,Would order again
REV02655,ORD003291,CUST01113,REST0191,4,Delivery was delayed
REV02656,ORD001177,CUST01601,REST0091,5,Packaging was poor
REV02657,ORD000552,CUST01665,REST0114,3,Very late delivery
REV02658,ORD000745,CUST01194,REST0123,4,Very late delivery
REV02659,ORD007224,CUST02388,REST0049,2,Packaging was poor
REV02660,ORD004555,CUST01076,REST0139,3,Delivery was delayed
REV02661,ORD002860,CUST00263,REST0074,1,Very late delivery
REV02662,ORD008821,CUST00031,REST0192,5,Worth the money
REV02663,ORD003460,CUST02209,REST0256,4,Packaging was poor
REV02664,ORD002725,CUST00542,REST0244,2,Not satisfied
REV02665,ORD006848,CUST02066,REST0280,2,Amazing food
REV02666,ORD007616,CUST01424,REST0042,5,Amazing food
REV02667,ORD007548,CUST00864,REST0227,4,Excellent taste
REV02668,ORD009175,CUST01548,REST0090,5,Worth the money
REV02669,ORD006394,CUST02221,REST0115,2,Loved it
REV02670,ORD005359,CUST01795,REST0018,2,Amazing food
REV02671,ORD009489,CUST00713,REST0214,1,Not satisfied
REV02672,ORD002969,CUST02301,REST0106,3,Delivery was delayed
REV02673,ORD000694,CUST00556,REST0114,2,Would order again
REV02674,ORD002534,CUST02283,REST0233,5,Very late delivery
REV02675,ORD006400,CUST00526,REST0203,5,Delivery was delayed
REV02676,ORD000983,CUST00465,REST0037,5,Excellent taste
REV02677,ORD005365,CUST01149,REST0032,3,Not satisfied
REV02678,ORD000080,CUST01702,REST0011,4,Very late delivery
REV02679,ORD004054,CUST00130,REST0243,4,Loved it
REV02680,ORD006259,CUST00646,REST0100,5,Very late delivery
REV02681,ORD009577,CUST00024,REST0026,3,Not satisfied
REV02682,ORD009026,CUST01474,REST0048,1,Loved it
REV02683,ORD003108,CUST00336,REST0219,5,Not satisfied
REV02684,ORD003602,CUST01875,REST0078,5,Worth the money
REV02685,ORD006074,CUST00452,REST0248,1,Worth the money
REV02686,ORD008127,CUST00352,REST0270,1,Packaging was poor
REV02687,ORD002143,CUST01468,REST0252,1,Loved it
REV02688,ORD006311,CUST00479,REST0151,2,Average experience
REV02689,ORD002269,CUST00934,REST0206,2,Delivery was delayed
REV02690,ORD000446,CUST00587,REST0187,2,Delivery was delayed
REV02691,ORD004884,CUST01627,REST0266,3,Delivery was delayed
REV02692,ORD004467,CUST00325,REST0046,4,Excellent taste
REV02693,ORD009027,CUST02214,REST0245,4,Not satisfied
REV02694,ORD006633,CUST02180,REST0165,4,Excellent taste
REV02695,ORD003317,CUST00380,REST0096,3,Worth the money
REV02696,ORD001702,CUST01538,REST0163,1,Not satisfied
REV02697,ORD002527,CUST00193,REST0046,3,Loved it
REV02698,ORD000069,CUST02079,REST0111,2,Worth the money
REV02699,ORD001169,CUST01822,REST0237,4,Excellent taste
REV02700,ORD000049,CUST02152,REST0297,1,Would order again
REV02701,ORD001054,CUST01083,REST0188,3,Delivery was delayed
REV02702,ORD004030,CUST00213,REST0248,3,Delivery was delayed
REV02703,ORD000881,CUST01490,REST0126,4,Amazing food
REV02704,ORD002652,CUST01439,REST0188,1,Delivery was delayed
REV02705,ORD007760,CUST00595,REST0296,2,Not satisfied
REV02706,ORD002440,CUST00205,REST0290,5,Loved it
REV02707,ORD004925,CUST01704,REST0097,5,Excellent taste
REV02708,ORD001468,CUST00379,REST0197,5,Would order again
REV02709,ORD007293,CUST01577,REST0178,5,Very late delivery
REV02710,ORD005036,CUST00514,REST0222,4,Excellent taste
REV02711,ORD002442,CUST01948,REST0080,5,Would order again
REV02712,ORD006555,CUST02216,REST0048,5,Very late delivery
REV02713,ORD000231,CUST01708,REST0138,3,Would order again
REV02714,ORD001321,CUST01326,REST0230,1,Delivery was delayed
REV02715,ORD000042,CUST00543,REST0264,5,Delivery was delayed
REV02716,ORD000778,CUST02330,REST0128,1,Excellent taste
REV02717,ORD008951,CUST01813,REST0164,2,Excellent taste
REV02718,ORD008405,CUST00027,REST0027,4,Packaging was poor
REV02719,ORD001730,CUST00796,REST0247,3,Not satisfied
REV02720,ORD003911,CUST02276,REST0032,5,Loved it
REV02721,ORD000580,CUST01540,REST0154,3,Amazing food
REV02722,ORD009942,CUST00132,REST0232,2,Amazing food
REV02723,ORD005840,CUST02109,REST0083,5,Packaging was poor
REV02724,ORD008272,CUST02041,REST0017,5,Not satisfied
REV02725,ORD007276,CUST01847,REST0202,2,Would order again
REV02726,ORD001492,CUST01332,REST0115,3,Not satisfied
REV02727,ORD009110,CUST01642,REST0239,1,Amazing food
REV02728,ORD005611,CUST01079,REST0082,5,Very late delivery
REV02729,ORD000062,CUST01158,REST0068,3,Would order again
REV02730,ORD005472,CUST01260,REST0212,2,Worth the money
REV02731,ORD003906,CUST01147,REST0173,1,Loved it
REV02732,ORD006532,CUST02001,REST0128,3,Packaging was poor
REV02733,ORD000403,CUST02015,REST0291,2,Packaging was poor
REV02734,ORD000333,CUST02449,REST0252,1,Average experience
REV02735,ORD002085,CUST01712,REST0253,3,Loved it
REV02736,ORD009558,CUST00750,REST0276,4,Would order again
REV02737,ORD000165,CUST01830,REST0167,3,Packaging was poor
REV02738,ORD004380,CUST01560,REST0184,3,Amazing food
REV02739,ORD002716,CUST02295,REST0179,1,Amazing food
REV02740,ORD008924,CUST01803,REST0098,4,Would order again
REV02741,ORD007347,CUST01036,REST0144,5,Amazing food
REV02742,ORD005454,CUST00580,REST0136,2,Excellent taste
REV02743,ORD007047,CUST00908,REST0124,4,Packaging was poor
REV02744,ORD001335,CUST02276,REST0098,3,Not satisfied
REV02745,ORD008699,CUST02330,REST0068,4,Worth the money
REV02746,ORD001660,CUST00451,REST0006,5,Amazing food
REV02747,ORD003579,CUST02326,REST0287,3,Delivery was delayed
REV02748,ORD000754,CUST02146,REST0007,4,Average experience
REV02749,ORD006585,CUST00711,REST0214,3,Delivery was delayed
REV02750,ORD000707,CUST02131,REST0285,3,Not satisfied
REV02751,ORD003015,CUST00347,REST0244,2,Worth the money
REV02752,ORD008559,CUST01437,REST0087,3,Very late delivery
REV02753,ORD009876,CUST01223,REST0187,4,Would order again
REV02754,ORD009583,CUST00360,REST0248,5,Not satisfied
REV02755,ORD008929,CUST01470,REST0080,5,Average experience
REV02756,ORD009557,CUST00754,REST0048,3,Worth the money
REV02757,ORD008984,CUST02167,REST0297,4,Amazing food
REV02758,ORD001835,CUST02075,REST0209,1,Loved it
REV02759,ORD002997,CUST01800,REST0092,5,Average experience
REV02760,ORD005428,CUST02274,REST0210,2,Packaging was poor
REV02761,ORD003880,CUST02317,REST0123,5,Loved it
REV02762,ORD007157,CUST01397,REST0109,3,Loved it
REV02763,ORD005082,CUST01783,REST0271,4,Not satisfied
REV02764,ORD009115,CUST01345,REST0204,5,Amazing food
REV02765,ORD007245,CUST00568,REST0009,4,Delivery was delayed
REV02766,ORD005401,CUST02426,REST0259,4,Excellent taste
REV02767,ORD005396,CUST00112,REST0194,3,Worth the money
REV02768,ORD009428,CUST01536,REST0114,3,Loved it
REV02769,ORD002247,CUST00315,REST0199,5,Excellent taste
REV02770,ORD000836,CUST01146,REST0278,2,Amazing food
REV02771,ORD008395,CUST00331,REST0069,2,Would order again
REV02772,ORD009043,CUST02217,REST0160,4,Loved it
REV02773,ORD000433,CUST01603,REST0242,4,Average experience
REV02774,ORD003379,CUST01551,REST0281,2,Amazing food
REV02775,ORD006818,CUST01731,REST0143,3,Amazing food
REV02776,ORD008132,CUST01372,REST0161,1,Amazing food
REV02777,ORD009622,CUST00425,REST0253,5,Excellent taste
REV02778,ORD006067,CUST00756,REST0196,2,Delivery was delayed
REV02779,ORD001194,CUST00500,REST0288,3,Delivery was delayed
REV02780,ORD006935,CUST00757,REST0263,4,Packaging was poor
REV02781,ORD005462,CUST01943,REST0013,4,Worth the money
REV02782,ORD003072,CUST01525,REST0012,5,Worth the money
REV02783,ORD003045,CUST01679,REST0178,4,Loved it
REV02784,ORD003264,CUST02073,REST0126,4,Delivery was delayed
REV02785,ORD002730,CUST00336,REST0072,1,Worth the money
REV02786,ORD003434,CUST00211,REST0227,5,Loved it
REV02787,ORD000434,CUST01607,REST0082,3,Would order again
REV02788,ORD003273,CUST00881,REST0048,1,Would order again
REV02789,ORD007002,CUST00603,REST0022,2,Excellent taste
REV02790,ORD009727,CUST01397,REST0234,2,Packaging was poor
REV02791,ORD000105,CUST01147,REST0092,4,Amazing food
REV02792,ORD003316,CUST01656,REST0128,2,Loved it
REV02793,ORD001657,CUST00539,REST0199,4,Not satisfied
REV02794,ORD001534,CUST01319,REST0029,1,Loved it
REV02795,ORD004681,CUST01612,REST0141,5,Average experience
REV02796,ORD008814,CUST00159,REST0223,4,Excellent taste
REV02797,ORD009003,CUST02480,REST0136,4,Loved it
REV02798,ORD006623,CUST00484,REST0189,4,Packaging was poor
REV02799,ORD001444,CUST00026,REST0233,3,Not satisfied
REV02800,ORD000215,CUST01016,REST0126,3,Would order again
REV02801,ORD005357,CUST02345,REST0127,4,Packaging was poor
REV02802,ORD009219,CUST00285,REST0112,3,Worth the money
REV02803,ORD006323,CUST02192,REST0152,5,Excellent taste
REV02804,ORD004990,CUST00038,REST0013,2,Excellent taste
REV02805,ORD001420,CUST01472,REST0263,4,Would order again
REV02806,ORD009517,CUST02250,REST0197,4,Worth the money
REV02807,ORD008607,CUST00623,REST0069,1,Delivery was delayed
REV02808,ORD000182,CUST01441,REST0290,4,Excellent taste
REV02809,ORD004353,CUST00451,REST0192,2,Average experience
REV02810,ORD008701,CUST02489,REST0243,2,Excellent taste
REV02811,ORD002447,CUST00428,REST0178,5,Delivery was delayed
REV02812,ORD005322,CUST00913,REST0240,3,Excellent taste
REV02813,ORD008046,CUST02236,REST0012,2,Loved it
REV02814,ORD005685,CUST02011,REST0188,5,Loved it
REV02815,ORD003533,CUST00331,REST0244,1,Amazing food
REV02816,ORD008245,CUST01597,REST0222,1,Average experience
REV02817,ORD007977,CUST01716,REST0006,4,Not satisfied
REV02818,ORD003699,CUST02113,REST0132,4,Delivery was delayed
REV02819,ORD000071,CUST00897,REST0174,4,Average experience
REV02820,ORD000545,CUST00742,REST0063,1,Excellent taste
REV02821,ORD001205,CUST02144,REST0243,4,Packaging was poor
REV02822,ORD003079,CUST01333,REST0181,1,Average experience
REV02823,ORD009107,CUST01042,REST0258,3,Not satisfied
REV02824,ORD009121,CUST02349,REST0161,2,Excellent taste
REV02825,ORD009681,CUST00402,REST0238,4,Not satisfied
REV02826,ORD006181,CUST01458,REST0196,4,Average experience
REV02827,ORD008330,CUST00084,REST0294,4,Delivery was delayed
REV02828,ORD004285,CUST01120,REST0282,5,Amazing food
REV02829,ORD004008,CUST02230,REST0148,1,Amazing food
REV02830,ORD008714,CUST00291,REST0115,2,Average experience
REV02831,ORD000878,CUST00120,REST0167,2,Very late delivery
REV02832,ORD008061,CUST01754,REST0250,2,Average experience
REV02833,ORD000197,CUST01665,REST0267,2,Delivery was delayed
REV02834,ORD009747,CUST01323,REST0293,3,Very late delivery
REV02835,ORD004011,CUST00313,REST0035,2,Excellent taste
REV02836,ORD009963,CUST02331,REST0151,3,Loved it
REV02837,ORD002572,CUST02159,REST0250,3,Average experience
REV02838,ORD003754,CUST00029,REST0287,5,Not satisfied
REV02839,ORD009248,CUST01240,REST0091,2,Excellent taste
REV02840,ORD008629,CUST02264,REST0272,2,Packaging was poor
REV02841,ORD009369,CUST02172,REST0062,3,Amazing food
REV02842,ORD006160,CUST00059,REST0041,2,Very late delivery
REV02843,ORD004792,CUST00467,REST0082,1,Not satisfied
REV02844,ORD005338,CUST02033,REST0287,5,Amazing food
REV02845,ORD003025,CUST01933,REST0184,4,Would order again
REV02846,ORD002719,CUST02495,REST0200,2,Delivery was delayed
REV02847,ORD008656,CUST02416,REST0014,5,Average experience
REV02848,ORD006917,CUST02126,REST0132,4,Not satisfied
REV02849,ORD003985,CUST02209,REST0085,3,Would order again
REV02850,ORD007309,CUST00740,REST0192,4,Average experience
REV02851,ORD005954,CUST02130,REST0170,3,Not satisfied
REV02852,ORD003845,CUST01235,REST0128,2,Amazing food
REV02853,ORD002683,CUST02326,REST0064,3,Amazing food
REV02854,ORD004025,CUST02149,REST0010,2,Very late delivery
REV02855,ORD008716,CUST00605,REST0114,5,Worth the money
REV02856,ORD003140,CUST01655,REST0006,4,Packaging was poor
REV02857,ORD004238,CUST01241,REST0095,4,Not satisfied
REV02858,ORD000219,CUST00300,REST0101,2,Very late delivery
REV02859,ORD006619,CUST00270,REST0040,5,Very late delivery
REV02860,ORD009607,CUST01892,REST0244,4,Average experience
REV02861,ORD005269,CUST00595,REST0165,4,Very late delivery
REV02862,ORD002544,CUST02316,REST0234,1,Loved it
REV02863,ORD002871,CUST00670,REST0118,4,Delivery was delayed
REV02864,ORD001245,CUST02262,REST0161,5,Would order again
REV02865,ORD000421,CUST00758,REST0260,4,Not satisfied
REV02866,ORD006228,CUST01978,REST0151,2,Loved it
REV02867,ORD002059,CUST01578,REST0240,1,Worth the money
REV02868,ORD008494,CUST00356,REST0273,5,Packaging was poor
REV02869,ORD006435,CUST01910,REST0252,5,Worth the money
REV02870,ORD003423,CUST01994,REST0243,4,Loved it
REV02871,ORD004511,CUST01771,REST0294,1,Average experience
REV02872,ORD001167,CUST01064,REST0137,5,Not satisfied
REV02873,ORD000255,CUST01264,REST0093,3,Worth the money
REV02874,ORD000416,CUST00056,REST0175,4,Loved it
REV02875,ORD009176,CUST01049,REST0079,4,Not satisfied
REV02876,ORD003470,CUST02370,REST0096,1,Packaging was poor
REV02877,ORD003051,CUST01048,REST0177,1,Amazing food
REV02878,ORD000760,CUST00606,REST0038,3,Excellent taste
REV02879,ORD001386,CUST00892,REST0016,1,Worth the money
REV02880,ORD000655,CUST01688,REST0039,5,Average experience
REV02881,ORD001202,CUST00649,REST0008,5,Not satisfied
REV02882,ORD002414,CUST02394,REST0259,1,Delivery was delayed
REV02883,ORD005580,CUST00603,REST0017,4,Very late delivery
REV02884,ORD005994,CUST00236,REST0278,4,Very late delivery
REV02885,ORD005295,CUST01180,REST0035,2,Average experience
REV02886,ORD003056,CUST01672,REST0107,1,Very late delivery
REV02887,ORD002831,CUST02379,REST0171,5,Very late delivery
REV02888,ORD002971,CUST00892,REST0281,1,Amazing food
REV02889,ORD000329,CUST02475,REST0117,4,Packaging was poor
REV02890,ORD004271,CUST01936,REST0077,3,Excellent taste
REV02891,ORD005995,CUST01778,REST0095,2,Average experience
REV02892,ORD004393,CUST00187,REST0248,5,Would order again
REV02893,ORD002064,CUST01316,REST0245,3,Very late delivery
REV02894,ORD008302,CUST00384,REST0229,2,Average experience
REV02895,ORD009014,CUST01153,REST0155,1,Amazing food
REV02896,ORD009330,CUST00458,REST0023,3,Packaging was poor
REV02897,ORD005170,CUST00229,REST0277,5,Loved it
REV02898,ORD004430,CUST00306,REST0230,2,Would order again
REV02899,ORD001282,CUST00114,REST0189,5,Loved it
REV02900,ORD003382,CUST01369,REST0293,4,Average experience
REV02901,ORD002637,CUST00156,REST0056,5,Not satisfied
REV02902,ORD003329,CUST01991,REST0286,3,Very late delivery
REV02903,ORD006437,CUST02298,REST0294,3,Delivery was delayed
REV02904,ORD005019,CUST01507,REST0178,4,Not satisfied
REV02905,ORD007325,CUST00249,REST0177,4,Loved it
REV02906,ORD003796,CUST00903,REST0143,1,Loved it
REV02907,ORD002664,CUST00916,REST0161,4,Loved it
REV02908,ORD008283,CUST00810,REST0128,3,Average experience
REV02909,ORD001283,CUST01322,REST0211,4,Worth the money
REV02910,ORD004149,CUST02018,REST0245,3,Not satisfied
REV02911,ORD001363,CUST00151,REST0171,5,Delivery was delayed
REV02912,ORD001438,CUST00393,REST0254,4,Worth the money
REV02913,ORD009629,CUST00977,REST0193,2,Packaging was poor
REV02914,ORD003442,CUST02396,REST0060,3,Delivery was delayed
REV02915,ORD000057,CUST01771,REST0253,1,Average experience
REV02916,ORD004598,CUST00574,REST0275,5,Not satisfied
REV02917,ORD008480,CUST00577,REST0116,1,Average experience
REV02918,ORD005366,CUST01738,REST0264,4,Very late delivery
REV02919,ORD001845,CUST01364,REST0025,1,Worth the money
REV02920,ORD005516,CUST00484,REST0054,1,Packaging was poor
REV02921,ORD008574,CUST01163,REST0096,4,Loved it
REV02922,ORD006264,CUST01619,REST0200,4,Would order again
REV02923,ORD002881,CUST00239,REST0109,1,Very late delivery
REV02924,ORD001744,CUST01276,REST0164,5,Not satisfied
REV02925,ORD008399,CUST01844,REST0227,3,Average experience
REV02926,ORD004170,CUST01447,REST0264,3,Average experience
REV02927,ORD005198,CUST00180,REST0177,1,Average experience
REV02928,ORD008994,CUST00286,REST0038,5,Not satisfied
REV02929,ORD000741,CUST00766,REST0151,2,Loved it
REV02930,ORD009067,CUST00929,REST0145,5,Delivery was delayed
REV02931,ORD001625,CUST00739,REST0007,5,Would order again
REV02932,ORD000525,CUST02103,REST0038,5,Average experience
REV02933,ORD008000,CUST00621,REST0181,5,Delivery was delayed
REV02934,ORD004420,CUST01730,REST0037,2,Loved it
REV02935,ORD005427,CUST01853,REST0242,2,Would order again
REV02936,ORD006690,CUST00443,REST0164,4,Not satisfied
REV02937,ORD007383,CUST02406,REST0236,5,Average experience
REV02938,ORD000436,CUST00435,REST0035,1,Delivery was delayed
REV02939,ORD002961,CUST01503,REST0243,5,Excellent taste
REV02940,ORD000309,CUST01888,REST0294,3,Very late delivery
REV02941,ORD001566,CUST00114,REST0124,2,Very late delivery
REV02942,ORD002632,CUST01682,REST0069,2,Average experience
REV02943,ORD005598,CUST02384,REST0151,4,Packaging was poor
REV02944,ORD009478,CUST01778,REST0130,1,Excellent taste
REV02945,ORD000402,CUST00082,REST0186,2,Loved it
REV02946,ORD003827,CUST01832,REST0214,1,Excellent taste
REV02947,ORD000882,CUST01712,REST0063,5,Amazing food
REV02948,ORD003998,CUST01153,REST0293,3,Packaging was poor
REV02949,ORD007119,CUST01855,REST0185,4,Very late delivery
REV02950,ORD003266,CUST02257,REST0288,2,Not satisfied
REV02951,ORD008407,CUST00603,REST0221,1,Excellent taste
REV02952,ORD005010,CUST01417,REST0162,1,Delivery was delayed
REV02953,ORD005737,CUST00740,REST0118,2,Not satisfied
REV02954,ORD005555,CUST01292,REST0179,3,Excellent taste
REV02955,ORD000289,CUST00069,REST0102,1,Worth the money
REV02956,ORD005565,CUST02446,REST0195,5,Excellent taste
REV02957,ORD008325,CUST01753,REST0049,5,Not satisfied
REV02958,ORD002624,CUST01461,REST0167,1,Packaging was poor
REV02959,ORD008860,CUST01869,REST0209,1,Loved it
REV02960,ORD000477,CUST01528,REST0039,5,Loved it
REV02961,ORD008592,CUST01310,REST0172,1,Average experience
REV02962,ORD009714,CUST00935,REST0079,5,Very late delivery
REV02963,ORD006523,CUST01027,REST0109,1,Excellent taste
REV02964,ORD003112,CUST01643,REST0001,5,Loved it
REV02965,ORD009471,CUST00423,REST0095,4,Worth the money
REV02966,ORD000738,CUST00877,REST0054,3,Loved it
REV02967,ORD003134,CUST01658,REST0281,2,Would order again
REV02968,ORD008048,CUST00053,REST0210,2,Amazing food
REV02969,ORD006552,CUST02373,REST0286,4,Average experience
REV02970,ORD005408,CUST00533,REST0296,3,Very late delivery
REV02971,ORD005564,CUST00260,REST0194,4,Average experience
REV02972,ORD005329,CUST00896,REST0286,1,Worth the money
REV02973,ORD006719,CUST01993,REST0048,2,Not satisfied
REV02974,ORD005119,CUST01861,REST0037,5,Loved it
REV02975,ORD004620,CUST01593,REST0022,5,Very late delivery
REV02976,ORD003690,CUST02108,REST0218,2,Not satisfied
REV02977,ORD007717,CUST02139,REST0224,5,Average experience
REV02978,ORD001840,CUST01052,REST0155,5,Delivery was delayed
REV02979,ORD001996,CUST01207,REST0220,5,Loved it
REV02980,ORD002400,CUST00422,REST0012,4,Loved it
REV02981,ORD006511,CUST00003,REST0054,5,Not satisfied
REV02982,ORD009357,CUST02366,REST0078,4,Worth the money
REV02983,ORD004120,CUST00651,REST0027,3,Packaging was poor
REV02984,ORD005895,CUST01655,REST0029,4,Worth the money
REV02985,ORD000801,CUST01080,REST0012,3,Packaging was poor
REV02986,ORD008424,CUST01669,REST0078,4,Average experience
REV02987,ORD007681,CUST02328,REST0140,3,Worth the money
REV02988,ORD001406,CUST00726,REST0267,2,Excellent taste
REV02989,ORD005432,CUST00010,REST0020,4,Packaging was poor
REV02990,ORD000070,CUST01604,REST0227,4,Very late delivery
REV02991,ORD009544,CUST00318,REST0130,1,Loved it
REV02992,ORD002760,CUST00132,REST0261,5,Average experience
REV02993,ORD008295,CUST01653,REST0175,2,Packaging was poor
REV02994,ORD001587,CUST01235,REST0002,3,Delivery was delayed
REV02995,ORD006667,CUST01832,REST0268,1,Packaging was poor
REV02996,ORD008015,CUST01884,REST0151,1,Loved it
REV02997,ORD001075,CUST01662,REST0140,3,Worth the money
REV02998,ORD003064,CUST01995,REST0281,3,Average experience
REV02999,ORD006488,CUST00443,REST0072,1,Not satisfied
REV03000,ORD004706,CUST00918,REST0099,3,Packaging was poor
REV03001,ORD009070,CUST01972,REST0088,3,Packaging was poor
REV03002,ORD002604,CUST01273,REST0034,1,Average experience
REV03003,ORD007739,CUST01785,REST0152,4,Worth the money
REV03004,ORD001580,CUST01629,REST0167,1,Loved it
REV03005,ORD005059,CUST00578,REST0104,4,Very late delivery
REV03006,ORD005754,CUST02211,REST0222,4,Packaging was poor
REV03007,ORD003549,CUST01848,REST0109,3,Excellent taste
REV03008,ORD000410,CUST02350,REST0010,4,Loved it
REV03009,ORD004098,CUST02019,REST0137,3,Loved it
REV03010,ORD006462,CUST01555,REST0084,2,Not satisfied
REV03011,ORD005602,CUST01495,REST0297,5,Average experience
REV03012,ORD005232,CUST00327,REST0012,3,Very late delivery
REV03013,ORD003778,CUST01092,REST0070,2,Excellent taste
REV03014,ORD002727,CUST00712,REST0200,2,Very late delivery
REV03015,ORD000478,CUST01238,REST0073,2,Packaging was poor
REV03016,ORD001330,CUST01560,REST0150,3,Delivery was delayed
REV03017,ORD004036,CUST00028,REST0286,5,Worth the money
REV03018,ORD009643,CUST02449,REST0073,5,Average experience
REV03019,ORD001778,CUST02028,REST0027,5,Packaging was poor
REV03020,ORD006097,CUST00011,REST0134,4,Amazing food
REV03021,ORD000752,CUST02264,REST0269,1,Worth the money
REV03022,ORD005793,CUST02305,REST0080,3,Average experience
REV03023,ORD004061,CUST02366,REST0299,1,Amazing food
REV03024,ORD009042,CUST00066,REST0032,1,Amazing food
REV03025,ORD006031,CUST02315,REST0204,2,Loved it
REV03026,ORD005899,CUST02034,REST0139,2,Packaging was poor
REV03027,ORD009339,CUST00910,REST0040,2,Very late delivery
REV03028,ORD009161,CUST01154,REST0244,1,Worth the money
REV03029,ORD009997,CUST01645,REST0214,5,Average experience
REV03030,ORD005152,CUST01410,REST0231,5,Average experience
REV03031,ORD000469,CUST01850,REST0015,3,Would order again
REV03032,ORD001546,CUST02306,REST0255,3,Worth the money
REV03033,ORD006312,CUST02255,REST0019,4,Delivery was delayed
REV03034,ORD002684,CUST01550,REST0074,5,Delivery was delayed
REV03035,ORD008967,CUST01141,REST0140,4,Worth the money
REV03036,ORD006182,CUST00849,REST0206,3,Worth the money
REV03037,ORD001026,CUST02321,REST0108,5,Worth the money
REV03038,ORD005113,CUST02274,REST0232,2,Average experience
REV03039,ORD008563,CUST01446,REST0251,4,Delivery was delayed
REV03040,ORD005369,CUST01825,REST0282,2,Average experience
REV03041,ORD002355,CUST01828,REST0236,5,Loved it
REV03042,ORD007279,CUST01410,REST0059,2,Very late delivery
REV03043,ORD003603,CUST00968,REST0297,2,Amazing food
REV03044,ORD000774,CUST01186,REST0147,4,Delivery was delayed
REV03045,ORD006774,CUST02049,REST0131,4,Very late delivery
REV03046,ORD008810,CUST00256,REST0127,2,Packaging was poor
REV03047,ORD003383,CUST01566,REST0189,4,Loved it
REV03048,ORD000642,CUST00498,REST0257,4,Loved it
REV03049,ORD004234,CUST01361,REST0192,5,Would order again
REV03050,ORD003816,CUST00065,REST0241,2,Packaging was poor
REV03051,ORD004105,CUST00654,REST0058,5,Packaging was poor
REV03052,ORD009926,CUST00805,REST0224,4,Would order again
REV03053,ORD001109,CUST00558,REST0004,3,Would order again
REV03054,ORD003528,CUST00415,REST0238,5,Worth the money
REV03055,ORD003496,CUST00428,REST0023,4,Packaging was poor
REV03056,ORD001421,CUST01842,REST0008,5,Excellent taste
REV03057,ORD006924,CUST00576,REST0084,3,Loved it
REV03058,ORD003882,CUST00294,REST0113,1,Delivery was delayed
REV03059,ORD008354,CUST00611,REST0141,4,Very late delivery
REV03060,ORD006246,CUST01564,REST0291,3,Not satisfied
REV03061,ORD004939,CUST00417,REST0237,5,Average experience
REV03062,ORD006799,CUST00548,REST0070,1,Amazing food
REV03063,ORD007813,CUST01565,REST0239,5,Worth the money
REV03064,ORD001681,CUST00778,REST0002,5,Delivery was delayed
REV03065,ORD006716,CUST00911,REST0075,5,Worth the money
REV03066,ORD000634,CUST01762,REST0025,5,Worth the money
REV03067,ORD002570,CUST00471,REST0219,3,Excellent taste
REV03068,ORD007360,CUST01744,REST0034,5,Amazing food
REV03069,ORD002167,CUST01465,REST0013,5,Would order again
REV03070,ORD008170,CUST00689,REST0037,4,Worth the money
REV03071,ORD008846,CUST00499,REST0132,1,Excellent taste
REV03072,ORD002826,CUST01926,REST0201,3,Delivery was delayed
REV03073,ORD004088,CUST00265,REST0122,2,Worth the money
REV03074,ORD006244,CUST00387,REST0111,3,Worth the money
REV03075,ORD008365,CUST00228,REST0208,3,Loved it
REV03076,ORD003942,CUST01266,REST0255,5,Loved it
REV03077,ORD009180,CUST02056,REST0268,3,Loved it
REV03078,ORD008076,CUST00679,REST0083,2,Very late delivery
REV03079,ORD009196,CUST00800,REST0196,2,Would order again
REV03080,ORD004129,CUST00892,REST0292,1,Worth the money
REV03081,ORD001173,CUST00525,REST0034,2,Loved it
REV03082,ORD008669,CUST00736,REST0004,1,Would order again
REV03083,ORD004223,CUST01959,REST0289,1,Would order again
REV03084,ORD004835,CUST01477,REST0023,5,Amazing food
REV03085,ORD002577,CUST01036,REST0142,5,Loved it
REV03086,ORD001990,CUST00394,REST0249,4,Packaging was poor
REV03087,ORD006974,CUST02330,REST0221,1,Packaging was poor
REV03088,ORD005837,CUST00637,REST0052,2,Very late delivery
REV03089,ORD004533,CUST00910,REST0184,2,Excellent taste
REV03090,ORD003210,CUST00299,REST0300,4,Loved it
REV03091,ORD003856,CUST00059,REST0198,1,Not satisfied
REV03092,ORD002629,CUST01041,REST0036,4,Packaging was poor
REV03093,ORD007804,CUST00016,REST0296,3,Loved it
REV03094,ORD001411,CUST01730,REST0069,5,Packaging was poor
REV03095,ORD008258,CUST01990,REST0238,4,Excellent taste
REV03096,ORD007387,CUST00285,REST0127,5,Would order again
REV03097,ORD004304,CUST00496,REST0160,3,Excellent taste
REV03098,ORD006751,CUST00958,REST0278,4,Amazing food
REV03099,ORD006556,CUST01629,REST0241,1,Average experience
REV03100,ORD000816,CUST00938,REST0294,2,Average experience
REV03101,ORD002405,CUST02347,REST0045,5,Excellent taste
REV03102,ORD005398,CUST01831,REST0135,2,Not satisfied
REV03103,ORD009957,CUST02082,REST0137,5,Average experience
REV03104,ORD002132,CUST01945,REST0056,3,Excellent taste
REV03105,ORD001798,CUST01058,REST0085,4,Packaging was poor
REV03106,ORD003091,CUST01145,REST0047,4,Would order again
REV03107,ORD004185,CUST02045,REST0091,1,Would order again
REV03108,ORD004565,CUST00057,REST0042,5,Worth the money
REV03109,ORD005031,CUST00086,REST0205,5,Delivery was delayed
REV03110,ORD008049,CUST00044,REST0198,3,Amazing food
REV03111,ORD000123,CUST00252,REST0034,1,Loved it
REV03112,ORD000180,CUST01993,REST0288,1,Amazing food
REV03113,ORD009251,CUST02188,REST0207,1,Worth the money
REV03114,ORD008096,CUST01059,REST0154,5,Amazing food
REV03115,ORD006430,CUST00271,REST0256,1,Worth the money
REV03116,ORD009738,CUST02028,REST0080,1,Amazing food
REV03117,ORD004993,CUST00367,REST0162,4,Not satisfied
REV03118,ORD001158,CUST01635,REST0074,4,Packaging was poor
REV03119,ORD009004,CUST01917,REST0286,4,Delivery was delayed
REV03120,ORD001533,CUST01790,REST0061,5,Amazing food
REV03121,ORD008993,CUST00993,REST0180,2,Amazing food
REV03122,ORD007860,CUST00567,REST0214,3,Very late delivery
REV03123,ORD009111,CUST00034,REST0002,1,Not satisfied
REV03124,ORD001536,CUST02141,REST0133,2,Worth the money
REV03125,ORD009260,CUST02389,REST0037,5,Worth the money
REV03126,ORD005518,CUST00862,REST0239,1,Worth the money
REV03127,ORD002606,CUST01352,REST0271,3,Worth the money
REV03128,ORD006128,CUST02443,REST0263,5,Excellent taste
REV03129,ORD009142,CUST00449,REST0109,3,Worth the money
REV03130,ORD007459,CUST02014,REST0174,1,Worth the money
REV03131,ORD002178,CUST00329,REST0059,5,Loved it
REV03132,ORD007991,CUST00313,REST0160,1,Packaging was poor
REV03133,ORD002352,CUST02205,REST0161,3,Worth the money
REV03134,ORD009178,CUST00063,REST0129,5,Packaging was poor
REV03135,ORD003503,CUST02049,REST0246,2,Loved it
REV03136,ORD002135,CUST00072,REST0188,5,Worth the money
REV03137,ORD001481,CUST00005,REST0077,5,Excellent taste
REV03138,ORD002794,CUST00076,REST0157,3,Average experience
REV03139,ORD004844,CUST00596,REST0264,5,Delivery was delayed
REV03140,ORD009781,CUST00390,REST0067,4,Not satisfied
REV03141,ORD009935,CUST01338,REST0059,4,Packaging was poor
REV03142,ORD004763,CUST01695,REST0048,1,Worth the money
REV03143,ORD007192,CUST02351,REST0010,2,Excellent taste
REV03144,ORD006042,CUST00216,REST0214,5,Loved it
REV03145,ORD009637,CUST00692,REST0001,5,Delivery was delayed
REV03146,ORD003446,CUST00024,REST0062,1,Amazing food
REV03147,ORD008150,CUST01990,REST0091,1,Amazing food
REV03148,ORD007766,CUST00772,REST0089,1,Would order again
REV03149,ORD003621,CUST01563,REST0123,4,Loved it
REV03150,ORD001953,CUST00727,REST0242,2,Excellent taste
REV03151,ORD000556,CUST02218,REST0140,2,Would order again
REV03152,ORD004265,CUST01617,REST0218,1,Excellent taste
REV03153,ORD001164,CUST02188,REST0063,1,Average experience
REV03154,ORD001585,CUST01245,REST0183,4,Excellent taste
REV03155,ORD006152,CUST00075,REST0175,2,Packaging was poor
REV03156,ORD009721,CUST02282,REST0275,2,Excellent taste
REV03157,ORD005838,CUST01204,REST0184,4,Amazing food
REV03158,ORD005262,CUST01652,REST0011,1,Not satisfied
REV03159,ORD005240,CUST01512,REST0136,1,Delivery was delayed
REV03160,ORD007914,CUST02156,REST0179,3,Amazing food
REV03161,ORD009163,CUST00475,REST0289,5,Worth the money
REV03162,ORD001599,CUST01283,REST0069,5,Loved it
REV03163,ORD007183,CUST02268,REST0173,1,Delivery was delayed
REV03164,ORD000301,CUST01911,REST0219,3,Very late delivery
REV03165,ORD009661,CUST01256,REST0297,3,Worth the money
REV03166,ORD006948,CUST01388,REST0082,4,Amazing food
REV03167,ORD003795,CUST00251,REST0238,1,Worth the money
REV03168,ORD004573,CUST00699,REST0024,4,Would order again
REV03169,ORD004336,CUST02185,REST0110,1,Very late delivery
REV03170,ORD002859,CUST00305,REST0206,2,Not satisfied
REV03171,ORD005695,CUST01704,REST0057,4,Average experience
REV03172,ORD003143,CUST01124,REST0041,4,Would order again
REV03173,ORD001360,CUST00944,REST0188,2,Would order again
REV03174,ORD004534,CUST00857,REST0033,5,Excellent taste
REV03175,ORD009750,CUST02312,REST0053,3,Average experience
REV03176,ORD005688,CUST00148,REST0239,4,Average experience
REV03177,ORD000487,CUST02257,REST0277,1,Not satisfied
REV03178,ORD007837,CUST01964,REST0258,2,Worth the money
REV03179,ORD009555,CUST02017,REST0096,3,Average experience
REV03180,ORD005901,CUST00862,REST0163,5,Worth the money
REV03181,ORD008117,CUST02273,REST0264,2,Very late delivery
REV03182,ORD007363,CUST02376,REST0013,2,Worth the money
REV03183,ORD001153,CUST01356,REST0233,3,Loved it
REV03184,ORD005383,CUST00346,REST0228,5,Amazing food
REV03185,ORD009742,CUST00277,REST0023,4,Delivery was delayed
REV03186,ORD005425,CUST02109,REST0272,1,Worth the money
REV03187,ORD008808,CUST01736,REST0185,5,Worth the money
REV03188,ORD005187,CUST00155,REST0088,4,Amazing food
REV03189,ORD008410,CUST02117,REST0105,4,Excellent taste
REV03190,ORD006190,CUST01369,REST0008,2,Delivery was delayed
REV03191,ORD009703,CUST00154,REST0253,4,Very late delivery
REV03192,ORD008270,CUST00796,REST0166,2,Very late delivery
REV03193,ORD005315,CUST01101,REST0020,1,Worth the money
REV03194,ORD009904,CUST00673,REST0128,2,Average experience
REV03195,ORD000666,CUST01671,REST0003,5,Worth the money
REV03196,ORD003354,CUST00357,REST0092,5,Very late delivery
REV03197,ORD008852,CUST00551,REST0258,3,Loved it
REV03198,ORD008062,CUST00338,REST0015,1,Worth the money
REV03199,ORD000643,CUST01140,REST0043,2,Not satisfied
REV03200,ORD009243,CUST00705,REST0162,5,Packaging was poor
REV03201,ORD000177,CUST02439,REST0169,3,Loved it
REV03202,ORD006432,CUST00116,REST0008,4,Would order again
REV03203,ORD009911,CUST00370,REST0158,4,Would order again
REV03204,ORD003439,CUST00576,REST0266,3,Very late delivery
REV03205,ORD000787,CUST01779,REST0137,2,Would order again
REV03206,ORD006392,CUST00784,REST0230,1,Would order again
REV03207,ORD009066,CUST00438,REST0253,2,Loved it
REV03208,ORD009928,CUST01859,REST0051,3,Worth the money
REV03209,ORD003203,CUST02291,REST0116,5,Loved it
REV03210,ORD004804,CUST00715,REST0105,2,Packaging was poor
REV03211,ORD007836,CUST02379,REST0174,3,Very late delivery
REV03212,ORD007941,CUST00174,REST0102,1,Excellent taste
REV03213,ORD000092,CUST01890,REST0248,5,Worth the money
REV03214,ORD005763,CUST01932,REST0160,4,Amazing food
REV03215,ORD009028,CUST00062,REST0123,2,Would order again
REV03216,ORD009505,CUST01485,REST0062,3,Worth the money
REV03217,ORD008238,CUST01121,REST0073,5,Excellent taste
REV03218,ORD001972,CUST00805,REST0153,5,Worth the money
REV03219,ORD002906,CUST00124,REST0162,2,Would order again
REV03220,ORD000531,CUST01399,REST0156,3,Delivery was delayed
REV03221,ORD003636,CUST01490,REST0032,2,Packaging was poor
REV03222,ORD000997,CUST01599,REST0015,2,Very late delivery
REV03223,ORD005853,CUST01568,REST0102,1,Very late delivery
REV03224,ORD004227,CUST02166,REST0270,5,Would order again
REV03225,ORD005617,CUST01159,REST0012,4,Amazing food
REV03226,ORD002313,CUST01773,REST0299,1,Very late delivery
REV03227,ORD002155,CUST00015,REST0159,4,Worth the money
REV03228,ORD005318,CUST00787,REST0300,2,Not satisfied
REV03229,ORD001428,CUST01978,REST0159,4,Packaging was poor
REV03230,ORD008631,CUST00787,REST0168,1,Not satisfied
REV03231,ORD006033,CUST01472,REST0025,1,Very late delivery
REV03232,ORD004416,CUST01178,REST0074,1,Average experience
REV03233,ORD008819,CUST01683,REST0208,4,Worth the money
REV03234,ORD003086,CUST02069,REST0232,2,Average experience
REV03235,ORD007799,CUST01005,REST0232,5,Excellent taste
REV03236,ORD009154,CUST00071,REST0158,3,Delivery was delayed
REV03237,ORD008210,CUST00059,REST0292,4,Very late delivery
REV03238,ORD009574,CUST02174,REST0257,2,Packaging was poor
REV03239,ORD009535,CUST01383,REST0007,1,Very late delivery
REV03240,ORD000496,CUST01859,REST0080,4,Average experience
REV03241,ORD003750,CUST00809,REST0040,3,Packaging was poor
REV03242,ORD002322,CUST00089,REST0296,1,Worth the money
REV03243,ORD004268,CUST00049,REST0151,1,Worth the money
REV03244,ORD003406,CUST02281,REST0111,1,Delivery was delayed
REV03245,ORD000152,CUST00964,REST0189,4,Packaging was poor
REV03246,ORD007370,CUST02101,REST0281,2,Delivery was delayed
REV03247,ORD000695,CUST00048,REST0210,4,Packaging was poor
REV03248,ORD004418,CUST02486,REST0115,5,Excellent taste
REV03249,ORD005698,CUST01061,REST0188,5,Not satisfied
REV03250,ORD001739,CUST02205,REST0178,3,Loved it
REV03251,ORD003002,CUST01011,REST0195,2,Worth the money
REV03252,ORD000168,CUST02145,REST0292,5,Delivery was delayed
REV03253,ORD006112,CUST02348,REST0154,3,Delivery was delayed
REV03254,ORD004623,CUST00825,REST0098,3,Very late delivery
REV03255,ORD002866,CUST01168,REST0116,2,Delivery was delayed
REV03256,ORD008545,CUST00563,REST0281,4,Packaging was poor
REV03257,ORD004703,CUST02160,REST0085,1,Excellent taste
REV03258,ORD002884,CUST00596,REST0226,5,Delivery was delayed
REV03259,ORD003032,CUST00707,REST0155,5,Packaging was poor
REV03260,ORD008184,CUST00650,REST0194,2,Loved it
REV03261,ORD008981,CUST01354,REST0242,2,Packaging was poor
REV03262,ORD008529,CUST02363,REST0296,2,Very late delivery
REV03263,ORD005682,CUST00502,REST0041,4,Average experience
REV03264,ORD007210,CUST02197,REST0218,4,Packaging was poor
REV03265,ORD005992,CUST02142,REST0013,4,Would order again
REV03266,ORD002277,CUST00453,REST0143,5,Packaging was poor
REV03267,ORD007133,CUST01872,REST0014,2,Excellent taste
REV03268,ORD005706,CUST00168,REST0263,3,Delivery was delayed
REV03269,ORD007999,CUST01543,REST0081,5,Very late delivery
REV03270,ORD005293,CUST00766,REST0185,4,Excellent taste
REV03271,ORD004305,CUST00508,REST0098,3,Average experience
REV03272,ORD007446,CUST00443,REST0138,5,Excellent taste
REV03273,ORD000429,CUST02406,REST0088,5,Average experience
REV03274,ORD007069,CUST01340,REST0264,5,Amazing food
REV03275,ORD006365,CUST01921,REST0167,4,Delivery was delayed
REV03276,ORD004216,CUST02177,REST0281,5,Delivery was delayed
REV03277,ORD000427,CUST02410,REST0186,4,Amazing food
REV03278,ORD002224,CUST00720,REST0122,5,Delivery was delayed
REV03279,ORD000101,CUST01879,REST0170,5,Excellent taste
REV03280,ORD009245,CUST01690,REST0265,1,Average experience
REV03281,ORD003308,CUST00281,REST0216,3,Delivery was delayed
REV03282,ORD002763,CUST01808,REST0118,4,Packaging was poor
REV03283,ORD005858,CUST00260,REST0212,5,Delivery was delayed
REV03284,ORD004739,CUST01690,REST0227,2,Packaging was poor
REV03285,ORD007093,CUST00704,REST0277,2,Loved it
REV03286,ORD009633,CUST00118,REST0118,5,Would order again
REV03287,ORD003287,CUST01190,REST0022,1,Amazing food
REV03288,ORD007713,CUST02382,REST0050,1,Average experience
REV03289,ORD007869,CUST00577,REST0294,5,Excellent taste
REV03290,ORD006068,CUST02157,REST0201,5,Amazing food
REV03291,ORD009236,CUST00268,REST0027,3,Not satisfied
REV03292,ORD003578,CUST01952,REST0128,3,Delivery was delayed
REV03293,ORD001466,CUST00981,REST0057,4,Amazing food
REV03294,ORD007676,CUST02080,REST0128,2,Excellent taste
REV03295,ORD002235,CUST01997,REST0001,4,Worth the money
REV03296,ORD001745,CUST01019,REST0280,2,Loved it
REV03297,ORD009755,CUST01634,REST0065,1,Worth the money
REV03298,ORD006095,CUST00096,REST0017,3,Excellent taste
REV03299,ORD008782,CUST00600,REST0026,3,Average experience
REV03300,ORD009402,CUST02344,REST0219,5,Very late delivery
REV03301,ORD008372,CUST01582,REST0227,4,Not satisfied
REV03302,ORD005028,CUST02189,REST0260,3,Delivery was delayed
REV03303,ORD009235,CUST01705,REST0117,2,Worth the money
REV03304,ORD003945,CUST00824,REST0007,5,Excellent taste
REV03305,ORD006863,CUST02169,REST0108,1,Would order again
REV03306,ORD005351,CUST01828,REST0267,4,Average experience
REV03307,ORD009423,CUST01113,REST0078,3,Average experience
REV03308,ORD002122,CUST00733,REST0246,1,Worth the money
REV03309,ORD004973,CUST01877,REST0028,2,Average experience
REV03310,ORD008577,CUST00521,REST0139,3,Delivery was delayed
REV03311,ORD003785,CUST01719,REST0094,1,Not satisfied
REV03312,ORD006873,CUST00719,REST0254,1,Would order again
REV03313,ORD000917,CUST02312,REST0232,2,Would order again
REV03314,ORD009395,CUST00194,REST0229,3,Delivery was delayed
REV03315,ORD007253,CUST02373,REST0258,2,Would order again
REV03316,ORD008013,CUST01390,REST0020,1,Delivery was delayed
REV03317,ORD005822,CUST01313,REST0148,4,Would order again
REV03318,ORD004404,CUST00842,REST0089,5,Average experience
REV03319,ORD004864,CUST01583,REST0143,3,Loved it
REV03320,ORD008516,CUST02325,REST0160,5,Not satisfied
REV03321,ORD005423,CUST00636,REST0038,3,Loved it
REV03322,ORD007734,CUST01391,REST0034,2,Not satisfied
REV03323,ORD001204,CUST01653,REST0237,4,Amazing food
REV03324,ORD003769,CUST01983,REST0020,3,Loved it
REV03325,ORD005358,CUST01636,REST0153,2,Very late delivery
REV03326,ORD003853,CUST02202,REST0070,5,Worth the money
REV03327,ORD001927,CUST02155,REST0265,1,Very late delivery
REV03328,ORD003115,CUST01908,REST0049,5,Very late delivery
REV03329,ORD002642,CUST00145,REST0196,3,Loved it
REV03330,ORD007640,CUST01426,REST0217,3,Amazing food
REV03331,ORD007361,CUST02121,REST0151,4,Very late delivery
REV03332,ORD008183,CUST01962,REST0077,5,Average experience
REV03333,ORD007611,CUST00563,REST0300,5,Not satisfied
REV03334,ORD002729,CUST02398,REST0236,4,Packaging was poor
REV03335,ORD009598,CUST01799,REST0212,3,Would order again
REV03336,ORD004986,CUST01854,REST0016,1,Delivery was delayed
REV03337,ORD006847,CUST00411,REST0134,1,Loved it
REV03338,ORD007699,CUST01478,REST0234,5,Worth the money
REV03339,ORD004013,CUST01744,REST0223,3,Average experience
REV03340,ORD002627,CUST01314,REST0120,5,Worth the money
REV03341,ORD007239,CUST00151,REST0287,2,Worth the money
REV03342,ORD008256,CUST01549,REST0254,5,Average experience
REV03343,ORD009566,CUST01532,REST0033,5,Packaging was poor
REV03344,ORD000806,CUST01302,REST0068,1,Not satisfied
REV03345,ORD004635,CUST02188,REST0127,5,Very late delivery
REV03346,ORD005248,CUST00124,REST0187,4,Not satisfied
REV03347,ORD005567,CUST01424,REST0054,2,Worth the money
REV03348,ORD005740,CUST02276,REST0251,5,Packaging was poor
REV03349,ORD005144,CUST01611,REST0230,5,Loved it
REV03350,ORD008266,CUST00265,REST0156,5,Amazing food
REV03351,ORD004460,CUST00079,REST0293,5,Excellent taste
REV03352,ORD001243,CUST01666,REST0107,3,Packaging was poor
REV03353,ORD006946,CUST01990,REST0297,2,Average experience
REV03354,ORD005741,CUST00003,REST0272,4,Average experience
REV03355,ORD005326,CUST01652,REST0003,4,Amazing food
REV03356,ORD000548,CUST01136,REST0146,3,Excellent taste
REV03357,ORD003023,CUST02292,REST0145,1,Packaging was poor
REV03358,ORD005762,CUST00138,REST0010,4,Very late delivery
REV03359,ORD004032,CUST00122,REST0103,5,Very late delivery
REV03360,ORD000027,CUST01522,REST0213,5,Delivery was delayed
REV03361,ORD004953,CUST00206,REST0280,2,Would order again
REV03362,ORD005153,CUST02284,REST0166,4,Delivery was delayed
REV03363,ORD002509,CUST01980,REST0223,4,Excellent taste
REV03364,ORD001434,CUST00206,REST0244,5,Amazing food
REV03365,ORD002583,CUST02317,REST0222,3,Packaging was poor
REV03366,ORD001303,CUST00689,REST0002,3,Not satisfied
REV03367,ORD005813,CUST00266,REST0021,4,Excellent taste
REV03368,ORD007350,CUST02144,REST0232,4,Would order again
REV03369,ORD005282,CUST00221,REST0258,3,Excellent taste
REV03370,ORD006115,CUST02110,REST0263,1,Amazing food
REV03371,ORD001222,CUST01228,REST0121,1,Excellent taste
REV03372,ORD007436,CUST00873,REST0011,5,Loved it
REV03373,ORD002549,CUST01869,REST0225,3,Excellent taste
REV03374,ORD000751,CUST02069,REST0255,3,Excellent taste
REV03375,ORD000438,CUST00650,REST0174,3,Excellent taste
REV03376,ORD004372,CUST01078,REST0060,4,Worth the money
REV03377,ORD004449,CUST01223,REST0221,2,Worth the money
REV03378,ORD002848,CUST01060,REST0213,1,Average experience
REV03379,ORD001174,CUST01743,REST0014,5,Very late delivery
REV03380,ORD007496,CUST01349,REST0295,3,Amazing food
REV03381,ORD002700,CUST01320,REST0116,1,Loved it
REV03382,ORD009889,CUST00126,REST0053,4,Would order again
REV03383,ORD009507,CUST00230,REST0088,2,Excellent taste
REV03384,ORD006396,CUST00486,REST0242,4,Very late delivery
REV03385,ORD002482,CUST02354,REST0018,4,Very late delivery
REV03386,ORD005457,CUST02113,REST0057,4,Amazing food
REV03387,ORD008445,CUST01349,REST0095,2,Not satisfied
REV03388,ORD002707,CUST01734,REST0027,4,Worth the money
REV03389,ORD004662,CUST00149,REST0291,4,Worth the money
REV03390,ORD000327,CUST02214,REST0183,1,Worth the money
REV03391,ORD001040,CUST01923,REST0022,5,Would order again
REV03392,ORD002638,CUST00206,REST0111,3,Excellent taste
REV03393,ORD005023,CUST02174,REST0096,3,Delivery was delayed
REV03394,ORD002500,CUST01174,REST0040,5,Average experience
REV03395,ORD001005,CUST01085,REST0264,2,Delivery was delayed
REV03396,ORD002862,CUST01634,REST0010,1,Would order again
REV03397,ORD003234,CUST02291,REST0140,2,Would order again
REV03398,ORD001871,CUST02389,REST0034,3,Loved it
REV03399,ORD004246,CUST02047,REST0292,2,Not satisfied
REV03400,ORD006928,CUST01685,REST0123,3,Very late delivery
REV03401,ORD008386,CUST01946,REST0105,4,Excellent taste
REV03402,ORD000535,CUST00981,REST0290,4,Worth the money
REV03403,ORD009828,CUST01296,REST0156,2,Amazing food
REV03404,ORD007149,CUST02050,REST0188,5,Not satisfied
REV03405,ORD007366,CUST01674,REST0191,4,Very late delivery
REV03406,ORD000586,CUST02451,REST0151,2,Delivery was delayed
REV03407,ORD009915,CUST00552,REST0207,5,Would order again
REV03408,ORD003036,CUST02256,REST0084,3,Delivery was delayed
REV03409,ORD004429,CUST02442,REST0108,3,Excellent taste
REV03410,ORD004090,CUST01663,REST0166,1,Average experience
REV03411,ORD001704,CUST01141,REST0009,2,Average experience
REV03412,ORD004296,CUST00367,REST0173,2,Packaging was poor
REV03413,ORD005720,CUST00873,REST0200,3,Worth the money
REV03414,ORD000492,CUST00335,REST0215,2,Loved it
REV03415,ORD006900,CUST00564,REST0041,2,Packaging was poor
REV03416,ORD004354,CUST00200,REST0043,5,Not satisfied
REV03417,ORD002837,CUST01641,REST0054,2,Excellent taste
REV03418,ORD002267,CUST02430,REST0262,4,Excellent taste
REV03419,ORD007719,CUST01435,REST0035,5,Would order again
REV03420,ORD009524,CUST00436,REST0242,4,Delivery was delayed
REV03421,ORD008023,CUST00283,REST0099,2,Average experience
REV03422,ORD004708,CUST00389,REST0238,4,Loved it
REV03423,ORD009844,CUST00722,REST0145,2,Loved it
REV03424,ORD002901,CUST02382,REST0107,4,Would order again
REV03425,ORD009619,CUST00938,REST0082,2,Excellent taste
REV03426,ORD002945,CUST01508,REST0237,5,Would order again
REV03427,ORD001917,CUST01477,REST0223,2,Average experience
REV03428,ORD003186,CUST01653,REST0028,2,Excellent taste
REV03429,ORD008627,CUST01067,REST0098,5,Very late delivery
REV03430,ORD009435,CUST00569,REST0298,5,Very late delivery
REV03431,ORD007256,CUST02150,REST0048,3,Loved it
REV03432,ORD004247,CUST00227,REST0150,1,Loved it
REV03433,ORD008616,CUST01858,REST0034,3,Not satisfied
REV03434,ORD005147,CUST01366,REST0226,5,Would order again
REV03435,ORD008566,CUST00697,REST0049,4,Delivery was delayed
REV03436,ORD002519,CUST02374,REST0201,4,Worth the money
REV03437,ORD000398,CUST01830,REST0244,4,Packaging was poor
REV03438,ORD001318,CUST00454,REST0181,5,Average experience
REV03439,ORD004561,CUST01799,REST0006,2,Would order again
REV03440,ORD000122,CUST00069,REST0171,5,Loved it
REV03441,ORD002450,CUST00845,REST0203,4,Packaging was poor
REV03442,ORD008856,CUST00445,REST0113,3,Not satisfied
REV03443,ORD008109,CUST00105,REST0227,2,Worth the money
REV03444,ORD001567,CUST00861,REST0207,1,Delivery was delayed
REV03445,ORD001985,CUST00341,REST0013,5,Packaging was poor
REV03446,ORD004334,CUST00073,REST0203,2,Average experience
REV03447,ORD007911,CUST02223,REST0226,3,Packaging was poor
REV03448,ORD009287,CUST02181,REST0258,4,Very late delivery
REV03449,ORD003919,CUST00778,REST0132,3,Packaging was poor
REV03450,ORD002174,CUST01214,REST0013,2,Delivery was delayed
REV03451,ORD003284,CUST01345,REST0156,5,Not satisfied
REV03452,ORD008496,CUST00670,REST0214,3,Packaging was poor
REV03453,ORD008585,CUST00376,REST0285,4,Delivery was delayed
REV03454,ORD002334,CUST02013,REST0150,5,Loved it
REV03455,ORD000574,CUST02495,REST0189,2,Would order again
REV03456,ORD003661,CUST00539,REST0197,1,Not satisfied
REV03457,ORD009076,CUST02121,REST0180,1,Not satisfied
REV03458,ORD000982,CUST00240,REST0245,3,Very late delivery
REV03459,ORD009371,CUST00963,REST0245,2,Worth the money
REV03460,ORD001408,CUST00839,REST0172,5,Excellent taste
REV03461,ORD000536,CUST01686,REST0143,3,Average experience
REV03462,ORD004316,CUST01577,REST0276,1,Packaging was poor
REV03463,ORD004599,CUST00480,REST0097,3,Loved it
REV03464,ORD008623,CUST00685,REST0100,5,Not satisfied
REV03465,ORD008759,CUST00325,REST0139,2,Very late delivery
REV03466,ORD001435,CUST00621,REST0018,5,Worth the money
REV03467,ORD006995,CUST01279,REST0123,4,Would order again
REV03468,ORD002580,CUST00043,REST0219,5,Not satisfied
REV03469,ORD009404,CUST01447,REST0016,2,Loved it
REV03470,ORD003270,CUST00677,REST0126,5,Loved it
REV03471,ORD009554,CUST01599,REST0124,2,Very late delivery
REV03472,ORD003839,CUST01111,REST0031,4,Would order again
REV03473,ORD001868,CUST01909,REST0229,3,Not satisfied
REV03474,ORD001455,CUST00877,REST0238,3,Excellent taste
REV03475,ORD001787,CUST01497,REST0110,5,Loved it
REV03476,ORD009913,CUST00455,REST0218,4,Average experience
REV03477,ORD007096,CUST00408,REST0205,2,Not satisfied
REV03478,ORD002522,CUST00103,REST0282,2,Very late delivery
REV03479,ORD004440,CUST01208,REST0052,1,Worth the money
REV03480,ORD001821,CUST02419,REST0132,1,Not satisfied
REV03481,ORD005616,CUST01313,REST0040,4,Very late delivery
REV03482,ORD002930,CUST01843,REST0235,5,Average experience
REV03483,ORD000052,CUST01994,REST0225,2,Amazing food
REV03484,ORD004727,CUST01524,REST0176,1,Very late delivery
REV03485,ORD005717,CUST00334,REST0048,1,Worth the money
REV03486,ORD005466,CUST00779,REST0112,5,Worth the money
REV03487,ORD000470,CUST00171,REST0199,4,Very late delivery
REV03488,ORD002630,CUST01287,REST0184,5,Worth the money
REV03489,ORD006514,CUST00480,REST0179,2,Not satisfied
REV03490,ORD007468,CUST01177,REST0243,1,Not satisfied
REV03491,ORD003946,CUST01037,REST0090,3,Would order again
REV03492,ORD006205,CUST02242,REST0259,4,Average experience
REV03493,ORD004263,CUST02174,REST0111,3,Amazing food
REV03494,ORD001859,CUST00652,REST0126,4,Excellent taste
REV03495,ORD009533,CUST02012,REST0269,1,Would order again
REV03496,ORD000866,CUST01840,REST0226,4,Very late delivery
REV03497,ORD006391,CUST00035,REST0009,2,Worth the money
REV03498,ORD007213,CUST00350,REST0299,3,Average experience
REV03499,ORD004922,CUST01720,REST0066,1,Would order again
REV03500,ORD008102,CUST00478,REST0125,1,Very late delivery
REV03501,ORD004793,CUST00842,REST0144,4,Average experience
REV03502,ORD008855,CUST00635,REST0162,2,Not satisfied
REV03503,ORD006251,CUST01594,REST0200,4,Would order again
REV03504,ORD005937,CUST02098,REST0156,3,Amazing food
REV03505,ORD000426,CUST01410,REST0031,4,Average experience
REV03506,ORD000189,CUST00706,REST0051,4,Very late delivery
REV03507,ORD005630,CUST01988,REST0248,3,Delivery was delayed
REV03508,ORD004360,CUST01025,REST0024,1,Very late delivery
REV03509,ORD000229,CUST00862,REST0293,4,Average experience
REV03510,ORD007758,CUST00650,REST0103,4,Not satisfied
REV03511,ORD007678,CUST00454,REST0023,4,Not satisfied
REV03512,ORD002742,CUST00417,REST0090,2,Not satisfied
REV03513,ORD001042,CUST00653,REST0199,1,Very late delivery
REV03514,ORD004076,CUST00083,REST0132,1,Not satisfied
REV03515,ORD009141,CUST01317,REST0265,5,Not satisfied
REV03516,ORD006119,CUST01177,REST0262,5,Packaging was poor
REV03517,ORD006903,CUST00777,REST0056,5,Average experience
REV03518,ORD000472,CUST02094,REST0013,2,Not satisfied
REV03519,ORD002922,CUST00997,REST0077,3,Worth the money
REV03520,ORD001906,CUST00240,REST0131,4,Packaging was poor
REV03521,ORD008877,CUST01414,REST0084,4,Average experience
REV03522,ORD000802,CUST00813,REST0104,3,Very late delivery
REV03523,ORD001488,CUST01673,REST0013,2,Amazing food
REV03524,ORD008442,CUST00433,REST0066,3,Excellent taste
REV03525,ORD000228,CUST01251,REST0164,1,Would order again
REV03526,ORD007891,CUST00840,REST0169,4,Would order again
REV03527,ORD001129,CUST00538,REST0067,3,Worth the money
REV03528,ORD005071,CUST00707,REST0163,3,Packaging was poor
REV03529,ORD009167,CUST00206,REST0214,5,Packaging was poor
REV03530,ORD002209,CUST00916,REST0271,4,Packaging was poor
REV03531,ORD007994,CUST01174,REST0288,5,Amazing food
REV03532,ORD009843,CUST02378,REST0083,1,Average experience
REV03533,ORD006560,CUST01540,REST0190,1,Packaging was poor
REV03534,ORD009922,CUST00362,REST0027,4,Excellent taste
REV03535,ORD003154,CUST00845,REST0045,5,Very late delivery
REV03536,ORD004442,CUST00955,REST0047,1,Delivery was delayed
REV03537,ORD007506,CUST00411,REST0195,1,Loved it
REV03538,ORD008958,CUST02077,REST0141,2,Excellent taste
REV03539,ORD006216,CUST02085,REST0193,3,Would order again
REV03540,ORD009599,CUST00089,REST0067,5,Delivery was delayed
REV03541,ORD002145,CUST01587,REST0146,5,Would order again
REV03542,ORD007412,CUST00560,REST0095,3,Average experience
REV03543,ORD008930,CUST01860,REST0064,1,Amazing food
REV03544,ORD002375,CUST00276,REST0111,4,Not satisfied
REV03545,ORD002578,CUST01972,REST0274,2,Packaging was poor
REV03546,ORD001633,CUST00589,REST0237,3,Not satisfied
REV03547,ORD004833,CUST02479,REST0052,3,Excellent taste
REV03548,ORD002299,CUST01641,REST0261,1,Amazing food
REV03549,ORD005034,CUST00002,REST0062,4,Worth the money
REV03550,ORD000157,CUST00051,REST0083,3,Would order again
REV03551,ORD008047,CUST01342,REST0020,3,Average experience
REV03552,ORD006707,CUST00334,REST0131,1,Worth the money
REV03553,ORD003350,CUST00905,REST0021,4,Loved it
REV03554,ORD002880,CUST02086,REST0041,5,Worth the money
REV03555,ORD003414,CUST01334,REST0247,5,Worth the money
REV03556,ORD007769,CUST01529,REST0266,1,Would order again
REV03557,ORD004190,CUST01614,REST0103,4,Delivery was delayed
REV03558,ORD009611,CUST01260,REST0054,2,Worth the money
REV03559,ORD009735,CUST01757,REST0196,5,Not satisfied
REV03560,ORD007252,CUST02104,REST0023,5,Not satisfied
REV03561,ORD007614,CUST02448,REST0160,5,Worth the money
REV03562,ORD006920,CUST00794,REST0085,3,Worth the money
REV03563,ORD009682,CUST01253,REST0282,5,Amazing food
REV03564,ORD009672,CUST01459,REST0063,2,Very late delivery
REV03565,ORD004795,CUST01772,REST0292,1,Loved it
REV03566,ORD005655,CUST00469,REST0080,3,Delivery was delayed
REV03567,ORD002496,CUST00681,REST0039,1,Average experience
REV03568,ORD007305,CUST01090,REST0204,3,Not satisfied
REV03569,ORD002373,CUST01732,REST0147,2,Delivery was delayed
REV03570,ORD004092,CUST00683,REST0257,3,Not satisfied
REV03571,ORD009472,CUST02225,REST0166,5,Packaging was poor
REV03572,ORD003462,CUST01518,REST0038,5,Average experience
REV03573,ORD007007,CUST00378,REST0254,5,Loved it
REV03574,ORD005392,CUST01351,REST0157,5,Excellent taste
REV03575,ORD007173,CUST00310,REST0115,5,Loved it
REV03576,ORD005697,CUST00045,REST0087,2,Loved it
REV03577,ORD005665,CUST01325,REST0255,1,Loved it
REV03578,ORD004504,CUST02153,REST0132,5,Not satisfied
REV03579,ORD002551,CUST00753,REST0228,4,Delivery was delayed
REV03580,ORD004716,CUST00549,REST0014,4,Worth the money
REV03581,ORD000848,CUST00155,REST0045,4,Very late delivery
REV03582,ORD003345,CUST00157,REST0187,5,Excellent taste
REV03583,ORD000939,CUST02483,REST0271,1,Loved it
REV03584,ORD004826,CUST00112,REST0058,1,Would order again
REV03585,ORD009694,CUST00169,REST0287,4,Packaging was poor
REV03586,ORD008864,CUST02418,REST0142,3,Loved it
REV03587,ORD008611,CUST01692,REST0232,1,Loved it
REV03588,ORD005355,CUST01542,REST0246,1,Excellent taste
REV03589,ORD005478,CUST00846,REST0229,4,Not satisfied
REV03590,ORD009724,CUST00377,REST0089,1,Delivery was delayed
REV03591,ORD000757,CUST00505,REST0270,2,Packaging was poor
REV03592,ORD004751,CUST00966,REST0241,5,Worth the money
REV03593,ORD002645,CUST01877,REST0108,5,Worth the money
REV03594,ORD004163,CUST01731,REST0071,5,Loved it
REV03595,ORD008649,CUST02077,REST0261,1,Very late delivery
REV03596,ORD003166,CUST00617,REST0160,5,Delivery was delayed
REV03597,ORD006498,CUST00660,REST0050,2,Would order again
REV03598,ORD005988,CUST02380,REST0272,2,Loved it
REV03599,ORD003874,CUST00523,REST0045,1,Very late delivery
REV03600,ORD007752,CUST02115,REST0043,1,Loved it
REV03601,ORD006524,CUST01228,REST0026,1,Packaging was poor
REV03602,ORD003419,CUST01444,REST0214,5,Delivery was delayed
REV03603,ORD009905,CUST01354,REST0157,3,Amazing food
REV03604,ORD002062,CUST01754,REST0175,2,Amazing food
REV03605,ORD000550,CUST01298,REST0113,4,Delivery was delayed
REV03606,ORD004454,CUST01698,REST0277,4,Excellent taste
REV03607,ORD002813,CUST02036,REST0169,3,Average experience
REV03608,ORD008778,CUST02121,REST0166,3,Very late delivery
REV03609,ORD008996,CUST00247,REST0113,5,Would order again
REV03610,ORD002550,CUST02315,REST0209,2,Packaging was poor
REV03611,ORD006070,CUST01533,REST0106,5,Very late delivery
REV03612,ORD003170,CUST01319,REST0104,3,Not satisfied
REV03613,ORD007055,CUST01217,REST0038,1,Amazing food
REV03614,ORD004829,CUST00515,REST0016,4,Delivery was delayed
REV03615,ORD009571,CUST02426,REST0215,4,Packaging was poor
REV03616,ORD001260,CUST00417,REST0244,2,Worth the money
REV03617,ORD008713,CUST02011,REST0242,3,Loved it
REV03618,ORD003662,CUST01133,REST0008,1,Delivery was delayed
REV03619,ORD007923,CUST00193,REST0184,1,Worth the money
REV03620,ORD001025,CUST00423,REST0078,2,Packaging was poor
REV03621,ORD004966,CUST00542,REST0016,4,Average experience
REV03622,ORD000753,CUST02401,REST0055,5,Not satisfied
REV03623,ORD003943,CUST00133,REST0284,3,Excellent taste
REV03624,ORD003711,CUST02315,REST0159,1,Excellent taste
REV03625,ORD009961,CUST00206,REST0159,3,Not satisfied
REV03626,ORD001952,CUST01940,REST0125,3,Worth the money
REV03627,ORD006315,CUST01087,REST0198,2,Worth the money
REV03628,ORD000352,CUST02130,REST0047,3,Not satisfied
REV03629,ORD001512,CUST01520,REST0160,5,Delivery was delayed
REV03630,ORD004830,CUST01202,REST0001,4,Not satisfied
REV03631,ORD009617,CUST01361,REST0173,3,Worth the money
REV03632,ORD003747,CUST01311,REST0050,2,Amazing food
REV03633,ORD005800,CUST00630,REST0269,3,Loved it
REV03634,ORD000702,CUST00544,REST0152,3,Not satisfied
REV03635,ORD003694,CUST00267,REST0172,2,Average experience
REV03636,ORD004615,CUST01683,REST0117,4,Excellent taste
REV03637,ORD007214,CUST01247,REST0195,1,Packaging was poor
REV03638,ORD000562,CUST01788,REST0229,1,Not satisfied
REV03639,ORD002319,CUST02158,REST0196,2,Average experience
REV03640,ORD003099,CUST00178,REST0207,2,Worth the money
REV03641,ORD004839,CUST00576,REST0110,5,Average experience
REV03642,ORD003151,CUST01107,REST0205,2,Not satisfied
REV03643,ORD005609,CUST00617,REST0267,1,Would order again
REV03644,ORD004300,CUST00354,REST0294,1,Worth the money
REV03645,ORD004619,CUST02238,REST0223,2,Delivery was delayed
REV03646,ORD004075,CUST00799,REST0206,5,Amazing food
REV03647,ORD003995,CUST00829,REST0125,5,Very late delivery
REV03648,ORD006374,CUST01260,REST0292,3,Delivery was delayed
REV03649,ORD006168,CUST01574,REST0200,2,Excellent taste
REV03650,ORD001048,CUST02267,REST0003,3,Amazing food
REV03651,ORD002940,CUST00374,REST0193,4,Delivery was delayed
REV03652,ORD001809,CUST01815,REST0002,4,Excellent taste
REV03653,ORD003167,CUST01783,REST0112,3,Amazing food
REV03654,ORD000415,CUST00267,REST0079,4,Not satisfied
REV03655,ORD001341,CUST00213,REST0258,1,Packaging was poor
REV03656,ORD009372,CUST00601,REST0003,4,Amazing food
REV03657,ORD007741,CUST00026,REST0099,3,Average experience
REV03658,ORD005061,CUST00217,REST0133,1,Very late delivery
REV03659,ORD004634,CUST01059,REST0132,2,Worth the money
REV03660,ORD004610,CUST00285,REST0291,4,Worth the money
REV03661,ORD007367,CUST01702,REST0291,2,Excellent taste
REV03662,ORD001470,CUST02220,REST0173,4,Delivery was delayed
REV03663,ORD001711,CUST01573,REST0214,2,Excellent taste
REV03664,ORD006271,CUST02428,REST0254,4,Loved it
REV03665,ORD008733,CUST02101,REST0012,2,Worth the money
REV03666,ORD002272,CUST00336,REST0279,1,Delivery was delayed
REV03667,ORD001584,CUST01720,REST0232,5,Would order again
REV03668,ORD001413,CUST00089,REST0295,3,Excellent taste
REV03669,ORD004112,CUST00075,REST0166,4,Excellent taste
REV03670,ORD007653,CUST01370,REST0094,3,Worth the money
REV03671,ORD006694,CUST00084,REST0103,1,Very late delivery
REV03672,ORD001723,CUST00655,REST0070,2,Packaging was poor
REV03673,ORD002025,CUST02276,REST0115,2,Amazing food
REV03674,ORD002213,CUST01942,REST0096,3,Average experience
REV03675,ORD001508,CUST00602,REST0238,2,Average experience
REV03676,ORD002623,CUST00541,REST0168,1,Not satisfied
REV03677,ORD005291,CUST02021,REST0220,3,Amazing food
REV03678,ORD009129,CUST02088,REST0074,2,Amazing food
REV03679,ORD001322,CUST00666,REST0176,4,Very late delivery
REV03680,ORD000843,CUST00916,REST0259,2,Average experience
REV03681,ORD001147,CUST01670,REST0076,4,Average experience
REV03682,ORD003625,CUST00958,REST0033,1,Not satisfied
REV03683,ORD004281,CUST00675,REST0156,1,Amazing food
REV03684,ORD009011,CUST00696,REST0013,1,Delivery was delayed
REV03685,ORD008987,CUST01239,REST0102,3,Delivery was delayed
REV03686,ORD004682,CUST02306,REST0006,1,Loved it
REV03687,ORD000464,CUST02090,REST0149,2,Loved it
REV03688,ORD001755,CUST02268,REST0174,2,Very late delivery
REV03689,ORD003937,CUST01731,REST0215,5,Worth the money
REV03690,ORD007934,CUST02395,REST0029,4,Worth the money
REV03691,ORD009461,CUST00725,REST0025,4,Excellent taste
REV03692,ORD004402,CUST02454,REST0180,4,Excellent taste
REV03693,ORD004701,CUST00800,REST0200,3,Worth the money
REV03694,ORD008992,CUST02162,REST0157,5,Packaging was poor
REV03695,ORD000379,CUST00426,REST0120,2,Average experience
REV03696,ORD003107,CUST01064,REST0226,4,Average experience
REV03697,ORD008216,CUST00620,REST0222,2,Packaging was poor
REV03698,ORD001336,CUST00971,REST0243,1,Worth the money
REV03699,ORD001224,CUST01781,REST0127,2,Not satisfied
REV03700,ORD003849,CUST01869,REST0194,2,Amazing food
REV03701,ORD002717,CUST00629,REST0246,5,Would order again
REV03702,ORD006838,CUST00423,REST0251,5,Excellent taste
REV03703,ORD002953,CUST01580,REST0135,1,Very late delivery
REV03704,ORD001351,CUST00923,REST0161,1,Delivery was delayed
REV03705,ORD001083,CUST02079,REST0199,1,Loved it
REV03706,ORD006454,CUST02098,REST0268,5,Delivery was delayed
REV03707,ORD001812,CUST02032,REST0139,2,Very late delivery
REV03708,ORD004122,CUST00002,REST0126,4,Would order again
REV03709,ORD001352,CUST01425,REST0112,5,Would order again
REV03710,ORD007818,CUST02489,REST0081,2,Amazing food
REV03711,ORD008797,CUST00835,REST0108,2,Average experience
REV03712,ORD001895,CUST02386,REST0256,5,Very late delivery
REV03713,ORD006640,CUST01367,REST0002,5,Packaging was poor
REV03714,ORD000566,CUST01046,REST0232,2,Excellent taste
REV03715,ORD003904,CUST01577,REST0202,2,Would order again
REV03716,ORD007101,CUST00648,REST0210,3,Loved it
REV03717,ORD003674,CUST02364,REST0066,3,Packaging was poor
REV03718,ORD004367,CUST01818,REST0148,1,Average experience
REV03719,ORD007546,CUST00564,REST0252,2,Delivery was delayed
REV03720,ORD001213,CUST01164,REST0246,5,Worth the money
REV03721,ORD001190,CUST00755,REST0092,1,Excellent taste
REV03722,ORD003956,CUST01266,REST0287,3,Delivery was delayed
REV03723,ORD000899,CUST01680,REST0239,4,Very late delivery
REV03724,ORD004787,CUST01556,REST0279,5,Worth the money
REV03725,ORD008093,CUST00087,REST0005,1,Very late delivery
REV03726,ORD004603,CUST01058,REST0022,2,Would order again
REV03727,ORD008897,CUST00230,REST0110,5,Would order again
REV03728,ORD003455,CUST00514,REST0076,3,Very late delivery
REV03729,ORD003610,CUST00578,REST0187,4,Very late delivery
REV03730,ORD008158,CUST01270,REST0095,3,Would order again
REV03731,ORD008766,CUST00303,REST0019,3,Packaging was poor
REV03732,ORD009678,CUST01878,REST0155,5,Delivery was delayed
REV03733,ORD007573,CUST01222,REST0090,1,Loved it
REV03734,ORD003910,CUST01403,REST0025,5,Amazing food
REV03735,ORD004029,CUST02282,REST0065,4,Loved it
REV03736,ORD003932,CUST02413,REST0209,2,Very late delivery
REV03737,ORD002333,CUST01388,REST0040,3,Worth the money
REV03738,ORD007303,CUST01489,REST0013,2,Would order again
REV03739,ORD002263,CUST00895,REST0001,5,Not satisfied
REV03740,ORD009261,CUST01785,REST0053,2,Average experience
REV03741,ORD005782,CUST00752,REST0131,2,Delivery was delayed
REV03742,ORD002596,CUST01260,REST0115,5,Not satisfied
REV03743,ORD007201,CUST01436,REST0008,3,Very late delivery
REV03744,ORD003594,CUST01793,REST0091,5,Very late delivery
REV03745,ORD005217,CUST02261,REST0097,2,Worth the money
REV03746,ORD001031,CUST01527,REST0197,1,Excellent taste
REV03747,ORD007434,CUST01417,REST0153,5,Excellent taste
REV03748,ORD007878,CUST01496,REST0169,2,Average experience
REV03749,ORD008824,CUST00695,REST0203,3,Loved it
REV03750,ORD008237,CUST00710,REST0107,3,Loved it
REV03751,ORD005734,CUST01998,REST0249,1,Would order again
REV03752,ORD005379,CUST00707,REST0099,5,Worth the money
REV03753,ORD007763,CUST02486,REST0056,4,Delivery was delayed
REV03754,ORD001756,CUST00764,REST0062,3,Worth the money
REV03755,ORD007356,CUST01047,REST0146,2,Packaging was poor
REV03756,ORD004162,CUST00212,REST0045,4,Not satisfied
REV03757,ORD000232,CUST00594,REST0157,2,Not satisfied
REV03758,ORD008105,CUST00200,REST0027,1,Not satisfied
REV03759,ORD000111,CUST02174,REST0041,1,Would order again
REV03760,ORD005458,CUST01528,REST0117,4,Worth the money
REV03761,ORD006709,CUST01619,REST0062,1,Amazing food
REV03762,ORD002515,CUST00342,REST0206,5,Amazing food
REV03763,ORD005962,CUST01122,REST0031,5,Very late delivery
REV03764,ORD004280,CUST01613,REST0109,2,Excellent taste
REV03765,ORD004721,CUST02163,REST0170,4,Packaging was poor
REV03766,ORD002918,CUST00903,REST0086,4,Loved it
REV03767,ORD009391,CUST00588,REST0184,2,Very late delivery
REV03768,ORD002993,CUST01610,REST0119,1,Excellent taste
REV03769,ORD002318,CUST02207,REST0118,4,Average experience
REV03770,ORD004848,CUST01035,REST0150,2,Packaging was poor
REV03771,ORD004293,CUST01649,REST0257,5,Amazing food
REV03772,ORD006992,CUST01819,REST0008,4,Delivery was delayed
REV03773,ORD001516,CUST02436,REST0229,3,Worth the money
REV03774,ORD000217,CUST00261,REST0068,3,Delivery was delayed
REV03775,ORD009214,CUST01523,REST0074,4,Amazing food
REV03776,ORD009062,CUST00307,REST0185,3,Excellent taste
REV03777,ORD008418,CUST01273,REST0086,2,Would order again
REV03778,ORD002264,CUST00397,REST0153,2,Excellent taste
REV03779,ORD005327,CUST01750,REST0163,2,Excellent taste
REV03780,ORD006841,CUST01860,REST0099,4,Excellent taste
REV03781,ORD008499,CUST00769,REST0078,1,Worth the money
REV03782,ORD006011,CUST01318,REST0121,4,Average experience
REV03783,ORD000894,CUST00668,REST0108,1,Excellent taste
REV03784,ORD001491,CUST01084,REST0273,2,Would order again
REV03785,ORD003004,CUST01385,REST0291,3,Excellent taste
REV03786,ORD001851,CUST00913,REST0294,4,Would order again
REV03787,ORD005200,CUST01184,REST0006,1,Would order again
REV03788,ORD006381,CUST01194,REST0218,3,Not satisfied
REV03789,ORD000325,CUST00788,REST0212,5,Worth the money
REV03790,ORD001216,CUST01424,REST0219,4,Very late delivery
REV03791,ORD002900,CUST02467,REST0223,1,Amazing food
REV03792,ORD002934,CUST00768,REST0092,5,Packaging was poor
REV03793,ORD003659,CUST00147,REST0049,4,Not satisfied
REV03794,ORD008679,CUST02135,REST0217,1,Loved it
REV03795,ORD006674,CUST02054,REST0155,4,Not satisfied
REV03796,ORD007973,CUST00337,REST0184,5,Amazing food
REV03797,ORD008587,CUST00485,REST0025,3,Very late delivery
REV03798,ORD006170,CUST00063,REST0223,5,Delivery was delayed
REV03799,ORD009725,CUST00058,REST0022,3,Delivery was delayed
REV03800,ORD001130,CUST00999,REST0191,4,Packaging was poor
REV03801,ORD008857,CUST00813,REST0115,5,Excellent taste
REV03802,ORD002919,CUST00653,REST0009,4,Would order again
REV03803,ORD003903,CUST00322,REST0239,5,Loved it
REV03804,ORD007948,CUST00984,REST0259,1,Amazing food
REV03805,ORD009098,CUST00565,REST0060,1,Worth the money
REV03806,ORD003828,CUST01033,REST0287,3,Packaging was poor
REV03807,ORD004924,CUST00288,REST0246,5,Amazing food
REV03808,ORD000209,CUST00639,REST0257,3,Packaging was poor
REV03809,ORD003255,CUST00895,REST0292,2,Very late delivery
REV03810,ORD002796,CUST02174,REST0293,3,Not satisfied
REV03811,ORD005107,CUST01813,REST0251,4,Packaging was poor
REV03812,ORD009012,CUST01334,REST0183,4,Amazing food
REV03813,ORD000799,CUST00573,REST0207,3,Amazing food
REV03814,ORD009106,CUST02240,REST0259,2,Would order again
REV03815,ORD000735,CUST01097,REST0125,3,Very late delivery
REV03816,ORD002245,CUST00655,REST0077,4,Very late delivery
REV03817,ORD000179,CUST02181,REST0088,5,Would order again
REV03818,ORD005831,CUST01085,REST0156,5,Would order again
REV03819,ORD007009,CUST00778,REST0042,3,Worth the money
REV03820,ORD001175,CUST00892,REST0204,5,Packaging was poor
REV03821,ORD006643,CUST00960,REST0013,1,Excellent taste
REV03822,ORD005849,CUST00158,REST0286,2,Packaging was poor
REV03823,ORD001832,CUST00016,REST0228,5,Not satisfied
REV03824,ORD007996,CUST01293,REST0244,4,Amazing food
REV03825,ORD009280,CUST01561,REST0293,1,Amazing food
REV03826,ORD007898,CUST00182,REST0251,3,Worth the money
REV03827,ORD008598,CUST00850,REST0277,5,Worth the money
REV03828,ORD008523,CUST02126,REST0263,2,Average experience
REV03829,ORD000199,CUST01632,REST0021,3,Packaging was poor
REV03830,ORD007929,CUST01073,REST0100,3,Not satisfied
REV03831,ORD007077,CUST01335,REST0048,3,Loved it
REV03832,ORD009285,CUST01931,REST0224,4,Excellent taste
REV03833,ORD001098,CUST02243,REST0031,4,Average experience
REV03834,ORD000549,CUST02338,REST0137,3,Would order again
REV03835,ORD006909,CUST00035,REST0240,2,Delivery was delayed
REV03836,ORD008230,CUST01526,REST0021,2,Worth the money
REV03837,ORD004707,CUST00874,REST0153,2,Excellent taste
REV03838,ORD006913,CUST01376,REST0091,1,Packaging was poor
REV03839,ORD003370,CUST01166,REST0201,2,Would order again
REV03840,ORD007584,CUST00171,REST0105,4,Average experience
REV03841,ORD002533,CUST00856,REST0123,4,Loved it
REV03842,ORD004056,CUST02074,REST0237,1,Average experience
REV03843,ORD002315,CUST02220,REST0099,2,Worth the money
REV03844,ORD006654,CUST01354,REST0253,2,Delivery was delayed
REV03845,ORD006886,CUST01679,REST0059,3,Average experience
REV03846,ORD005938,CUST02380,REST0245,1,Very late delivery
REV03847,ORD002816,CUST00105,REST0002,3,Very late delivery
REV03848,ORD003438,CUST00500,REST0099,5,Average experience
REV03849,ORD003881,CUST00058,REST0175,2,Would order again
REV03850,ORD004158,CUST01188,REST0211,4,Average experience
REV03851,ORD000067,CUST01014,REST0218,4,Loved it
REV03852,ORD007867,CUST01108,REST0045,3,Worth the money
REV03853,ORD000617,CUST00636,REST0019,4,Excellent taste
REV03854,ORD001119,CUST02411,REST0161,5,Average experience
REV03855,ORD003261,CUST00934,REST0131,5,Loved it
REV03856,ORD003402,CUST01437,REST0075,3,Packaging was poor
REV03857,ORD003693,CUST00753,REST0147,4,Worth the money
REV03858,ORD000938,CUST01047,REST0257,1,Very late delivery
REV03859,ORD006605,CUST00947,REST0231,4,Very late delivery
REV03860,ORD002573,CUST00653,REST0002,1,Very late delivery
REV03861,ORD007537,CUST00219,REST0209,3,Worth the money
REV03862,ORD006325,CUST01418,REST0120,2,Amazing food
REV03863,ORD000623,CUST01730,REST0162,5,Very late delivery
REV03864,ORD001682,CUST00951,REST0288,5,Packaging was poor
REV03865,ORD002127,CUST01868,REST0060,4,Worth the money
REV03866,ORD000788,CUST01667,REST0038,4,Amazing food
REV03867,ORD003333,CUST00009,REST0028,2,Would order again
REV03868,ORD007237,CUST00301,REST0299,4,Packaging was poor
REV03869,ORD001093,CUST00013,REST0143,1,Average experience
REV03870,ORD009104,CUST01299,REST0015,5,Not satisfied
REV03871,ORD005021,CUST00940,REST0125,1,Worth the money
REV03872,ORD009354,CUST02431,REST0023,2,Delivery was delayed
REV03873,ORD005945,CUST01532,REST0049,4,Packaging was poor
REV03874,ORD003281,CUST01455,REST0051,5,Delivery was delayed
REV03875,ORD008187,CUST00343,REST0264,2,Delivery was delayed
REV03876,ORD002202,CUST00260,REST0216,5,Not satisfied
REV03877,ORD001161,CUST01085,REST0279,4,Not satisfied
REV03878,ORD005582,CUST01888,REST0061,1,Average experience
REV03879,ORD003593,CUST00021,REST0174,5,Average experience
REV03880,ORD003953,CUST01189,REST0100,1,Amazing food
REV03881,ORD009692,CUST02059,REST0251,1,Average experience
REV03882,ORD006248,CUST00088,REST0047,3,Excellent taste
REV03883,ORD004154,CUST02408,REST0287,2,Loved it
REV03884,ORD000479,CUST01952,REST0090,5,Packaging was poor
REV03885,ORD001353,CUST01616,REST0066,2,Worth the money
REV03886,ORD004310,CUST00253,REST0262,1,Not satisfied
REV03887,ORD005699,CUST01069,REST0134,4,Would order again
REV03888,ORD002648,CUST01164,REST0281,1,Worth the money
REV03889,ORD008461,CUST01778,REST0254,5,Worth the money
REV03890,ORD008199,CUST00384,REST0186,2,Very late delivery
REV03891,ORD007690,CUST01863,REST0164,4,Would order again
REV03892,ORD009258,CUST00983,REST0164,2,Amazing food
REV03893,ORD002590,CUST00454,REST0159,2,Excellent taste
REV03894,ORD001034,CUST01290,REST0159,5,Amazing food
REV03895,ORD004687,CUST01403,REST0187,1,Loved it
REV03896,ORD005012,CUST00896,REST0226,1,Loved it
REV03897,ORD002599,CUST02464,REST0034,1,Amazing food
REV03898,ORD005820,CUST01347,REST0002,2,Very late delivery
REV03899,ORD004609,CUST01955,REST0106,1,Excellent taste
REV03900,ORD008471,CUST00410,REST0142,1,Worth the money
REV03901,ORD009041,CUST00594,REST0183,3,Packaging was poor
REV03902,ORD007451,CUST00666,REST0006,5,Very late delivery
REV03903,ORD004672,CUST00575,REST0221,2,Amazing food
REV03904,ORD005584,CUST00438,REST0155,3,Would order again
REV03905,ORD003718,CUST01583,REST0045,4,Not satisfied
REV03906,ORD009328,CUST00999,REST0038,4,Not satisfied
REV03907,ORD003929,CUST00817,REST0228,3,Excellent taste
REV03908,ORD003618,CUST00181,REST0013,5,Packaging was poor
REV03909,ORD001426,CUST00081,REST0029,4,Delivery was delayed
REV03910,ORD009379,CUST01713,REST0041,3,Would order again
REV03911,ORD002920,CUST00520,REST0227,3,Excellent taste
REV03912,ORD003820,CUST01743,REST0008,2,Very late delivery
REV03913,ORD001872,CUST01240,REST0190,5,Amazing food
REV03914,ORD005488,CUST02030,REST0168,5,Excellent taste
REV03915,ORD000481,CUST00260,REST0079,5,Excellent taste
REV03916,ORD005973,CUST02094,REST0250,3,Would order again
REV03917,ORD009601,CUST01021,REST0033,5,Delivery was delayed
REV03918,ORD002889,CUST00635,REST0178,2,Would order again
REV03919,ORD006687,CUST02085,REST0013,5,Average experience
REV03920,ORD006316,CUST00374,REST0205,1,Loved it
REV03921,ORD000528,CUST00522,REST0246,2,Worth the money
REV03922,ORD004130,CUST01626,REST0061,5,Excellent taste
REV03923,ORD000723,CUST01177,REST0252,1,Delivery was delayed
REV03924,ORD005121,CUST00463,REST0188,1,Loved it
REV03925,ORD004723,CUST00368,REST0273,1,Amazing food
REV03926,ORD000221,CUST01761,REST0058,5,Not satisfied
REV03927,ORD009189,CUST01212,REST0075,5,Would order again
REV03928,ORD001936,CUST01002,REST0037,3,Worth the money
REV03929,ORD000345,CUST00745,REST0275,4,Delivery was delayed
REV03930,ORD008333,CUST00941,REST0280,1,Not satisfied
REV03931,ORD009675,CUST00615,REST0269,5,Loved it
REV03932,ORD004484,CUST00503,REST0217,1,Worth the money
REV03933,ORD009707,CUST00675,REST0194,3,Worth the money
REV03934,ORD008487,CUST02328,REST0072,4,Would order again
REV03935,ORD009217,CUST02404,REST0131,2,Would order again
REV03936,ORD006904,CUST01198,REST0227,1,Loved it
REV03937,ORD009155,CUST01719,REST0222,3,Worth the money
REV03938,ORD005961,CUST01381,REST0011,3,Packaging was poor
REV03939,ORD007035,CUST00968,REST0176,3,Amazing food
REV03940,ORD006052,CUST00997,REST0051,3,Loved it
REV03941,ORD002392,CUST00711,REST0033,1,Would order again
REV03942,ORD007182,CUST00324,REST0204,5,Excellent taste
REV03943,ORD004329,CUST01557,REST0181,2,Not satisfied
REV03944,ORD006453,CUST00641,REST0178,4,Loved it
REV03945,ORD001984,CUST00374,REST0054,2,Very late delivery
REV03946,ORD008247,CUST00470,REST0076,5,Excellent taste
REV03947,ORD001555,CUST01616,REST0271,5,Worth the money
REV03948,ORD004851,CUST02387,REST0180,3,Not satisfied
REV03949,ORD009096,CUST01972,REST0124,2,Would order again
REV03950,ORD009923,CUST00584,REST0014,4,Packaging was poor
REV03951,ORD007533,CUST02437,REST0253,4,Worth the money
REV03952,ORD006854,CUST00388,REST0236,3,Average experience
REV03953,ORD004642,CUST02214,REST0051,4,Packaging was poor
REV03954,ORD002882,CUST01457,REST0228,1,Delivery was delayed
REV03955,ORD001678,CUST00961,REST0045,2,Loved it
REV03956,ORD004886,CUST01098,REST0096,3,Excellent taste
REV03957,ORD001965,CUST01213,REST0290,4,Very late delivery
REV03958,ORD000902,CUST00811,REST0110,5,Amazing food
REV03959,ORD007131,CUST01044,REST0295,5,Amazing food
REV03960,ORD003069,CUST01845,REST0102,4,Packaging was poor
REV03961,ORD002297,CUST01904,REST0070,3,Worth the money
REV03962,ORD006238,CUST00993,REST0173,3,Loved it
REV03963,ORD005863,CUST01209,REST0014,4,Not satisfied
REV03964,ORD000297,CUST00622,REST0106,4,Average experience
REV03965,ORD008779,CUST00895,REST0156,2,Delivery was delayed
REV03966,ORD000058,CUST00324,REST0114,2,Excellent taste
REV03967,ORD007243,CUST00455,REST0182,4,Delivery was delayed
REV03968,ORD004386,CUST00325,REST0217,2,Worth the money
REV03969,ORD002985,CUST01169,REST0278,5,Average experience
REV03970,ORD000028,CUST02487,REST0185,5,Worth the money
REV03971,ORD004408,CUST02271,REST0077,3,Loved it
REV03972,ORD009878,CUST00422,REST0062,5,Very late delivery
REV03973,ORD002677,CUST02260,REST0145,5,Worth the money
REV03974,ORD008546,CUST02419,REST0151,3,Excellent taste
REV03975,ORD005263,CUST01943,REST0027,3,Packaging was poor
REV03976,ORD005842,CUST00906,REST0281,4,Worth the money
REV03977,ORD007022,CUST02404,REST0172,3,Worth the money
REV03978,ORD003249,CUST01923,REST0104,1,Amazing food
REV03979,ORD005668,CUST00563,REST0170,5,Worth the money
REV03980,ORD003885,CUST01760,REST0291,5,Not satisfied
REV03981,ORD007664,CUST01775,REST0056,4,Not satisfied
REV03982,ORD000296,CUST00289,REST0116,3,Worth the money
REV03983,ORD003162,CUST01989,REST0263,5,Amazing food
REV03984,ORD002581,CUST00939,REST0069,4,Amazing food
REV03985,ORD003871,CUST02063,REST0015,4,Average experience
REV03986,ORD009211,CUST01500,REST0181,1,Loved it
REV03987,ORD004405,CUST02445,REST0178,5,Very late delivery
REV03988,ORD006953,CUST00233,REST0059,3,Loved it
REV03989,ORD000649,CUST00172,REST0019,3,Loved it
REV03990,ORD001371,CUST01199,REST0143,2,Worth the money
REV03991,ORD009856,CUST00962,REST0129,4,Not satisfied
REV03992,ORD006993,CUST02263,REST0165,2,Excellent taste
REV03993,ORD005533,CUST01661,REST0150,4,Worth the money
REV03994,ORD009621,CUST00947,REST0258,3,Excellent taste
REV03995,ORD005709,CUST01949,REST0058,5,Very late delivery
REV03996,ORD004210,CUST02044,REST0137,4,Excellent taste
REV03997,ORD000682,CUST01968,REST0113,3,Packaging was poor
REV03998,ORD000435,CUST02486,REST0256,3,Not satisfied
REV03999,ORD009310,CUST01025,REST0005,4,Average experience
REV04000,ORD004825,CUST00030,REST0223,1,Not satisfied
REV04001,ORD009762,CUST01152,REST0123,4,Packaging was poor
REV04002,ORD003160,CUST00507,REST0004,5,Not satisfied
REV04003,ORD001490,CUST00521,REST0291,2,Not satisfied
REV04004,ORD002988,CUST00867,REST0059,1,Very late delivery
REV04005,ORD000813,CUST00793,REST0134,2,Loved it
REV04006,ORD001883,CUST01995,REST0227,1,Very late delivery
REV04007,ORD009268,CUST00002,REST0013,1,Very late delivery
REV04008,ORD004937,CUST01047,REST0047,5,Amazing food
REV04009,ORD009936,CUST00862,REST0046,1,Packaging was poor
REV04010,ORD001941,CUST02412,REST0290,5,Amazing food
REV04011,ORD003297,CUST00123,REST0087,3,Worth the money
REV04012,ORD003535,CUST00117,REST0170,1,Delivery was delayed
REV04013,ORD004526,CUST01787,REST0227,2,Excellent taste
REV04014,ORD003730,CUST00326,REST0086,4,Worth the money
REV04015,ORD007016,CUST01504,REST0280,3,Packaging was poor
REV04016,ORD001613,CUST01042,REST0165,3,Would order again
REV04017,ORD001182,CUST00143,REST0241,1,Would order again
REV04018,ORD001376,CUST02177,REST0120,5,Not satisfied
REV04019,ORD009225,CUST01647,REST0075,1,Worth the money
REV04020,ORD003947,CUST00172,REST0101,1,Average experience
REV04021,ORD007211,CUST01636,REST0257,4,Worth the money
REV04022,ORD005212,CUST02473,REST0088,1,Average experience
REV04023,ORD000064,CUST01558,REST0299,3,Would order again
REV04024,ORD000627,CUST02053,REST0104,4,Worth the money
REV04025,ORD004422,CUST01948,REST0169,2,Average experience
REV04026,ORD001670,CUST01322,REST0012,4,Would order again
REV04027,ORD002113,CUST01926,REST0198,2,Not satisfied
REV04028,ORD005805,CUST00177,REST0009,1,Very late delivery
REV04029,ORD009764,CUST00443,REST0244,4,Worth the money
REV04030,ORD004033,CUST01135,REST0272,2,Loved it
REV04031,ORD006546,CUST00914,REST0046,2,Average experience
REV04032,ORD007949,CUST00952,REST0260,3,Very late delivery
REV04033,ORD000085,CUST01613,REST0191,5,Loved it
REV04034,ORD009181,CUST01819,REST0030,2,Loved it
REV04035,ORD001463,CUST00271,REST0086,4,Amazing food
REV04036,ORD002284,CUST02047,REST0040,3,Loved it
REV04037,ORD002888,CUST01127,REST0273,3,Not satisfied
REV04038,ORD005835,CUST01186,REST0066,3,Not satisfied
REV04039,ORD000685,CUST00258,REST0291,2,Loved it
REV04040,ORD004470,CUST01799,REST0037,5,Average experience
REV04041,ORD000419,CUST01585,REST0165,5,Average experience
REV04042,ORD005229,CUST00929,REST0179,2,Delivery was delayed
REV04043,ORD004254,CUST00030,REST0254,1,Not satisfied
REV04044,ORD002710,CUST02126,REST0156,4,Not satisfied
REV04045,ORD002358,CUST01437,REST0103,4,Very late delivery
REV04046,ORD008060,CUST00090,REST0209,4,Loved it
REV04047,ORD001367,CUST02226,REST0244,4,Average experience
REV04048,ORD006278,CUST01602,REST0099,3,Would order again
REV04049,ORD003917,CUST01585,REST0056,1,Very late delivery
REV04050,ORD000294,CUST00274,REST0031,5,Would order again
REV04051,ORD002640,CUST00996,REST0285,4,Delivery was delayed
REV04052,ORD009459,CUST00352,REST0197,2,Not satisfied
REV04053,ORD001507,CUST00507,REST0052,4,Would order again
REV04054,ORD009038,CUST02005,REST0158,5,Would order again
REV04055,ORD007394,CUST01659,REST0078,5,Average experience
REV04056,ORD001635,CUST01153,REST0112,5,Very late delivery
REV04057,ORD002458,CUST01517,REST0036,4,Very late delivery
REV04058,ORD009892,CUST00699,REST0023,4,Very late delivery
REV04059,ORD005559,CUST00020,REST0175,1,Worth the money
REV04060,ORD009752,CUST01787,REST0260,4,Delivery was delayed
REV04061,ORD002301,CUST01962,REST0116,2,Amazing food
REV04062,ORD004538,CUST00028,REST0095,5,Amazing food
REV04063,ORD002939,CUST01004,REST0295,1,Excellent taste
REV04064,ORD001564,CUST01318,REST0211,4,Packaging was poor
REV04065,ORD005690,CUST00840,REST0235,1,Would order again
REV04066,ORD008659,CUST00404,REST0163,3,Worth the money
REV04067,ORD007518,CUST00991,REST0242,2,Very late delivery
REV04068,ORD001980,CUST02397,REST0018,5,Very late delivery
REV04069,ORD001884,CUST01394,REST0022,2,Would order again
REV04070,ORD003804,CUST00343,REST0180,2,Average experience
REV04071,ORD000439,CUST02170,REST0145,3,Average experience
REV04072,ORD004636,CUST01545,REST0235,3,Delivery was delayed
REV04073,ORD004529,CUST01298,REST0249,4,Delivery was delayed
REV04074,ORD004333,CUST01185,REST0017,4,Excellent taste
REV04075,ORD003574,CUST01805,REST0267,3,Worth the money
REV04076,ORD008742,CUST02474,REST0064,1,Not satisfied
REV04077,ORD008912,CUST00425,REST0061,5,Delivery was delayed
REV04078,ORD004818,CUST01624,REST0046,4,Delivery was delayed
REV04079,ORD006436,CUST01723,REST0148,3,Excellent taste
REV04080,ORD002987,CUST01332,REST0278,1,Average experience
REV04081,ORD007839,CUST02484,REST0276,1,Average experience
REV04082,ORD000705,CUST02184,REST0090,2,Very late delivery
REV04083,ORD002281,CUST01715,REST0157,5,Very late delivery
REV04084,ORD008735,CUST01689,REST0151,3,Would order again
REV04085,ORD004148,CUST02423,REST0116,2,Very late delivery
REV04086,ORD005413,CUST01577,REST0150,1,Worth the money
REV04087,ORD000374,CUST00719,REST0180,1,Not satisfied
REV04088,ORD006406,CUST02250,REST0159,1,Very late delivery
REV04089,ORD009224,CUST00481,REST0275,4,Average experience
REV04090,ORD002586,CUST01844,REST0002,3,Would order again
REV04091,ORD001333,CUST02265,REST0032,2,Delivery was delayed
REV04092,ORD009573,CUST01799,REST0239,1,Not satisfied
REV04093,ORD005283,CUST00398,REST0182,2,Excellent taste
REV04094,ORD009132,CUST02227,REST0184,2,Loved it
REV04095,ORD008316,CUST00416,REST0273,3,Loved it
REV04096,ORD009810,CUST00701,REST0286,2,Would order again
REV04097,ORD001785,CUST00529,REST0092,1,Delivery was delayed
REV04098,ORD003183,CUST00104,REST0024,5,Excellent taste
REV04099,ORD000495,CUST01609,REST0113,5,Loved it
REV04100,ORD007364,CUST02311,REST0287,5,Packaging was poor
REV04101,ORD002861,CUST01076,REST0069,5,Very late delivery
REV04102,ORD007930,CUST01322,REST0250,2,Excellent taste
REV04103,ORD004042,CUST02144,REST0036,2,Would order again
REV04104,ORD007179,CUST01213,REST0274,4,Worth the money
REV04105,ORD002898,CUST01350,REST0263,3,Average experience
REV04106,ORD000367,CUST00651,REST0251,1,Worth the money
REV04107,ORD000850,CUST00711,REST0188,1,Average experience
REV04108,ORD007441,CUST00167,REST0112,4,Amazing food
REV04109,ORD009455,CUST01358,REST0183,2,Excellent taste
REV04110,ORD004302,CUST02243,REST0099,2,Loved it
REV04111,ORD002654,CUST01432,REST0271,2,Delivery was delayed
REV04112,ORD003504,CUST02184,REST0294,5,Average experience
REV04113,ORD001542,CUST01335,REST0009,4,Not satisfied
REV04114,ORD004166,CUST00096,REST0016,1,Amazing food
REV04115,ORD008867,CUST02426,REST0128,5,Not satisfied
REV04116,ORD000323,CUST00897,REST0126,2,Worth the money
REV04117,ORD002032,CUST00061,REST0194,1,Loved it
REV04118,ORD000814,CUST02013,REST0225,5,Delivery was delayed
REV04119,ORD008940,CUST01048,REST0059,5,Excellent taste
REV04120,ORD009376,CUST00152,REST0047,5,Worth the money
REV04121,ORD001080,CUST01444,REST0041,3,Very late delivery
REV04122,ORD002227,CUST00349,REST0267,4,Would order again
REV04123,ORD009137,CUST01414,REST0094,5,Very late delivery
REV04124,ORD009532,CUST01893,REST0223,3,Excellent taste
REV04125,ORD002706,CUST01820,REST0271,3,Not satisfied
REV04126,ORD006825,CUST02200,REST0043,2,Excellent taste
REV04127,ORD007557,CUST01151,REST0187,2,Would order again
REV04128,ORD001165,CUST00326,REST0189,4,Amazing food
REV04129,ORD003262,CUST01167,REST0004,3,Loved it
REV04130,ORD004688,CUST02166,REST0134,1,Very late delivery
REV04131,ORD001451,CUST01471,REST0300,5,Excellent taste
REV04132,ORD003863,CUST00347,REST0154,2,Packaging was poor
REV04133,ORD006104,CUST01513,REST0050,4,Very late delivery
REV04134,ORD009216,CUST00231,REST0122,2,Average experience
REV04135,ORD007121,CUST00272,REST0236,4,Excellent taste
REV04136,ORD006399,CUST00882,REST0106,2,Would order again
REV04137,ORD009589,CUST00452,REST0222,2,Would order again
REV04138,ORD006215,CUST01570,REST0209,3,Not satisfied
REV04139,ORD009646,CUST00829,REST0241,1,Worth the money
REV04140,ORD005337,CUST00611,REST0129,3,Packaging was poor
REV04141,ORD004057,CUST00288,REST0061,4,Loved it
REV04142,ORD009512,CUST01526,REST0280,3,Loved it
REV04143,ORD003000,CUST02489,REST0086,4,Would order again
REV04144,ORD009025,CUST00210,REST0026,2,Packaging was poor
REV04145,ORD001232,CUST01339,REST0155,1,Very late delivery
REV04146,ORD001515,CUST00217,REST0030,3,Excellent taste
REV04147,ORD002314,CUST02201,REST0197,5,Packaging was poor
REV04148,ORD001452,CUST00434,REST0055,5,Worth the money
REV04149,ORD005268,CUST02035,REST0103,1,Average experience
REV04150,ORD006132,CUST02001,REST0279,4,Amazing food
REV04151,ORD008532,CUST00622,REST0193,5,Packaging was poor
REV04152,ORD006465,CUST01367,REST0294,5,Excellent taste
REV04153,ORD000839,CUST01103,REST0201,3,Amazing food
REV04154,ORD009916,CUST01917,REST0245,4,Packaging was poor
REV04155,ORD008262,CUST02441,REST0274,3,Very late delivery
REV04156,ORD006415,CUST01765,REST0156,4,Amazing food
REV04157,ORD008505,CUST01121,REST0296,5,Loved it
REV04158,ORD003568,CUST01134,REST0021,3,Very late delivery
REV04159,ORD009265,CUST01476,REST0099,3,Excellent taste
REV04160,ORD003088,CUST01239,REST0281,3,Loved it
REV04161,ORD008644,CUST01108,REST0056,2,Amazing food
REV04162,ORD001715,CUST00768,REST0191,2,Loved it
REV04163,ORD000340,CUST00727,REST0221,4,Amazing food
REV04164,ORD009564,CUST00339,REST0208,4,Excellent taste
REV04165,ORD005943,CUST00768,REST0198,3,Very late delivery
REV04166,ORD009870,CUST02278,REST0263,2,Loved it
REV04167,ORD008103,CUST02481,REST0237,1,Worth the money
REV04168,ORD008489,CUST02122,REST0198,1,Loved it
REV04169,ORD000589,CUST02135,REST0191,3,Amazing food
REV04170,ORD003366,CUST00132,REST0076,4,Delivery was delayed
REV04171,ORD002671,CUST01473,REST0041,4,Average experience
REV04172,ORD003590,CUST01778,REST0002,2,Not satisfied
REV04173,ORD000035,CUST00473,REST0124,1,Would order again
REV04174,ORD000029,CUST00128,REST0083,5,Amazing food
REV04175,ORD008554,CUST00488,REST0268,4,Loved it
REV04176,ORD008118,CUST00227,REST0042,2,Would order again
REV04177,ORD002171,CUST02203,REST0001,2,Packaging was poor
REV04178,ORD008378,CUST00795,REST0199,4,Very late delivery
REV04179,ORD005621,CUST00263,REST0048,4,Amazing food
REV04180,ORD000890,CUST02063,REST0260,4,Packaging was poor
REV04181,ORD006490,CUST01099,REST0187,1,Worth the money
REV04182,ORD003323,CUST02331,REST0172,3,Loved it
REV04183,ORD009397,CUST01024,REST0182,2,Delivery was delayed
REV04184,ORD003515,CUST01471,REST0179,4,Loved it
REV04185,ORD004421,CUST00425,REST0053,2,Would order again
REV04186,ORD008352,CUST01692,REST0214,1,Delivery was delayed
REV04187,ORD005362,CUST02213,REST0170,2,Loved it
REV04188,ORD003734,CUST00325,REST0238,2,Would order again
REV04189,ORD009464,CUST01640,REST0085,4,Delivery was delayed
REV04190,ORD007082,CUST01013,REST0242,1,Very late delivery
REV04191,ORD001655,CUST02141,REST0135,4,Would order again
REV04192,ORD005033,CUST01957,REST0121,5,Excellent taste
REV04193,ORD000224,CUST01398,REST0141,2,Loved it
REV04194,ORD008626,CUST02408,REST0125,4,Delivery was delayed
REV04195,ORD006195,CUST01597,REST0246,4,Not satisfied
REV04196,ORD001591,CUST00711,REST0081,5,Not satisfied
REV04197,ORD005983,CUST02276,REST0078,4,Delivery was delayed
REV04198,ORD003257,CUST02051,REST0229,3,Would order again
REV04199,ORD006681,CUST00336,REST0014,2,Packaging was poor
REV04200,ORD004771,CUST00018,REST0061,1,Worth the money
REV04201,ORD002182,CUST00055,REST0033,3,Would order again
REV04202,ORD006804,CUST01627,REST0103,4,Excellent taste
REV04203,ORD004914,CUST02497,REST0114,4,Amazing food
REV04204,ORD006787,CUST01378,REST0128,5,Amazing food
REV04205,ORD004790,CUST00309,REST0091,1,Average experience
REV04206,ORD001210,CUST00127,REST0263,5,Packaging was poor
REV04207,ORD000422,CUST02221,REST0295,4,Delivery was delayed
REV04208,ORD008741,CUST01035,REST0179,2,Worth the money
REV04209,ORD001707,CUST01753,REST0020,3,Very late delivery
REV04210,ORD001159,CUST01830,REST0094,3,Very late delivery
REV04211,ORD002307,CUST02109,REST0219,5,Loved it
REV04212,ORD000274,CUST00461,REST0244,1,Amazing food
REV04213,ORD000172,CUST00201,REST0192,2,Excellent taste
REV04214,ORD003957,CUST00432,REST0040,1,Average experience
REV04215,ORD006697,CUST01213,REST0056,5,Excellent taste
REV04216,ORD003189,CUST00763,REST0118,2,Average experience
REV04217,ORD008133,CUST02001,REST0161,2,Packaging was poor
REV04218,ORD004809,CUST00986,REST0024,3,Amazing food
REV04219,ORD008084,CUST00758,REST0155,2,Amazing food
REV04220,ORD001565,CUST02048,REST0174,4,Average experience
REV04221,ORD001783,CUST01808,REST0118,2,Packaging was poor
REV04222,ORD000844,CUST02006,REST0266,5,Worth the money
REV04223,ORD009346,CUST00677,REST0182,4,Loved it
REV04224,ORD004462,CUST00093,REST0150,1,Would order again
REV04225,ORD000905,CUST02288,REST0203,4,Not satisfied
REV04226,ORD005912,CUST00981,REST0167,4,Average experience
REV04227,ORD009951,CUST01142,REST0030,4,Average experience
REV04228,ORD009298,CUST00622,REST0077,1,Would order again
REV04229,ORD001548,CUST00629,REST0152,5,Loved it
REV04230,ORD002081,CUST01745,REST0082,2,Loved it
REV04231,ORD009882,CUST01211,REST0245,4,Would order again
REV04232,ORD003986,CUST01071,REST0002,5,Loved it
REV04233,ORD006390,CUST01042,REST0211,4,Loved it
REV04234,ORD007580,CUST00497,REST0241,5,Average experience
REV04235,ORD009246,CUST02160,REST0175,2,Loved it
REV04236,ORD006568,CUST00467,REST0044,1,Worth the money
REV04237,ORD008207,CUST01856,REST0161,5,Would order again
REV04238,ORD003821,CUST01609,REST0009,4,Excellent taste
REV04239,ORD002647,CUST02132,REST0300,4,Delivery was delayed
REV04240,ORD004455,CUST02207,REST0041,1,Worth the money
REV04241,ORD007160,CUST01280,REST0155,3,Not satisfied
REV04242,ORD008222,CUST02016,REST0076,1,Worth the money
REV04243,ORD008597,CUST00554,REST0129,3,Delivery was delayed
REV04244,ORD009590,CUST01247,REST0161,5,Amazing food
REV04245,ORD006072,CUST00020,REST0084,2,Excellent taste
REV04246,ORD002156,CUST01142,REST0034,5,Delivery was delayed
REV04247,ORD006713,CUST00211,REST0136,5,Very late delivery
REV04248,ORD003716,CUST00725,REST0099,4,Delivery was delayed
REV04249,ORD004058,CUST02278,REST0215,3,Amazing food
REV04250,ORD005953,CUST02361,REST0186,1,Average experience
REV04251,ORD003103,CUST01352,REST0091,3,Loved it
REV04252,ORD000559,CUST00893,REST0161,5,Amazing food
REV04253,ORD004611,CUST01765,REST0153,5,Amazing food
REV04254,ORD006979,CUST00930,REST0201,1,Packaging was poor
REV04255,ORD001437,CUST00041,REST0174,1,Worth the money
REV04256,ORD000508,CUST01126,REST0290,5,Average experience
REV04257,ORD001870,CUST02216,REST0021,5,Packaging was poor
REV04258,ORD000756,CUST01507,REST0178,2,Worth the money
REV04259,ORD005420,CUST01364,REST0231,1,Delivery was delayed
REV04260,ORD004051,CUST01577,REST0049,4,Very late delivery
REV04261,ORD008090,CUST01892,REST0037,3,Delivery was delayed
REV04262,ORD003837,CUST02492,REST0247,4,Amazing food
REV04263,ORD002119,CUST01918,REST0247,2,Very late delivery
REV04264,ORD006153,CUST00226,REST0074,2,Loved it
REV04265,ORD007809,CUST00997,REST0267,4,Not satisfied
REV04266,ORD000502,CUST00128,REST0131,1,Packaging was poor
REV04267,ORD006260,CUST01735,REST0270,2,Very late delivery
REV04268,ORD009744,CUST00488,REST0164,3,Average experience
REV04269,ORD001540,CUST00292,REST0194,3,Worth the money
REV04270,ORD006142,CUST02030,REST0292,3,Worth the money
REV04271,ORD001212,CUST01992,REST0194,5,Would order again
REV04272,ORD009123,CUST01273,REST0120,2,Loved it
REV04273,ORD000673,CUST00894,REST0142,4,Packaging was poor
REV04274,ORD003378,CUST00126,REST0036,2,Worth the money
REV04275,ORD008784,CUST01419,REST0069,2,Very late delivery
REV04276,ORD001465,CUST02247,REST0266,4,Amazing food
REV04277,ORD001193,CUST00429,REST0121,3,Amazing food
REV04278,ORD006985,CUST01779,REST0200,4,Excellent taste
REV04279,ORD001873,CUST02071,REST0135,4,Loved it
REV04280,ORD003591,CUST01146,REST0063,1,Would order again
REV04281,ORD006727,CUST00461,REST0229,4,Not satisfied
REV04282,ORD000506,CUST01269,REST0283,5,Would order again
REV04283,ORD008119,CUST01306,REST0074,1,Worth the money
REV04284,ORD000507,CUST00526,REST0015,4,Would order again
REV04285,ORD009450,CUST00312,REST0157,2,Loved it
REV04286,ORD007132,CUST01820,REST0108,5,Average experience
REV04287,ORD004808,CUST00298,REST0039,5,Average experience
REV04288,ORD007304,CUST01987,REST0282,1,Excellent taste
REV04289,ORD001774,CUST02281,REST0145,2,Worth the money
REV04290,ORD006855,CUST00880,REST0074,4,Loved it
REV04291,ORD004907,CUST01415,REST0107,4,Delivery was delayed
REV04292,ORD000798,CUST01814,REST0145,4,Not satisfied
REV04293,ORD008786,CUST01500,REST0003,1,Very late delivery
REV04294,ORD007071,CUST02188,REST0157,4,Loved it
REV04295,ORD002830,CUST01445,REST0128,4,Very late delivery
REV04296,ORD009320,CUST01624,REST0270,5,Very late delivery
REV04297,ORD008738,CUST01899,REST0227,3,Average experience
REV04298,ORD000313,CUST00858,REST0286,4,Worth the money
REV04299,ORD000747,CUST00580,REST0053,2,Worth the money
REV04300,ORD003570,CUST00066,REST0180,1,Would order again
REV04301,ORD000791,CUST01114,REST0021,4,Very late delivery
REV04302,ORD002477,CUST02019,REST0251,1,Not satisfied
REV04303,ORD009326,CUST00670,REST0063,3,Worth the money
REV04304,ORD002571,CUST01930,REST0003,4,Delivery was delayed
REV04305,ORD005287,CUST00453,REST0045,3,Packaging was poor
REV04306,ORD005216,CUST01861,REST0235,2,Amazing food
REV04307,ORD002164,CUST01944,REST0209,4,Average experience
REV04308,ORD006578,CUST01461,REST0078,4,Packaging was poor
REV04309,ORD008450,CUST02343,REST0076,5,Excellent taste
REV04310,ORD000381,CUST01952,REST0293,3,Would order again
REV04311,ORD008509,CUST00607,REST0265,4,Excellent taste
REV04312,ORD001293,CUST00548,REST0001,3,Delivery was delayed
REV04313,ORD001913,CUST00297,REST0107,5,Worth the money
REV04314,ORD000600,CUST01980,REST0140,3,Would order again
REV04315,ORD003893,CUST01417,REST0116,2,Average experience
REV04316,ORD004142,CUST00977,REST0064,4,Very late delivery
REV04317,ORD001653,CUST00903,REST0245,5,Excellent taste
REV04318,ORD005225,CUST01384,REST0015,3,Very late delivery
REV04319,ORD001894,CUST01966,REST0112,4,Loved it
REV04320,ORD001945,CUST00190,REST0039,4,Average experience
REV04321,ORD003396,CUST01883,REST0145,1,Amazing food
REV04322,ORD005480,CUST00269,REST0035,1,Loved it
REV04323,ORD009770,CUST01547,REST0095,3,Loved it
REV04324,ORD000376,CUST01798,REST0013,3,Excellent taste
REV04325,ORD001967,CUST00342,REST0052,4,Would order again
REV04326,ORD003958,CUST01840,REST0208,5,Amazing food
REV04327,ORD007136,CUST01759,REST0210,2,Excellent taste
REV04328,ORD007479,CUST00801,REST0218,4,Average experience
REV04329,ORD004506,CUST01367,REST0012,4,Very late delivery
REV04330,ORD009581,CUST01621,REST0049,1,Excellent taste
REV04331,ORD005289,CUST01688,REST0011,4,Would order again
REV04332,ORD001472,CUST02110,REST0142,1,Excellent taste
REV04333,ORD003347,CUST01368,REST0068,5,Average experience
REV04334,ORD006254,CUST00291,REST0263,2,Would order again
REV04335,ORD002854,CUST00354,REST0073,2,Worth the money
REV04336,ORD008989,CUST01731,REST0297,2,Excellent taste
REV04337,ORD009776,CUST02153,REST0024,2,Loved it
REV04338,ORD006460,CUST00828,REST0217,4,Very late delivery
REV04339,ORD004063,CUST00253,REST0143,5,Very late delivery
REV04340,ORD005864,CUST01230,REST0205,4,Packaging was poor
REV04341,ORD004307,CUST00362,REST0107,1,Would order again
REV04342,ORD004878,CUST02089,REST0233,2,Amazing food
REV04343,ORD007250,CUST00566,REST0149,5,Amazing food
REV04344,ORD005274,CUST00556,REST0095,2,Amazing food
REV04345,ORD003991,CUST00708,REST0277,4,Loved it
REV04346,ORD001050,CUST00370,REST0071,1,Loved it
REV04347,ORD006176,CUST00818,REST0096,2,Delivery was delayed
REV04348,ORD006927,CUST00861,REST0184,5,Very late delivery
REV04349,ORD007865,CUST00999,REST0177,2,Would order again
REV04350,ORD002036,CUST02098,REST0144,5,Not satisfied
REV04351,ORD004040,CUST01979,REST0226,4,Very late delivery
REV04352,ORD006876,CUST00716,REST0098,2,Average experience
REV04353,ORD009355,CUST01176,REST0139,2,Loved it
REV04354,ORD001973,CUST00591,REST0297,5,Average experience
REV04355,ORD005073,CUST01581,REST0018,2,Would order again
REV04356,ORD002100,CUST02328,REST0027,1,Amazing food
REV04357,ORD001500,CUST01202,REST0243,2,Would order again
REV04358,ORD009613,CUST01341,REST0292,2,Worth the money
REV04359,ORD000653,CUST01008,REST0160,3,Amazing food
REV04360,ORD000171,CUST00785,REST0293,3,Amazing food
REV04361,ORD004086,CUST01915,REST0263,3,Not satisfied
REV04362,ORD000243,CUST01480,REST0229,1,Very late delivery
REV04363,ORD005711,CUST01127,REST0050,2,Loved it
REV04364,ORD006973,CUST01148,REST0255,1,Loved it
REV04365,ORD002757,CUST02162,REST0218,1,Loved it
REV04366,ORD006885,CUST01278,REST0065,1,Packaging was poor
REV04367,ORD005447,CUST01505,REST0004,4,Not satisfied
REV04368,ORD002077,CUST01753,REST0202,4,Worth the money
REV04369,ORD004104,CUST01029,REST0172,3,Very late delivery
REV04370,ORD009560,CUST00383,REST0079,4,Would order again
REV04371,ORD007572,CUST00859,REST0221,2,Worth the money
REV04372,ORD009467,CUST00538,REST0245,4,Excellent taste
REV04373,ORD004895,CUST01100,REST0115,3,Loved it
REV04374,ORD006693,CUST01436,REST0119,5,Excellent taste
REV04375,ORD008055,CUST00007,REST0021,1,Amazing food
REV04376,ORD005390,CUST01967,REST0001,1,Amazing food
REV04377,ORD009374,CUST00546,REST0192,2,Very late delivery
REV04378,ORD008022,CUST02409,REST0201,1,Packaging was poor
REV04379,ORD008605,CUST00870,REST0142,2,Would order again
REV04380,ORD004481,CUST01953,REST0125,1,Average experience
REV04381,ORD008327,CUST00990,REST0027,5,Very late delivery
REV04382,ORD004079,CUST00453,REST0080,3,Worth the money
REV04383,ORD000641,CUST00982,REST0034,4,Delivery was delayed
REV04384,ORD001271,CUST01862,REST0094,2,Worth the money
REV04385,ORD002779,CUST01668,REST0154,4,Excellent taste
REV04386,ORD009498,CUST00287,REST0040,5,Packaging was poor
REV04387,ORD003862,CUST01533,REST0280,3,Loved it
REV04388,ORD003481,CUST02035,REST0073,4,Excellent taste
REV04389,ORD001535,CUST00298,REST0003,3,Packaging was poor
REV04390,ORD000326,CUST01072,REST0187,3,Excellent taste
REV04391,ORD002339,CUST00510,REST0154,5,Average experience
REV04392,ORD003981,CUST00760,REST0212,5,Average experience
REV04393,ORD006878,CUST00903,REST0062,5,Not satisfied
REV04394,ORD004055,CUST01860,REST0035,4,Packaging was poor
REV04395,ORD002238,CUST02274,REST0018,2,Packaging was poor
REV04396,ORD007107,CUST02358,REST0210,5,Delivery was delayed
REV04397,ORD009669,CUST01988,REST0157,4,Would order again
REV04398,ORD004746,CUST00066,REST0060,2,Not satisfied
REV04399,ORD000865,CUST02130,REST0269,4,Would order again
REV04400,ORD006204,CUST00696,REST0098,2,Worth the money
REV04401,ORD005509,CUST02418,REST0092,3,Would order again
REV04402,ORD007430,CUST01133,REST0158,1,Average experience
REV04403,ORD000372,CUST01795,REST0074,3,Packaging was poor
REV04404,ORD006297,CUST01887,REST0097,5,Delivery was delayed
REV04405,ORD005552,CUST00852,REST0119,4,Average experience
REV04406,ORD005724,CUST01113,REST0299,3,Packaging was poor
REV04407,ORD005900,CUST01065,REST0101,4,Worth the money
REV04408,ORD009288,CUST00248,REST0003,1,Amazing food
REV04409,ORD007872,CUST02238,REST0284,2,Average experience
REV04410,ORD002365,CUST00319,REST0041,2,Excellent taste
REV04411,ORD003214,CUST02154,REST0001,5,Very late delivery
REV04412,ORD000912,CUST00664,REST0246,1,Average experience
REV04413,ORD009048,CUST01861,REST0211,5,Amazing food
REV04414,ORD009791,CUST01615,REST0206,2,Would order again
REV04415,ORD007290,CUST01612,REST0178,4,Excellent taste
REV04416,ORD009959,CUST00581,REST0110,4,Average experience
REV04417,ORD006537,CUST02035,REST0027,1,Average experience
REV04418,ORD009193,CUST00900,REST0262,4,Amazing food
REV04419,ORD001424,CUST00162,REST0135,2,Very late delivery
REV04420,ORD009808,CUST01537,REST0043,3,Average experience
REV04421,ORD000480,CUST02375,REST0286,3,Excellent taste
REV04422,ORD000663,CUST00175,REST0241,3,Amazing food
REV04423,ORD004477,CUST01114,REST0143,1,Would order again
REV04424,ORD008983,CUST01440,REST0168,5,Worth the money
REV04425,ORD008078,CUST00800,REST0290,2,Would order again
REV04426,ORD002989,CUST00677,REST0121,4,Not satisfied
REV04427,ORD001120,CUST02278,REST0265,5,Packaging was poor
REV04428,ORD002777,CUST01602,REST0136,1,Loved it
REV04429,ORD009836,CUST00702,REST0071,3,Excellent taste
REV04430,ORD005004,CUST02466,REST0263,4,Excellent taste
REV04431,ORD006650,CUST01385,REST0114,3,Packaging was poor
REV04432,ORD007255,CUST01687,REST0278,1,Average experience
REV04433,ORD004428,CUST02269,REST0096,1,Delivery was delayed
REV04434,ORD007432,CUST00085,REST0124,4,Loved it
REV04435,ORD003982,CUST00635,REST0092,2,Delivery was delayed
REV04436,ORD006352,CUST00942,REST0251,4,Delivery was delayed
REV04437,ORD002894,CUST01033,REST0243,1,Delivery was delayed
REV04438,ORD002670,CUST01176,REST0020,5,Delivery was delayed
REV04439,ORD003978,CUST00451,REST0269,5,Average experience
REV04440,ORD005260,CUST01297,REST0020,5,Not satisfied
REV04441,ORD000280,CUST00595,REST0297,2,Loved it
REV04442,ORD006731,CUST02128,REST0264,4,Packaging was poor
REV04443,ORD006105,CUST00595,REST0216,1,Loved it
REV04444,ORD007021,CUST01716,REST0289,2,Excellent taste
REV04445,ORD001695,CUST00492,REST0234,2,Not satisfied
REV04446,ORD008913,CUST00742,REST0109,1,Amazing food
REV04447,ORD003480,CUST02480,REST0006,3,Would order again
REV04448,ORD004417,CUST00009,REST0295,2,Very late delivery
REV04449,ORD007593,CUST01815,REST0180,4,Average experience
REV04450,ORD006283,CUST00407,REST0184,1,Would order again
REV04451,ORD005604,CUST00929,REST0250,1,Would order again
REV04452,ORD008620,CUST00999,REST0025,5,Worth the money
REV04453,ORD007781,CUST00366,REST0241,2,Worth the money
REV04454,ORD004297,CUST01568,REST0043,3,Amazing food
REV04455,ORD004594,CUST02235,REST0168,4,Delivery was delayed
REV04456,ORD004845,CUST01741,REST0276,4,Amazing food
REV04457,ORD002210,CUST00329,REST0133,4,Would order again
REV04458,ORD007606,CUST02224,REST0041,1,Delivery was delayed
REV04459,ORD005502,CUST00481,REST0294,3,Delivery was delayed
REV04460,ORD000185,CUST00652,REST0206,2,Average experience
REV04461,ORD004801,CUST00575,REST0110,5,Loved it
REV04462,ORD004846,CUST01054,REST0285,4,Delivery was delayed
REV04463,ORD002351,CUST01891,REST0220,2,Loved it
REV04464,ORD000554,CUST01584,REST0229,1,Amazing food
REV04465,ORD001398,CUST02175,REST0255,2,Packaging was poor
REV04466,ORD001385,CUST02034,REST0082,1,Packaging was poor
REV04467,ORD009183,CUST00777,REST0059,4,Excellent taste
REV04468,ORD009818,CUST00180,REST0012,5,Average experience
REV04469,ORD000298,CUST00481,REST0267,5,Amazing food
REV04470,ORD000444,CUST02093,REST0049,4,Average experience
REV04471,ORD007339,CUST01974,REST0119,4,Average experience
REV04472,ORD002078,CUST00261,REST0074,4,Excellent taste
REV04473,ORD007816,CUST01855,REST0049,5,Packaging was poor
REV04474,ORD002230,CUST01916,REST0065,1,Packaging was poor
REV04475,ORD002843,CUST01712,REST0022,1,Worth the money
REV04476,ORD002538,CUST01082,REST0175,5,Average experience
REV04477,ORD008146,CUST02031,REST0038,5,Excellent taste
REV04478,ORD009537,CUST01901,REST0221,3,Worth the money
REV04479,ORD006444,CUST02208,REST0218,5,Delivery was delayed
REV04480,ORD003368,CUST00142,REST0156,3,Loved it
REV04481,ORD004487,CUST01403,REST0296,5,Packaging was poor
REV04482,ORD002579,CUST02080,REST0253,5,Loved it
REV04483,ORD001132,CUST02437,REST0119,5,Delivery was delayed
REV04484,ORD004819,CUST00923,REST0050,1,Very late delivery
REV04485,ORD000321,CUST01578,REST0054,2,Not satisfied
REV04486,ORD001372,CUST01552,REST0084,3,Excellent taste
REV04487,ORD004043,CUST01018,REST0174,3,Packaging was poor
REV04488,ORD009126,CUST00632,REST0276,3,Amazing food
REV04489,ORD005146,CUST01184,REST0235,3,Would order again
REV04490,ORD000908,CUST00526,REST0299,1,Delivery was delayed
REV04491,ORD009427,CUST00053,REST0178,2,Excellent taste
REV04492,ORD003951,CUST00678,REST0269,3,Loved it
REV04493,ORD006146,CUST02026,REST0168,1,Loved it
REV04494,ORD008887,CUST00376,REST0070,1,Average experience
REV04495,ORD006696,CUST02120,REST0103,5,Delivery was delayed
REV04496,ORD004978,CUST02144,REST0059,5,Average experience
REV04497,ORD006093,CUST02120,REST0026,4,Worth the money
REV04498,ORD008409,CUST02295,REST0141,5,Loved it
REV04499,ORD000927,CUST01230,REST0103,4,Packaging was poor
REV04500,ORD006144,CUST01885,REST0140,4,Amazing food
REV04501,ORD000016,CUST00063,REST0144,3,Very late delivery
REV04502,ORD000144,CUST02327,REST0072,1,Amazing food
REV04503,ORD002364,CUST00323,REST0036,2,Excellent taste
REV04504,ORD000130,CUST01143,REST0072,2,Excellent taste
REV04505,ORD001162,CUST00477,REST0155,5,Packaging was poor
REV04506,ORD007552,CUST00041,REST0254,5,Not satisfied
REV04507,ORD006130,CUST01690,REST0066,3,Worth the money
REV04508,ORD004666,CUST02253,REST0293,3,Loved it
REV04509,ORD005661,CUST02450,REST0167,1,Amazing food
REV04510,ORD006461,CUST00579,REST0201,1,Not satisfied
REV04511,ORD001877,CUST02143,REST0199,4,Packaging was poor
REV04512,ORD002489,CUST01918,REST0159,1,Loved it
REV04513,ORD005328,CUST01272,REST0067,1,Amazing food
REV04514,ORD009362,CUST02173,REST0296,5,Loved it
REV04515,ORD001183,CUST02095,REST0096,4,Packaging was poor
REV04516,ORD006136,CUST02305,REST0097,2,Very late delivery
REV04517,ORD006378,CUST00022,REST0023,4,Delivery was delayed
REV04518,ORD001171,CUST00192,REST0183,3,Not satisfied
REV04519,ORD002183,CUST02342,REST0012,2,Average experience
REV04520,ORD003372,CUST00012,REST0296,2,Excellent taste
REV04521,ORD008041,CUST00551,REST0249,1,Very late delivery
REV04522,ORD001860,CUST01147,REST0085,1,Packaging was poor
REV04523,ORD004861,CUST00466,REST0229,5,Amazing food
REV04524,ORD009256,CUST00915,REST0223,1,Delivery was delayed
REV04525,ORD008346,CUST01191,REST0156,1,Not satisfied
REV04526,ORD007348,CUST00718,REST0191,3,Loved it
REV04527,ORD004865,CUST01457,REST0196,4,Packaging was poor
REV04528,ORD009887,CUST02344,REST0174,1,Very late delivery
REV04529,ORD006389,CUST01767,REST0154,5,Worth the money
REV04530,ORD003122,CUST00576,REST0039,3,Would order again
REV04531,ORD000388,CUST02171,REST0106,1,Loved it
REV04532,ORD007786,CUST01716,REST0073,5,Worth the money
REV04533,ORD001033,CUST00195,REST0248,2,Would order again
REV04534,ORD007853,CUST01599,REST0267,5,Worth the money
REV04535,ORD005419,CUST01460,REST0050,2,Worth the money
REV04536,ORD000932,CUST00610,REST0041,3,Average experience
REV04537,ORD004020,CUST01955,REST0117,1,Excellent taste
REV04538,ORD000692,CUST00313,REST0053,3,Very late delivery
REV04539,ORD005299,CUST02499,REST0008,3,Very late delivery
REV04540,ORD006659,CUST01590,REST0259,3,Worth the money
REV04541,ORD000830,CUST01852,REST0141,5,Excellent taste
REV04542,ORD003499,CUST01935,REST0076,3,Loved it
REV04543,ORD002082,CUST00493,REST0012,5,Excellent taste
REV04544,ORD009441,CUST01089,REST0127,5,Loved it
REV04545,ORD000045,CUST01785,REST0149,4,Very late delivery
REV04546,ORD003940,CUST00168,REST0014,1,Not satisfied
REV04547,ORD005258,CUST00165,REST0141,4,Not satisfied
REV04548,ORD008438,CUST01466,REST0070,1,Worth the money
REV04549,ORD004320,CUST00765,REST0017,1,Packaging was poor
REV04550,ORD002966,CUST02278,REST0280,5,Delivery was delayed
REV04551,ORD003970,CUST00152,REST0189,5,Delivery was delayed
REV04552,ORD001188,CUST00626,REST0073,1,Very late delivery
REV04553,ORD000285,CUST00396,REST0176,5,Packaging was poor
REV04554,ORD008874,CUST00781,REST0031,5,Would order again
REV04555,ORD004160,CUST00921,REST0294,5,Average experience
REV04556,ORD003093,CUST02291,REST0056,3,Worth the money
REV04557,ORD004557,CUST01420,REST0023,4,Very late delivery
REV04558,ORD004585,CUST00820,REST0148,2,Not satisfied
REV04559,ORD004324,CUST02215,REST0006,1,Would order again
REV04560,ORD005505,CUST00891,REST0204,2,Would order again
REV04561,ORD007075,CUST00740,REST0135,1,Loved it
REV04562,ORD003365,CUST02383,REST0152,2,Average experience
REV04563,ORD008026,CUST00888,REST0110,3,Delivery was delayed
REV04564,ORD003196,CUST00548,REST0219,1,Not satisfied
REV04565,ORD008811,CUST00279,REST0104,5,Very late delivery
REV04566,ORD000970,CUST00953,REST0110,4,Would order again
REV04567,ORD003735,CUST01266,REST0272,3,Packaging was poor
REV04568,ORD000926,CUST01361,REST0041,2,Average experience
REV04569,ORD009497,CUST01183,REST0156,2,Amazing food
REV04570,ORD006452,CUST01798,REST0287,5,Amazing food
REV04571,ORD008798,CUST00759,REST0114,1,Not satisfied
REV04572,ORD002852,CUST02197,REST0134,1,Delivery was delayed
REV04573,ORD005181,CUST01160,REST0065,2,Not satisfied
REV04574,ORD006724,CUST02353,REST0181,5,Very late delivery
REV04575,ORD009323,CUST01188,REST0052,2,Not satisfied
REV04576,ORD007811,CUST00614,REST0194,1,Would order again
REV04577,ORD004472,CUST00937,REST0081,1,Amazing food
REV04578,ORD005169,CUST00372,REST0270,3,Amazing food
REV04579,ORD004349,CUST01498,REST0009,4,Packaging was poor
REV04580,ORD007904,CUST00395,REST0155,2,Very late delivery
REV04581,ORD003627,CUST00559,REST0105,3,Average experience
REV04582,ORD001790,CUST00505,REST0284,4,Average experience
REV04583,ORD008294,CUST01823,REST0004,2,Amazing food
REV04584,ORD002060,CUST01807,REST0148,1,Not satisfied
REV04585,ORD004014,CUST00911,REST0102,1,Delivery was delayed
REV04586,ORD001903,CUST01740,REST0033,3,Delivery was delayed
REV04587,ORD005574,CUST00061,REST0260,1,Not satisfied
REV04588,ORD006926,CUST00927,REST0280,1,Excellent taste
REV04589,ORD000076,CUST01358,REST0212,5,Excellent taste
REV04590,ORD002346,CUST00886,REST0199,2,Amazing food
REV04591,ORD005485,CUST00692,REST0251,5,Not satisfied
REV04592,ORD000431,CUST00101,REST0072,4,Average experience
REV04593,ORD004587,CUST02309,REST0119,3,Delivery was delayed
REV04594,ORD008100,CUST00653,REST0237,2,Very late delivery
REV04595,ORD008458,CUST00930,REST0001,5,Would order again
REV04596,ORD008157,CUST01991,REST0047,3,Worth the money
REV04597,ORD007894,CUST01603,REST0157,2,Delivery was delayed
REV04598,ORD001554,CUST00742,REST0197,2,Very late delivery
REV04599,ORD000241,CUST02302,REST0046,5,Amazing food
REV04600,ORD000784,CUST01000,REST0267,2,Delivery was delayed
REV04601,ORD003067,CUST00591,REST0050,1,Delivery was delayed
REV04602,ORD000978,CUST01338,REST0095,3,Would order again
REV04603,ORD002942,CUST00480,REST0188,2,Loved it
REV04604,ORD005378,CUST02338,REST0184,3,Would order again
REV04605,ORD004731,CUST00762,REST0061,1,Worth the money
REV04606,ORD001621,CUST00690,REST0186,4,Packaging was poor
REV04607,ORD002147,CUST01272,REST0202,2,Delivery was delayed
REV04608,ORD001802,CUST02027,REST0037,2,Packaging was poor
REV04609,ORD002096,CUST02062,REST0138,4,Delivery was delayed
REV04610,ORD006075,CUST00658,REST0088,2,Would order again
REV04611,ORD005246,CUST00851,REST0245,3,Not satisfied
REV04612,ORD001358,CUST01838,REST0035,4,Worth the money
REV04613,ORD008064,CUST00630,REST0287,4,Packaging was poor
REV04614,ORD006051,CUST00788,REST0283,3,Packaging was poor
REV04615,ORD008369,CUST01671,REST0149,3,Worth the money
REV04616,ORD006018,CUST00635,REST0020,2,Average experience
REV04617,ORD009932,CUST01098,REST0114,4,Would order again
REV04618,ORD008770,CUST02453,REST0134,5,Amazing food
REV04619,ORD007504,CUST01559,REST0251,4,Delivery was delayed
REV04620,ORD001610,CUST02384,REST0054,4,Delivery was delayed
REV04621,ORD003097,CUST01813,REST0278,1,Not satisfied
REV04622,ORD009772,CUST01207,REST0267,4,Excellent taste
REV04623,ORD002416,CUST02109,REST0287,3,Excellent taste
REV04624,ORD002018,CUST01009,REST0178,5,Worth the money
REV04625,ORD006019,CUST00332,REST0179,3,Would order again
REV04626,ORD004126,CUST01109,REST0181,3,Not satisfied
REV04627,ORD009803,CUST00360,REST0029,3,Very late delivery
REV04628,ORD003247,CUST00184,REST0248,4,Delivery was delayed
REV04629,ORD000125,CUST00709,REST0002,3,Worth the money
REV04630,ORD006426,CUST00671,REST0232,3,Not satisfied
REV04631,ORD005309,CUST00013,REST0128,2,Worth the money
REV04632,ORD007464,CUST01594,REST0204,4,Packaging was poor
REV04633,ORD009158,CUST00351,REST0264,5,Would order again
REV04634,ORD003342,CUST02305,REST0257,5,Loved it
REV04635,ORD000599,CUST02416,REST0267,4,Delivery was delayed
REV04636,ORD002124,CUST02122,REST0190,1,Amazing food
REV04637,ORD009499,CUST01066,REST0224,1,Excellent taste
REV04638,ORD007686,CUST02374,REST0098,5,Would order again
REV04639,ORD007050,CUST01369,REST0277,5,Worth the money
REV04640,ORD009662,CUST01961,REST0245,4,Amazing food
REV04641,ORD002198,CUST00131,REST0090,4,Not satisfied
REV04642,ORD004052,CUST00843,REST0206,1,Loved it
REV04643,ORD006055,CUST02263,REST0202,4,Very late delivery
REV04644,ORD003363,CUST00069,REST0190,2,Very late delivery
REV04645,ORD006852,CUST01228,REST0090,5,Average experience
REV04646,ORD000726,CUST00364,REST0186,2,Loved it
REV04647,ORD004935,CUST00445,REST0002,3,Loved it
REV04648,ORD000979,CUST02206,REST0128,1,Worth the money
REV04649,ORD000809,CUST02091,REST0023,1,Loved it
REV04650,ORD009604,CUST01595,REST0025,2,Amazing food
REV04651,ORD001476,CUST01487,REST0105,4,Would order again
REV04652,ORD005936,CUST01946,REST0261,4,Amazing food
REV04653,ORD009037,CUST01717,REST0257,2,Loved it
REV04654,ORD007336,CUST00765,REST0010,5,Packaging was poor
REV04655,ORD003963,CUST00717,REST0194,4,Loved it
REV04656,ORD006423,CUST01885,REST0189,3,Average experience
REV04657,ORD004906,CUST00539,REST0083,5,Delivery was delayed
REV04658,ORD001236,CUST01458,REST0055,1,Very late delivery
REV04659,ORD001226,CUST02472,REST0126,3,Loved it
REV04660,ORD008050,CUST01989,REST0054,1,Would order again
REV04661,ORD009279,CUST00258,REST0133,2,Not satisfied
REV04662,ORD008672,CUST00642,REST0268,2,Not satisfied
REV04663,ORD005230,CUST00806,REST0236,5,Loved it
REV04664,ORD006951,CUST00260,REST0273,1,Loved it
REV04665,ORD003218,CUST02173,REST0014,4,Not satisfied
REV04666,ORD000288,CUST00340,REST0259,4,Average experience
REV04667,ORD005024,CUST02088,REST0125,3,Amazing food
REV04668,ORD002967,CUST01477,REST0081,3,Would order again
REV04669,ORD003165,CUST02118,REST0042,4,Would order again
REV04670,ORD006004,CUST01234,REST0011,2,Amazing food
REV04671,ORD008888,CUST01900,REST0152,4,Average experience
REV04672,ORD001658,CUST01217,REST0045,2,Amazing food
REV04673,ORD001976,CUST00744,REST0212,4,Loved it
REV04674,ORD002398,CUST01252,REST0167,1,Worth the money
REV04675,ORD000453,CUST00811,REST0233,5,Worth the money
REV04676,ORD008031,CUST01954,REST0018,4,Packaging was poor
REV04677,ORD004697,CUST01818,REST0208,5,Loved it
REV04678,ORD003682,CUST02450,REST0046,1,Not satisfied
REV04679,ORD000423,CUST00933,REST0084,5,Loved it
REV04680,ORD009726,CUST00965,REST0062,5,Not satisfied
REV04681,ORD000658,CUST01368,REST0163,3,Packaging was poor
REV04682,ORD003302,CUST01490,REST0223,4,Average experience
REV04683,ORD006395,CUST00857,REST0121,3,Average experience
REV04684,ORD002846,CUST02243,REST0075,4,Not satisfied
REV04685,ORD008292,CUST01679,REST0250,2,Amazing food
REV04686,ORD007498,CUST00494,REST0217,3,Excellent taste
REV04687,ORD001002,CUST01741,REST0039,1,Amazing food
REV04688,ORD004199,CUST00528,REST0201,3,Loved it
REV04689,ORD002419,CUST00038,REST0144,2,Average experience
REV04690,ORD007483,CUST02236,REST0053,5,Would order again
REV04691,ORD005707,CUST00581,REST0093,5,Loved it
REV04692,ORD003848,CUST02043,REST0235,4,Amazing food
REV04693,ORD000962,CUST01572,REST0280,1,Excellent taste
REV04694,ORD001581,CUST01332,REST0056,3,Worth the money
REV04695,ORD005008,CUST01054,REST0023,3,Very late delivery
REV04696,ORD002207,CUST01467,REST0095,5,Loved it
REV04697,ORD006313,CUST01412,REST0272,4,Loved it
REV04698,ORD009563,CUST02246,REST0299,5,Amazing food
REV04699,ORD004232,CUST00581,REST0114,3,Excellent taste
REV04700,ORD000758,CUST00948,REST0204,1,Average experience
REV04701,ORD002285,CUST01594,REST0114,4,Loved it
REV04702,ORD006664,CUST00020,REST0227,5,Would order again
REV04703,ORD004756,CUST00298,REST0083,2,Not satisfied
REV04704,ORD008212,CUST00335,REST0125,5,Excellent taste
REV04705,ORD000808,CUST00691,REST0297,1,Not satisfied
REV04706,ORD006576,CUST00449,REST0216,1,Loved it
REV04707,ORD007720,CUST01807,REST0034,1,Would order again
REV04708,ORD001957,CUST01021,REST0208,5,Loved it
REV04709,ORD002446,CUST00898,REST0225,2,Excellent taste
REV04710,ORD005876,CUST01428,REST0263,1,Worth the money
REV04711,ORD008164,CUST02321,REST0275,4,Excellent taste
REV04712,ORD006139,CUST00663,REST0196,2,Loved it
REV04713,ORD002403,CUST00623,REST0043,4,Not satisfied
REV04714,ORD001074,CUST01049,REST0269,1,Excellent taste
REV04715,ORD006558,CUST02354,REST0291,5,Average experience
REV04716,ORD004241,CUST02398,REST0278,2,Amazing food
REV04717,ORD008510,CUST00579,REST0257,4,Average experience
REV04718,ORD002092,CUST00791,REST0228,4,Loved it
REV04719,ORD004528,CUST00678,REST0194,1,Amazing food
REV04720,ORD007203,CUST01975,REST0249,5,Loved it
REV04721,ORD006796,CUST00328,REST0186,1,Packaging was poor
REV04722,ORD007238,CUST00728,REST0235,1,Excellent taste
REV04723,ORD007423,CUST00632,REST0186,4,Excellent taste
REV04724,ORD006850,CUST00139,REST0147,3,Very late delivery
REV04725,ORD006837,CUST00912,REST0060,1,Amazing food
REV04726,ORD001004,CUST01581,REST0273,2,Very late delivery
REV04727,ORD009100,CUST01577,REST0132,4,Not satisfied
REV04728,ORD006563,CUST01361,REST0132,5,Delivery was delayed
REV04729,ORD005615,CUST01558,REST0119,2,Very late delivery
REV04730,ORD004652,CUST01935,REST0139,2,Not satisfied
REV04731,ORD005314,CUST00692,REST0239,2,Packaging was poor
REV04732,ORD001486,CUST00724,REST0168,5,Very late delivery
REV04733,ORD007608,CUST01663,REST0280,4,Excellent taste
REV04734,ORD001412,CUST00476,REST0271,1,Would order again
REV04735,ORD009304,CUST00402,REST0250,2,Would order again
REV04736,ORD000710,CUST01539,REST0275,2,Worth the money
REV04737,ORD009807,CUST00461,REST0135,5,Would order again
REV04738,ORD008043,CUST02024,REST0138,2,Not satisfied
REV04739,ORD007212,CUST02330,REST0145,2,Loved it
REV04740,ORD003077,CUST02292,REST0299,3,Amazing food
REV04741,ORD008315,CUST00732,REST0227,4,Would order again
REV04742,ORD004102,CUST01977,REST0229,3,Packaging was poor
REV04743,ORD005115,CUST00034,REST0187,2,Loved it
REV04744,ORD002723,CUST00855,REST0274,3,Excellent taste
REV04745,ORD009360,CUST00581,REST0279,2,Would order again
REV04746,ORD001269,CUST01032,REST0182,4,Not satisfied
REV04747,ORD002463,CUST01254,REST0114,5,Would order again
REV04748,ORD005465,CUST01835,REST0223,1,Not satisfied
REV04749,ORD000269,CUST00621,REST0093,4,Packaging was poor
REV04750,ORD003581,CUST01841,REST0117,3,Average experience
REV04751,ORD005350,CUST01342,REST0212,1,Loved it
REV04752,ORD007291,CUST01067,REST0168,5,Worth the money
REV04753,ORD005158,CUST02084,REST0147,5,Excellent taste
REV04754,ORD006602,CUST00420,REST0249,2,Packaging was poor
REV04755,ORD002822,CUST01975,REST0250,2,Packaging was poor
REV04756,ORD005808,CUST02158,REST0174,1,Not satisfied
REV04757,ORD000590,CUST01422,REST0168,3,Very late delivery
REV04758,ORD005956,CUST00998,REST0252,2,Very late delivery
REV04759,ORD005255,CUST00253,REST0225,3,Would order again
REV04760,ORD006662,CUST00957,REST0228,5,Average experience
REV04761,ORD007657,CUST00225,REST0282,5,Not satisfied
REV04762,ORD008726,CUST00835,REST0150,4,Amazing food
REV04763,ORD006897,CUST00517,REST0175,5,Average experience
REV04764,ORD007595,CUST02092,REST0123,3,Delivery was delayed
REV04765,ORD002029,CUST02020,REST0191,4,Would order again
REV04766,ORD006819,CUST01266,REST0289,1,Not satisfied
REV04767,ORD000678,CUST01899,REST0082,1,Delivery was delayed
REV04768,ORD005764,CUST01107,REST0231,1,Would order again
REV04769,ORD001233,CUST01691,REST0190,2,Excellent taste
REV04770,ORD005297,CUST00174,REST0226,4,Packaging was poor
REV04771,ORD007104,CUST01087,REST0250,1,Amazing food
REV04772,ORD005035,CUST01629,REST0251,5,Worth the money
REV04773,ORD005453,CUST00576,REST0071,2,Worth the money
REV04774,ORD002433,CUST01334,REST0295,1,Very late delivery
REV04775,ORD006320,CUST02146,REST0275,1,Excellent taste
REV04776,ORD006120,CUST01860,REST0148,1,Loved it
REV04777,ORD009159,CUST01193,REST0131,2,Would order again
REV04778,ORD009954,CUST00101,REST0102,5,Delivery was delayed
REV04779,ORD000897,CUST00339,REST0108,1,Very late delivery
REV04780,ORD001612,CUST01030,REST0068,3,Very late delivery
REV04781,ORD006475,CUST01499,REST0119,4,Packaging was poor
REV04782,ORD007662,CUST01149,REST0021,3,Excellent taste
REV04783,ORD007461,CUST01577,REST0115,3,Average experience
REV04784,ORD003807,CUST02095,REST0117,5,Loved it
REV04785,ORD008274,CUST01784,REST0009,3,Very late delivery
REV04786,ORD009452,CUST00348,REST0005,3,Excellent taste
REV04787,ORD004702,CUST02402,REST0280,4,Would order again
REV04788,ORD003962,CUST02171,REST0247,4,Packaging was poor
REV04789,ORD005418,CUST02030,REST0023,3,Excellent taste
REV04790,ORD000891,CUST01525,REST0264,5,Average experience
REV04791,ORD005000,CUST01258,REST0033,5,Excellent taste
REV04792,ORD007507,CUST00385,REST0103,4,Delivery was delayed
REV04793,ORD007882,CUST01293,REST0238,4,Very late delivery
REV04794,ORD005096,CUST01861,REST0015,4,Packaging was poor
REV04795,ORD006933,CUST01277,REST0080,3,Would order again
REV04796,ORD009618,CUST00940,REST0034,4,Average experience
REV04797,ORD002800,CUST00931,REST0004,5,Loved it
REV04798,ORD000585,CUST01533,REST0028,4,Packaging was poor
REV04799,ORD003269,CUST02487,REST0206,2,Very late delivery
REV04800,ORD003933,CUST01846,REST0104,1,Not satisfied
REV04801,ORD001261,CUST01081,REST0026,4,Excellent taste
REV04802,ORD006206,CUST00225,REST0114,4,Excellent taste
REV04803,ORD000311,CUST01198,REST0212,2,Amazing food
REV04804,ORD007790,CUST02061,REST0065,3,Excellent taste
REV04805,ORD006459,CUST00649,REST0151,2,Average experience
REV04806,ORD006207,CUST00563,REST0241,1,Average experience
REV04807,ORD005883,CUST01351,REST0290,3,Average experience
REV04808,ORD004669,CUST00484,REST0254,1,Packaging was poor
REV04809,ORD004299,CUST01414,REST0257,1,Would order again
REV04810,ORD003784,CUST01407,REST0091,2,Not satisfied
REV04811,ORD001009,CUST02201,REST0252,4,Not satisfied
REV04812,ORD008355,CUST00559,REST0083,2,Delivery was delayed
REV04813,ORD002186,CUST01735,REST0072,1,Not satisfied
REV04814,ORD003624,CUST02046,REST0158,2,Loved it
REV04815,ORD007040,CUST02229,REST0153,2,Average experience
REV04816,ORD004923,CUST01650,REST0096,5,Packaging was poor
REV04817,ORD009674,CUST01467,REST0259,1,Average experience
REV04818,ORD007951,CUST00671,REST0286,3,Amazing food
REV04819,ORD006126,CUST00315,REST0020,3,Average experience
REV04820,ORD004757,CUST01745,REST0026,3,Average experience
REV04821,ORD005075,CUST00315,REST0180,1,Not satisfied
REV04822,ORD000091,CUST00857,REST0288,4,Would order again
REV04823,ORD005975,CUST01929,REST0014,1,Would order again
REV04824,ORD006419,CUST01617,REST0280,1,Average experience
REV04825,ORD008641,CUST00446,REST0073,3,Excellent taste
REV04826,ORD008691,CUST01671,REST0009,1,Very late delivery
REV04827,ORD002118,CUST02086,REST0084,1,Excellent taste
REV04828,ORD002938,CUST01324,REST0106,5,Excellent taste
REV04829,ORD006843,CUST00279,REST0073,5,Packaging was poor
REV04830,ORD000984,CUST02442,REST0276,1,Loved it
REV04831,ORD007261,CUST01908,REST0281,3,Average experience
REV04832,ORD009986,CUST01812,REST0059,1,Not satisfied
REV04833,ORD002926,CUST00873,REST0174,4,Excellent taste
REV04834,ORD006062,CUST01035,REST0057,1,Delivery was delayed
REV04835,ORD003215,CUST01029,REST0256,3,Would order again
REV04836,ORD006448,CUST01158,REST0048,4,Loved it
REV04837,ORD006780,CUST02173,REST0058,3,Loved it
REV04838,ORD007039,CUST00243,REST0081,5,Would order again
REV04839,ORD005664,CUST02226,REST0220,3,Packaging was poor
REV04840,ORD000628,CUST02175,REST0201,5,Average experience
REV04841,ORD008009,CUST00570,REST0121,4,Worth the money
REV04842,ORD005126,CUST02497,REST0073,1,Amazing food
REV04843,ORD004766,CUST02454,REST0294,5,Not satisfied
REV04844,ORD008144,CUST00134,REST0146,4,Would order again
REV04845,ORD009595,CUST01695,REST0004,5,Excellent taste
REV04846,ORD001270,CUST00719,REST0073,3,Worth the money
REV04847,ORD000129,CUST00783,REST0068,1,Loved it
REV04848,ORD006113,CUST00262,REST0248,3,Loved it
REV04849,ORD001712,CUST00725,REST0097,1,Packaging was poor
REV04850,ORD007863,CUST01058,REST0131,5,Excellent taste
REV04851,ORD004236,CUST01175,REST0180,1,Not satisfied
REV04852,ORD005193,CUST01091,REST0188,1,Would order again
REV04853,ORD002399,CUST01666,REST0137,4,Average experience
REV04854,ORD005435,CUST00599,REST0166,1,Loved it
REV04855,ORD006058,CUST00380,REST0161,4,Average experience
REV04856,ORD009319,CUST01661,REST0026,2,Amazing food
REV04857,ORD001187,CUST01960,REST0103,5,Excellent taste
REV04858,ORD006014,CUST01327,REST0124,4,Worth the money
REV04859,ORD009794,CUST00032,REST0112,4,Worth the money
REV04860,ORD006015,CUST01886,REST0187,2,Not satisfied
REV04861,ORD001978,CUST00904,REST0057,2,Would order again
REV04862,ORD009888,CUST00728,REST0137,1,Excellent taste
REV04863,ORD004248,CUST01638,REST0081,1,Packaging was poor
REV04864,ORD007673,CUST01348,REST0233,3,Amazing food
REV04865,ORD000916,CUST01023,REST0031,1,Average experience
REV04866,ORD001306,CUST02253,REST0001,3,Not satisfied
REV04867,ORD005456,CUST00436,REST0125,4,Very late delivery
REV04868,ORD003050,CUST00736,REST0204,2,Delivery was delayed
REV04869,ORD009522,CUST00174,REST0154,3,Very late delivery
REV04870,ORD001274,CUST00801,REST0104,2,Excellent taste
REV04871,ORD008056,CUST01701,REST0283,3,Very late delivery
REV04872,ORD002797,CUST00744,REST0060,5,Not satisfied
REV04873,ORD001399,CUST00889,REST0179,3,Amazing food
REV04874,ORD003359,CUST00032,REST0004,5,Very late delivery
REV04875,ORD000184,CUST00398,REST0203,4,Would order again
REV04876,ORD006868,CUST00178,REST0299,5,Average experience
REV04877,ORD005696,CUST00118,REST0223,4,Packaging was poor
REV04878,ORD008836,CUST00125,REST0149,5,Average experience
REV04879,ORD009627,CUST01217,REST0157,5,Delivery was delayed
REV04880,ORD006171,CUST00307,REST0241,3,Very late delivery
REV04881,ORD006988,CUST00762,REST0016,4,Not satisfied
REV04882,ORD004568,CUST01753,REST0248,2,Loved it
REV04883,ORD008956,CUST01840,REST0138,3,Worth the money
REV04884,ORD002657,CUST00442,REST0191,3,Worth the money
REV04885,ORD008310,CUST02341,REST0274,4,Would order again
REV04886,ORD006858,CUST00569,REST0028,4,Amazing food
REV04887,ORD001962,CUST01714,REST0101,3,Delivery was delayed
REV04888,ORD006384,CUST01716,REST0166,3,Average experience
REV04889,ORD008854,CUST01163,REST0244,1,Average experience
REV04890,ORD009974,CUST02357,REST0133,2,Average experience
REV04891,ORD001252,CUST00883,REST0105,4,Very late delivery
REV04892,ORD003177,CUST00526,REST0049,3,Average experience
REV04893,ORD007761,CUST01080,REST0284,5,Average experience
REV04894,ORD005014,CUST02441,REST0129,2,Not satisfied
REV04895,ORD009706,CUST00012,REST0178,2,Amazing food
REV04896,ORD006540,CUST00355,REST0191,4,Amazing food
REV04897,ORD003290,CUST01797,REST0169,5,Not satisfied
REV04898,ORD006449,CUST01384,REST0230,5,Very late delivery
REV04899,ORD008727,CUST00584,REST0198,5,Worth the money
REV04900,ORD007612,CUST01454,REST0132,1,Not satisfied
REV04901,ORD006276,CUST01442,REST0231,2,Loved it
REV04902,ORD006888,CUST02023,REST0154,2,Not satisfied
REV04903,ORD001052,CUST02426,REST0207,4,Packaging was poor
REV04904,ORD004070,CUST01096,REST0133,3,Excellent taste
REV04905,ORD006023,CUST00350,REST0229,2,Worth the money
REV04906,ORD005553,CUST01349,REST0066,3,Loved it
REV04907,ORD000273,CUST00648,REST0052,4,Loved it
REV04908,ORD002043,CUST00665,REST0143,5,Average experience
REV04909,ORD004764,CUST00730,REST0078,1,Worth the money
REV04910,ORD008998,CUST00963,REST0212,2,Very late delivery
REV04911,ORD005205,CUST00431,REST0020,2,Would order again
REV04912,ORD009510,CUST00004,REST0232,3,Delivery was delayed
REV04913,ORD001087,CUST00244,REST0006,3,Very late delivery
REV04914,ORD008374,CUST01980,REST0053,4,Very late delivery
REV04915,ORD007733,CUST00931,REST0238,4,Delivery was delayed
REV04916,ORD007516,CUST01772,REST0204,5,Would order again
REV04917,ORD006679,CUST02139,REST0253,3,Not satisfied
REV04918,ORD004323,CUST01307,REST0050,3,Loved it
REV04919,ORD006947,CUST01523,REST0085,2,Amazing food
REV04920,ORD007748,CUST01923,REST0028,4,Would order again
REV04921,ORD006773,CUST01181,REST0149,1,Packaging was poor
REV04922,ORD005519,CUST02148,REST0016,5,Not satisfied
REV04923,ORD005118,CUST02146,REST0246,1,Would order again
REV04924,ORD006180,CUST02429,REST0016,3,Would order again
REV04925,ORD004710,CUST01462,REST0268,2,Worth the money
REV04926,ORD008122,CUST02439,REST0239,5,Not satisfied
REV04927,ORD005970,CUST01189,REST0101,4,Would order again
REV04928,ORD006785,CUST01892,REST0187,2,Would order again
REV04929,ORD003479,CUST01265,REST0176,4,Delivery was delayed
REV04930,ORD008415,CUST00408,REST0162,2,Not satisfied
REV04931,ORD003925,CUST01341,REST0118,4,Very late delivery
REV04932,ORD001749,CUST01566,REST0145,1,Average experience
REV04933,ORD000733,CUST02168,REST0003,1,Packaging was poor
REV04934,ORD002554,CUST00991,REST0027,5,Delivery was delayed
REV04935,ORD005459,CUST00268,REST0113,1,Loved it
REV04936,ORD005874,CUST02373,REST0159,2,Loved it
REV04937,ORD002663,CUST02156,REST0113,5,Worth the money
REV04938,ORD009399,CUST01599,REST0244,1,Delivery was delayed
REV04939,ORD006456,CUST00341,REST0178,4,Worth the money
REV04940,ORD003114,CUST02125,REST0006,2,Would order again
REV04941,ORD003304,CUST01459,REST0004,1,Delivery was delayed
REV04942,ORD001345,CUST01533,REST0085,3,Delivery was delayed
REV04943,ORD001691,CUST02080,REST0297,4,Packaging was poor
REV04944,ORD007181,CUST00647,REST0064,5,Delivery was delayed
REV04945,ORD006500,CUST00580,REST0084,5,Amazing food
REV04946,ORD003309,CUST02238,REST0180,3,Delivery was delayed
REV04947,ORD001505,CUST01773,REST0130,1,Amazing food
REV04948,ORD001807,CUST00526,REST0253,4,Worth the money
REV04949,ORD008470,CUST00106,REST0177,1,Average experience
REV04950,ORD005370,CUST01399,REST0209,3,Delivery was delayed
REV04951,ORD003792,CUST01031,REST0199,2,Delivery was delayed
REV04952,ORD009521,CUST00290,REST0273,5,Worth the money
REV04953,ORD007330,CUST02018,REST0096,2,Packaging was poor
REV04954,ORD005910,CUST00440,REST0207,5,Packaging was poor
REV04955,ORD006826,CUST01636,REST0210,2,Very late delivery
REV04956,ORD007264,CUST01753,REST0214,2,Would order again
REV04957,ORD001849,CUST02158,REST0007,4,Average experience
REV04958,ORD004513,CUST00484,REST0090,4,Average experience
REV04959,ORD002432,CUST01141,REST0166,4,Packaging was poor
REV04960,ORD004661,CUST01169,REST0200,4,Not satisfied
REV04961,ORD008886,CUST01702,REST0260,5,Loved it
REV04962,ORD005585,CUST00889,REST0265,5,Amazing food
REV04963,ORD000143,CUST00672,REST0263,1,Loved it
REV04964,ORD008761,CUST02496,REST0101,3,Packaging was poor
REV04965,ORD009212,CUST00776,REST0167,5,Would order again
REV04966,ORD005265,CUST01929,REST0050,5,Excellent taste
REV04967,ORD003410,CUST02288,REST0081,1,Excellent taste
REV04968,ORD001118,CUST01789,REST0109,5,Delivery was delayed
REV04969,ORD001757,CUST00651,REST0076,5,Loved it
REV04970,ORD000498,CUST00396,REST0098,1,Packaging was poor
REV04971,ORD008032,CUST00431,REST0007,2,Worth the money
REV04972,ORD000871,CUST00836,REST0284,1,Worth the money
REV04973,ORD003358,CUST01660,REST0243,3,Not satisfied
REV04974,ORD000913,CUST02454,REST0032,3,Would order again
REV04975,ORD000722,CUST01197,REST0134,2,Worth the money
REV04976,ORD002806,CUST00972,REST0255,5,Not satisfied
REV04977,ORD009944,CUST00109,REST0151,1,Packaging was poor
REV04978,ORD000887,CUST00567,REST0297,2,Excellent taste
REV04979,ORD009593,CUST00472,REST0066,2,Delivery was delayed
REV04980,ORD006588,CUST00236,REST0027,1,Would order again
REV04981,ORD008101,CUST02185,REST0211,3,Packaging was poor
REV04982,ORD001521,CUST01347,REST0187,5,Amazing food
REV04983,ORD008690,CUST00377,REST0285,3,Very late delivery
REV04984,ORD002747,CUST01313,REST0288,3,Loved it
REV04985,ORD006701,CUST01936,REST0275,5,Excellent taste
REV04986,ORD005776,CUST01457,REST0172,2,Average experience
REV04987,ORD000315,CUST00933,REST0163,4,Loved it
REV04988,ORD001800,CUST02357,REST0049,2,Would order again
REV04989,ORD000328,CUST02372,REST0066,1,Would order again
REV04990,ORD005643,CUST01393,REST0121,4,Delivery was delayed
REV04991,ORD004205,CUST00532,REST0280,3,Amazing food
REV04992,ORD003130,CUST00802,REST0031,3,Delivery was delayed
REV04993,ORD006861,CUST01258,REST0111,2,Loved it
REV04994,ORD009906,CUST02092,REST0277,2,Loved it
REV04995,ORD003969,CUST00306,REST0164,2,Packaging was poor
REV04996,ORD005744,CUST02079,REST0289,2,Delivery was delayed
REV04997,ORD006227,CUST00544,REST0124,4,Loved it
REV04998,ORD001974,CUST00784,REST0056,1,Loved it
REV04999,ORD000337,CUST00798,REST0128,4,Delivery was delayed
REV05000,ORD002765,CUST00093,REST0282,2,Very late delivery
REV05001,ORD007661,CUST00730,REST0283,3,Worth the money
REV05002,ORD000276,CUST02212,REST0188,4,Very late delivery
REV05003,ORD002986,CUST01918,REST0172,4,Average experience
REV05004,ORD005647,CUST01357,REST0094,4,Average experience
REV05005,ORD005850,CUST01085,REST0151,3,Delivery was delayed
REV05006,ORD003478,CUST00853,REST0182,4,Worth the money
REV05007,ORD007559,CUST01450,REST0253,1,Packaging was poor
REV05008,ORD003559,CUST01627,REST0070,3,Delivery was delayed
REV05009,ORD002810,CUST01062,REST0128,4,Amazing food
REV05010,ORD009114,CUST00780,REST0155,5,Would order again
REV05011,ORD004862,CUST01664,REST0053,3,Delivery was delayed
REV05012,ORD006587,CUST00337,REST0283,5,Average experience
REV05013,ORD003417,CUST01441,REST0017,5,Not satisfied
REV05014,ORD000308,CUST02377,REST0216,3,Excellent taste
REV05015,ORD003909,CUST01405,REST0065,1,Amazing food
REV05016,ORD000349,CUST01382,REST0233,3,Average experience
REV05017,ORD000827,CUST00271,REST0044,5,Delivery was delayed
REV05018,ORD009502,CUST02091,REST0200,2,Delivery was delayed
REV05019,ORD004483,CUST00607,REST0180,2,Excellent taste
REV05020,ORD006577,CUST00890,REST0299,4,Loved it
REV05021,ORD003683,CUST01614,REST0129,5,Average experience
REV05022,ORD005877,CUST01355,REST0222,4,Very late delivery
REV05023,ORD008388,CUST01833,REST0257,4,Loved it
REV05024,ORD002054,CUST01531,REST0116,2,Not satisfied
REV05025,ORD000072,CUST00683,REST0275,4,Loved it
REV05026,ORD005508,CUST01486,REST0062,5,Loved it
REV05027,ORD008515,CUST00987,REST0108,1,Not satisfied
REV05028,ORD007511,CUST01824,REST0275,2,Loved it
REV05029,ORD008152,CUST02492,REST0148,1,Amazing food
REV05030,ORD001667,CUST01348,REST0112,5,Average experience
REV05031,ORD007862,CUST01488,REST0205,1,Average experience
REV05032,ORD009160,CUST00338,REST0111,4,Loved it
REV05033,ORD005689,CUST01529,REST0160,2,Very late delivery
REV05034,ORD001446,CUST01628,REST0008,3,Delivery was delayed
REV05035,ORD005228,CUST01589,REST0227,3,Loved it
REV05036,ORD006983,CUST02205,REST0279,5,Delivery was delayed
REV05037,ORD001696,CUST01104,REST0112,5,Amazing food
REV05038,ORD002893,CUST02392,REST0127,2,Worth the money
REV05039,ORD001575,CUST00293,REST0231,4,Packaging was poor
REV05040,ORD003204,CUST01683,REST0174,3,Average experience
REV05041,ORD004406,CUST00107,REST0262,1,Would order again
REV05042,ORD001631,CUST00823,REST0276,1,Very late delivery
REV05043,ORD008381,CUST01801,REST0221,2,Delivery was delayed
REV05044,ORD001882,CUST01695,REST0266,2,Very late delivery
REV05045,ORD008822,CUST00068,REST0138,4,Average experience
REV05046,ORD006464,CUST00314,REST0262,4,Worth the money
REV05047,ORD000849,CUST01203,REST0233,4,Amazing food
REV05048,ORD009924,CUST01729,REST0173,1,Loved it
REV05049,ORD006189,CUST00638,REST0158,2,Excellent taste
REV05050,ORD005870,CUST00720,REST0184,4,Loved it
REV05051,ORD002878,CUST00472,REST0193,3,Very late delivery
REV05052,ORD000187,CUST01607,REST0116,4,Amazing food
REV05053,ORD003780,CUST01706,REST0233,5,Average experience
REV05054,ORD001831,CUST01755,REST0228,1,Very late delivery
REV05055,ORD008326,CUST01143,REST0089,3,Excellent taste
REV05056,ORD009242,CUST02022,REST0213,1,Delivery was delayed
REV05057,ORD006379,CUST00524,REST0029,3,Loved it
REV05058,ORD001235,CUST01563,REST0033,1,Would order again
REV05059,ORD006965,CUST01320,REST0143,4,Not satisfied
REV05060,ORD003916,CUST01442,REST0226,3,Average experience
REV05061,ORD000447,CUST01459,REST0248,3,Excellent taste
REV05062,ORD000845,CUST01313,REST0250,3,Worth the money
REV05063,ORD008063,CUST02093,REST0003,4,Delivery was delayed
REV05064,ORD005403,CUST01781,REST0287,4,Delivery was delayed
REV05065,ORD002441,CUST00452,REST0203,3,Very late delivery
REV05066,ORD003104,CUST00132,REST0121,3,Excellent taste
REV05067,ORD008586,CUST00535,REST0198,4,Amazing food
REV05068,ORD006792,CUST00826,REST0279,5,Not satisfied
REV05069,ORD005651,CUST00224,REST0069,1,Not satisfied
REV05070,ORD001295,CUST01646,REST0145,1,Average experience
REV05071,ORD005080,CUST02359,REST0274,5,Loved it
REV05072,ORD009017,CUST01001,REST0226,3,Excellent taste
REV05073,ORD005068,CUST02188,REST0211,1,Average experience
REV05074,ORD003443,CUST01108,REST0258,3,Packaging was poor
REV05075,ORD008452,CUST00382,REST0186,5,Loved it
REV05076,ORD007274,CUST00771,REST0011,1,Loved it
REV05077,ORD006106,CUST02301,REST0235,1,Would order again
REV05078,ORD000777,CUST00368,REST0268,1,Amazing food
REV05079,ORD009717,CUST01617,REST0047,5,Excellent taste
REV05080,ORD002154,CUST00215,REST0270,4,Packaging was poor
REV05081,ORD004921,CUST01046,REST0151,5,Would order again
REV05082,ORD005361,CUST02485,REST0085,3,Excellent taste
REV05083,ORD009736,CUST01313,REST0289,2,Worth the money
REV05084,ORD005958,CUST01976,REST0202,2,Very late delivery
REV05085,ORD008412,CUST00267,REST0023,4,Loved it
REV05086,ORD008433,CUST01652,REST0092,3,Very late delivery
REV05087,ORD003184,CUST02457,REST0255,3,Very late delivery
REV05088,ORD006793,CUST01225,REST0007,4,Delivery was delayed
REV05089,ORD003200,CUST01136,REST0297,1,Average experience
REV05090,ORD009370,CUST01264,REST0236,3,Not satisfied
REV05091,ORD001290,CUST01526,REST0276,4,Packaging was poor
REV05092,ORD004582,CUST02000,REST0097,1,Packaging was poor
REV05093,ORD006193,CUST00626,REST0038,4,Would order again
REV05094,ORD008936,CUST01634,REST0104,2,Not satisfied
REV05095,ORD007150,CUST02457,REST0299,4,Worth the money
REV05096,ORD009847,CUST02131,REST0117,1,Not satisfied
REV05097,ORD004107,CUST00620,REST0073,4,Delivery was delayed
REV05098,ORD004127,CUST00779,REST0067,3,Amazing food
REV05099,ORD008301,CUST01379,REST0282,2,Not satisfied
REV05100,ORD003967,CUST02473,REST0294,2,Worth the money
REV05101,ORD001880,CUST00918,REST0141,4,Worth the money
REV05102,ORD008497,CUST01217,REST0158,4,Excellent taste
REV05103,ORD009300,CUST00213,REST0194,1,Would order again
REV05104,ORD006349,CUST00328,REST0074,2,Very late delivery
REV05105,ORD003588,CUST01437,REST0059,3,Excellent taste
REV05106,ORD007373,CUST01645,REST0154,3,Average experience
REV05107,ORD003866,CUST00124,REST0133,5,Very late delivery
REV05108,ORD008488,CUST00039,REST0241,4,Loved it
REV05109,ORD004132,CUST01144,REST0073,5,Delivery was delayed
REV05110,ORD001037,CUST01773,REST0200,3,Excellent taste
REV05111,ORD000637,CUST02233,REST0103,2,Amazing food
REV05112,ORD006154,CUST02369,REST0170,5,Delivery was delayed
REV05113,ORD004135,CUST00569,REST0123,2,Amazing food
REV05114,ORD005339,CUST01260,REST0075,4,Delivery was delayed
REV05115,ORD001084,CUST01824,REST0200,4,Not satisfied
REV05116,ORD000862,CUST00298,REST0122,3,Worth the money
REV05117,ORD000904,CUST00425,REST0077,1,Average experience
REV05118,ORD000192,CUST00373,REST0190,1,Amazing food
REV05119,ORD000110,CUST02295,REST0202,1,Very late delivery
REV05120,ORD004456,CUST00228,REST0186,5,Loved it
REV05121,ORD001943,CUST00154,REST0017,5,Would order again
REV05122,ORD005857,CUST01054,REST0196,4,Excellent taste
REV05123,ORD004332,CUST01003,REST0173,4,Loved it
REV05124,ORD008542,CUST01656,REST0107,4,Worth the money
REV05125,ORD002041,CUST01011,REST0204,1,Loved it
REV05126,ORD007332,CUST00588,REST0044,1,Loved it
REV05127,ORD007318,CUST00097,REST0128,1,Delivery was delayed
REV05128,ORD007780,CUST01382,REST0016,2,Delivery was delayed
REV05129,ORD004660,CUST00017,REST0205,1,Worth the money
REV05130,ORD007314,CUST01926,REST0096,1,Not satisfied
REV05131,ORD002776,CUST01532,REST0143,4,Worth the money
REV05132,ORD004146,CUST01615,REST0010,5,Delivery was delayed
REV05133,ORD002324,CUST01729,REST0146,5,Delivery was delayed
REV05134,ORD000763,CUST01784,REST0024,1,Would order again
REV05135,ORD002618,CUST00081,REST0247,3,Amazing food
REV05136,ORD002412,CUST01469,REST0154,5,Not satisfied
REV05137,ORD001095,CUST01380,REST0090,5,Average experience
REV05138,ORD006174,CUST02255,REST0236,3,Average experience
REV05139,ORD007049,CUST00095,REST0025,1,Delivery was delayed
REV05140,ORD009273,CUST02302,REST0164,1,Loved it
REV05141,ORD003136,CUST02126,REST0063,3,Very late delivery
REV05142,ORD007788,CUST01636,REST0117,4,Loved it
REV05143,ORD005041,CUST00244,REST0253,5,Delivery was delayed
REV05144,ORD003806,CUST00216,REST0096,2,Amazing food
REV05145,ORD000885,CUST00715,REST0226,3,Packaging was poor
REV05146,ORD002655,CUST01924,REST0245,4,Loved it
REV05147,ORD005922,CUST01930,REST0144,5,Very late delivery
REV05148,ORD006188,CUST01182,REST0046,3,Loved it
REV05149,ORD008086,CUST02256,REST0099,1,Would order again
REV05150,ORD006743,CUST01610,REST0246,1,Amazing food
REV05151,ORD007627,CUST02088,REST0095,5,Loved it
REV05152,ORD005681,CUST02246,REST0046,2,Delivery was delayed
REV05153,ORD007008,CUST02046,REST0023,3,Worth the money
REV05154,ORD009687,CUST01650,REST0002,3,Average experience
REV05155,ORD002203,CUST00020,REST0154,3,Delivery was delayed
REV05156,ORD006108,CUST00283,REST0046,5,Amazing food
REV05157,ORD006418,CUST02372,REST0049,4,Loved it
REV05158,ORD001263,CUST00638,REST0163,2,Packaging was poor
REV05159,ORD008380,CUST01723,REST0199,5,Would order again
REV05160,ORD000976,CUST02239,REST0022,3,Loved it
REV05161,ORD005832,CUST01845,REST0057,1,Would order again
REV05162,ORD004926,CUST02385,REST0026,5,Average experience
REV05163,ORD000942,CUST01987,REST0246,2,Would order again
REV05164,ORD004724,CUST00432,REST0141,1,Excellent taste
REV05165,ORD002388,CUST02182,REST0293,4,Very late delivery
REV05166,ORD009729,CUST01132,REST0281,4,Not satisfied
REV05167,ORD005022,CUST01439,REST0041,5,Excellent taste
REV05168,ORD004392,CUST01742,REST0124,4,Excellent taste
REV05169,ORD005149,CUST00330,REST0259,2,Not satisfied
REV05170,ORD003222,CUST00649,REST0137,3,Delivery was delayed
REV05171,ORD003883,CUST00540,REST0134,2,Would order again
REV05172,ORD009439,CUST00967,REST0240,2,Very late delivery
REV05173,ORD006625,CUST02373,REST0044,3,Worth the money
REV05174,ORD005919,CUST01335,REST0229,1,Loved it
REV05175,ORD002790,CUST00029,REST0242,2,Excellent taste
REV05176,ORD000945,CUST01765,REST0072,5,Amazing food
REV05177,ORD008909,CUST01411,REST0154,2,Not satisfied
REV05178,ORD001858,CUST01311,REST0267,5,Worth the money
REV05179,ORD009081,CUST00081,REST0143,3,Very late delivery
REV05180,ORD004109,CUST00297,REST0286,4,Worth the money
REV05181,ORD008514,CUST00317,REST0162,5,Very late delivery
REV05182,ORD003256,CUST01491,REST0267,4,Average experience
REV05183,ORD002691,CUST00284,REST0012,2,Average experience
REV05184,ORD009513,CUST01638,REST0146,5,Delivery was delayed
REV05185,ORD006962,CUST01875,REST0092,4,Would order again
REV05186,ORD001320,CUST02187,REST0197,1,Amazing food
REV05187,ORD008883,CUST02285,REST0282,1,Very late delivery
REV05188,ORD009881,CUST00201,REST0276,2,Loved it
REV05189,ORD005163,CUST00783,REST0127,2,Would order again
REV05190,ORD005830,CUST01700,REST0153,3,Not satisfied
REV05191,ORD007954,CUST02093,REST0262,2,Amazing food
REV05192,ORD005959,CUST00578,REST0091,4,Packaging was poor
REV05193,ORD009272,CUST02119,REST0026,1,Amazing food
REV05194,ORD003476,CUST00702,REST0084,5,Packaging was poor
REV05195,ORD003506,CUST01307,REST0175,4,Amazing food
REV05196,ORD004750,CUST02327,REST0143,5,Not satisfied
REV05197,ORD002478,CUST01309,REST0293,1,Excellent taste
REV05198,ORD009491,CUST00536,REST0016,2,Average experience
REV05199,ORD006616,CUST01462,REST0237,4,Not satisfied
REV05200,ORD007414,CUST01473,REST0238,5,Loved it
REV05201,ORD007587,CUST01591,REST0066,3,Very late delivery
REV05202,ORD005345,CUST01789,REST0213,5,Delivery was delayed
REV05203,ORD009864,CUST01091,REST0015,3,Worth the money
REV05204,ORD007112,CUST00901,REST0169,5,Would order again
REV05205,ORD001875,CUST02432,REST0205,3,Excellent taste
REV05206,ORD008517,CUST01486,REST0154,3,Amazing food
REV05207,ORD005271,CUST02429,REST0066,4,Would order again
REV05208,ORD005097,CUST01363,REST0270,5,Average experience
REV05209,ORD002905,CUST00255,REST0239,4,Delivery was delayed
REV05210,ORD000571,CUST00626,REST0274,5,Not satisfied
REV05211,ORD001449,CUST01447,REST0162,4,Not satisfied
REV05212,ORD005965,CUST01776,REST0260,5,Amazing food
REV05213,ORD006243,CUST01047,REST0243,2,Worth the money
REV05214,ORD006348,CUST02400,REST0126,2,Loved it
REV05215,ORD007875,CUST01541,REST0190,3,Loved it
REV05216,ORD009817,CUST00535,REST0139,1,Not satisfied
REV05217,ORD003227,CUST02478,REST0243,3,Amazing food
REV05218,ORD009745,CUST01577,REST0290,1,Amazing food
REV05219,ORD003979,CUST01896,REST0129,1,Excellent taste
REV05220,ORD004384,CUST01195,REST0203,5,Delivery was delayed
REV05221,ORD007857,CUST01234,REST0237,5,Packaging was poor
REV05222,ORD003540,CUST01001,REST0188,3,Would order again
REV05223,ORD005683,CUST02313,REST0278,1,Not satisfied
REV05224,ORD002828,CUST00122,REST0225,5,Not satisfied
REV05225,ORD007659,CUST02297,REST0032,2,Worth the money
REV05226,ORD004997,CUST00634,REST0011,1,Not satisfied
REV05227,ORD001339,CUST00833,REST0009,5,Not satisfied
REV05228,ORD003263,CUST02106,REST0030,5,Packaging was poor
REV05229,ORD006387,CUST00064,REST0202,4,Excellent taste
REV05230,ORD007952,CUST01041,REST0089,5,Excellent taste
REV05231,ORD000651,CUST02436,REST0267,3,Worth the money
REV05232,ORD002903,CUST02475,REST0125,2,Delivery was delayed
REV05233,ORD002259,CUST01646,REST0196,4,Worth the money
REV05234,ORD007403,CUST02365,REST0001,4,Would order again
REV05235,ORD003522,CUST01120,REST0077,2,Average experience
REV05236,ORD002731,CUST00574,REST0099,4,Very late delivery
REV05237,ORD005497,CUST02070,REST0070,3,Average experience
REV05238,ORD004479,CUST01268,REST0197,5,Not satisfied
REV05239,ORD001597,CUST02206,REST0119,5,Packaging was poor
REV05240,ORD007067,CUST02109,REST0076,4,Amazing food
REV05241,ORD002585,CUST02252,REST0181,2,Loved it
REV05242,ORD005442,CUST00899,REST0012,4,Worth the money
REV05243,ORD003197,CUST01227,REST0185,4,Worth the money
REV05244,ORD008524,CUST02100,REST0165,1,Average experience
REV05245,ORD007683,CUST00045,REST0001,5,Loved it
REV05246,ORD005377,CUST01803,REST0022,2,Not satisfied
REV05247,ORD001259,CUST00214,REST0192,2,Very late delivery
REV05248,ORD005278,CUST00257,REST0043,3,Would order again
REV05249,ORD000992,CUST01742,REST0067,5,Average experience
REV05250,ORD003505,CUST01952,REST0116,5,Would order again
REV05251,ORD000114,CUST01738,REST0110,4,Delivery was delayed
REV05252,ORD000920,CUST00453,REST0023,5,Packaging was poor
REV05253,ORD002510,CUST00592,REST0192,2,Excellent taste
REV05254,ORD009405,CUST01518,REST0103,4,Worth the money
REV05255,ORD000166,CUST00150,REST0273,4,Amazing food
REV05256,ORD005264,CUST00471,REST0054,3,Would order again
REV05257,ORD004604,CUST02473,REST0109,5,Amazing food
REV05258,ORD000950,CUST00290,REST0280,5,Worth the money
REV05259,ORD004595,CUST02081,REST0001,3,Worth the money
REV05260,ORD005728,CUST01060,REST0157,2,Loved it
REV05261,ORD003771,CUST00843,REST0285,1,Packaging was poor
REV05262,ORD002507,CUST00849,REST0200,5,Amazing food
REV05263,ORD005108,CUST00798,REST0003,5,Loved it
REV05264,ORD002851,CUST00891,REST0232,5,Amazing food
REV05265,ORD006486,CUST01602,REST0066,2,Excellent taste
REV05266,ORD005363,CUST00956,REST0139,2,Excellent taste
REV05267,ORD007443,CUST01856,REST0006,2,Packaging was poor
REV05268,ORD004447,CUST00209,REST0008,3,Loved it
REV05269,ORD004461,CUST02127,REST0132,3,Average experience
REV05270,ORD009514,CUST02009,REST0252,1,Worth the money
REV05271,ORD002506,CUST01094,REST0031,3,Would order again
REV05272,ORD001115,CUST02256,REST0004,5,Average experience
REV05273,ORD008398,CUST01914,REST0117,4,Loved it
REV05274,ORD000299,CUST00952,REST0225,4,Worth the money
REV05275,ORD001676,CUST00025,REST0274,4,Loved it
REV05276,ORD003348,CUST00392,REST0058,3,Delivery was delayed
REV05277,ORD002736,CUST01683,REST0110,3,Excellent taste
REV05278,ORD007820,CUST01907,REST0162,1,Excellent taste
REV05279,ORD004989,CUST00313,REST0091,2,Loved it
REV05280,ORD009895,CUST02220,REST0131,3,Packaging was poor
REV05281,ORD005818,CUST00148,REST0081,1,Would order again
REV05282,ORD004326,CUST01131,REST0124,3,Packaging was poor
REV05283,ORD006720,CUST00911,REST0257,3,Worth the money
REV05284,ORD008787,CUST00386,REST0276,3,Delivery was delayed
REV05285,ORD004551,CUST01057,REST0055,3,Excellent taste
REV05286,ORD008573,CUST00495,REST0210,2,Worth the money
REV05287,ORD007848,CUST02362,REST0231,1,Packaging was poor
REV05288,ORD002104,CUST01046,REST0035,5,Would order again
REV05289,ORD005814,CUST01744,REST0118,5,Amazing food
REV05290,ORD009105,CUST01677,REST0206,3,Packaging was poor
REV05291,ORD007454,CUST00377,REST0239,2,Very late delivery
REV05292,ORD001838,CUST01829,REST0173,5,Excellent taste
REV05293,ORD007903,CUST00358,REST0234,3,Packaging was poor
REV05294,ORD008319,CUST01902,REST0124,4,Loved it
REV05295,ORD008724,CUST01784,REST0073,2,Delivery was delayed
REV05296,ORD000608,CUST00337,REST0043,2,Excellent taste
REV05297,ORD008375,CUST01306,REST0082,5,Would order again
REV05298,ORD001094,CUST01165,REST0033,3,Loved it
REV05299,ORD006388,CUST00633,REST0141,2,Loved it
REV05300,ORD006506,CUST01318,REST0094,3,Worth the money
REV05301,ORD008965,CUST02258,REST0053,1,Would order again
REV05302,ORD004488,CUST00064,REST0272,5,Excellent taste
REV05303,ORD000161,CUST00328,REST0077,4,Not satisfied
REV05304,ORD000204,CUST02138,REST0148,3,Average experience
REV05305,ORD007041,CUST00268,REST0109,4,Average experience
REV05306,ORD005894,CUST00807,REST0021,4,Amazing food
REV05307,ORD004934,CUST02118,REST0089,2,Would order again
REV05308,ORD002935,CUST01443,REST0274,3,Amazing food
REV05309,ORD007323,CUST02298,REST0087,1,Very late delivery
REV05310,ORD002436,CUST00357,REST0033,3,Packaging was poor
REV05311,ORD001231,CUST00529,REST0032,2,Amazing food
REV05312,ORD008676,CUST02483,REST0153,3,Would order again
REV05313,ORD003047,CUST01477,REST0142,5,Loved it
REV05314,ORD009655,CUST00861,REST0174,1,Packaging was poor
REV05315,ORD008420,CUST00207,REST0091,4,Worth the money
REV05316,ORD007667,CUST02210,REST0113,1,Average experience
REV05317,ORD006408,CUST00156,REST0035,5,Loved it
REV05318,ORD004252,CUST01309,REST0105,4,Loved it
REV05319,ORD005578,CUST00349,REST0184,3,Would order again
REV05320,ORD003294,CUST01356,REST0187,1,Excellent taste
REV05321,ORD004035,CUST01613,REST0194,1,Excellent taste
REV05322,ORD008113,CUST02159,REST0219,4,Loved it
REV05323,ORD004291,CUST01334,REST0134,2,Loved it
REV05324,ORD004335,CUST01450,REST0095,4,Amazing food
REV05325,ORD005932,CUST02129,REST0096,4,Would order again
REV05326,ORD003878,CUST01469,REST0240,5,Excellent taste
REV05327,ORD005429,CUST01872,REST0130,2,Not satisfied
REV05328,ORD004754,CUST02452,REST0135,5,Delivery was delayed
REV05329,ORD004887,CUST01895,REST0128,4,Excellent taste
REV05330,ORD000858,CUST02019,REST0173,3,Would order again
REV05331,ORD008234,CUST01071,REST0272,2,Worth the money
REV05332,ORD008376,CUST01318,REST0008,5,Packaging was poor
REV05333,ORD002562,CUST01015,REST0228,5,Worth the money
REV05334,ORD003802,CUST01268,REST0053,3,Average experience
REV05335,ORD002641,CUST01444,REST0046,2,Amazing food
REV05336,ORD009664,CUST00139,REST0092,5,Very late delivery
REV05337,ORD004491,CUST00140,REST0182,4,Worth the money
REV05338,ORD002348,CUST01651,REST0261,4,Excellent taste
REV05339,ORD000650,CUST01388,REST0213,3,Worth the money
REV05340,ORD002782,CUST01352,REST0084,3,Loved it
REV05341,ORD005653,CUST00214,REST0118,5,Packaging was poor
REV05342,ORD008544,CUST00093,REST0150,5,Would order again
REV05343,ORD008678,CUST01399,REST0267,2,Excellent taste
REV05344,ORD006434,CUST01013,REST0293,5,Delivery was delayed
REV05345,ORD000616,CUST01643,REST0215,2,Packaging was poor
REV05346,ORD008449,CUST00382,REST0167,4,Would order again
REV05347,ORD002576,CUST00074,REST0051,1,Very late delivery
REV05348,ORD000054,CUST00692,REST0015,1,Worth the money
REV05349,ORD003341,CUST01309,REST0026,1,Packaging was poor
REV05350,ORD007038,CUST00839,REST0272,5,Excellent taste
REV05351,ORD001706,CUST01514,REST0142,1,Very late delivery
REV05352,ORD009061,CUST02475,REST0065,4,Average experience
REV05353,ORD009353,CUST01582,REST0140,2,Average experience
REV05354,ORD001494,CUST00104,REST0055,3,Not satisfied
REV05355,ORD009964,CUST02136,REST0296,4,Delivery was delayed
REV05356,ORD005633,CUST00676,REST0113,2,Worth the money
REV05357,ORD000804,CUST01902,REST0006,1,Worth the money
REV05358,ORD004954,CUST02278,REST0019,1,Excellent taste
REV05359,ORD006934,CUST01614,REST0056,3,Would order again
REV05360,ORD007105,CUST00924,REST0115,2,Packaging was poor
REV05361,ORD000991,CUST01846,REST0158,5,Not satisfied
REV05362,ORD002775,CUST01931,REST0157,5,Packaging was poor
REV05363,ORD007471,CUST00355,REST0157,3,Average experience
REV05364,ORD006420,CUST02423,REST0196,3,Loved it
REV05365,ORD003514,CUST01455,REST0101,3,Packaging was poor
REV05366,ORD005479,CUST01419,REST0014,4,Would order again
REV05367,ORD008401,CUST01664,REST0073,1,Worth the money
REV05368,ORD000220,CUST00410,REST0278,4,Loved it
REV05369,ORD006970,CUST01900,REST0074,1,Delivery was delayed
REV05370,ORD001289,CUST00709,REST0040,2,Amazing food
REV05371,ORD003164,CUST02175,REST0076,5,Worth the money
REV05372,ORD004679,CUST00934,REST0075,2,Average experience
REV05373,ORD002619,CUST00853,REST0026,3,Very late delivery
REV05374,ORD003613,CUST01395,REST0199,3,Loved it
REV05375,ORD000044,CUST00442,REST0024,5,Excellent taste
REV05376,ORD008095,CUST01911,REST0168,3,Worth the money
REV05377,ORD008373,CUST02166,REST0024,2,Amazing food
REV05378,ORD003793,CUST00711,REST0130,3,Excellent taste
REV05379,ORD003572,CUST01812,REST0216,1,Would order again
REV05380,ORD009981,CUST00746,REST0286,2,Would order again
REV05381,ORD001504,CUST01550,REST0281,4,Not satisfied
REV05382,ORD005557,CUST01617,REST0174,4,Packaging was poor
REV05383,ORD009831,CUST02447,REST0237,4,Very late delivery
REV05384,ORD003440,CUST00478,REST0225,1,Not satisfied
REV05385,ORD001893,CUST01222,REST0012,5,Not satisfied
REV05386,ORD009324,CUST00884,REST0223,4,Would order again
REV05387,ORD005256,CUST02335,REST0089,1,Worth the money
REV05388,ORD001956,CUST01707,REST0214,3,Not satisfied
REV05389,ORD005168,CUST01600,REST0265,3,Delivery was delayed
REV05390,ORD004815,CUST00728,REST0126,5,Loved it
REV05391,ORD006265,CUST00487,REST0072,1,Not satisfied
REV05392,ORD001506,CUST00705,REST0009,1,Very late delivery
REV05393,ORD000671,CUST00526,REST0296,1,Worth the money
REV05394,ORD008908,CUST01062,REST0217,5,Very late delivery
REV05395,ORD007056,CUST01919,REST0096,5,Average experience
REV05396,ORD000898,CUST00199,REST0078,3,Worth the money
REV05397,ORD006179,CUST00578,REST0212,4,Not satisfied
REV05398,ORD002667,CUST00798,REST0184,3,Very late delivery
REV05399,ORD003194,CUST02252,REST0080,1,Very late delivery
REV05400,ORD002891,CUST02498,REST0073,4,Worth the money
REV05401,ORD007774,CUST02188,REST0264,2,Would order again
REV05402,ORD002622,CUST00184,REST0166,4,Delivery was delayed
REV05403,ORD006009,CUST00068,REST0168,1,Packaging was poor
REV05404,ORD005957,CUST00611,REST0160,5,Amazing food
REV05405,ORD000003,CUST00315,REST0040,5,Amazing food
REV05406,ORD002371,CUST02460,REST0192,1,Packaging was poor
REV05407,ORD007915,CUST00053,REST0149,1,Average experience
REV05408,ORD001770,CUST00648,REST0103,1,Loved it
REV05409,ORD008507,CUST00336,REST0096,4,Very late delivery
REV05410,ORD006026,CUST00267,REST0007,5,Amazing food
REV05411,ORD000532,CUST01998,REST0198,2,Delivery was delayed
REV05412,ORD008725,CUST02380,REST0136,2,Very late delivery
REV05413,ORD008650,CUST01935,REST0008,2,Would order again
REV05414,ORD007874,CUST02422,REST0145,4,Not satisfied
REV05415,ORD008891,CUST00235,REST0170,2,Very late delivery
REV05416,ORD003121,CUST02009,REST0052,5,Amazing food
REV05417,ORD009023,CUST01155,REST0007,2,Worth the money
REV05418,ORD000732,CUST00193,REST0063,5,Average experience
REV05419,ORD003407,CUST01956,REST0192,1,Average experience
REV05420,ORD002340,CUST01326,REST0252,1,Loved it
REV05421,ORD005968,CUST02005,REST0006,3,Delivery was delayed
REV05422,ORD006581,CUST01937,REST0225,1,Delivery was delayed
REV05423,ORD002566,CUST01336,REST0287,4,Very late delivery
REV05424,ORD007727,CUST02468,REST0123,3,Loved it
REV05425,ORD007821,CUST00352,REST0163,5,Loved it
REV05426,ORD006714,CUST00718,REST0176,1,Excellent taste
REV05427,ORD006996,CUST00978,REST0281,2,Worth the money
REV05428,ORD006943,CUST00216,REST0154,1,Very late delivery
REV05429,ORD007795,CUST00455,REST0160,1,Average experience
REV05430,ORD008976,CUST00876,REST0277,2,Excellent taste
REV05431,ORD001256,CUST00230,REST0041,3,Loved it
REV05432,ORD002105,CUST01662,REST0198,2,Very late delivery
REV05433,ORD006735,CUST01513,REST0138,1,Delivery was delayed
REV05434,ORD009779,CUST00857,REST0037,2,Very late delivery
REV05435,ORD006225,CUST00457,REST0210,2,Loved it
REV05436,ORD009151,CUST00130,REST0006,5,Not satisfied
REV05437,ORD004995,CUST01710,REST0048,1,Delivery was delayed
REV05438,ORD008970,CUST02460,REST0196,5,Would order again
REV05439,ORD006840,CUST01673,REST0197,1,Would order again
REV05440,ORD005058,CUST00864,REST0271,5,Delivery was delayed
REV05441,ORD005847,CUST01659,REST0173,2,Delivery was delayed
REV05442,ORD004435,CUST01459,REST0165,3,Amazing food
REV05443,ORD003485,CUST00290,REST0083,5,Loved it
REV05444,ORD009494,CUST02205,REST0147,2,Not satisfied
REV05445,ORD005319,CUST02181,REST0022,1,Packaging was poor
REV05446,ORD003817,CUST01117,REST0275,1,Very late delivery
REV05447,ORD005730,CUST02093,REST0274,5,Delivery was delayed
REV05448,ORD008904,CUST00678,REST0093,1,Not satisfied
REV05449,ORD007841,CUST01782,REST0229,1,Not satisfied
REV05450,ORD009890,CUST01050,REST0143,1,Delivery was delayed
REV05451,ORD001622,CUST02399,REST0201,4,Delivery was delayed
REV05452,ORD009424,CUST02022,REST0272,4,Excellent taste
REV05453,ORD006308,CUST01870,REST0095,1,Loved it
REV05454,ORD009305,CUST00130,REST0234,3,Delivery was delayed
REV05455,ORD008903,CUST01548,REST0195,2,Would order again
REV05456,ORD001097,CUST01995,REST0292,3,Excellent taste
REV05457,ORD008058,CUST01422,REST0243,3,Packaging was poor
REV05458,ORD009482,CUST00059,REST0009,5,Very late delivery
REV05459,ORD002464,CUST02309,REST0090,1,Not satisfied
REV05460,ORD008290,CUST00255,REST0202,1,Would order again
REV05461,ORD001789,CUST01630,REST0223,2,Not satisfied
REV05462,ORD000251,CUST01860,REST0271,5,Excellent taste
REV05463,ORD009927,CUST00531,REST0062,4,Excellent taste
REV05464,ORD006192,CUST00514,REST0195,5,Excellent taste
REV05465,ORD009651,CUST00480,REST0188,1,Packaging was poor
REV05466,ORD000193,CUST01876,REST0189,4,Not satisfied
REV05467,ORD000821,CUST00430,REST0136,4,Worth the money
REV05468,ORD009628,CUST01758,REST0019,4,Excellent taste
REV05469,ORD005715,CUST01674,REST0257,3,Excellent taste
REV05470,ORD007196,CUST00959,REST0277,5,Very late delivery
REV05471,ORD005716,CUST00639,REST0250,3,Packaging was poor
REV05472,ORD004401,CUST01469,REST0087,1,Worth the money
REV05473,ORD009291,CUST01083,REST0066,2,Would order again
REV05474,ORD005389,CUST02480,REST0184,3,Not satisfied
REV05475,ORD004167,CUST01705,REST0030,5,Not satisfied
REV05476,ORD004952,CUST02239,REST0081,2,Average experience
REV05477,ORD002688,CUST01290,REST0060,3,Delivery was delayed
REV05478,ORD004391,CUST00424,REST0050,4,Worth the money
REV05479,ORD005861,CUST02082,REST0248,1,Delivery was delayed
REV05480,ORD005982,CUST00727,REST0075,4,Loved it
REV05481,ORD004928,CUST01949,REST0191,3,Excellent taste
REV05482,ORD006736,CUST00619,REST0293,3,Average experience
REV05483,ORD002608,CUST01446,REST0128,4,Amazing food
REV05484,ORD007467,CUST01992,REST0130,3,Loved it
REV05485,ORD000239,CUST02204,REST0190,4,Loved it
REV05486,ORD004016,CUST00680,REST0150,5,Very late delivery
REV05487,ORD009263,CUST02280,REST0134,4,Delivery was delayed
REV05488,ORD002978,CUST00225,REST0162,2,Not satisfied
REV05489,ORD005713,CUST00919,REST0031,1,Worth the money
REV05490,ORD009857,CUST01145,REST0227,5,Delivery was delayed
REV05491,ORD005474,CUST01516,REST0253,3,Amazing food
REV05492,ORD000946,CUST02215,REST0088,5,Worth the money
REV05493,ORD008252,CUST02288,REST0088,1,Loved it
REV05494,ORD007682,CUST00291,REST0209,3,Not satisfied
REV05495,ORD005098,CUST01883,REST0266,3,Loved it
REV05496,ORD006806,CUST02494,REST0250,1,Delivery was delayed
REV05497,ORD005804,CUST01833,REST0177,3,Excellent taste
REV05498,ORD003553,CUST02180,REST0262,5,Not satisfied
REV05499,ORD009970,CUST02401,REST0272,4,Packaging was poor
REV05500,ORD003361,CUST00341,REST0268,1,Loved it
REV05501,ORD008250,CUST01682,REST0143,5,Average experience
REV05502,ORD002411,CUST01180,REST0283,1,Loved it
REV05503,ORD004508,CUST00254,REST0246,4,Not satisfied
REV05504,ORD008463,CUST00380,REST0225,5,Loved it
REV05505,ORD003983,CUST02091,REST0001,2,Packaging was poor
REV05506,ORD000147,CUST00370,REST0126,3,Very late delivery
REV05507,ORD006649,CUST00372,REST0112,5,Delivery was delayed
REV05508,ORD002295,CUST00892,REST0027,1,Not satisfied
REV05509,ORD002254,CUST00452,REST0300,3,Loved it
REV05510,ORD003612,CUST02360,REST0179,4,Amazing food
REV05511,ORD005354,CUST00524,REST0273,3,Amazing food
REV05512,ORD001737,CUST01694,REST0165,3,Excellent taste
REV05513,ORD007916,CUST01960,REST0135,5,Very late delivery
REV05514,ORD007660,CUST01720,REST0149,3,Average experience
REV05515,ORD000115,CUST00803,REST0227,5,Very late delivery
REV05516,ORD008861,CUST02337,REST0227,2,Worth the money
REV05517,ORD005650,CUST00774,REST0069,3,Very late delivery
REV05518,ORD009845,CUST01976,REST0026,3,Average experience
REV05519,ORD000499,CUST00293,REST0035,3,Packaging was poor
REV05520,ORD007823,CUST00692,REST0044,5,Amazing food
REV05521,ORD000721,CUST00614,REST0181,5,Very late delivery
REV05522,ORD007259,CUST00912,REST0194,3,Loved it
REV05523,ORD008844,CUST01299,REST0155,5,Would order again
REV05524,ORD005731,CUST02295,REST0118,5,Amazing food
REV05525,ORD003090,CUST02285,REST0293,2,Loved it
REV05526,ORD007227,CUST01217,REST0030,5,Very late delivery
REV05527,ORD007307,CUST00463,REST0240,1,Would order again
REV05528,ORD006509,CUST02254,REST0231,1,Very late delivery
REV05529,ORD000597,CUST01919,REST0085,1,Not satisfied
REV05530,ORD009093,CUST00355,REST0028,4,Not satisfied
REV05531,ORD006096,CUST01028,REST0175,2,Not satisfied
REV05532,ORD006054,CUST01815,REST0136,2,Delivery was delayed
REV05533,ORD005165,CUST01809,REST0236,2,Excellent taste
REV05534,ORD001648,CUST01471,REST0151,5,Would order again
REV05535,ORD008168,CUST00439,REST0217,1,Would order again
REV05536,ORD006921,CUST00746,REST0230,1,Not satisfied
REV05537,ORD002701,CUST01151,REST0226,2,Packaging was poor
REV05538,ORD008204,CUST00517,REST0221,4,Packaging was poor
REV05539,ORD001701,CUST02499,REST0193,2,Delivery was delayed
REV05540,ORD008944,CUST01047,REST0295,1,Loved it
REV05541,ORD005405,CUST00070,REST0041,1,Loved it
REV05542,ORD007220,CUST02476,REST0085,2,Loved it
REV05543,ORD007503,CUST01393,REST0046,4,Worth the money
REV05544,ORD002943,CUST01654,REST0235,2,Loved it
REV05545,ORD006302,CUST02419,REST0176,5,Excellent taste
REV05546,ORD000087,CUST01273,REST0171,4,Excellent taste
REV05547,ORD002309,CUST00789,REST0240,4,Delivery was delayed
REV05548,ORD002678,CUST01064,REST0285,3,Would order again
REV05549,ORD008217,CUST01866,REST0002,5,Delivery was delayed
REV05550,ORD007730,CUST01540,REST0047,2,Amazing food
REV05551,ORD002595,CUST02030,REST0085,2,Delivery was delayed
REV05552,ORD005885,CUST02220,REST0163,2,Delivery was delayed
REV05553,ORD001030,CUST01583,REST0063,5,Excellent taste
REV05554,ORD000137,CUST02411,REST0018,5,Amazing food
REV05555,ORD006832,CUST01616,REST0060,1,Amazing food
REV05556,ORD007815,CUST00117,REST0066,3,Loved it
REV05557,ORD002855,CUST01255,REST0080,5,Very late delivery
REV05558,ORD004410,CUST01410,REST0220,4,Loved it
REV05559,ORD001201,CUST00247,REST0245,3,Loved it
REV05560,ORD004718,CUST02313,REST0193,3,Very late delivery
REV05561,ORD009518,CUST01012,REST0176,4,Excellent taste
REV05562,ORD006595,CUST00858,REST0025,1,Very late delivery
REV05563,ORD000567,CUST00762,REST0118,4,Packaging was poor
REV05564,ORD007329,CUST01491,REST0292,5,Not satisfied
REV05565,ORD005431,CUST00295,REST0284,2,Very late delivery
REV05566,ORD003928,CUST01749,REST0203,5,Average experience
REV05567,ORD006056,CUST02269,REST0021,2,Packaging was poor
REV05568,ORD007590,CUST02442,REST0286,1,Loved it
REV05569,ORD007123,CUST02200,REST0206,4,Loved it
REV05570,ORD006573,CUST01446,REST0045,5,Packaging was poor
REV05571,ORD006536,CUST02323,REST0174,5,Average experience
REV05572,ORD008914,CUST02333,REST0211,4,Average experience
REV05573,ORD008276,CUST00266,REST0299,1,Would order again
REV05574,ORD002331,CUST00337,REST0042,2,Excellent taste
REV05575,ORD003516,CUST00148,REST0231,1,Not satisfied
REV05576,ORD002188,CUST01602,REST0189,5,Excellent taste
REV05577,ORD000196,CUST01357,REST0082,2,Not satisfied
REV05578,ORD007258,CUST02263,REST0097,1,Packaging was poor
REV05579,ORD005667,CUST01148,REST0173,1,Delivery was delayed
REV05580,ORD005060,CUST01945,REST0090,5,Excellent taste
REV05581,ORD000803,CUST00702,REST0104,4,Not satisfied
REV05582,ORD008849,CUST00240,REST0250,3,Excellent taste
REV05583,ORD009929,CUST01877,REST0202,5,Average experience
REV05584,ORD002069,CUST02117,REST0146,3,Very late delivery
REV05585,ORD009083,CUST00291,REST0263,3,Excellent taste
REV05586,ORD008745,CUST00816,REST0285,1,Loved it
REV05587,ORD000645,CUST00657,REST0268,4,Packaging was poor
REV05588,ORD009375,CUST00940,REST0082,4,Excellent taste
REV05589,ORD005104,CUST00448,REST0017,1,Excellent taste
REV05590,ORD005461,CUST01959,REST0258,5,Excellent taste
REV05591,ORD001638,CUST00470,REST0007,3,Packaging was poor
REV05592,ORD000121,CUST01288,REST0050,3,Excellent taste
REV05593,ORD002982,CUST01304,REST0268,5,Worth the money
REV05594,ORD005070,CUST02250,REST0292,1,Worth the money
REV05595,ORD003075,CUST00151,REST0207,1,Packaging was poor
REV05596,ORD008928,CUST00598,REST0141,3,Loved it
REV05597,ORD003279,CUST00970,REST0270,2,Amazing food
REV05598,ORD002136,CUST00804,REST0235,2,Would order again
REV05599,ORD008942,CUST01668,REST0036,4,Packaging was poor
REV05600,ORD004971,CUST00323,REST0153,2,Loved it
REV05601,ORD006196,CUST00953,REST0106,2,Worth the money
REV05602,ORD000135,CUST00894,REST0240,5,Amazing food
REV05603,ORD007732,CUST00315,REST0284,2,Loved it
REV05604,ORD005325,CUST01637,REST0041,4,Packaging was poor
REV05605,ORD009641,CUST01695,REST0115,3,Packaging was poor
REV05606,ORD006161,CUST00662,REST0206,5,Would order again
REV05607,ORD002560,CUST01006,REST0055,1,Very late delivery
REV05608,ORD000063,CUST02285,REST0107,4,Packaging was poor
REV05609,ORD001359,CUST01264,REST0048,4,Very late delivery
REV05610,ORD006726,CUST01830,REST0078,4,Loved it
REV05611,ORD002468,CUST00294,REST0135,3,Excellent taste
REV05612,ORD000680,CUST00057,REST0243,5,Average experience
REV05613,ORD006798,CUST00736,REST0065,3,Loved it
REV05614,ORD000742,CUST01147,REST0149,4,Worth the money
REV05615,ORD005308,CUST00106,REST0107,5,Excellent taste
REV05616,ORD007628,CUST00491,REST0124,4,Would order again
REV05617,ORD003642,CUST00795,REST0046,2,Packaging was poor
REV05618,ORD000445,CUST02011,REST0237,1,Very late delivery
REV05619,ORD008141,CUST00506,REST0161,4,Would order again
REV05620,ORD003259,CUST01751,REST0137,4,Loved it
REV05621,ORD004664,CUST00224,REST0050,5,Delivery was delayed
REV05622,ORD001874,CUST00094,REST0080,1,Amazing food
REV05623,ORD006367,CUST01223,REST0081,3,Packaging was poor
REV05624,ORD002597,CUST00928,REST0139,4,Amazing food
REV05625,ORD001718,CUST01649,REST0006,4,Would order again
REV05626,ORD002913,CUST01336,REST0152,2,Packaging was poor
REV05627,ORD002844,CUST00956,REST0238,5,Loved it
REV05628,ORD004028,CUST02094,REST0254,5,Not satisfied
REV05629,ORD005489,CUST01442,REST0176,5,Amazing food
REV05630,ORD008635,CUST01337,REST0282,5,Amazing food
REV05631,ORD008038,CUST00494,REST0084,4,Excellent taste
REV05632,ORD009233,CUST00202,REST0192,1,Would order again
REV05633,ORD000490,CUST02209,REST0085,2,Packaging was poor
REV05634,ORD000494,CUST01372,REST0251,1,Excellent taste
REV05635,ORD000691,CUST02182,REST0171,5,Not satisfied
REV05636,ORD003822,CUST00234,REST0046,5,Loved it
REV05637,ORD000603,CUST01638,REST0215,5,Average experience
REV05638,ORD001912,CUST00525,REST0069,1,Would order again
REV05639,ORD001015,CUST00284,REST0203,4,Worth the money
REV05640,ORD006157,CUST01416,REST0281,5,Very late delivery
REV05641,ORD001994,CUST02186,REST0236,3,Not satisfied
REV05642,ORD005770,CUST00625,REST0295,2,Packaging was poor
REV05643,ORD003758,CUST02242,REST0121,4,Loved it
REV05644,ORD002367,CUST00881,REST0230,5,Packaging was poor
REV05645,ORD005284,CUST01020,REST0222,1,Very late delivery
REV05646,ORD004371,CUST01956,REST0055,1,Delivery was delayed
REV05647,ORD006884,CUST00117,REST0126,1,Delivery was delayed
REV05648,ORD007012,CUST01427,REST0024,3,Very late delivery
REV05649,ORD001362,CUST02340,REST0236,4,Delivery was delayed
REV05650,ORD008462,CUST01398,REST0230,5,Very late delivery
REV05651,ORD001527,CUST00929,REST0021,2,Excellent taste
REV05652,ORD001328,CUST02065,REST0155,4,Delivery was delayed
REV05653,ORD008508,CUST00571,REST0183,2,Very late delivery
REV05654,ORD009032,CUST00753,REST0220,1,Not satisfied
REV05655,ORD001552,CUST00401,REST0250,4,Not satisfied
REV05656,ORD007770,CUST01436,REST0241,2,Very late delivery
REV05657,ORD009909,CUST01841,REST0197,5,Packaging was poor
REV05658,ORD001338,CUST00189,REST0177,1,Delivery was delayed
REV05659,ORD003902,CUST01372,REST0103,1,Loved it
REV05660,ORD003011,CUST00986,REST0141,5,Average experience
REV05661,ORD005042,CUST00864,REST0020,3,Excellent taste
REV05662,ORD008826,CUST01366,REST0135,2,Excellent taste
REV05663,ORD002251,CUST00409,REST0026,1,Loved it
REV05664,ORD006534,CUST00835,REST0138,4,Loved it
REV05665,ORD005040,CUST02150,REST0114,4,Packaging was poor
REV05666,ORD002347,CUST00884,REST0130,5,Excellent taste
REV05667,ORD009283,CUST00239,REST0260,5,Would order again
REV05668,ORD005486,CUST01181,REST0214,4,Average experience
REV05669,ORD002785,CUST01254,REST0255,2,Delivery was delayed
REV05670,ORD005120,CUST00697,REST0086,4,Not satisfied
REV05671,ORD007551,CUST02287,REST0040,3,Amazing food
REV05672,ORD005556,CUST02370,REST0097,2,Excellent taste
REV05673,ORD005600,CUST01320,REST0083,3,Loved it
REV05674,ORD007631,CUST02328,REST0263,5,Not satisfied
REV05675,ORD000151,CUST00294,REST0178,1,Excellent taste
REV05676,ORD002805,CUST01622,REST0125,2,Packaging was poor
REV05677,ORD005875,CUST00287,REST0235,2,Excellent taste
REV05678,ORD002087,CUST00537,REST0295,3,Average experience
REV05679,ORD003752,CUST00671,REST0281,3,Not satisfied
REV05680,ORD005613,CUST02026,REST0134,4,Would order again
REV05681,ORD002260,CUST02026,REST0107,5,Loved it
REV05682,ORD004018,CUST01451,REST0072,4,Delivery was delayed
REV05683,ORD006114,CUST01824,REST0235,5,Average experience
REV05684,ORD006059,CUST02214,REST0055,1,Would order again
REV05685,ORD002425,CUST00231,REST0289,2,Worth the money
REV05686,ORD008035,CUST02041,REST0145,1,Worth the money
REV05687,ORD003857,CUST01217,REST0157,3,Would order again
REV05688,ORD000860,CUST00528,REST0156,3,Loved it
REV05689,ORD008171,CUST01611,REST0034,5,Amazing food
REV05690,ORD007592,CUST00774,REST0190,2,Packaging was poor
REV05691,ORD008098,CUST00393,REST0300,4,Amazing food
REV05692,ORD007321,CUST02350,REST0091,2,Would order again
REV05693,ORD008564,CUST01728,REST0015,1,Worth the money
REV05694,ORD004740,CUST01890,REST0139,3,Very late delivery
REV05695,ORD008595,CUST00008,REST0101,5,Average experience
REV05696,ORD004463,CUST01578,REST0271,5,Loved it
REV05697,ORD005529,CUST01628,REST0005,4,Loved it
REV05698,ORD001365,CUST00824,REST0123,3,Not satisfied
REV05699,ORD001780,CUST01834,REST0006,2,Loved it
REV05700,ORD009222,CUST01345,REST0260,4,Loved it
REV05701,ORD004786,CUST00101,REST0111,4,Average experience
REV05702,ORD006335,CUST01364,REST0185,1,Would order again
REV05703,ORD001819,CUST00141,REST0162,5,Very late delivery
REV05704,ORD007800,CUST01378,REST0277,4,Not satisfied
REV05705,ORD004938,CUST02100,REST0193,4,Loved it
REV05706,ORD002705,CUST01969,REST0161,1,Very late delivery
REV05707,ORD005286,CUST00576,REST0196,3,Not satisfied
REV05708,ORD000176,CUST01330,REST0114,5,Loved it
REV05709,ORD007482,CUST01173,REST0186,3,Very late delivery
REV05710,ORD002094,CUST01668,REST0113,1,Very late delivery
REV05711,ORD008751,CUST00474,REST0172,1,Loved it
REV05712,ORD003492,CUST00187,REST0069,3,Worth the money
REV05713,ORD001921,CUST01224,REST0024,3,Worth the money
REV05714,ORD000083,CUST01543,REST0150,4,Would order again
REV05715,ORD000817,CUST01650,REST0061,1,Excellent taste
REV05716,ORD008602,CUST01826,REST0091,1,Average experience
REV05717,ORD007355,CUST00485,REST0219,5,Excellent taste
REV05718,ORD004397,CUST02470,REST0245,5,Not satisfied
REV05719,ORD009182,CUST00052,REST0007,2,Very late delivery
REV05720,ORD005569,CUST00637,REST0221,5,Very late delivery
REV05721,ORD000284,CUST01382,REST0096,4,Excellent taste
REV05722,ORD004121,CUST02396,REST0165,5,Excellent taste
REV05723,ORD007481,CUST01010,REST0300,2,Very late delivery
REV05724,ORD000610,CUST01503,REST0183,3,Delivery was delayed
REV05725,ORD002916,CUST01598,REST0270,2,Amazing food
REV05726,ORD001814,CUST01761,REST0082,5,Average experience
REV05727,ORD001272,CUST00592,REST0058,3,Not satisfied
REV05728,ORD005925,CUST01201,REST0246,1,Average experience
REV05729,ORD009596,CUST01116,REST0206,4,Delivery was delayed
REV05730,ORD002995,CUST01637,REST0020,4,Would order again
REV05731,ORD007110,CUST01716,REST0114,1,Amazing food
REV05732,ORD008614,CUST01678,REST0078,4,Worth the money
REV05733,ORD007357,CUST00364,REST0177,1,Packaging was poor
REV05734,ORD002643,CUST01961,REST0091,2,Worth the money
REV05735,ORD006554,CUST00192,REST0036,3,Loved it
REV05736,ORD004509,CUST00087,REST0269,3,Average experience
REV05737,ORD002306,CUST01507,REST0004,2,Loved it
REV05738,ORD006503,CUST02218,REST0144,2,Loved it
REV05739,ORD006261,CUST02273,REST0295,3,Not satisfied
REV05740,ORD004196,CUST00152,REST0243,4,Very late delivery
REV05741,ORD005563,CUST00223,REST0211,2,Very late delivery
REV05742,ORD004841,CUST02433,REST0058,3,Average experience
REV05743,ORD004656,CUST01734,REST0257,5,Excellent taste
REV05744,ORD008148,CUST00497,REST0127,3,Amazing food
REV05745,ORD004169,CUST01824,REST0051,3,Loved it
REV05746,ORD003850,CUST00239,REST0107,4,Loved it
REV05747,ORD009848,CUST01043,REST0208,1,Would order again
REV05748,ORD008402,CUST01260,REST0268,5,Loved it
REV05749,ORD005254,CUST01260,REST0011,4,Excellent taste
REV05750,ORD007885,CUST02455,REST0116,1,Not satisfied
REV05751,ORD005534,CUST01427,REST0127,3,Worth the money
REV05752,ORD002415,CUST00145,REST0049,1,Delivery was delayed
REV05753,ORD003555,CUST02304,REST0181,5,Worth the money
REV05754,ORD004692,CUST01336,REST0011,1,Average experience
REV05755,ORD004499,CUST02279,REST0255,4,Delivery was delayed
REV05756,ORD002196,CUST01032,REST0154,4,Not satisfied
REV05757,ORD005046,CUST01857,REST0271,4,Average experience
REV05758,ORD002601,CUST02433,REST0079,1,Average experience
REV05759,ORD001519,CUST02273,REST0213,3,Not satisfied
REV05760,ORD004765,CUST02499,REST0139,2,Amazing food
REV05761,ORD004315,CUST01376,REST0260,1,Delivery was delayed
REV05762,ORD003367,CUST02165,REST0172,1,Average experience
REV05763,ORD006066,CUST01154,REST0068,4,Loved it
REV05764,ORD006583,CUST00491,REST0215,5,Would order again
REV05765,ORD002634,CUST00171,REST0149,3,Would order again
REV05766,ORD007338,CUST01016,REST0047,3,Very late delivery
REV05767,ORD005634,CUST00348,REST0014,4,Amazing food
REV05768,ORD009169,CUST02347,REST0240,2,Amazing food
REV05769,ORD008790,CUST02306,REST0245,2,Delivery was delayed
REV05770,ORD002435,CUST00650,REST0258,5,Average experience
REV05771,ORD008278,CUST02292,REST0225,2,Packaging was poor
REV05772,ORD006759,CUST00641,REST0210,5,Very late delivery
REV05773,ORD006612,CUST01641,REST0178,1,Excellent taste
REV05774,ORD004521,CUST00735,REST0230,5,Would order again
REV05775,ORD005588,CUST00521,REST0256,2,Amazing food
REV05776,ORD003546,CUST01518,REST0118,1,Packaging was poor
REV05777,ORD005966,CUST01838,REST0237,1,Packaging was poor
REV05778,ORD005993,CUST00807,REST0107,3,Loved it
REV05779,ORD008806,CUST01280,REST0150,4,Would order again
REV05780,ORD005532,CUST00737,REST0178,2,Worth the money
REV05781,ORD005445,CUST00718,REST0259,4,Would order again
REV05782,ORD000518,CUST02337,REST0096,5,Not satisfied
REV05783,ORD006111,CUST00835,REST0185,2,Excellent taste
REV05784,ORD006865,CUST01020,REST0272,2,Would order again
REV05785,ORD007961,CUST01819,REST0284,1,Would order again
REV05786,ORD001416,CUST02203,REST0233,2,Not satisfied
REV05787,ORD004665,CUST02011,REST0153,5,Would order again
REV05788,ORD004457,CUST00040,REST0289,1,Very late delivery
REV05789,ORD002762,CUST00162,REST0242,1,Would order again
REV05790,ORD004856,CUST02016,REST0031,5,Loved it
REV05791,ORD000128,CUST00694,REST0006,1,Average experience
REV05792,ORD003475,CUST01469,REST0038,3,Would order again
REV05793,ORD007970,CUST02019,REST0278,5,Loved it
REV05794,ORD004311,CUST00641,REST0242,1,Very late delivery
REV05795,ORD002439,CUST01652,REST0226,5,Worth the money
REV05796,ORD003766,CUST02366,REST0032,4,Delivery was delayed
REV05797,ORD006877,CUST01179,REST0093,2,Average experience
REV05798,ORD005897,CUST00079,REST0264,5,Delivery was delayed
REV05799,ORD005841,CUST01495,REST0248,2,Loved it
REV05800,ORD008843,CUST01177,REST0156,2,Excellent taste
REV05801,ORD009771,CUST00955,REST0045,1,Not satisfied
REV05802,ORD001474,CUST00379,REST0285,5,Would order again
REV05803,ORD004822,CUST02294,REST0047,2,Would order again
REV05804,ORD006916,CUST00855,REST0142,1,Would order again
REV05805,ORD003561,CUST01218,REST0127,3,Worth the money
REV05806,ORD003952,CUST00871,REST0289,5,Not satisfied
REV05807,ORD000050,CUST00731,REST0074,5,Not satisfied
REV05808,ORD005438,CUST02033,REST0221,1,Would order again
REV05809,ORD009898,CUST00806,REST0078,2,Amazing food
REV05810,ORD000888,CUST00404,REST0069,1,Would order again
REV05811,ORD002617,CUST01871,REST0102,1,Delivery was delayed
REV05812,ORD000517,CUST01644,REST0260,2,Loved it
REV05813,ORD003169,CUST00801,REST0253,5,Delivery was delayed
REV05814,ORD002950,CUST02170,REST0257,5,Loved it
REV05815,ORD001425,CUST01459,REST0231,3,Average experience
REV05816,ORD000140,CUST02432,REST0295,3,Not satisfied
REV05817,ORD001925,CUST01480,REST0142,3,Very late delivery
REV05818,ORD002379,CUST00423,REST0009,5,Delivery was delayed
REV05819,ORD003198,CUST01643,REST0204,3,Delivery was delayed
REV05820,ORD005132,CUST00643,REST0022,1,Would order again
REV05821,ORD000113,CUST01784,REST0179,1,Packaging was poor
REV05822,ORD004560,CUST00477,REST0151,3,Would order again
REV05823,ORD004596,CUST01568,REST0082,3,Amazing food
REV05824,ORD007998,CUST01283,REST0076,4,Amazing food
REV05825,ORD003251,CUST01938,REST0271,1,Excellent taste
REV05826,ORD004691,CUST00981,REST0169,2,Worth the money
REV05827,ORD008116,CUST00894,REST0243,3,Loved it
REV05828,ORD007768,CUST01548,REST0209,5,Average experience
REV05829,ORD004547,CUST01123,REST0254,3,Loved it
REV05830,ORD007085,CUST02313,REST0070,4,Not satisfied
REV05831,ORD003278,CUST01832,REST0105,4,Very late delivery
REV05832,ORD007543,CUST00143,REST0067,2,Very late delivery
REV05833,ORD006594,CUST01038,REST0187,1,Delivery was delayed
REV05834,ORD004069,CUST00723,REST0288,5,Loved it
REV05835,ORD004409,CUST01991,REST0256,2,Excellent taste
REV05836,ORD008645,CUST01359,REST0234,4,Average experience
REV05837,ORD008589,CUST00797,REST0054,2,Not satisfied
REV05838,ORD007385,CUST01670,REST0003,4,Loved it
REV05839,ORD003223,CUST01819,REST0101,2,Would order again
REV05840,ORD008211,CUST01592,REST0149,1,Worth the money
REV05841,ORD000452,CUST02275,REST0081,4,Amazing food
REV05842,ORD003732,CUST01425,REST0010,5,Packaging was poor
REV05843,ORD008954,CUST02298,REST0265,3,Excellent taste
REV05844,ORD004987,CUST01018,REST0132,4,Packaging was poor
REV05845,ORD003664,CUST00579,REST0145,1,Average experience
REV05846,ORD002764,CUST00754,REST0002,1,Very late delivery
REV05847,ORD000659,CUST00949,REST0026,1,Worth the money
REV05848,ORD007679,CUST01037,REST0131,3,Worth the money
REV05849,ORD007677,CUST00298,REST0280,5,Delivery was delayed
REV05850,ORD004621,CUST01715,REST0219,3,Average experience
REV05851,ORD001000,CUST00524,REST0101,2,Loved it
REV05852,ORD000390,CUST01610,REST0073,4,Packaging was poor
REV05853,ORD003408,CUST01735,REST0088,2,Would order again
REV05854,ORD001477,CUST01829,REST0165,1,Average experience
REV05855,ORD002241,CUST01672,REST0236,2,Amazing food
REV05856,ORD002387,CUST00729,REST0111,3,Amazing food
REV05857,ORD009140,CUST01186,REST0026,3,Delivery was delayed
REV05858,ORD000993,CUST00536,REST0095,3,Average experience
REV05859,ORD004998,CUST01613,REST0194,5,Would order again
REV05860,ORD003923,CUST02422,REST0097,4,Delivery was delayed
REV05861,ORD002973,CUST00844,REST0082,4,Worth the money
REV05862,ORD003387,CUST00109,REST0113,4,Very late delivery
REV05863,ORD007886,CUST00929,REST0160,2,Very late delivery
REV05864,ORD008813,CUST01275,REST0242,2,Would order again
REV05865,ORD004770,CUST01140,REST0132,1,Very late delivery
REV05866,ORD001294,CUST01812,REST0269,2,Worth the money
REV05867,ORD001825,CUST01246,REST0255,4,Excellent taste
REV05868,ORD002874,CUST00620,REST0197,2,Average experience
REV05869,ORD004174,CUST00951,REST0222,2,Packaging was poor
REV05870,ORD002536,CUST01864,REST0120,5,Average experience
REV05871,ORD009133,CUST01535,REST0057,5,Excellent taste
REV05872,ORD001908,CUST00118,REST0078,1,Packaging was poor
REV05873,ORD000043,CUST02282,REST0124,4,Excellent taste
REV05874,ORD009492,CUST02057,REST0067,2,Packaging was poor
REV05875,ORD000369,CUST00445,REST0062,2,Excellent taste
REV05876,ORD001152,CUST01094,REST0190,3,Would order again
REV05877,ORD007753,CUST00628,REST0288,5,Not satisfied
REV05878,ORD006359,CUST00713,REST0040,2,Amazing food
REV05879,ORD005913,CUST01404,REST0127,5,Delivery was delayed
REV05880,ORD006508,CUST01533,REST0061,4,Excellent taste
REV05881,ORD007526,CUST00518,REST0294,1,Very late delivery
REV05882,ORD004161,CUST02295,REST0172,5,Packaging was poor
REV05883,ORD004288,CUST02417,REST0257,2,Would order again
REV05884,ORD007776,CUST01650,REST0268,3,Packaging was poor
REV05885,ORD006715,CUST02110,REST0187,4,Excellent taste
REV05886,ORD000175,CUST01126,REST0137,5,Very late delivery
REV05887,ORD001904,CUST00316,REST0263,3,Packaging was poor
REV05888,ORD001100,CUST00893,REST0100,2,Average experience
REV05889,ORD008115,CUST01204,REST0139,4,Packaging was poor
REV05890,ORD003409,CUST02249,REST0252,5,Excellent taste
REV05891,ORD001539,CUST00306,REST0008,4,Loved it
REV05892,ORD002293,CUST02221,REST0203,3,Very late delivery
REV05893,ORD009301,CUST02157,REST0170,3,Worth the money
REV05894,ORD001364,CUST00800,REST0064,2,Average experience
REV05895,ORD007189,CUST01946,REST0264,1,Would order again
REV05896,ORD006628,CUST00458,REST0107,5,Excellent taste
REV05897,ORD005261,CUST01095,REST0060,3,Very late delivery
REV05898,ORD006816,CUST00333,REST0277,2,Very late delivery
REV05899,ORD009462,CUST01399,REST0178,2,Loved it
REV05900,ORD000681,CUST00919,REST0231,3,Packaging was poor
REV05901,ORD009316,CUST01992,REST0061,4,Delivery was delayed
REV05902,ORD009299,CUST01249,REST0266,1,Very late delivery
REV05903,ORD003665,CUST01999,REST0144,2,Excellent taste
REV05904,ORD001662,CUST01383,REST0019,5,Loved it
REV05905,ORD000509,CUST02117,REST0252,5,Would order again
REV05906,ORD000167,CUST00517,REST0075,3,Average experience
REV05907,ORD005498,CUST00299,REST0002,4,Excellent taste
REV05908,ORD008300,CUST00302,REST0141,1,Worth the money
REV05909,ORD001007,CUST00129,REST0220,5,Average experience
REV05910,ORD009740,CUST00434,REST0157,3,Not satisfied
REV05911,ORD001915,CUST00614,REST0156,5,Loved it
REV05912,ORD003495,CUST01276,REST0254,5,Amazing food
REV05913,ORD009634,CUST02075,REST0077,1,Very late delivery
REV05914,ORD009751,CUST02221,REST0078,1,Very late delivery
REV05915,ORD006445,CUST01901,REST0252,5,Very late delivery
REV05916,ORD004991,CUST00107,REST0148,5,Excellent taste
REV05917,ORD002537,CUST00726,REST0136,1,Excellent taste
REV05918,ORD001105,CUST02346,REST0077,2,Loved it
REV05919,ORD003876,CUST00515,REST0288,3,Loved it
REV05920,ORD007524,CUST02000,REST0002,5,Packaging was poor
REV05921,ORD001753,CUST00482,REST0048,1,Loved it
REV05922,ORD005311,CUST02131,REST0274,2,Very late delivery
REV05923,ORD007297,CUST00113,REST0286,1,Average experience
REV05924,ORD002917,CUST01174,REST0230,5,Very late delivery
REV05925,ORD008975,CUST00761,REST0054,1,Loved it
REV05926,ORD005755,CUST02061,REST0092,4,Average experience
REV05927,ORD000153,CUST00317,REST0118,5,Loved it
REV05928,ORD007691,CUST01422,REST0035,1,Loved it
REV05929,ORD005680,CUST01318,REST0041,4,Would order again
REV05930,ORD003908,CUST01414,REST0102,3,Delivery was delayed
REV05931,ORD009136,CUST00834,REST0243,2,Would order again
REV05932,ORD002553,CUST02211,REST0086,4,Packaging was poor
REV05933,ORD002774,CUST01703,REST0203,4,Worth the money
REV05934,ORD006099,CUST00569,REST0234,5,Packaging was poor
REV05935,ORD003552,CUST01750,REST0145,1,Amazing food
REV05936,ORD003723,CUST00934,REST0121,5,Packaging was poor
REV05937,ORD009871,CUST00663,REST0183,1,Delivery was delayed
REV05938,ORD000521,CUST02090,REST0007,2,Packaging was poor
REV05939,ORD008034,CUST01568,REST0006,5,Delivery was delayed
REV05940,ORD004539,CUST02440,REST0247,1,Delivery was delayed
REV05941,ORD006779,CUST01435,REST0042,1,Worth the money
REV05942,ORD001823,CUST02304,REST0174,2,Worth the money
REV05943,ORD004087,CUST01601,REST0056,4,Would order again
REV05944,ORD006149,CUST02210,REST0138,2,Very late delivery
REV05945,ORD008743,CUST00577,REST0234,4,Loved it
REV05946,ORD009473,CUST00026,REST0204,2,Average experience
REV05947,ORD007742,CUST00327,REST0099,4,Very late delivery
REV05948,ORD000310,CUST00106,REST0111,1,Excellent taste
REV05949,ORD007721,CUST02103,REST0215,1,Very late delivery
REV05950,ORD008223,CUST00388,REST0021,5,Packaging was poor
REV05951,ORD008657,CUST01021,REST0116,2,Excellent taste
REV05952,ORD003600,CUST02278,REST0287,3,Very late delivery
REV05953,ORD003623,CUST01791,REST0220,2,Very late delivery
REV05954,ORD003812,CUST02371,REST0189,2,Loved it
REV05955,ORD003451,CUST01119,REST0296,2,Amazing food
REV05956,ORD004592,CUST02170,REST0296,5,Packaging was poor
REV05957,ORD000206,CUST00633,REST0066,2,Not satisfied
REV05958,ORD009841,CUST00690,REST0058,2,Packaging was poor
REV05959,ORD001136,CUST00274,REST0199,3,Delivery was delayed
REV05960,ORD009385,CUST01958,REST0138,2,Worth the money
REV05961,ORD002750,CUST01092,REST0200,4,Would order again
REV05962,ORD003614,CUST00004,REST0171,2,Would order again
REV05963,ORD000306,CUST01999,REST0288,1,Amazing food
REV05964,ORD001850,CUST01547,REST0252,1,Average experience
REV05965,ORD007670,CUST00882,REST0042,3,Worth the money
REV05966,ORD001989,CUST00859,REST0164,3,Not satisfied
REV05967,ORD003241,CUST01288,REST0053,1,Would order again
REV05968,ORD002799,CUST00289,REST0067,3,Average experience
REV05969,ORD004516,CUST00595,REST0015,2,Loved it
REV05970,ORD005631,CUST00174,REST0233,2,Packaging was poor
REV05971,ORD009373,CUST02140,REST0296,2,Delivery was delayed
REV05972,ORD003110,CUST02060,REST0036,4,Amazing food
REV05973,ORD004940,CUST00328,REST0121,4,Delivery was delayed
REV05974,ORD004060,CUST00681,REST0252,2,Loved it
REV05975,ORD001988,CUST02056,REST0169,1,Not satisfied
REV05976,ORD007158,CUST02329,REST0237,5,Excellent taste
REV05977,ORD008875,CUST01143,REST0173,4,Amazing food
REV05978,ORD006614,CUST02350,REST0094,3,Worth the money
REV05979,ORD000384,CUST01054,REST0083,3,Would order again
REV05980,ORD005635,CUST02282,REST0124,1,Loved it
REV05981,ORD004308,CUST00297,REST0005,3,Average experience
REV05982,ORD003389,CUST00201,REST0101,4,Very late delivery
REV05983,ORD003157,CUST00232,REST0174,1,Amazing food
REV05984,ORD009996,CUST00597,REST0246,2,Average experience
REV05985,ORD002728,CUST00456,REST0029,3,Average experience
REV05986,ORD006334,CUST01139,REST0266,5,Not satisfied
REV05987,ORD009900,CUST00625,REST0260,5,Delivery was delayed
REV05988,ORD008752,CUST00782,REST0260,5,Average experience
REV05989,ORD008303,CUST00740,REST0021,4,Loved it
REV05990,ORD006038,CUST00211,REST0191,1,Very late delivery
REV05991,ORD003833,CUST00918,REST0265,4,Would order again
REV05992,ORD008918,CUST01257,REST0186,5,Amazing food
REV05993,ORD004777,CUST01335,REST0224,2,Would order again
REV05994,ORD004277,CUST00139,REST0284,5,Packaging was poor
REV05995,ORD000254,CUST02353,REST0182,5,Not satisfied
REV05996,ORD007896,CUST02046,REST0051,4,Delivery was delayed
REV05997,ORD009591,CUST00259,REST0285,3,Packaging was poor
REV05998,ORD007289,CUST01584,REST0014,4,Average experience
REV05999,ORD000279,CUST01234,REST0169,4,Packaging was poor
REV06000,ORD003253,CUST02163,REST0241,1,Average experience
REV06001,ORD002481,CUST00128,REST0021,2,Loved it
REV06002,ORD000290,CUST02184,REST0186,4,Worth the money
REV06003,ORD006087,CUST00934,REST0097,4,Excellent taste
REV06004,ORD003076,CUST00384,REST0153,4,Packaging was poor
REV06005,ORD008124,CUST00451,REST0005,1,Loved it
REV06006,ORD007599,CUST01746,REST0207,2,Not satisfied
REV06007,ORD006404,CUST01125,REST0132,1,Packaging was poor
REV06008,ORD005090,CUST01383,REST0267,1,Packaging was poor
REV06009,ORD007284,CUST00715,REST0156,2,Loved it
REV06010,ORD009718,CUST00159,REST0084,4,Amazing food
REV06011,ORD008403,CUST00327,REST0012,4,Not satisfied
REV06012,ORD006122,CUST01173,REST0111,2,Average experience
REV06013,ORD007755,CUST02071,REST0288,3,Delivery was delayed
REV06014,ORD000271,CUST00106,REST0170,2,Worth the money
REV06015,ORD006010,CUST01914,REST0115,2,Worth the money
REV06016,ORD004571,CUST01485,REST0082,3,Would order again
REV06017,ORD009117,CUST02137,REST0102,3,Delivery was delayed
REV06018,ORD009804,CUST00525,REST0231,2,Not satisfied
REV06019,ORD002972,CUST01963,REST0149,4,Packaging was poor
REV06020,ORD006194,CUST00831,REST0199,5,Worth the money
REV06021,ORD008769,CUST01182,REST0044,4,Delivery was delayed
REV06022,ORD004208,CUST02040,REST0054,5,Very late delivery
REV06023,ORD003219,CUST00947,REST0199,5,Average experience
REV06024,ORD001392,CUST00049,REST0164,4,Not satisfied
REV06025,ORD003976,CUST01298,REST0173,4,Packaging was poor
REV06026,ORD004317,CUST01186,REST0138,2,Amazing food
REV06027,ORD007960,CUST01032,REST0228,2,Would order again
REV06028,ORD007345,CUST00771,REST0269,1,Excellent taste
REV06029,ORD007449,CUST00371,REST0173,5,Loved it
REV06030,ORD000084,CUST01980,REST0146,3,Would order again
REV06031,ORD000874,CUST01982,REST0070,5,Delivery was delayed
REV06032,ORD009606,CUST00610,REST0227,4,Not satisfied
REV06033,ORD007636,CUST01835,REST0123,3,Loved it
REV06034,ORD004558,CUST02097,REST0213,3,Average experience
REV06035,ORD004501,CUST00768,REST0238,1,Delivery was delayed
REV06036,ORD004648,CUST01665,REST0198,4,Excellent taste
REV06037,ORD002039,CUST00714,REST0109,4,Not satisfied
REV06038,ORD009695,CUST00955,REST0191,3,Loved it
REV06039,ORD006910,CUST01421,REST0266,3,Delivery was delayed
REV06040,ORD002451,CUST02174,REST0179,3,Loved it
REV06041,ORD003955,CUST00993,REST0262,2,Amazing food
REV06042,ORD002330,CUST00092,REST0222,5,Loved it
REV06043,ORD009125,CUST00584,REST0300,5,Not satisfied
REV06044,ORD007045,CUST00246,REST0052,1,Loved it
REV06045,ORD005043,CUST02279,REST0121,1,Excellent taste
REV06046,ORD009365,CUST02049,REST0222,3,Amazing food
REV06047,ORD004747,CUST00269,REST0168,4,Would order again
REV06048,ORD009368,CUST01476,REST0235,1,Packaging was poor
REV06049,ORD009403,CUST01879,REST0299,2,Excellent taste
REV06050,ORD006492,CUST00389,REST0242,4,Worth the money
REV06051,ORD006638,CUST02468,REST0232,4,Would order again
REV06052,ORD007226,CUST00694,REST0043,1,Loved it
REV06053,ORD002402,CUST00506,REST0208,3,Not satisfied
REV06054,ORD005521,CUST00694,REST0215,3,Excellent taste
REV06055,ORD001217,CUST01001,REST0181,1,Would order again
REV06056,ORD008696,CUST01333,REST0230,5,Excellent taste
REV06057,ORD006021,CUST00749,REST0109,4,Worth the money
REV06058,ORD006866,CUST01292,REST0085,2,Loved it
REV06059,ORD001065,CUST01486,REST0117,1,Delivery was delayed
REV06060,ORD003787,CUST00604,REST0044,1,Excellent taste
REV06061,ORD004411,CUST00476,REST0134,5,Delivery was delayed
REV06062,ORD006860,CUST01019,REST0088,1,Excellent taste
REV06063,ORD006761,CUST00815,REST0119,2,Delivery was delayed
REV06064,ORD005524,CUST01580,REST0018,4,Very late delivery
REV06065,ORD005997,CUST02465,REST0247,4,Not satisfied
REV06066,ORD008834,CUST00880,REST0050,4,Average experience
REV06067,ORD005889,CUST00254,REST0226,5,Very late delivery
REV06068,ORD002162,CUST01773,REST0255,5,Average experience
REV06069,ORD003009,CUST01060,REST0016,4,Average experience
REV06070,ORD001106,CUST00063,REST0017,2,Very late delivery
REV06071,ORD006655,CUST00667,REST0052,3,Loved it
REV06072,ORD000693,CUST01914,REST0212,1,Worth the money
REV06073,ORD009958,CUST00412,REST0165,3,Average experience
REV06074,ORD004957,CUST00648,REST0107,5,Excellent taste
REV06075,ORD006598,CUST01507,REST0052,4,Amazing food
REV06076,ORD008481,CUST01281,REST0128,3,Amazing food
REV06077,ORD004370,CUST02141,REST0269,2,Amazing food
REV06078,ORD002766,CUST01790,REST0083,4,Excellent taste
REV06079,ORD003930,CUST01482,REST0216,1,Excellent taste
REV06080,ORD007135,CUST02434,REST0129,4,Worth the money
REV06081,ORD008736,CUST01468,REST0250,1,Worth the money
REV06082,ORD007531,CUST00172,REST0170,3,Very late delivery
REV06083,ORD007529,CUST02106,REST0063,5,Amazing food
REV06084,ORD000629,CUST00162,REST0233,3,Packaging was poor
REV06085,ORD002452,CUST00175,REST0088,4,Worth the money
REV06086,ORD006240,CUST01898,REST0271,4,Packaging was poor
REV06087,ORD007013,CUST00646,REST0217,5,Delivery was delayed
REV06088,ORD003825,CUST00960,REST0165,2,Loved it
REV06089,ORD008978,CUST00055,REST0256,3,Delivery was delayed
REV06090,ORD002653,CUST00200,REST0225,5,Amazing food
REV06091,ORD009108,CUST01742,REST0109,3,Packaging was poor
REV06092,ORD003744,CUST01419,REST0149,4,Worth the money
REV06093,ORD002177,CUST00570,REST0181,3,Delivery was delayed
REV06094,ORD009907,CUST00881,REST0015,4,Excellent taste
REV06095,ORD009264,CUST00820,REST0126,3,Loved it
REV06096,ORD003319,CUST01897,REST0287,1,Not satisfied
REV06097,ORD006344,CUST00813,REST0028,1,Very late delivery
REV06098,ORD002788,CUST02205,REST0091,1,Average experience
REV06099,ORD004106,CUST01136,REST0193,1,Average experience
REV06100,ORD006356,CUST01730,REST0140,5,Worth the money
REV06101,ORD001677,CUST02406,REST0150,1,Very late delivery
REV06102,ORD003948,CUST02366,REST0145,4,Delivery was delayed
REV06103,ORD004445,CUST01998,REST0253,3,Packaging was poor
REV06104,ORD002937,CUST01728,REST0141,5,Not satisfied
REV06105,ORD009006,CUST00660,REST0075,4,Amazing food
REV06106,ORD007767,CUST01823,REST0030,4,Average experience
REV06107,ORD005723,CUST00339,REST0270,3,Worth the money
REV06108,ORD007442,CUST00138,REST0229,3,Average experience
REV06109,ORD002504,CUST01145,REST0255,3,Amazing food
REV06110,ORD008483,CUST01781,REST0015,4,Very late delivery
REV06111,ORD002370,CUST02243,REST0076,2,Not satisfied
REV06112,ORD004968,CUST01545,REST0229,4,Worth the money
REV06113,ORD005884,CUST00970,REST0106,3,Loved it
REV06114,ORD002218,CUST02339,REST0120,5,Average experience
REV06115,ORD005848,CUST01493,REST0012,1,Packaging was poor
REV06116,ORD002219,CUST02449,REST0173,2,Worth the money
REV06117,ORD003327,CUST00570,REST0296,5,Average experience
REV06118,ORD006734,CUST00075,REST0101,3,Would order again
REV06119,ORD003584,CUST02489,REST0031,2,Loved it
REV06120,ORD009825,CUST02222,REST0137,5,Amazing food
REV06121,ORD003620,CUST02000,REST0159,1,Excellent taste
REV06122,ORD007708,CUST00396,REST0208,4,Average experience
REV06123,ORD006433,CUST01132,REST0281,3,Very late delivery
REV06124,ORD003116,CUST00372,REST0152,5,Worth the money
REV06125,ORD000086,CUST01628,REST0119,5,Would order again
REV06126,ORD005974,CUST02382,REST0073,2,Amazing food
REV06127,ORD002802,CUST01614,REST0025,3,Amazing food
REV06128,ORD003672,CUST01313,REST0159,3,Would order again
REV06129,ORD003668,CUST00099,REST0007,5,Packaging was poor
REV06130,ORD009795,CUST00193,REST0053,5,Very late delivery
REV06131,ORD005159,CUST01276,REST0191,4,Packaging was poor
REV06132,ORD005726,CUST00442,REST0230,1,Amazing food
REV06133,ORD004591,CUST00994,REST0030,5,Delivery was delayed
REV06134,ORD002020,CUST00482,REST0185,3,Average experience
REV06135,ORD007832,CUST00105,REST0066,5,Average experience
REV06136,ORD002526,CUST00892,REST0177,5,Average experience
REV06137,ORD008287,CUST01343,REST0056,1,Would order again
REV06138,ORD009207,CUST00504,REST0080,1,Excellent taste
REV06139,ORD003213,CUST00385,REST0039,4,Would order again
REV06140,ORD000520,CUST00830,REST0076,2,Not satisfied
REV06141,ORD005367,CUST00192,REST0277,5,Would order again
REV06142,ORD006763,CUST02125,REST0254,2,Worth the money
REV06143,ORD002896,CUST00591,REST0093,1,Excellent taste
REV06144,ORD000245,CUST00489,REST0211,5,Delivery was delayed
REV06145,ORD005931,CUST02289,REST0129,4,Loved it
REV06146,ORD004715,CUST00364,REST0040,2,Not satisfied
REV06147,ORD009568,CUST01236,REST0215,2,Average experience
REV06148,ORD003426,CUST00861,REST0271,2,Amazing food
REV06149,ORD006932,CUST00662,REST0200,4,Packaging was poor
REV06150,ORD006721,CUST02188,REST0150,5,Packaging was poor
REV06151,ORD007411,CUST01108,REST0088,4,Amazing food
REV06152,ORD006178,CUST00375,REST0213,4,Packaging was poor
REV06153,ORD007251,CUST00360,REST0012,3,Loved it
REV06154,ORD005510,CUST01449,REST0120,3,Delivery was delayed
REV06155,ORD002002,CUST00308,REST0002,4,Excellent taste
REV06156,ORD000886,CUST02441,REST0240,5,Would order again
REV06157,ORD000870,CUST00034,REST0047,5,Not satisfied
REV06158,ORD009689,CUST00357,REST0232,1,Amazing food
REV06159,ORD005721,CUST01363,REST0023,5,Average experience
REV06160,ORD000357,CUST02407,REST0293,3,Not satisfied
REV06161,ORD009908,CUST00081,REST0014,5,Packaging was poor
REV06162,ORD005452,CUST01464,REST0189,4,Excellent taste
REV06163,ORD008194,CUST00671,REST0119,4,Not satisfied
REV06164,ORD006439,CUST00487,REST0095,2,Average experience
REV06165,ORD007705,CUST01218,REST0065,1,Loved it
REV06166,ORD001276,CUST01110,REST0238,3,Excellent taste
REV06167,ORD001891,CUST01094,REST0183,2,Very late delivery
REV06168,ORD008687,CUST01815,REST0208,4,Delivery was delayed
REV06169,ORD006569,CUST01486,REST0049,3,Amazing food
REV06170,ORD009624,CUST01852,REST0187,3,Packaging was poor
REV06171,ORD003564,CUST01452,REST0182,3,Would order again
REV06172,ORD005788,CUST00687,REST0245,5,Would order again
REV06173,ORD004959,CUST02444,REST0016,4,Delivery was delayed
REV06174,ORD001547,CUST01542,REST0024,1,Very late delivery
REV06175,ORD002381,CUST01239,REST0049,4,Average experience
REV06176,ORD003824,CUST01137,REST0177,1,Delivery was delayed
REV06177,ORD003233,CUST00097,REST0187,2,Packaging was poor
REV06178,ORD008400,CUST00561,REST0249,1,Worth the money
REV06179,ORD003307,CUST02389,REST0119,3,Loved it
REV06180,ORD000493,CUST02358,REST0003,2,Not satisfied
REV06181,ORD003500,CUST00535,REST0044,5,Very late delivery
REV06182,ORD006665,CUST02100,REST0043,2,Worth the money
REV06183,ORD001117,CUST00018,REST0188,1,Worth the money
REV06184,ORD005638,CUST02144,REST0201,4,Worth the money
REV06185,ORD008775,CUST00962,REST0051,3,Average experience
REV06186,ORD006147,CUST01365,REST0105,3,Worth the money
REV06187,ORD009868,CUST02306,REST0198,2,Delivery was delayed
REV06188,ORD008776,CUST02291,REST0188,2,Excellent taste
REV06189,ORD006708,CUST00684,REST0085,3,Would order again
REV06190,ORD009949,CUST02089,REST0298,5,Packaging was poor
REV06191,ORD007966,CUST01557,REST0034,1,Excellent taste
REV06192,ORD003646,CUST00428,REST0176,2,Worth the money
REV06193,ORD002501,CUST00350,REST0110,5,Packaging was poor
REV06194,ORD005678,CUST01202,REST0293,1,Very late delivery
REV06195,ORD005242,CUST01724,REST0260,1,Average experience
REV06196,ORD006519,CUST02314,REST0042,5,Delivery was delayed
REV06197,ORD002784,CUST01868,REST0228,5,Excellent taste
REV06198,ORD006159,CUST01299,REST0064,1,Would order again
REV06199,ORD003810,CUST01172,REST0044,3,Amazing food
REV06200,ORD009429,CUST00068,REST0255,5,Excellent taste
REV06201,ORD009525,CUST01608,REST0188,3,Not satisfied
REV06202,ORD008600,CUST01402,REST0084,1,Worth the money
REV06203,ORD001697,CUST02138,REST0249,3,Loved it
REV06204,ORD005686,CUST00689,REST0046,4,Delivery was delayed
REV06205,ORD008368,CUST01182,REST0093,5,Amazing food
REV06206,ORD005940,CUST00725,REST0116,1,Very late delivery
REV06207,ORD002053,CUST02397,REST0025,3,Delivery was delayed
REV06208,ORD001777,CUST01664,REST0081,2,Very late delivery
REV06209,ORD006561,CUST02214,REST0196,3,Packaging was poor
REV06210,ORD003314,CUST00695,REST0033,4,Average experience
REV06211,ORD004782,CUST01753,REST0081,1,Very late delivery
REV06212,ORD008539,CUST00113,REST0099,3,Packaging was poor
REV06213,ORD006782,CUST00012,REST0261,5,Not satisfied
REV06214,ORD001593,CUST01410,REST0031,2,Amazing food
REV06215,ORD001724,CUST02125,REST0094,3,Would order again
REV06216,ORD000216,CUST00165,REST0137,4,Packaging was poor
REV06217,ORD006327,CUST01762,REST0261,3,Loved it
REV06218,ORD008257,CUST00595,REST0026,3,Worth the money
REV06219,ORD000491,CUST02453,REST0175,1,Very late delivery
REV06220,ORD009134,CUST02439,REST0164,1,Very late delivery
REV06221,ORD003484,CUST00943,REST0181,4,Not satisfied
REV06222,ORD005103,CUST01669,REST0055,5,Worth the money
REV06223,ORD005188,CUST00933,REST0180,1,Average experience
REV06224,ORD003432,CUST01132,REST0198,4,Amazing food
REV06225,ORD009199,CUST00108,REST0050,3,Average experience
REV06226,ORD007711,CUST00544,REST0021,4,Worth the money
REV06227,ORD005514,CUST01201,REST0085,5,Average experience
REV06228,ORD000026,CUST01818,REST0058,3,Packaging was poor
REV06229,ORD003513,CUST01869,REST0005,2,Packaging was poor
REV06230,ORD002410,CUST02097,REST0012,3,Delivery was delayed
REV06231,ORD003271,CUST00121,REST0226,3,Average experience
REV06232,ORD005210,CUST02436,REST0080,2,Worth the money
REV06233,ORD008712,CUST02300,REST0194,5,Would order again
REV06234,ORD001553,CUST01812,REST0152,4,Amazing food
REV06235,ORD009198,CUST00975,REST0258,1,Worth the money
REV06236,ORD008622,CUST01948,REST0186,5,Loved it
REV06237,ORD003872,CUST02029,REST0124,3,Excellent taste
REV06238,ORD003403,CUST01042,REST0219,2,Not satisfied
REV06239,ORD004530,CUST01171,REST0011,4,Not satisfied
REV06240,ORD000980,CUST02076,REST0196,2,Packaging was poor
REV06241,ORD002656,CUST01551,REST0254,5,Not satisfied
REV06242,ORD001848,CUST00627,REST0285,3,Average experience
REV06243,ORD007965,CUST02136,REST0247,2,Delivery was delayed
REV06244,ORD008241,CUST01852,REST0216,5,Average experience
REV06245,ORD007146,CUST00107,REST0091,1,Average experience
REV06246,ORD007300,CUST00394,REST0209,2,Average experience
REV06247,ORD005722,CUST01545,REST0278,5,Amazing food
REV06248,ORD000516,CUST02283,REST0217,5,Average experience
REV06249,ORD008746,CUST01900,REST0287,2,Packaging was poor
REV06250,ORD008298,CUST01126,REST0092,2,Loved it
REV06251,ORD001103,CUST01555,REST0161,1,Delivery was delayed
REV06252,ORD003277,CUST01837,REST0112,5,Average experience
REV06253,ORD007218,CUST01684,REST0293,3,Amazing food
REV06254,ORD007390,CUST00145,REST0131,4,Loved it
REV06255,ORD009078,CUST01683,REST0120,2,Loved it
REV06256,ORD008338,CUST00001,REST0098,5,Delivery was delayed
REV06257,ORD003997,CUST00850,REST0208,3,Excellent taste
REV06258,ORD000195,CUST01004,REST0228,5,Not satisfied
REV06259,ORD004712,CUST00012,REST0170,5,Very late delivery
REV06260,ORD000644,CUST02234,REST0129,2,Excellent taste
REV06261,ORD009090,CUST02216,REST0093,3,Delivery was delayed
REV06262,ORD003286,CUST01333,REST0016,4,Excellent taste
REV06263,ORD003117,CUST01531,REST0019,2,Worth the money
REV06264,ORD006477,CUST00852,REST0136,5,Not satisfied
REV06265,ORD003576,CUST00677,REST0035,4,Excellent taste
REV06266,ORD009024,CUST02056,REST0005,2,Packaging was poor
REV06267,ORD004321,CUST00440,REST0248,5,Delivery was delayed
REV06268,ORD009993,CUST01755,REST0069,5,Loved it
REV06269,ORD002208,CUST01558,REST0094,4,Amazing food
REV06270,ORD004553,CUST00310,REST0291,1,Amazing food
REV06271,ORD007317,CUST00761,REST0096,2,Excellent taste
REV06272,ORD003719,CUST00692,REST0258,4,Not satisfied
REV06273,ORD000973,CUST00593,REST0135,5,Worth the money
REV06274,ORD004580,CUST01694,REST0078,5,Not satisfied
REV06275,ORD000720,CUST00403,REST0225,4,Delivery was delayed
REV06276,ORD009018,CUST00949,REST0297,5,Not satisfied
REV06277,ORD006156,CUST00409,REST0135,4,Very late delivery
REV06278,ORD009431,CUST02047,REST0142,3,Delivery was delayed
REV06279,ORD003897,CUST00145,REST0112,5,Not satisfied
REV06280,ORD002804,CUST01625,REST0263,5,Not satisfied
REV06281,ORD002567,CUST02212,REST0242,4,Packaging was poor
REV06282,ORD004026,CUST01044,REST0050,2,Average experience
REV06283,ORD006199,CUST00386,REST0277,4,Excellent taste
REV06284,ORD000033,CUST00497,REST0271,3,Amazing food
REV06285,ORD008308,CUST00499,REST0034,3,Excellent taste
REV06286,ORD008832,CUST01241,REST0054,3,Amazing food
REV06287,ORD009819,CUST00646,REST0129,5,Packaging was poor
REV06288,ORD004064,CUST01315,REST0189,3,Loved it
REV06289,ORD008949,CUST00860,REST0228,3,Amazing food
REV06290,ORD005541,CUST02412,REST0190,2,Delivery was delayed
REV06291,ORD001698,CUST00585,REST0153,2,Loved it
REV06292,ORD002793,CUST01823,REST0254,5,Not satisfied
REV06293,ORD002223,CUST02490,REST0125,3,Excellent taste
REV06294,ORD005819,CUST01334,REST0135,3,Would order again
REV06295,ORD009663,CUST00793,REST0288,3,Average experience
REV06296,ORD003765,CUST01262,REST0153,5,Worth the money
REV06297,ORD003867,CUST02156,REST0193,5,Not satisfied
REV06298,ORD006422,CUST00045,REST0102,4,Amazing food
REV06299,ORD009400,CUST02082,REST0085,5,Worth the money
REV06300,ORD008939,CUST00593,REST0282,4,Loved it
REV06301,ORD006672,CUST01654,REST0121,5,Loved it
REV06302,ORD007979,CUST01117,REST0098,1,Worth the money
REV06303,ORD003759,CUST00646,REST0033,1,Very late delivery
REV06304,ORD009775,CUST00654,REST0222,5,Excellent taste
REV06305,ORD003228,CUST00871,REST0100,5,Loved it
REV06306,ORD007803,CUST01066,REST0257,3,Packaging was poor
REV06307,ORD003924,CUST00632,REST0236,2,Not satisfied
REV06308,ORD003905,CUST02078,REST0038,2,Not satisfied
REV06309,ORD002278,CUST00389,REST0284,3,Average experience
REV06310,ORD006811,CUST01303,REST0237,5,Delivery was delayed
REV06311,ORD001402,CUST00981,REST0300,3,Amazing food
REV06312,ORD000740,CUST00174,REST0096,5,Excellent taste
REV06313,ORD004267,CUST01191,REST0052,2,Excellent taste
REV06314,ORD009862,CUST01196,REST0061,4,Packaging was poor
REV06315,ORD007353,CUST02095,REST0281,1,Loved it
REV06316,ORD007519,CUST00017,REST0206,1,Amazing food
REV06317,ORD003852,CUST01564,REST0105,1,Amazing food
REV06318,ORD008632,CUST00576,REST0097,2,Loved it
REV06319,ORD002662,CUST00399,REST0201,1,Amazing food
REV06320,ORD006505,CUST00015,REST0177,4,Would order again
REV06321,ORD009800,CUST00153,REST0224,1,Worth the money
REV06322,ORD000675,CUST00603,REST0064,4,Amazing food
REV06323,ORD007106,CUST01783,REST0071,1,Not satisfied
REV06324,ORD006361,CUST00328,REST0077,1,Amazing food
REV06325,ORD003842,CUST01567,REST0179,2,Very late delivery
REV06326,ORD001816,CUST02350,REST0230,2,Loved it
REV06327,ORD009490,CUST01092,REST0176,1,Average experience
REV06328,ORD009839,CUST00241,REST0028,2,Not satisfied
REV06329,ORD009202,CUST01363,REST0206,5,Would order again
REV06330,ORD004654,CUST01668,REST0276,3,Average experience
REV06331,ORD008693,CUST01603,REST0119,3,Delivery was delayed
REV06332,ORD002101,CUST00384,REST0289,2,Worth the money
REV06333,ORD007712,CUST02193,REST0167,4,Not satisfied
REV06334,ORD001674,CUST02085,REST0042,4,Would order again
REV06335,ORD002102,CUST01196,REST0201,1,Average experience
REV06336,ORD004214,CUST00446,REST0001,4,Packaging was poor
REV06337,ORD006959,CUST00203,REST0121,5,Delivery was delayed
REV06338,ORD001549,CUST01895,REST0240,2,Very late delivery
REV06339,ORD009551,CUST00532,REST0074,5,Delivery was delayed
REV06340,ORD003324,CUST01274,REST0074,2,Would order again
REV06341,ORD009584,CUST01970,REST0129,3,Excellent taste
REV06342,ORD000356,CUST02039,REST0148,3,Would order again
REV06343,ORD005185,CUST00009,REST0093,4,Amazing food
REV06344,ORD001462,CUST02162,REST0211,4,Amazing food
REV06345,ORD007625,CUST02064,REST0112,4,Loved it
REV06346,ORD009386,CUST01477,REST0229,1,Excellent taste
REV06347,ORD003221,CUST00711,REST0030,3,Amazing food
REV06348,ORD000940,CUST01799,REST0062,4,Very late delivery
REV06349,ORD005148,CUST00233,REST0019,2,Not satisfied
REV06350,ORD005924,CUST01324,REST0215,5,Not satisfied
REV06351,ORD007884,CUST00346,REST0029,5,Average experience
REV06352,ORD001752,CUST00175,REST0259,5,Amazing food
REV06353,ORD009469,CUST01950,REST0239,1,Very late delivery
REV06354,ORD007598,CUST02317,REST0129,4,Delivery was delayed
REV06355,ORD001773,CUST01318,REST0132,2,Very late delivery
REV06356,ORD001197,CUST01951,REST0024,3,Loved it
REV06357,ORD001879,CUST00899,REST0247,5,Average experience
REV06358,ORD002669,CUST00018,REST0085,2,Very late delivery
REV06359,ORD003172,CUST01378,REST0188,3,Excellent taste
REV06360,ORD002017,CUST02271,REST0138,1,Packaging was poor
REV06361,ORD002006,CUST01498,REST0187,2,Very late delivery
REV06362,ORD008273,CUST02200,REST0023,3,Worth the money
REV06363,ORD003894,CUST00790,REST0007,2,Excellent taste
REV06364,ORD009992,CUST00225,REST0032,2,Excellent taste
REV06365,ORD003238,CUST01015,REST0209,2,Worth the money
REV06366,ORD004425,CUST02146,REST0165,2,Amazing food
REV06367,ORD004745,CUST01804,REST0034,5,Very late delivery
REV06368,ORD002079,CUST01020,REST0251,2,Average experience
REV06369,ORD005220,CUST00767,REST0075,3,Not satisfied
REV06370,ORD000397,CUST00617,REST0110,5,Packaging was poor
REV06371,ORD002789,CUST02178,REST0010,5,Very late delivery
REV06372,ORD008878,CUST00045,REST0182,5,Amazing food
REV06373,ORD008639,CUST00982,REST0201,1,Very late delivery
REV06374,ORD004073,CUST01984,REST0035,1,Worth the money
REV06375,ORD005575,CUST01223,REST0161,5,Would order again
REV06376,ORD008370,CUST01531,REST0198,1,Very late delivery
REV06377,ORD009508,CUST00419,REST0299,4,Worth the money
REV06378,ORD005356,CUST01397,REST0133,2,Would order again
REV06379,ORD007234,CUST00296,REST0091,3,Delivery was delayed
REV06380,ORD009484,CUST01829,REST0222,4,Average experience
REV06381,ORD006821,CUST00365,REST0135,5,Excellent taste
REV06382,ORD001520,CUST02079,REST0133,2,Delivery was delayed
REV06383,ORD008197,CUST00595,REST0216,5,Not satisfied
REV06384,ORD001379,CUST01876,REST0299,1,Loved it
REV06385,ORD005673,CUST00716,REST0057,2,Delivery was delayed
REV06386,ORD001024,CUST02281,REST0116,5,Very late delivery
REV06387,ORD002588,CUST01322,REST0064,3,Would order again
REV06388,ORD007043,CUST00183,REST0059,2,Packaging was poor
REV06389,ORD005622,CUST02344,REST0029,5,Worth the money
REV06390,ORD007638,CUST01805,REST0044,5,Very late delivery
REV06391,ORD005009,CUST01300,REST0010,5,Delivery was delayed
REV06392,ORD002858,CUST00137,REST0172,5,Loved it
REV06393,ORD008255,CUST01283,REST0082,5,Amazing food
REV06394,ORD005772,CUST01217,REST0190,3,Not satisfied
REV06395,ORD005843,CUST01625,REST0038,1,Not satisfied
REV06396,ORD008028,CUST01255,REST0048,5,Very late delivery
REV06397,ORD005833,CUST02384,REST0109,4,Amazing food
REV06398,ORD001630,CUST00307,REST0026,1,Very late delivery
REV06399,ORD004889,CUST01792,REST0288,3,Not satisfied
REV06400,ORD004527,CUST02206,REST0197,1,Not satisfied
REV06401,ORD003524,CUST00482,REST0258,4,Average experience
REV06402,ORD005905,CUST00903,REST0287,1,Average experience
REV06403,ORD007782,CUST00918,REST0050,3,Would order again
REV06404,ORD003608,CUST01529,REST0202,2,Would order again
REV06405,ORD009419,CUST00938,REST0038,4,Loved it
REV06406,ORD005221,CUST01928,REST0231,2,Very late delivery
REV06407,ORD000235,CUST01530,REST0013,4,Packaging was poor
REV06408,ORD007756,CUST02429,REST0224,5,Not satisfied
REV06409,ORD003797,CUST01392,REST0239,1,Would order again
REV06410,ORD004119,CUST02072,REST0059,3,Excellent taste
REV06411,ORD006319,CUST01670,REST0101,1,Excellent taste
REV06412,ORD005002,CUST01760,REST0033,4,Would order again
REV06413,ORD003801,CUST00468,REST0014,2,Amazing food
REV06414,ORD007810,CUST00534,REST0144,2,Would order again
REV06415,ORD003900,CUST02109,REST0078,3,Delivery was delayed
REV06416,ORD005025,CUST02468,REST0288,3,Worth the money
REV06417,ORD001949,CUST02051,REST0205,5,Excellent taste
REV06418,ORD006362,CUST00801,REST0087,5,Excellent taste
REV06419,ORD000471,CUST00878,REST0156,2,Excellent taste
REV06420,ORD009945,CUST00779,REST0287,2,Not satisfied
REV06421,ORD003493,CUST02254,REST0241,2,Would order again
REV06422,ORD006092,CUST02249,REST0019,2,Amazing food
REV06423,ORD002672,CUST01075,REST0053,5,Amazing food
REV06424,ORD009801,CUST00489,REST0259,3,Worth the money
REV06425,ORD002225,CUST01520,REST0227,3,Loved it
REV06426,ORD001107,CUST01001,REST0003,3,Packaging was poor
REV06427,ORD002189,CUST02020,REST0107,2,Not satisfied
REV06428,ORD000819,CUST02215,REST0074,5,Very late delivery
REV06429,ORD005572,CUST00953,REST0132,2,Average experience
REV06430,ORD004524,CUST01251,REST0262,5,Amazing food
REV06431,ORD005794,CUST00084,REST0005,4,Average experience
REV06432,ORD009382,CUST01929,REST0120,2,Worth the money
REV06433,ORD008781,CUST01166,REST0072,3,Would order again
REV06434,ORD007460,CUST00028,REST0186,1,Would order again
REV06435,ORD002625,CUST00215,REST0140,4,Packaging was poor
REV06436,ORD007095,CUST01193,REST0103,2,Worth the money
REV06437,ORD009393,CUST00065,REST0002,4,Loved it
REV06438,ORD009917,CUST01456,REST0186,5,Would order again
REV06439,ORD009120,CUST02346,REST0298,3,Not satisfied
REV06440,ORD000889,CUST00155,REST0023,2,Amazing food
REV06441,ORD002438,CUST01665,REST0183,3,Amazing food
REV06442,ORD006057,CUST01433,REST0111,4,Not satisfied
REV06443,ORD007065,CUST00881,REST0130,5,Loved it
REV06444,ORD000818,CUST01660,REST0266,4,Excellent taste
REV06445,ORD008935,CUST01819,REST0156,5,Excellent taste
REV06446,ORD003415,CUST00835,REST0038,2,Excellent taste
REV06447,ORD006353,CUST01951,REST0191,4,Worth the money
REV06448,ORD002342,CUST01668,REST0287,3,Not satisfied
REV06449,ORD009030,CUST02357,REST0277,2,Excellent taste
REV06450,ORD003168,CUST01421,REST0066,5,Loved it
REV06451,ORD001810,CUST00142,REST0172,4,Delivery was delayed
REV06452,ORD008036,CUST01863,REST0107,3,Amazing food
REV06453,ORD001265,CUST01849,REST0294,1,Delivery was delayed
REV06454,ORD005087,CUST01979,REST0013,5,Delivery was delayed
REV06455,ORD009676,CUST00303,REST0055,3,Delivery was delayed
REV06456,ORD005836,CUST01251,REST0176,5,Amazing food
REV06457,ORD005195,CUST02304,REST0116,1,Delivery was delayed
REV06458,ORD004450,CUST01316,REST0032,3,Would order again
REV06459,ORD004946,CUST01768,REST0195,2,Packaging was poor
REV06460,ORD004046,CUST00771,REST0093,4,Amazing food
REV06461,ORD006504,CUST00370,REST0227,1,Would order again
REV06462,ORD003703,CUST00758,REST0242,1,Excellent taste
REV06463,ORD001036,CUST01350,REST0195,3,Very late delivery
REV06464,ORD009257,CUST01162,REST0277,1,Excellent taste
REV06465,ORD005591,CUST00216,REST0140,1,Average experience
REV06466,ORD001229,CUST02480,REST0245,4,Excellent taste
REV06467,ORD010000,CUST00210,REST0014,4,Loved it
REV06468,ORD006812,CUST01401,REST0174,4,Very late delivery
REV06469,ORD005142,CUST00524,REST0109,2,Packaging was poor
REV06470,ORD000053,CUST00435,REST0119,3,Loved it
REV06471,ORD009068,CUST00327,REST0054,4,Delivery was delayed
REV06472,ORD008396,CUST00554,REST0271,4,Worth the money
REV06473,ORD000160,CUST02192,REST0187,4,Not satisfied
REV06474,ORD007553,CUST00470,REST0113,1,Not satisfied
REV06475,ORD001588,CUST00089,REST0087,1,Very late delivery
REV06476,ORD001590,CUST00134,REST0144,5,Delivery was delayed
REV06477,ORD009842,CUST02096,REST0054,2,Worth the money
REV06478,ORD009329,CUST00556,REST0111,2,Delivery was delayed
REV06479,ORD006931,CUST00468,REST0113,2,Excellent taste
REV06480,ORD006597,CUST00343,REST0172,2,Average experience
REV06481,ORD006175,CUST00567,REST0019,5,Delivery was delayed
REV06482,ORD008099,CUST01145,REST0156,2,Amazing food
REV06483,ORD003859,CUST01021,REST0028,4,Amazing food
REV06484,ORD009815,CUST00802,REST0114,1,Packaging was poor
REV06485,ORD006692,CUST00476,REST0268,1,Delivery was delayed
REV06486,ORD002829,CUST00971,REST0014,5,Loved it
REV06487,ORD000437,CUST02125,REST0254,5,Average experience
REV06488,ORD008275,CUST00090,REST0023,5,Amazing food
REV06489,ORD008169,CUST00299,REST0016,2,Packaging was poor
REV06490,ORD003879,CUST00332,REST0216,2,Packaging was poor
REV06491,ORD001589,CUST00704,REST0024,1,Delivery was delayed
REV06492,ORD002781,CUST02498,REST0209,3,Not satisfied
REV06493,ORD008982,CUST01844,REST0042,3,Loved it
REV06494,ORD008562,CUST01678,REST0134,4,Would order again
REV06495,ORD005687,CUST00368,REST0264,5,Very late delivery
REV06496,ORD003966,CUST02123,REST0273,4,Amazing food
REV06497,ORD004728,CUST01618,REST0186,3,Loved it
REV06498,ORD000974,CUST00792,REST0149,1,Packaging was poor
REV06499,ORD001239,CUST00282,REST0134,1,Average experience
REV06500,ORD002952,CUST01310,REST0077,1,Would order again
REV06501,ORD002343,CUST00078,REST0044,4,Amazing food
REV06502,ORD006521,CUST00688,REST0087,1,Amazing food
REV06503,ORD007311,CUST00019,REST0285,5,Not satisfied
REV06504,ORD006047,CUST00625,REST0043,3,Loved it
REV06505,ORD002159,CUST00338,REST0072,4,Worth the money
REV06506,ORD009289,CUST01729,REST0141,3,Would order again
REV06507,ORD006590,CUST00953,REST0058,1,Very late delivery
REV06508,ORD001498,CUST01606,REST0215,1,Packaging was poor
REV06509,ORD004546,CUST01665,REST0030,5,Average experience
REV06510,ORD006466,CUST02492,REST0282,2,Amazing food
REV06511,ORD004258,CUST00266,REST0066,2,Very late delivery
REV06512,ORD002423,CUST01883,REST0289,1,Excellent taste
REV06513,ORD008565,CUST00758,REST0191,1,Not satisfied
REV06514,ORD005186,CUST01138,REST0038,4,Loved it
REV06515,ORD005648,CUST01492,REST0159,1,Would order again
REV06516,ORD000358,CUST01241,REST0198,4,Not satisfied
REV06517,ORD005243,CUST01648,REST0155,1,Amazing food
REV06518,ORD008012,CUST02340,REST0150,4,Delivery was delayed
REV06519,ORD009241,CUST02290,REST0150,3,Packaging was poor
REV06520,ORD002093,CUST00263,REST0203,2,Delivery was delayed
REV06521,ORD005410,CUST01706,REST0163,2,Very late delivery
REV06522,ORD002016,CUST02421,REST0153,3,Worth the money
REV06523,ORD009060,CUST00608,REST0177,3,Packaging was poor
REV06524,ORD004045,CUST00985,REST0188,5,Worth the money
REV06525,ORD000188,CUST00728,REST0205,2,Would order again
REV06526,ORD006859,CUST02135,REST0101,3,Worth the money
REV06527,ORD003656,CUST01282,REST0066,5,Excellent taste
REV06528,ORD003427,CUST02046,REST0020,1,Excellent taste
REV06529,ORD007195,CUST00249,REST0177,2,Loved it
REV06530,ORD001382,CUST02207,REST0038,3,Very late delivery
REV06531,ORD007469,CUST01789,REST0036,1,Worth the money
REV06532,ORD000414,CUST00465,REST0012,3,Amazing food
REV06533,ORD005038,CUST01815,REST0175,5,Average experience
REV06534,ORD004898,CUST00532,REST0145,3,Worth the money
REV06535,ORD003337,CUST01196,REST0078,4,Amazing food
REV06536,ORD003607,CUST00161,REST0248,4,Delivery was delayed
REV06537,ORD003176,CUST01598,REST0285,3,Would order again
REV06538,ORD002242,CUST01737,REST0278,2,Very late delivery
REV06539,ORD009709,CUST00099,REST0186,1,Packaging was poor
REV06540,ORD007797,CUST00779,REST0218,1,Not satisfied
REV06541,ORD000257,CUST00856,REST0104,4,Packaging was poor
REV06542,ORD008621,CUST02440,REST0105,4,Average experience
REV06543,ORD000201,CUST00582,REST0125,3,Amazing food
REV06544,ORD002236,CUST01529,REST0101,1,Not satisfied
REV06545,ORD004744,CUST01831,REST0130,3,Worth the money
REV06546,ORD001768,CUST00045,REST0111,2,Loved it
REV06547,ORD004237,CUST01165,REST0017,3,Worth the money
REV06548,ORD006730,CUST02309,REST0022,2,Amazing food
REV06549,ORD008451,CUST02100,REST0198,3,Packaging was poor
REV06550,ORD007278,CUST00160,REST0298,2,Amazing food
REV06551,ORD001573,CUST00122,REST0093,1,Delivery was delayed
REV06552,ORD000025,CUST01448,REST0277,2,Packaging was poor
REV06553,ORD003364,CUST01310,REST0042,1,Excellent taste
REV06554,ORD001089,CUST01392,REST0017,1,Would order again
REV06555,ORD004675,CUST01472,REST0288,4,Loved it
REV06556,ORD002695,CUST02476,REST0118,2,Average experience
REV06557,ORD007583,CUST00060,REST0089,4,Packaging was poor
REV06558,ORD003399,CUST00463,REST0251,3,Excellent taste
REV06559,ORD003560,CUST01615,REST0030,4,Packaging was poor
REV06560,ORD009157,CUST00392,REST0082,3,Delivery was delayed
REV06561,ORD002842,CUST00461,REST0002,3,Worth the money
REV06562,ORD002312,CUST02368,REST0090,4,Average experience
REV06563,ORD008334,CUST00943,REST0245,3,Not satisfied
REV06564,ORD003235,CUST01364,REST0014,5,Loved it
REV06565,ORD004153,CUST01220,REST0091,5,Packaging was poor
REV06566,ORD001310,CUST01378,REST0059,3,Very late delivery
REV06567,ORD000696,CUST00383,REST0175,5,Not satisfied
REV06568,ORD009860,CUST00408,REST0268,1,Average experience
REV06569,ORD003753,CUST02034,REST0259,4,Packaging was poor
REV06570,ORD006338,CUST01468,REST0263,4,Delivery was delayed
REV06571,ORD001228,CUST00599,REST0115,4,Amazing food
REV06572,ORD002000,CUST01775,REST0095,4,Worth the money
REV06573,ORD000277,CUST02109,REST0067,3,Not satisfied
REV06574,ORD008177,CUST02208,REST0123,2,Average experience
REV06575,ORD007665,CUST00274,REST0128,4,Worth the money
REV06576,ORD005930,CUST01805,REST0250,3,Excellent taste
REV06577,ORD002954,CUST01230,REST0030,4,Would order again
REV06578,ORD003638,CUST01766,REST0040,3,Very late delivery
REV06579,ORD003907,CUST00202,REST0089,3,Packaging was poor
REV06580,ORD004779,CUST02144,REST0023,5,Delivery was delayed
REV06581,ORD005846,CUST00658,REST0281,4,Amazing food
REV06582,ORD009699,CUST00361,REST0111,5,Delivery was delayed
REV06583,ORD004118,CUST00659,REST0149,1,Would order again
REV06584,ORD007031,CUST01400,REST0144,5,Not satisfied
REV06585,ORD001138,CUST02283,REST0189,5,Would order again
REV06586,ORD002768,CUST01489,REST0042,1,Very late delivery
REV06587,ORD002335,CUST01508,REST0223,5,Excellent taste
REV06588,ORD007707,CUST01279,REST0213,1,Would order again
REV06589,ORD000943,CUST01790,REST0094,5,Delivery was delayed
REV06590,ORD007663,CUST00786,REST0165,5,Average experience
REV06591,ORD002491,CUST01098,REST0267,2,Delivery was delayed
REV06592,ORD009680,CUST00813,REST0001,5,Not satisfied
REV06593,ORD006291,CUST02236,REST0039,3,Excellent taste
REV06594,ORD004936,CUST01196,REST0002,4,Very late delivery
REV06595,ORD003936,CUST00239,REST0083,5,Not satisfied
REV06596,ORD006957,CUST00117,REST0152,1,Packaging was poor
REV06597,ORD002385,CUST01408,REST0030,3,Not satisfied
REV06598,ORD000116,CUST01346,REST0049,2,Very late delivery
REV06599,ORD001864,CUST01698,REST0281,4,Average experience
REV06600,ORD009977,CUST01718,REST0282,3,Excellent taste
REV06601,ORD003120,CUST01275,REST0076,1,Packaging was poor
REV06602,ORD004259,CUST02265,REST0231,1,Amazing food
REV06603,ORD006706,CUST01098,REST0037,5,Packaging was poor
REV06604,ORD000903,CUST01382,REST0107,5,Loved it
REV06605,ORD002820,CUST01879,REST0122,5,Worth the money
REV06606,ORD003823,CUST01556,REST0160,5,Excellent taste
REV06607,ORD008162,CUST00743,REST0139,4,Packaging was poor
REV06608,ORD006891,CUST00033,REST0041,4,Not satisfied
REV06609,ORD009091,CUST01884,REST0106,4,Packaging was poor
REV06610,ORD004700,CUST02027,REST0169,4,Average experience
REV06611,ORD008919,CUST01418,REST0148,5,Not satisfied
REV06612,ORD003803,CUST00152,REST0198,5,Loved it
REV06613,ORD006069,CUST02117,REST0120,1,Very late delivery
REV06614,ORD005811,CUST00314,REST0280,5,Delivery was delayed
REV06615,ORD003537,CUST00273,REST0059,2,Worth the money
REV06616,ORD003826,CUST01133,REST0126,2,Very late delivery
REV06617,ORD008643,CUST01837,REST0021,3,Worth the money
REV06618,ORD008609,CUST02441,REST0027,1,Very late delivery
REV06619,ORD004811,CUST02153,REST0242,2,Excellent taste
REV06620,ORD001947,CUST00744,REST0265,2,Would order again
REV06621,ORD008601,CUST01633,REST0244,1,Would order again
REV06622,ORD007137,CUST00189,REST0015,3,Would order again
REV06623,ORD005336,CUST00926,REST0123,3,Amazing food
REV06624,ORD003489,CUST02182,REST0049,4,Worth the money
REV06625,ORD001611,CUST02422,REST0237,1,Very late delivery
REV06626,ORD007462,CUST02240,REST0284,1,Worth the money
REV06627,ORD008474,CUST01943,REST0243,3,Not satisfied
REV06628,ORD004678,CUST01009,REST0069,4,Delivery was delayed
REV06629,ORD004960,CUST02282,REST0249,4,Not satisfied
REV06630,ORD005868,CUST00524,REST0178,3,Delivery was delayed
REV06631,ORD008764,CUST00178,REST0051,1,Very late delivery
REV06632,ORD004762,CUST00138,REST0119,2,Not satisfied
REV06633,ORD002195,CUST02081,REST0149,2,Excellent taste
REV06634,ORD008004,CUST01448,REST0120,2,Amazing food
REV06635,ORD005702,CUST00363,REST0045,1,Not satisfied
REV06636,ORD005114,CUST01577,REST0164,2,Delivery was delayed
REV06637,ORD000558,CUST01528,REST0074,2,Packaging was poor
REV06638,ORD008066,CUST00716,REST0298,5,Excellent taste
REV06639,ORD005140,CUST01531,REST0216,5,Average experience
REV06640,ORD001208,CUST02232,REST0216,3,Average experience
REV06641,ORD007034,CUST02243,REST0042,4,Loved it
REV06642,ORD007310,CUST00164,REST0100,5,Average experience
REV06643,ORD001511,CUST00075,REST0178,4,Delivery was delayed
REV06644,ORD006770,CUST00890,REST0162,1,Worth the money
REV06645,ORD003830,CUST02015,REST0167,4,Delivery was delayed
REV06646,ORD003733,CUST02357,REST0008,3,Very late delivery
REV06647,ORD007958,CUST02467,REST0211,3,Not satisfied
REV06648,ORD003212,CUST00822,REST0007,2,Would order again
REV06649,ORD003631,CUST00029,REST0152,1,Amazing food
REV06650,ORD001709,CUST02323,REST0249,1,Not satisfied
REV06651,ORD001846,CUST00284,REST0109,4,Not satisfied
REV06652,ORD000267,CUST02125,REST0080,1,Amazing food
REV06653,ORD005986,CUST00917,REST0104,3,Very late delivery
REV06654,ORD001141,CUST00149,REST0226,5,Very late delivery
REV06655,ORD003163,CUST01974,REST0279,2,Delivery was delayed
REV06656,ORD006208,CUST01486,REST0294,4,Worth the money
REV06657,ORD002047,CUST01813,REST0081,1,Delivery was delayed
REV06658,ORD003731,CUST02437,REST0219,4,Delivery was delayed
REV06659,ORD001910,CUST00505,REST0194,1,Amazing food
REV06660,ORD007308,CUST02460,REST0204,2,Amazing food
REV06661,ORD002661,CUST01877,REST0122,1,Very late delivery
REV06662,ORD000657,CUST00563,REST0269,4,Would order again
REV06663,ORD006661,CUST01287,REST0090,3,Very late delivery
REV06664,ORD001308,CUST01874,REST0224,5,Loved it
REV06665,ORD009430,CUST00328,REST0209,5,Packaging was poor
REV06666,ORD000999,CUST00444,REST0243,3,Average experience
REV06667,ORD007433,CUST00922,REST0154,4,Packaging was poor
REV06668,ORD002835,CUST02317,REST0194,1,Amazing food
REV06669,ORD009179,CUST01234,REST0255,1,Very late delivery
REV06670,ORD005881,CUST01627,REST0226,1,Delivery was delayed
REV06671,ORD001238,CUST01931,REST0002,1,Amazing food
REV06672,ORD002152,CUST00234,REST0102,2,Amazing food
REV06673,ORD007920,CUST01401,REST0225,5,Excellent taste
REV06674,ORD009696,CUST01405,REST0083,5,Average experience
REV06675,ORD007190,CUST01147,REST0001,2,Average experience
REV06676,ORD008304,CUST00277,REST0299,1,Delivery was delayed
REV06677,ORD006579,CUST01314,REST0247,1,Worth the money
REV06678,ORD005092,CUST01034,REST0134,3,Excellent taste
REV06679,ORD002187,CUST01181,REST0013,3,Excellent taste
REV06680,ORD001135,CUST00894,REST0062,1,Not satisfied
REV06681,ORD005005,CUST00861,REST0171,3,Very late delivery
REV06682,ORD007975,CUST02101,REST0105,2,Worth the money
REV06683,ORD001304,CUST01379,REST0100,2,Worth the money
REV06684,ORD008469,CUST01636,REST0182,4,Delivery was delayed
REV06685,ORD001628,CUST00002,REST0135,3,Amazing food
REV06686,ORD009282,CUST01307,REST0275,5,Loved it
REV06687,ORD001523,CUST02287,REST0271,1,Very late delivery
REV06688,ORD009811,CUST00966,REST0135,4,Amazing food
REV06689,ORD000359,CUST02147,REST0092,3,Delivery was delayed
REV06690,ORD000139,CUST00667,REST0240,5,Would order again
REV06691,ORD000300,CUST00630,REST0037,5,Amazing food
REV06692,ORD001557,CUST01825,REST0194,3,Excellent taste
REV06693,ORD005100,CUST01435,REST0147,4,Loved it
REV06694,ORD000383,CUST02198,REST0185,5,Would order again
REV06695,ORD008313,CUST02309,REST0108,4,Very late delivery
REV06696,ORD006949,CUST01601,REST0264,3,Packaging was poor
REV06697,ORD004858,CUST01726,REST0096,3,Very late delivery
REV06698,ORD003181,CUST02438,REST0246,2,Amazing food
REV06699,ORD001440,CUST00704,REST0083,1,Would order again
REV06700,ORD007270,CUST02266,REST0217,3,Very late delivery
REV06701,ORD005674,CUST01154,REST0136,3,Loved it
REV06702,ORD000947,CUST01063,REST0049,2,Loved it
REV06703,ORD002391,CUST01516,REST0295,3,Packaging was poor
REV06704,ORD005499,CUST00664,REST0193,4,Excellent taste
REV06705,ORD007074,CUST01954,REST0150,4,Loved it
REV06706,ORD009231,CUST00336,REST0056,3,Loved it
REV06707,ORD002722,CUST02407,REST0286,4,Not satisfied
REV06708,ORD001933,CUST00426,REST0008,4,Would order again
REV06709,ORD007424,CUST02036,REST0170,3,Packaging was poor
REV06710,ORD003237,CUST01524,REST0207,1,Worth the money
REV06711,ORD003141,CUST01075,REST0175,4,Loved it
REV06712,ORD004164,CUST01447,REST0150,5,Very late delivery
REV06713,ORD008889,CUST01959,REST0279,1,Average experience
REV06714,ORD003808,CUST00328,REST0136,3,Excellent taste
REV06715,ORD009480,CUST01797,REST0130,4,Very late delivery
REV06716,ORD006984,CUST00162,REST0129,5,Excellent taste
REV06717,ORD008905,CUST01934,REST0256,1,Worth the money
REV06718,ORD009723,CUST00201,REST0260,1,Excellent taste
REV06719,ORD004155,CUST01832,REST0244,3,Amazing food
REV06720,ORD004173,CUST01360,REST0033,3,Loved it
REV06721,ORD000797,CUST01509,REST0113,2,Would order again
REV06722,ORD002417,CUST01424,REST0218,3,Average experience
REV06723,ORD007171,CUST00746,REST0197,4,Loved it
REV06724,ORD006140,CUST00090,REST0299,2,Excellent taste
REV06725,ORD000786,CUST00123,REST0282,3,Very late delivery
REV06726,ORD007068,CUST00400,REST0202,2,Worth the money
REV06727,ORD003159,CUST00069,REST0169,1,Would order again
REV06728,ORD000124,CUST00707,REST0228,4,Amazing food
REV06729,ORD009458,CUST01463,REST0256,4,Average experience
REV06730,ORD009247,CUST01184,REST0189,5,Very late delivery
REV06731,ORD002173,CUST01968,REST0239,5,Would order again
REV06732,ORD002170,CUST01619,REST0167,2,Not satisfied
REV06733,ORD006881,CUST01917,REST0222,2,Not satisfied
REV06734,ORD004010,CUST02344,REST0100,3,Average experience
REV06735,ORD009297,CUST00892,REST0257,5,Would order again
REV06736,ORD004341,CUST01170,REST0263,4,Delivery was delayed
REV06737,ORD000911,CUST00640,REST0014,3,Amazing food
REV06738,ORD006269,CUST02103,REST0133,3,Would order again
REV06739,ORD007772,CUST00048,REST0194,4,Delivery was delayed
REV06740,ORD002310,CUST00229,REST0261,4,Would order again
REV06741,ORD009659,CUST01149,REST0141,3,Excellent taste
REV06742,ORD003635,CUST01401,REST0072,2,Very late delivery
REV06743,ORD001258,CUST02382,REST0009,2,Loved it
REV06744,ORD006592,CUST00437,REST0261,4,Average experience
REV06745,ORD004459,CUST00322,REST0156,5,Worth the money
REV06746,ORD006134,CUST00763,REST0101,2,Delivery was delayed
REV06747,ORD001179,CUST00874,REST0121,2,Average experience
REV06748,ORD004653,CUST01065,REST0054,5,Would order again
REV06749,ORD006219,CUST00207,REST0089,2,Packaging was poor
REV06750,ORD003651,CUST01901,REST0274,4,Would order again
REV06751,ORD000443,CUST00971,REST0128,1,Excellent taste
REV06752,ORD003416,CUST01433,REST0127,1,Average experience
REV06753,ORD001400,CUST00992,REST0031,1,Average experience
REV06754,ORD001458,CUST02324,REST0067,3,Average experience
REV06755,ORD007525,CUST00689,REST0154,2,Worth the money
REV06756,ORD005745,CUST02465,REST0139,2,Loved it
REV06757,ORD001055,CUST01203,REST0191,2,Delivery was delayed
REV06758,ORD008999,CUST00515,REST0222,1,Packaging was poor
REV06759,ORD003276,CUST02321,REST0122,5,Very late delivery
REV06760,ORD001464,CUST01347,REST0001,3,Worth the money
REV06761,ORD003700,CUST00524,REST0167,1,Amazing food
REV06762,ORD003760,CUST02188,REST0016,2,Loved it
REV06763,ORD000930,CUST00838,REST0062,4,Packaging was poor
REV06764,ORD005512,CUST01874,REST0087,3,Amazing food
REV06765,ORD006469,CUST01052,REST0046,2,Delivery was delayed
REV06766,ORD008413,CUST01844,REST0157,2,Average experience
REV06767,ORD001830,CUST02356,REST0275,3,Delivery was delayed
REV06768,ORD002929,CUST01402,REST0173,2,Not satisfied
REV06769,ORD008296,CUST00551,REST0171,3,Worth the money
REV06770,ORD006539,CUST00609,REST0059,2,Would order again
REV06771,ORD004222,CUST00036,REST0164,2,Not satisfied
REV06772,ORD003547,CUST01366,REST0088,2,Worth the money
REV06773,ORD005599,CUST01607,REST0101,4,Average experience
REV06774,ORD008938,CUST00976,REST0163,3,Excellent taste
REV06775,ORD007319,CUST02380,REST0096,2,Amazing food
REV06776,ORD008351,CUST01129,REST0232,5,Worth the money
REV06777,ORD002012,CUST00556,REST0275,4,Amazing food
REV06778,ORD000914,CUST01689,REST0117,4,Excellent taste
REV06779,ORD008249,CUST01506,REST0021,5,Loved it
REV06780,ORD007266,CUST02217,REST0015,1,Average experience
REV06781,ORD003220,CUST00185,REST0093,2,Very late delivery
REV06782,ORD002607,CUST00993,REST0166,1,Delivery was delayed
REV06783,ORD003265,CUST02018,REST0266,1,Very late delivery
REV06784,ORD004929,CUST01404,REST0247,2,Would order again
REV06785,ORD008662,CUST02017,REST0260,1,Packaging was poor
REV06786,ORD006565,CUST01921,REST0286,4,Amazing food
REV06787,ORD008130,CUST01961,REST0275,2,Delivery was delayed
REV06788,ORD000007,CUST01250,REST0284,1,Loved it
REV06789,ORD002981,CUST00561,REST0127,2,Average experience
REV06790,ORD006584,CUST01467,REST0093,5,Very late delivery
REV06791,ORD003362,CUST00739,REST0124,3,Average experience
REV06792,ORD004775,CUST01310,REST0077,3,Loved it
REV06793,ORD001944,CUST00722,REST0025,3,Not satisfied
REV06794,ORD007453,CUST01492,REST0187,5,Average experience
REV06795,ORD005500,CUST02104,REST0237,3,Excellent taste
REV06796,ORD001636,CUST00935,REST0238,2,Loved it
REV06797,ORD001142,CUST00773,REST0116,1,Amazing food
REV06798,ORD002042,CUST01155,REST0300,5,Packaging was poor
REV06799,ORD006704,CUST00086,REST0105,1,Not satisfied
REV06800,ORD007819,CUST02486,REST0215,5,Packaging was poor
REV06801,ORD002071,CUST01003,REST0233,5,Not satisfied
REV06802,ORD003135,CUST00365,REST0034,4,Packaging was poor
REV06803,ORD005161,CUST01614,REST0062,3,Excellent taste
REV06804,ORD008332,CUST01977,REST0085,2,Packaging was poor
REV06805,ORD005276,CUST00181,REST0077,1,Packaging was poor
REV06806,ORD002243,CUST00542,REST0229,2,Excellent taste
REV06807,ORD001475,CUST01266,REST0077,5,Delivery was delayed
REV06808,ORD008591,CUST01400,REST0226,2,Delivery was delayed
REV06809,ORD001890,CUST01829,REST0276,5,Excellent taste
REV06810,ORD003436,CUST00438,REST0250,1,Packaging was poor
REV06811,ORD007594,CUST01433,REST0198,5,Excellent taste
REV06812,ORD007746,CUST00778,REST0110,1,Would order again
REV06813,ORD003706,CUST00357,REST0157,3,Loved it
REV06814,ORD002022,CUST01179,REST0169,4,Amazing food
REV06815,ORD004021,CUST01210,REST0123,1,Amazing food
REV06816,ORD008831,CUST01622,REST0016,1,Delivery was delayed
REV06817,ORD008444,CUST02492,REST0163,2,Worth the money
REV06818,ORD003501,CUST02458,REST0287,5,Amazing food
REV06819,ORD002659,CUST01316,REST0013,1,Amazing food
REV06820,ORD008457,CUST01492,REST0128,3,Worth the money
REV06821,ORD006889,CUST01562,REST0054,1,Not satisfied
REV06822,ORD001131,CUST00193,REST0209,5,Loved it
REV06823,ORD005558,CUST01214,REST0167,5,Packaging was poor
REV06824,ORD007359,CUST01544,REST0148,5,Delivery was delayed
REV06825,ORD001820,CUST01708,REST0224,1,Average experience
REV06826,ORD007539,CUST02272,REST0054,2,Packaging was poor
REV06827,ORD009387,CUST00397,REST0262,1,Worth the money
REV06828,ORD004319,CUST01354,REST0118,3,Delivery was delayed
REV06829,ORD009605,CUST02083,REST0048,4,Very late delivery
REV06830,ORD004145,CUST00944,REST0261,3,Worth the money
REV06831,ORD004670,CUST00138,REST0012,1,Delivery was delayed
REV06832,ORD001237,CUST01612,REST0183,2,Very late delivery
REV06833,ORD005477,CUST01389,REST0261,3,Amazing food
REV06834,ORD009837,CUST02397,REST0185,2,Would order again
REV06835,ORD001857,CUST02141,REST0082,5,Not satisfied
REV06836,ORD002283,CUST00220,REST0201,5,Loved it
REV06837,ORD008694,CUST02064,REST0074,5,Packaging was poor
REV06838,ORD009321,CUST01435,REST0182,3,Worth the money
REV06839,ORD004094,CUST00766,REST0060,1,Average experience
REV06840,ORD007062,CUST00932,REST0011,1,Very late delivery
REV06841,ORD005201,CUST00421,REST0233,3,Worth the money
REV06842,ORD006402,CUST01387,REST0236,2,Packaging was poor
REV06843,ORD009930,CUST01460,REST0288,1,Worth the money
REV06844,ORD003422,CUST01117,REST0137,5,Would order again
REV06845,ORD009270,CUST01381,REST0231,1,Excellent taste
REV06846,ORD000387,CUST01592,REST0238,2,Average experience
REV06847,ORD008549,CUST01036,REST0201,4,Delivery was delayed
REV06848,ORD001629,CUST00759,REST0035,3,Excellent taste
REV06849,ORD003586,CUST00738,REST0126,5,Worth the money
REV06850,ORD007413,CUST00768,REST0013,3,Packaging was poor
REV06851,ORD002715,CUST01243,REST0219,2,Would order again
REV06852,ORD007172,CUST02259,REST0297,2,Excellent taste
REV06853,ORD008436,CUST00634,REST0193,3,Average experience
REV06854,ORD009322,CUST02381,REST0232,3,Not satisfied
REV06855,ORD005660,CUST00726,REST0189,3,Average experience
REV06856,ORD003190,CUST01188,REST0231,4,Worth the money
REV06857,ORD009969,CUST00996,REST0215,3,Not satisfied
REV06858,ORD004306,CUST01399,REST0198,2,Not satisfied
REV06859,ORD000910,CUST01502,REST0199,5,Not satisfied
REV06860,ORD005386,CUST00661,REST0179,4,Very late delivery
REV06861,ORD001997,CUST02046,REST0155,5,Average experience
REV06862,ORD001867,CUST01296,REST0140,3,Worth the money
REV06863,ORD001843,CUST00082,REST0126,5,Loved it
REV06864,ORD002498,CUST01254,REST0202,2,Loved it
REV06865,ORD000202,CUST00304,REST0235,1,Average experience
REV06866,ORD007906,CUST00070,REST0252,1,Worth the money
REV06867,ORD007725,CUST00369,REST0117,4,Worth the money
REV06868,ORD005055,CUST00102,REST0136,3,Excellent taste
REV06869,ORD005890,CUST01185,REST0165,5,Excellent taste
REV06870,ORD004007,CUST01137,REST0038,2,Worth the money
REV06871,ORD009902,CUST01150,REST0078,3,Packaging was poor
REV06872,ORD002703,CUST02117,REST0036,1,Delivery was delayed
REV06873,ORD003450,CUST01013,REST0198,4,Worth the money
REV06874,ORD000332,CUST00606,REST0033,1,Loved it
REV06875,ORD007140,CUST01408,REST0164,2,Loved it
REV06876,ORD008961,CUST01983,REST0197,5,Loved it
REV06877,ORD009820,CUST00064,REST0090,3,Delivery was delayed
REV06878,ORD007177,CUST00598,REST0275,1,Amazing food
REV06879,ORD002460,CUST00729,REST0267,5,Delivery was delayed
REV06880,ORD001775,CUST02284,REST0009,2,Worth the money
REV06881,ORD006629,CUST01808,REST0112,4,Excellent taste
REV06882,ORD007597,CUST00019,REST0246,5,Very late delivery
REV06883,ORD007987,CUST01903,REST0145,5,Would order again
REV06884,ORD002687,CUST00425,REST0160,1,Delivery was delayed
REV06885,ORD009148,CUST02310,REST0106,4,Not satisfied
REV06886,ORD000990,CUST01736,REST0187,3,Worth the money
REV06887,ORD009047,CUST00588,REST0109,3,Amazing food
REV06888,ORD008349,CUST00291,REST0140,3,Excellent taste
REV06889,ORD008876,CUST01920,REST0132,4,Worth the money
REV06890,ORD008551,CUST01850,REST0234,5,Average experience
REV06891,ORD005807,CUST01632,REST0196,3,Excellent taste
REV06892,ORD008734,CUST01751,REST0156,5,Packaging was poor
REV06893,ORD008698,CUST00124,REST0242,2,Loved it
REV06894,ORD006575,CUST01232,REST0160,3,Very late delivery
REV06895,ORD003053,CUST01773,REST0264,5,Delivery was delayed
REV06896,ORD008638,CUST01233,REST0069,2,Very late delivery
REV06897,ORD005463,CUST01911,REST0205,5,Loved it
REV06898,ORD000174,CUST01117,REST0003,3,Very late delivery
REV06899,ORD004955,CUST01717,REST0115,3,Excellent taste
REV06900,ORD004616,CUST00638,REST0108,2,Loved it
REV06901,ORD003322,CUST01827,REST0046,5,Would order again
REV06902,ORD007066,CUST00874,REST0155,4,Not satisfied
REV06903,ORD006247,CUST01343,REST0289,4,Excellent taste
REV06904,ORD006746,CUST00718,REST0166,2,Loved it
REV06905,ORD003373,CUST01847,REST0230,3,Average experience
REV06906,ORD006049,CUST01029,REST0117,2,Delivery was delayed
REV06907,ORD003312,CUST00973,REST0112,3,Not satisfied
REV06908,ORD007417,CUST01822,REST0239,2,Average experience
REV06909,ORD007294,CUST01115,REST0070,4,Delivery was delayed
REV06910,ORD007585,CUST00917,REST0046,1,Very late delivery
REV06911,ORD009378,CUST00854,REST0160,2,Very late delivery
REV06912,ORD008812,CUST00113,REST0197,4,Delivery was delayed
REV06913,ORD008161,CUST00362,REST0197,1,Excellent taste
REV06914,ORD004680,CUST01157,REST0028,5,Delivery was delayed
REV06915,ORD003404,CUST02365,REST0046,3,Amazing food
REV06916,ORD000019,CUST01084,REST0092,3,Loved it
REV06917,ORD003692,CUST00114,REST0124,4,Amazing food
REV06918,ORD008655,CUST02389,REST0119,5,Average experience
REV06919,ORD004097,CUST00035,REST0187,2,Loved it
REV06920,ORD003629,CUST00568,REST0004,3,Amazing food
REV06921,ORD008863,CUST00426,REST0112,1,Amazing food
REV06922,ORD002175,CUST01299,REST0016,4,Average experience
REV06923,ORD001357,CUST01664,REST0060,4,Would order again
REV06924,ORD005003,CUST01685,REST0233,3,Would order again
REV06925,ORD007392,CUST01328,REST0133,1,Excellent taste
REV06926,ORD006923,CUST01954,REST0005,4,Amazing food
REV06927,ORD005824,CUST00534,REST0008,2,Amazing food
REV06928,ORD009503,CUST02445,REST0245,1,Loved it
REV06929,ORD005671,CUST00752,REST0259,4,Packaging was poor
REV06930,ORD003113,CUST00002,REST0014,2,Loved it
REV06931,ORD000183,CUST02011,REST0121,3,Delivery was delayed
REV06932,ORD003643,CUST00082,REST0041,3,Loved it
REV06933,ORD008858,CUST02184,REST0046,1,Not satisfied
REV06934,ORD001813,CUST00685,REST0220,1,Excellent taste
REV06935,ORD007876,CUST00912,REST0001,2,Loved it
REV06936,ORD008498,CUST01248,REST0247,1,Excellent taste
REV06937,ORD004913,CUST01970,REST0275,2,Would order again
REV06938,ORD005669,CUST01740,REST0135,4,Excellent taste
REV06939,ORD008543,CUST01413,REST0269,1,Packaging was poor
REV06940,ORD001801,CUST00934,REST0090,2,Would order again
REV06941,ORD009252,CUST01053,REST0006,1,Packaging was poor
REV06942,ORD002430,CUST00171,REST0224,1,Average experience
REV06943,ORD005483,CUST01597,REST0220,1,Packaging was poor
REV06944,ORD006762,CUST01513,REST0136,1,Loved it
REV06945,ORD009840,CUST00449,REST0032,5,Excellent taste
REV06946,ORD009636,CUST01120,REST0205,3,Worth the money
REV06947,ORD001969,CUST00242,REST0242,2,Would order again
REV06948,ORD008340,CUST02095,REST0244,5,Not satisfied
REV06949,ORD008142,CUST00551,REST0093,5,Packaging was poor
REV06950,ORD007697,CUST02407,REST0201,4,Delivery was delayed
REV06951,ORD007542,CUST00641,REST0025,2,Loved it
REV06952,ORD004988,CUST01905,REST0195,5,Excellent taste
REV06953,ORD009757,CUST02133,REST0165,4,Amazing food
REV06954,ORD004651,CUST02500,REST0092,5,Not satisfied
REV06955,ORD001160,CUST00982,REST0189,4,Packaging was poor
REV06956,ORD001214,CUST01621,REST0157,4,Excellent taste
REV06957,ORD007337,CUST00501,REST0296,3,Average experience
REV06958,ORD001326,CUST01258,REST0255,4,Would order again
REV06959,ORD007513,CUST00754,REST0217,4,Amazing food
REV06960,ORD007581,CUST02235,REST0062,1,Very late delivery
REV06961,ORD004797,CUST00597,REST0299,1,Loved it
REV06962,ORD006797,CUST02141,REST0144,3,Packaging was poor
REV06963,ORD005809,CUST00085,REST0052,5,Not satisfied
REV06964,ORD005944,CUST01072,REST0049,1,Very late delivery
REV06965,ORD009284,CUST01722,REST0025,4,Packaging was poor
REV06966,ORD008145,CUST01813,REST0137,3,Loved it
REV06967,ORD001456,CUST01278,REST0234,4,Excellent taste
REV06968,ORD005411,CUST00836,REST0204,1,Would order again
REV06969,ORD007130,CUST02368,REST0061,4,Amazing food
REV06970,ORD008893,CUST02253,REST0285,1,Worth the money
REV06971,ORD004963,CUST01866,REST0248,3,Packaging was poor
REV06972,ORD002801,CUST01010,REST0293,1,Amazing food
REV06973,ORD001645,CUST00691,REST0147,5,Excellent taste
REV06974,ORD002141,CUST02296,REST0293,5,Would order again
REV06975,ORD004537,CUST00378,REST0231,1,Packaging was poor
REV06976,ORD004458,CUST02042,REST0162,3,Would order again
REV06977,ORD008952,CUST00787,REST0109,5,Not satisfied
REV06978,ORD005587,CUST00928,REST0232,1,Not satisfied
REV06979,ORD004379,CUST00360,REST0233,3,Would order again
REV06980,ORD000730,CUST01666,REST0107,1,Very late delivery
REV06981,ORD004358,CUST00215,REST0282,4,Average experience
REV06982,ORD007749,CUST00721,REST0078,3,Not satisfied
REV06983,ORD006717,CUST02256,REST0127,3,Amazing food
REV06984,ORD001937,CUST01656,REST0018,2,Excellent taste
REV06985,ORD003794,CUST02164,REST0254,3,Would order again
REV06986,ORD003737,CUST00473,REST0059,5,Worth the money
REV06987,ORD002262,CUST01237,REST0153,3,Packaging was poor
REV06988,ORD004006,CUST01375,REST0103,1,Excellent taste
REV06989,ORD001111,CUST02432,REST0217,5,Very late delivery
REV06990,ORD009029,CUST00675,REST0119,2,Excellent taste
REV06991,ORD005481,CUST00202,REST0031,3,Very late delivery
REV06992,ORD002999,CUST01258,REST0198,2,Delivery was delayed
REV06993,ORD002395,CUST00160,REST0098,3,Amazing food
REV06994,ORD001186,CUST00750,REST0046,1,Loved it
REV06995,ORD002008,CUST01504,REST0014,5,Packaging was poor
REV06996,ORD000194,CUST00544,REST0151,5,Average experience
REV06997,ORD005612,CUST01645,REST0237,3,Excellent taste
REV06998,ORD002902,CUST00455,REST0079,5,Loved it
REV06999,ORD000579,CUST00150,REST0106,4,Loved it
REV07000,ORD006220,CUST01113,REST0122,1,Delivery was delayed
REV07001,ORD005526,CUST01087,REST0102,4,Delivery was delayed
REV07002,ORD000772,CUST00509,REST0028,3,Packaging was poor
REV07003,ORD007840,CUST00435,REST0053,1,Delivery was delayed
REV07004,ORD002396,CUST02183,REST0046,4,Packaging was poor
REV07005,ORD001479,CUST00240,REST0282,5,Average experience
REV07006,ORD001847,CUST02488,REST0244,3,Amazing food
REV07007,ORD009109,CUST01540,REST0182,2,Average experience
REV07008,ORD004275,CUST01567,REST0224,5,Average experience
REV07009,ORD003741,CUST01535,REST0110,2,Delivery was delayed
REV07010,ORD004601,CUST00854,REST0062,2,Very late delivery
REV07011,ORD008088,CUST00412,REST0280,5,Would order again
REV07012,ORD008711,CUST00455,REST0018,5,Very late delivery
REV07013,ORD006677,CUST00969,REST0204,4,Average experience
REV07014,ORD006376,CUST00904,REST0123,3,Excellent taste
REV07015,ORD008125,CUST00935,REST0169,3,Loved it
REV07016,ORD009539,CUST01158,REST0193,3,Loved it
REV07017,ORD004916,CUST01024,REST0163,5,Very late delivery
REV07018,ORD002074,CUST02193,REST0133,1,Delivery was delayed
REV07019,ORD004755,CUST02478,REST0115,4,Very late delivery
REV07020,ORD001897,CUST00155,REST0070,4,Packaging was poor
REV07021,ORD008553,CUST01677,REST0075,3,Average experience
REV07022,ORD006703,CUST00742,REST0088,3,Worth the money
REV07023,ORD006318,CUST01064,REST0035,2,Very late delivery
REV07024,ORD003660,CUST02465,REST0109,5,Not satisfied
REV07025,ORD006582,CUST01727,REST0262,1,Would order again
REV07026,ORD002380,CUST00337,REST0276,2,Very late delivery
REV07027,ORD001448,CUST01944,REST0093,3,Amazing food
REV07028,ORD000343,CUST00691,REST0001,5,Average experience
REV07029,ORD005128,CUST00883,REST0265,1,Average experience
REV07030,ORD003137,CUST00055,REST0130,1,Amazing food
REV07031,ORD002528,CUST01354,REST0189,2,Amazing food
REV07032,ORD000728,CUST00934,REST0165,2,Packaging was poor
REV07033,ORD004578,CUST00256,REST0116,3,Not satisfied
REV07034,ORD000977,CUST00397,REST0140,2,Excellent taste
REV07035,ORD008392,CUST02018,REST0285,1,Not satisfied
REV07036,ORD005444,CUST02069,REST0158,4,Very late delivery
REV07037,ORD009035,CUST01866,REST0096,5,Packaging was poor
REV07038,ORD003517,CUST02204,REST0085,1,Packaging was poor
REV07039,ORD007976,CUST02094,REST0074,5,Delivery was delayed
REV07040,ORD009788,CUST01720,REST0247,2,Loved it
REV07041,ORD003941,CUST00859,REST0266,5,Loved it
REV07042,ORD001300,CUST01930,REST0229,1,Loved it
REV07043,ORD009765,CUST01508,REST0195,5,Not satisfied
REV07044,ORD001349,CUST01593,REST0156,5,Packaging was poor
REV07045,ORD000661,CUST01654,REST0021,2,Loved it
REV07046,ORD005887,CUST00696,REST0119,3,Amazing food
REV07047,ORD001493,CUST01252,REST0091,1,Average experience
REV07048,ORD009947,CUST01999,REST0029,5,Worth the money
REV07049,ORD004590,CUST00022,REST0146,4,Not satisfied
REV07050,ORD008531,CUST01114,REST0237,2,Very late delivery
REV07051,ORD005155,CUST02090,REST0243,2,Worth the money
REV07052,ORD002316,CUST00610,REST0151,3,Very late delivery
REV07053,ORD009615,CUST00285,REST0244,5,Very late delivery
REV07054,ORD009578,CUST01148,REST0055,1,Amazing food
REV07055,ORD007025,CUST01211,REST0060,2,Worth the money
REV07056,ORD001086,CUST00339,REST0070,3,Not satisfied
REV07057,ORD002525,CUST01337,REST0044,1,Delivery was delayed
REV07058,ORD008969,CUST00688,REST0102,2,Packaging was poor
REV07059,ORD005375,CUST00312,REST0258,3,Excellent taste
REV07060,ORD003199,CUST00745,REST0104,2,Would order again
REV07061,ORD005752,CUST00700,REST0157,2,Very late delivery
REV07062,ORD004009,CUST01764,REST0179,1,Excellent taste
REV07063,ORD005718,CUST00673,REST0023,3,Loved it
REV07064,ORD006658,CUST01155,REST0297,5,Very late delivery
REV07065,ORD009358,CUST00831,REST0143,1,Not satisfied
REV07066,ORD008791,CUST00581,REST0238,5,Packaging was poor
REV07067,ORD000068,CUST01631,REST0066,1,Amazing food
REV07068,ORD007924,CUST01794,REST0300,2,Amazing food
REV07069,ORD000041,CUST01925,REST0052,3,Worth the money
REV07070,ORD002270,CUST00466,REST0086,4,Amazing food
REV07071,ORD002382,CUST00770,REST0005,2,Would order again
REV07072,ORD007342,CUST01635,REST0259,3,Very late delivery
REV07073,ORD009962,CUST00246,REST0242,5,Would order again
REV07074,ORD004917,CUST00715,REST0022,3,Amazing food
REV07075,ORD005323,CUST02166,REST0112,3,Packaging was poor
REV07076,ORD005774,CUST01738,REST0232,5,Amazing food
REV07077,ORD006233,CUST00241,REST0052,4,Excellent taste
REV07078,ORD006964,CUST01100,REST0067,3,Would order again
REV07079,ORD003448,CUST02104,REST0267,1,Excellent taste
REV07080,ORD006817,CUST00109,REST0024,3,Excellent taste
REV07081,ORD002368,CUST01927,REST0230,5,Delivery was delayed
REV07082,ORD007982,CUST01810,REST0227,3,Would order again
REV07083,ORD008167,CUST00017,REST0119,3,Worth the money
REV07084,ORD002513,CUST02353,REST0114,4,Would order again
REV07085,ORD009620,CUST01487,REST0128,4,Excellent taste
REV07086,ORD002724,CUST01343,REST0185,1,Average experience
REV07087,ORD005949,CUST02137,REST0218,2,Packaging was poor
REV07088,ORD009186,CUST01256,REST0234,1,Packaging was poor
REV07089,ORD009005,CUST02147,REST0047,3,Very late delivery
REV07090,ORD001144,CUST00552,REST0223,5,Very late delivery
REV07091,ORD009737,CUST01938,REST0072,4,Worth the money
REV07092,ORD007223,CUST01666,REST0184,5,Loved it
REV07093,ORD008293,CUST00748,REST0058,3,Would order again
REV07094,ORD009221,CUST02218,REST0243,5,Packaging was poor
REV07095,ORD004729,CUST01233,REST0043,3,Average experience
REV07096,ORD005495,CUST01922,REST0148,3,Packaging was poor
REV07097,ORD005756,CUST00723,REST0020,1,Would order again
REV07098,ORD007563,CUST00871,REST0086,5,Amazing food
REV07099,ORD003790,CUST01551,REST0122,5,Very late delivery
REV07100,ORD002221,CUST00933,REST0052,1,Worth the money
REV07101,ORD005076,CUST01258,REST0250,4,Worth the money
REV07102,ORD002332,CUST01380,REST0201,2,Packaging was poor
REV07103,ORD005395,CUST01654,REST0100,2,Worth the money
REV07104,ORD007440,CUST00867,REST0038,5,Delivery was delayed
REV07105,ORD008068,CUST00902,REST0077,1,Not satisfied
REV07106,ORD007091,CUST00460,REST0093,2,Amazing food
REV07107,ORD009337,CUST01707,REST0215,1,Worth the money
REV07108,ORD004089,CUST00384,REST0070,1,Average experience
REV07109,ORD001968,CUST00120,REST0126,5,Amazing food
REV07110,ORD009364,CUST00472,REST0207,4,Would order again
REV07111,ORD009797,CUST01406,REST0210,4,Packaging was poor
REV07112,ORD006758,CUST00096,REST0017,5,Excellent taste
REV07113,ORD009587,CUST00338,REST0215,5,Amazing food
REV07114,ORD004366,CUST00691,REST0151,1,Loved it
REV07115,ORD007000,CUST01631,REST0148,1,Average experience
REV07116,ORD000424,CUST01170,REST0112,3,Would order again
REV07117,ORD000281,CUST00140,REST0122,1,Very late delivery
REV07118,ORD001905,CUST01175,REST0051,4,Amazing food
REV07119,ORD000596,CUST00272,REST0084,4,Worth the money
REV07120,ORD008580,CUST00999,REST0195,2,Amazing food
REV07121,ORD003918,CUST00098,REST0068,5,Not satisfied
REV07122,ORD006143,CUST02149,REST0056,3,Delivery was delayed
REV07123,ORD005662,CUST01223,REST0256,4,Delivery was delayed
REV07124,ORD005779,CUST01631,REST0021,2,Not satisfied
REV07125,ORD003619,CUST00982,REST0127,5,Very late delivery
REV07126,ORD006846,CUST00238,REST0173,5,Not satisfied
REV07127,ORD000840,CUST01394,REST0208,4,Loved it
REV07128,ORD004597,CUST00671,REST0177,5,Packaging was poor
REV07129,ORD007497,CUST02144,REST0236,3,Loved it
REV07130,ORD000142,CUST00442,REST0216,3,Packaging was poor
REV07131,ORD002598,CUST02381,REST0215,3,Very late delivery
REV07132,ORD006702,CUST01099,REST0217,4,Delivery was delayed
REV07133,ORD007757,CUST02331,REST0027,3,Amazing food
REV07134,ORD001378,CUST01135,REST0264,2,Delivery was delayed
REV07135,ORD003675,CUST00569,REST0036,1,Worth the money
REV07136,ORD008771,CUST01474,REST0254,5,Very late delivery
REV07137,ORD009896,CUST02439,REST0035,5,Packaging was poor
REV07138,ORD006363,CUST00455,REST0066,1,Excellent taste
REV07139,ORD004742,CUST01853,REST0289,1,Worth the money
REV07140,ORD003809,CUST01560,REST0232,4,Very late delivery
REV07141,ORD001139,CUST00958,REST0202,5,Loved it
REV07142,ORD002258,CUST01744,REST0124,1,Amazing food
REV07143,ORD007866,CUST02308,REST0072,5,Loved it
REV07144,ORD001788,CUST01886,REST0064,3,Would order again
REV07145,ORD003939,CUST00372,REST0151,4,Excellent taste
REV07146,ORD009317,CUST02255,REST0034,2,Would order again
REV07147,ORD004647,CUST01643,REST0130,5,Loved it
REV07148,ORD000460,CUST01622,REST0080,2,Delivery was delayed
REV07149,ORD006116,CUST02009,REST0209,3,Worth the money
REV07150,ORD009543,CUST02417,REST0066,2,Would order again
REV07151,ORD000949,CUST01821,REST0012,2,Amazing food
REV07152,ORD003701,CUST00811,REST0233,3,Amazing food
REV07153,ORD001337,CUST00060,REST0077,4,Packaging was poor
REV07154,ORD006371,CUST01434,REST0018,2,Excellent taste
REV07155,ORD004629,CUST01277,REST0084,2,Not satisfied
REV07156,ORD006287,CUST02227,REST0275,3,Delivery was delayed
REV07157,ORD005926,CUST01391,REST0123,5,Very late delivery
REV07158,ORD005935,CUST01628,REST0203,1,Packaging was poor
REV07159,ORD006041,CUST00443,REST0185,3,Worth the money
REV07160,ORD000442,CUST01357,REST0100,3,Very late delivery
REV07161,ORD006660,CUST01395,REST0093,3,Would order again
REV07162,ORD001603,CUST00543,REST0093,3,Average experience
REV07163,ORD002239,CUST02435,REST0162,5,Not satisfied
REV07164,ORD000640,CUST01268,REST0278,3,Loved it
REV07165,ORD009821,CUST00089,REST0138,1,Loved it
REV07166,ORD003831,CUST01122,REST0289,3,Amazing food
REV07167,ORD009396,CUST00350,REST0120,1,Worth the money
REV07168,ORD006145,CUST00036,REST0019,1,Loved it
REV07169,ORD007986,CUST00187,REST0263,2,Loved it
REV07170,ORD009053,CUST01814,REST0109,5,Worth the money
REV07171,ORD006345,CUST01359,REST0258,1,Very late delivery
REV07172,ORD002502,CUST01385,REST0074,4,Packaging was poor
REV07173,ORD001959,CUST02378,REST0209,3,Average experience
REV07174,ORD001071,CUST01943,REST0104,1,Very late delivery
REV07175,ORD000156,CUST01632,REST0265,4,Excellent taste
REV07176,ORD002296,CUST01384,REST0024,3,Very late delivery
REV07177,ORD009802,CUST01908,REST0034,5,Packaging was poor
REV07178,ORD004579,CUST01303,REST0064,5,Would order again
REV07179,ORD001090,CUST01815,REST0098,2,Not satisfied
REV07180,ORD006050,CUST00202,REST0067,2,Delivery was delayed
REV07181,ORD006416,CUST02397,REST0253,2,Very late delivery
REV07182,ORD002941,CUST02252,REST0028,4,Delivery was delayed
REV07183,ORD000724,CUST00174,REST0161,1,Not satisfied
REV07184,ORD004385,CUST00520,REST0118,4,Packaging was poor
REV07185,ORD000931,CUST01649,REST0081,1,Very late delivery
REV07186,ORD002910,CUST00859,REST0279,3,Very late delivery
REV07187,ORD007846,CUST01437,REST0211,1,Very late delivery
REV07188,ORD006764,CUST00311,REST0234,1,Not satisfied
REV07189,ORD008389,CUST00463,REST0066,3,Not satisfied
REV07190,ORD006417,CUST00463,REST0135,5,Not satisfied
REV07191,ORD000896,CUST02095,REST0099,5,Amazing food
REV07192,ORD003248,CUST01225,REST0266,3,Delivery was delayed
REV07193,ORD002327,CUST02255,REST0261,4,Not satisfied
REV07194,ORD007097,CUST02426,REST0234,5,Excellent taste
REV07195,ORD009506,CUST00092,REST0064,5,Delivery was delayed
REV07196,ORD007582,CUST02043,REST0092,3,Not satisfied
REV07197,ORD009743,CUST01413,REST0159,1,Average experience
REV07198,ORD005039,CUST01016,REST0055,5,Delivery was delayed
REV07199,ORD006451,CUST00555,REST0035,1,Loved it
REV07200,ORD004137,CUST01411,REST0174,3,Amazing food
REV07201,ORD009249,CUST02173,REST0267,3,Worth the money
REV07202,ORD001716,CUST02152,REST0089,1,Very late delivery
REV07203,ORD001699,CUST00369,REST0080,4,Packaging was poor
REV07204,ORD009691,CUST00889,REST0172,2,Would order again
REV07205,ORD009550,CUST01394,REST0108,1,Very late delivery
REV07206,ORD009972,CUST00804,REST0112,4,Delivery was delayed
REV07207,ORD008225,CUST00633,REST0018,2,Packaging was poor
REV07208,ORD003832,CUST02034,REST0131,1,Packaging was poor
REV07209,ORD006300,CUST01439,REST0207,5,Packaging was poor
REV07210,ORD003349,CUST00184,REST0160,2,Average experience
REV07211,ORD009519,CUST01682,REST0051,2,Delivery was delayed
REV07212,ORD000986,CUST02456,REST0029,1,Average experience
REV07213,ORD001822,CUST02245,REST0300,5,Loved it
REV07214,ORD004572,CUST00910,REST0101,3,Would order again
REV07215,ORD000588,CUST00598,REST0288,5,Not satisfied
REV07216,ORD009758,CUST02024,REST0013,5,Loved it
REV07217,ORD005078,CUST00376,REST0202,2,Excellent taste
REV07218,ORD007783,CUST00596,REST0201,5,Average experience
REV07219,ORD008324,CUST01301,REST0120,3,Would order again
REV07220,ORD009523,CUST01167,REST0251,5,Excellent taste
REV07221,ORD009968,CUST01593,REST0031,2,Very late delivery
REV07222,ORD005484,CUST00479,REST0062,2,Would order again
REV07223,ORD007747,CUST00442,REST0040,1,Average experience
REV07224,ORD009281,CUST00306,REST0021,3,Not satisfied
REV07225,ORD005515,CUST01930,REST0272,1,Delivery was delayed
REV07226,ORD009528,CUST01260,REST0126,3,Loved it
REV07227,ORD008872,CUST00584,REST0195,5,Average experience
REV07228,ORD005554,CUST02002,REST0120,1,Would order again
REV07229,ORD003558,CUST02350,REST0114,4,Would order again
REV07230,ORD001396,CUST00414,REST0258,1,Amazing food
REV07231,ORD000265,CUST01232,REST0118,1,Would order again
REV07232,ORD003548,CUST02031,REST0162,5,Very late delivery
REV07233,ORD006845,CUST00970,REST0004,2,Packaging was poor
REV07234,ORD007629,CUST00746,REST0136,4,Amazing food
REV07235,ORD006789,CUST02362,REST0163,5,Would order again
REV07236,ORD003070,CUST01078,REST0068,4,Worth the money
REV07237,ORD005026,CUST01656,REST0010,4,Worth the money
REV07238,ORD008397,CUST01440,REST0098,1,Delivery was delayed
REV07239,ORD003865,CUST01223,REST0222,2,Very late delivery
REV07240,ORD009073,CUST01414,REST0206,3,Average experience
REV07241,ORD002401,CUST00383,REST0009,4,Delivery was delayed
REV07242,ORD006275,CUST01246,REST0022,1,Excellent taste
REV07243,ORD008485,CUST01130,REST0030,4,Would order again
REV07244,ORD003712,CUST01459,REST0009,2,Excellent taste
REV07245,ORD000247,CUST02207,REST0252,3,Very late delivery
REV07246,ORD001595,CUST00853,REST0100,2,Delivery was delayed
REV07247,ORD009683,CUST00605,REST0259,3,Not satisfied
REV07248,ORD001530,CUST00553,REST0110,2,Amazing food
REV07249,ORD008224,CUST02456,REST0251,1,Delivery was delayed
REV07250,ORD000924,CUST02428,REST0016,5,Would order again
REV07251,ORD007554,CUST01218,REST0292,3,Worth the money
REV07252,ORD004365,CUST01962,REST0051,5,Delivery was delayed
REV07253,ORD000670,CUST00006,REST0059,4,Worth the money
REV07254,ORD003605,CUST00449,REST0221,3,Packaging was poor
REV07255,ORD005109,CUST01034,REST0008,3,Average experience
REV07256,ORD001911,CUST01284,REST0202,1,Very late delivery
REV07257,ORD008345,CUST02216,REST0116,3,Not satisfied
REV07258,ORD005249,CUST01130,REST0228,2,Average experience
REV07259,ORD007184,CUST00535,REST0076,5,Very late delivery
REV07260,ORD003959,CUST02289,REST0283,1,Worth the money
REV07261,ORD006958,CUST01348,REST0257,4,Not satisfied
REV07262,ORD006027,CUST00575,REST0266,4,Would order again
REV07263,ORD005644,CUST00902,REST0110,2,Loved it
REV07264,ORD002697,CUST00919,REST0086,5,Amazing food
REV07265,ORD002592,CUST02119,REST0280,4,Delivery was delayed
REV07266,ORD005907,CUST01871,REST0216,5,Amazing food
REV07267,ORD001782,CUST02065,REST0187,3,Delivery was delayed
REV07268,ORD006510,CUST00496,REST0165,2,Delivery was delayed
REV07269,ORD003014,CUST01045,REST0146,3,Packaging was poor
REV07270,ORD007134,CUST01775,REST0138,1,Would order again
REV07271,ORD002308,CUST02360,REST0146,3,Not satisfied
REV07272,ORD007277,CUST01211,REST0256,4,Not satisfied
REV07273,ORD003691,CUST01693,REST0062,4,Not satisfied
REV07274,ORD000688,CUST00793,REST0096,4,Average experience
REV07275,ORD006012,CUST00252,REST0250,1,Excellent taste
REV07276,ORD007072,CUST01819,REST0091,4,Delivery was delayed
REV07277,ORD000613,CUST02155,REST0037,1,Delivery was delayed
REV07278,ORD007168,CUST00199,REST0117,4,Amazing food
REV07279,ORD009206,CUST02420,REST0173,1,Very late delivery
REV07280,ORD003201,CUST01440,REST0051,2,Loved it
REV07281,ORD002268,CUST00013,REST0015,1,Amazing food
REV07282,ORD009782,CUST02089,REST0272,2,Would order again
REV07283,ORD006630,CUST00876,REST0131,2,Very late delivery
REV07284,ORD004136,CUST01395,REST0119,5,Very late delivery
REV07285,ORD001899,CUST01528,REST0036,1,Amazing food
REV07286,ORD009531,CUST02078,REST0166,5,Loved it
REV07287,ORD008154,CUST01850,REST0059,2,Excellent taste
REV07288,ORD000259,CUST01819,REST0107,2,Packaging was poor
REV07289,ORD002925,CUST00791,REST0067,3,Packaging was poor
REV07290,ORD009425,CUST00057,REST0039,4,Excellent taste
REV07291,ORD004944,CUST00014,REST0175,5,Would order again
REV07292,ORD002823,CUST00137,REST0300,4,Amazing food
REV07293,ORD006530,CUST01187,REST0296,2,Loved it
REV07294,ORD003340,CUST01394,REST0210,1,Delivery was delayed
REV07295,ORD003526,CUST01001,REST0069,2,Packaging was poor
REV07296,ORD004564,CUST01881,REST0043,4,Excellent taste
REV07297,ORD009657,CUST01023,REST0167,5,Excellent taste
REV07298,ORD007909,CUST01628,REST0292,4,Average experience
REV07299,ORD005330,CUST01207,REST0173,5,Not satisfied
REV07300,ORD005224,CUST02139,REST0043,4,Very late delivery
REV07301,ORD002286,CUST01926,REST0270,3,Delivery was delayed
REV07302,ORD006064,CUST01285,REST0171,5,Excellent taste
REV07303,ORD004655,CUST00832,REST0275,4,Would order again
REV07304,ORD005001,CUST00576,REST0109,5,Would order again
REV07305,ORD006711,CUST00929,REST0229,3,Worth the money
REV07306,ORD009325,CUST01349,REST0252,5,Loved it
REV07307,ORD000485,CUST01784,REST0287,2,Excellent taste
REV07308,ORD002212,CUST01465,REST0161,1,Loved it
REV07309,ORD005417,CUST01263,REST0288,2,Packaging was poor
REV07310,ORD007564,CUST01048,REST0181,4,Average experience
REV07311,ORD002556,CUST00929,REST0002,5,Amazing food
REV07312,ORD000008,CUST01859,REST0059,5,Worth the money
REV07313,ORD003658,CUST01568,REST0088,2,Average experience
REV07314,ORD006412,CUST00002,REST0223,2,Excellent taste
REV07315,ORD009165,CUST00538,REST0254,3,Loved it
REV07316,ORD004875,CUST00267,REST0298,4,Not satisfied
REV07317,ORD004403,CUST01094,REST0229,4,Average experience
REV07318,ORD008917,CUST01978,REST0097,2,Not satisfied
REV07319,ORD005547,CUST01343,REST0134,5,Not satisfied
REV07320,ORD005298,CUST00449,REST0159,5,Average experience
REV07321,ORD002427,CUST01696,REST0170,2,Excellent taste
REV07322,ORD006745,CUST01438,REST0042,4,Not satisfied
REV07323,ORD001815,CUST02083,REST0183,2,Average experience
REV07324,ORD006823,CUST01614,REST0220,3,Delivery was delayed
REV07325,ORD009626,CUST01121,REST0241,5,Delivery was delayed
REV07326,ORD002275,CUST02133,REST0130,2,Not satisfied
REV07327,ORD001012,CUST01586,REST0127,5,Would order again
REV07328,ORD001578,CUST02366,REST0115,1,Excellent taste
REV07329,ORD007265,CUST01561,REST0050,3,Packaging was poor
REV07330,ORD001068,CUST01201,REST0117,4,Worth the money
REV07331,ORD001992,CUST02388,REST0159,5,Excellent taste
REV07332,ORD003971,CUST00829,REST0259,5,Packaging was poor
REV07333,ORD009074,CUST02224,REST0205,5,Packaging was poor
REV07334,ORD005880,CUST01202,REST0079,1,Packaging was poor
REV07335,ORD008431,CUST00749,REST0033,3,Amazing food
REV07336,ORD004543,CUST01110,REST0128,2,Delivery was delayed
REV07337,ORD009327,CUST01063,REST0214,1,Average experience
REV07338,ORD007194,CUST02376,REST0113,2,Average experience
REV07339,ORD003868,CUST00039,REST0036,4,Very late delivery
REV07340,ORD009416,CUST00649,REST0193,3,Amazing food
REV07341,ORD006824,CUST01837,REST0045,4,Very late delivery
REV07342,ORD003049,CUST00794,REST0158,2,Loved it
REV07343,ORD000782,CUST01873,REST0214,1,Delivery was delayed
REV07344,ORD006748,CUST00919,REST0009,3,Not satisfied
REV07345,ORD002676,CUST01706,REST0043,1,Amazing food
REV07346,ORD001750,CUST01711,REST0068,2,Loved it
REV07347,ORD006223,CUST01157,REST0145,5,Amazing food
REV07348,ORD007947,CUST02175,REST0066,4,Packaging was poor
REV07349,ORD002792,CUST00742,REST0024,2,Loved it
REV07350,ORD006520,CUST02407,REST0298,2,Amazing food
REV07351,ORD005775,CUST00303,REST0253,3,Amazing food
REV07352,ORD006358,CUST01781,REST0247,3,Average experience
REV07353,ORD004980,CUST00883,REST0089,5,Would order again
REV07354,ORD007589,CUST01717,REST0058,1,Delivery was delayed
REV07355,ORD001092,CUST01180,REST0111,1,Worth the money
REV07356,ORD006527,CUST02090,REST0288,2,Delivery was delayed
REV07357,ORD009608,CUST01478,REST0085,3,Worth the money
REV07358,ORD004628,CUST01635,REST0259,5,Not satisfied
REV07359,ORD002325,CUST01659,REST0169,2,Not satisfied
REV07360,ORD006535,CUST01747,REST0252,2,Packaging was poor
REV07361,ORD008972,CUST01634,REST0182,3,Average experience
REV07362,ORD005056,CUST00009,REST0013,3,Average experience
REV07363,ORD002609,CUST01905,REST0121,3,Would order again
REV07364,ORD009021,CUST01932,REST0288,3,Loved it
REV07365,ORD002291,CUST02459,REST0095,2,Excellent taste
REV07366,ORD001728,CUST01365,REST0246,4,Would order again
REV07367,ORD000611,CUST00410,REST0020,2,Packaging was poor
REV07368,ORD004667,CUST00647,REST0056,4,Average experience
REV07369,ORD008052,CUST01276,REST0243,2,Amazing food
REV07370,ORD005414,CUST01093,REST0253,3,Packaging was poor
REV07371,ORD000344,CUST00114,REST0291,5,Packaging was poor
REV07372,ORD004684,CUST02372,REST0292,3,Excellent taste
REV07373,ORD008785,CUST01810,REST0203,2,Amazing food
REV07374,ORD003751,CUST01833,REST0166,2,Not satisfied
REV07375,ORD008454,CUST01871,REST0262,3,Very late delivery
REV07376,ORD009308,CUST00406,REST0250,5,Would order again
REV07377,ORD006000,CUST01739,REST0081,4,Loved it
REV07378,ORD003216,CUST00357,REST0002,4,Loved it
REV07379,ORD000098,CUST01521,REST0266,4,Very late delivery
REV07380,ORD007388,CUST00352,REST0010,2,Not satisfied
REV07381,ORD007666,CUST00567,REST0213,3,Amazing food
REV07382,ORD005177,CUST02131,REST0124,2,Loved it
REV07383,ORD007280,CUST01145,REST0030,3,Would order again
REV07384,ORD006166,CUST01383,REST0096,2,Packaging was poor
REV07385,ORD001538,CUST00271,REST0113,4,Delivery was delayed
REV07386,ORD003589,CUST00810,REST0086,3,Loved it
REV07387,ORD009443,CUST01327,REST0137,1,Not satisfied
REV07388,ORD006986,CUST00465,REST0107,2,Worth the money
REV07389,ORD003649,CUST01345,REST0179,1,Not satisfied
REV07390,ORD002658,CUST00424,REST0074,4,Delivery was delayed
REV07391,ORD009827,CUST01080,REST0266,4,Worth the money
REV07392,ORD001518,CUST00479,REST0124,1,Delivery was delayed
REV07393,ORD005062,CUST00324,REST0055,2,Excellent taste
REV07394,ORD009350,CUST02403,REST0101,4,Loved it
REV07395,ORD004625,CUST00568,REST0054,3,Average experience
REV07396,ORD004273,CUST02376,REST0126,5,Loved it
REV07397,ORD003670,CUST00904,REST0251,3,Packaging was poor
REV07398,ORD006567,CUST01902,REST0217,3,Average experience
REV07399,ORD005801,CUST00777,REST0018,3,Loved it
REV07400,ORD002091,CUST02170,REST0069,3,Amazing food
REV07401,ORD007098,CUST01092,REST0201,5,Amazing food
REV07402,ORD006172,CUST01435,REST0105,5,Delivery was delayed
REV07403,ORD000573,CUST00553,REST0086,1,Amazing food
REV07404,ORD009559,CUST01273,REST0240,3,Average experience
REV07405,ORD004689,CUST00480,REST0076,2,Delivery was delayed
REV07406,ORD009075,CUST01328,REST0193,3,Worth the money
REV07407,ORD003063,CUST02185,REST0144,5,Would order again
REV07408,ORD009294,CUST02100,REST0192,4,Very late delivery
REV07409,ORD006471,CUST01700,REST0155,3,Not satisfied
REV07410,ORD007161,CUST00578,REST0008,4,Excellent taste
REV07411,ORD006634,CUST00488,REST0178,3,Packaging was poor
REV07412,ORD008492,CUST00113,REST0297,5,Very late delivery
REV07413,ORD007926,CUST02340,REST0171,1,Excellent taste
REV07414,ORD007346,CUST01887,REST0134,1,Amazing food
REV07415,ORD006305,CUST00768,REST0012,4,Excellent taste
REV07416,ORD007901,CUST00647,REST0203,4,Loved it
REV07417,ORD009440,CUST01056,REST0023,5,Delivery was delayed
REV07418,ORD008186,CUST01115,REST0037,4,Packaging was poor
REV07419,ORD004480,CUST02376,REST0080,5,Worth the money
REV07420,ORD004949,CUST01202,REST0110,2,Delivery was delayed
REV07421,ORD005977,CUST00018,REST0297,3,Excellent taste
REV07422,ORD000371,CUST00156,REST0199,5,Not satisfied
REV07423,ORD001939,CUST01181,REST0049,5,Packaging was poor
REV07424,ORD002353,CUST02032,REST0136,2,Very late delivery
REV07425,ORD007128,CUST02040,REST0027,2,Not satisfied
REV07426,ORD001754,CUST00595,REST0200,5,Packaging was poor
REV07427,ORD003671,CUST00266,REST0225,1,Excellent taste
REV07428,ORD007299,CUST01596,REST0176,2,Packaging was poor
REV07429,ORD003653,CUST00689,REST0101,1,Amazing food
REV07430,ORD005202,CUST01324,REST0265,3,Very late delivery
REV07431,ORD007910,CUST01492,REST0214,4,Delivery was delayed
REV07432,ORD002362,CUST01732,REST0188,3,Worth the money
REV07433,ORD004261,CUST02350,REST0088,2,Would order again
REV07434,ORD005433,CUST00554,REST0099,2,Very late delivery
REV07435,ORD006286,CUST01385,REST0021,5,Would order again
REV07436,ORD004992,CUST02453,REST0021,4,Excellent taste
REV07437,ORD007601,CUST01261,REST0251,4,Would order again
REV07438,ORD009463,CUST00425,REST0097,5,Not satisfied
REV07439,ORD003738,CUST01977,REST0073,5,Very late delivery
REV07440,ORD007521,CUST00556,REST0229,4,Would order again
REV07441,ORD008560,CUST02268,REST0101,5,Would order again
REV07442,ORD008927,CUST01498,REST0098,4,Worth the money
REV07443,ORD009991,CUST01389,REST0146,3,Packaging was poor
REV07444,ORD005592,CUST00267,REST0055,1,Would order again
REV07445,ORD001172,CUST01334,REST0266,2,Excellent taste
REV07446,ORD007371,CUST01743,REST0162,4,Amazing food
REV07447,ORD007938,CUST00333,REST0009,2,Would order again
REV07448,ORD008087,CUST01107,REST0018,1,Very late delivery
REV07449,ORD001423,CUST00764,REST0280,3,Delivery was delayed
REV07450,ORD006783,CUST00374,REST0292,2,Excellent taste
REV07451,ORD009444,CUST01613,REST0194,5,Excellent taste
REV07452,ORD008140,CUST00092,REST0274,3,Very late delivery
REV07453,ORD009351,CUST00005,REST0112,2,Loved it
REV07454,ORD008019,CUST01589,REST0069,1,Not satisfied
REV07455,ORD006340,CUST01118,REST0172,3,Not satisfied
REV07456,ORD009648,CUST01334,REST0289,2,Amazing food
REV07457,ORD000875,CUST00370,REST0262,3,Excellent taste
REV07458,ORD002298,CUST00721,REST0056,2,Would order again
REV07459,ORD002644,CUST00642,REST0001,1,Amazing food
REV07460,ORD007532,CUST02024,REST0184,5,Would order again
REV07461,ORD001720,CUST00139,REST0146,4,Average experience
REV07462,ORD005348,CUST00280,REST0134,3,Loved it
REV07463,ORD005933,CUST01006,REST0172,1,Would order again
REV07464,ORD000841,CUST02184,REST0173,1,Very late delivery
REV07465,ORD009938,CUST01542,REST0200,3,Excellent taste
REV07466,ORD000582,CUST01624,REST0126,4,Excellent taste
REV07467,ORD000205,CUST01193,REST0158,2,Packaging was poor
REV07468,ORD001642,CUST02476,REST0150,5,Excellent taste
REV07469,ORD002015,CUST01138,REST0242,1,Excellent taste
REV07470,ORD003254,CUST02220,REST0062,4,Would order again
REV07471,ORD007541,CUST00742,REST0048,4,Amazing food
REV07472,ORD000906,CUST00552,REST0077,4,Average experience
REV07473,ORD000632,CUST01230,REST0020,5,Amazing food
REV07474,ORD008421,CUST01729,REST0253,5,Packaging was poor
REV07475,ORD007824,CUST01591,REST0276,1,Worth the money
REV07476,ORD001975,CUST00047,REST0111,3,Delivery was delayed
REV07477,ORD000163,CUST01886,REST0188,3,Packaging was poor
REV07478,ORD004999,CUST00218,REST0213,1,Average experience
REV07479,ORD001244,CUST02374,REST0213,2,Worth the money
REV07480,ORD009451,CUST02274,REST0088,5,Not satisfied
REV07481,ORD007765,CUST02207,REST0130,3,Excellent taste
REV07482,ORD004714,CUST00768,REST0092,2,Very late delivery
REV07483,ORD000876,CUST00218,REST0282,3,Average experience
REV07484,ORD001432,CUST01718,REST0052,2,Packaging was poor
REV07485,ORD008739,CUST01671,REST0127,1,Would order again
REV07486,ORD006869,CUST00169,REST0297,5,Loved it
REV07487,ORD004644,CUST02434,REST0142,5,Average experience
REV07488,ORD005081,CUST01078,REST0103,3,Excellent taste
REV07489,ORD005784,CUST02097,REST0124,3,Not satisfied
REV07490,ORD009139,CUST02375,REST0009,4,Loved it
REV07491,ORD007617,CUST01219,REST0159,3,Very late delivery
REV07492,ORD008040,CUST00589,REST0178,2,Loved it
REV07493,ORD007956,CUST02417,REST0283,5,Worth the money
REV07494,ORD009438,CUST02040,REST0243,5,Loved it
REV07495,ORD002857,CUST00110,REST0001,5,Average experience
REV07496,ORD001862,CUST00355,REST0191,3,Delivery was delayed
REV07497,ORD002660,CUST00150,REST0289,5,Not satisfied
REV07498,ORD003385,CUST00454,REST0298,5,Amazing food
REV07499,ORD009565,CUST02396,REST0126,5,Excellent taste
REV07500,ORD009777,CUST02315,REST0209,4,Not satisfied
REV07501,ORD008091,CUST00136,REST0128,2,Amazing food
REV07502,ORD008348,CUST02495,REST0228,2,Loved it
REV07503,ORD007463,CUST00725,REST0012,2,Excellent taste
REV07504,ORD006887,CUST00322,REST0051,2,Loved it
REV07505,ORD004734,CUST02164,REST0036,4,Delivery was delayed
REV07506,ORD003332,CUST01334,REST0231,4,Excellent taste
REV07507,ORD009007,CUST00869,REST0279,4,Delivery was delayed
REV07508,ORD008636,CUST02064,REST0035,4,Packaging was poor
REV07509,ORD006405,CUST00812,REST0278,1,Excellent taste
REV07510,ORD008347,CUST00910,REST0035,5,Would order again
REV07511,ORD009465,CUST02289,REST0204,1,Average experience
REV07512,ORD007061,CUST02018,REST0106,1,Would order again
REV07513,ORD002097,CUST00839,REST0109,4,Not satisfied
REV07514,ORD002004,CUST02477,REST0145,4,Loved it
REV07515,ORD008805,CUST00066,REST0297,3,Very late delivery
REV07516,ORD009733,CUST00299,REST0002,5,Not satisfied
REV07517,ORD004677,CUST00936,REST0026,1,Average experience
REV07518,ORD005018,CUST00763,REST0082,4,Excellent taste
REV07519,ORD007470,CUST00626,REST0197,1,Excellent taste
REV07520,ORD000547,CUST00840,REST0021,2,Amazing food
REV07521,ORD001450,CUST01908,REST0154,2,Excellent taste
REV07522,ORD003987,CUST00832,REST0082,1,Loved it
REV07523,ORD006901,CUST02151,REST0198,2,Delivery was delayed
REV07524,ORD002611,CUST01666,REST0035,5,Delivery was delayed
REV07525,ORD001901,CUST01575,REST0242,1,Delivery was delayed
REV07526,ORD003921,CUST00068,REST0018,4,Loved it
REV07527,ORD002758,CUST00424,REST0083,3,Would order again
REV07528,ORD006125,CUST01949,REST0165,5,Delivery was delayed
REV07529,ORD006398,CUST00503,REST0272,3,Very late delivery
REV07530,ORD001886,CUST00184,REST0160,1,Packaging was poor
REV07531,ORD009824,CUST01296,REST0116,3,Loved it
REV07532,ORD005739,CUST01760,REST0121,5,Worth the money
REV07533,ORD008668,CUST01782,REST0180,4,Amazing food
REV07534,ORD005891,CUST01198,REST0173,1,Delivery was delayed
REV07535,ORD002098,CUST00682,REST0277,5,Loved it
REV07536,ORD009290,CUST01532,REST0174,2,Very late delivery
REV07537,ORD005693,CUST01556,REST0161,5,Worth the money
REV07538,ORD000500,CUST00044,REST0154,5,Amazing food
REV07539,ORD005625,CUST00802,REST0108,2,Would order again
REV07540,ORD000837,CUST02145,REST0202,3,Amazing food
REV07541,ORD003472,CUST01964,REST0192,4,Delivery was delayed
REV07542,ORD004698,CUST01856,REST0079,2,Would order again
REV07543,ORD006281,CUST00795,REST0200,5,Delivery was delayed
REV07544,ORD008884,CUST02328,REST0208,3,Would order again
REV07545,ORD002172,CUST02317,REST0275,5,Not satisfied
REV07546,ORD009232,CUST01187,REST0255,5,Very late delivery
REV07547,ORD005679,CUST02458,REST0174,3,Not satisfied
REV07548,ORD009185,CUST01052,REST0144,3,Very late delivery
REV07549,ORD000399,CUST00623,REST0084,4,Average experience
REV07550,ORD002011,CUST00015,REST0211,3,Packaging was poor
REV07551,ORD005167,CUST01703,REST0294,3,Amazing food
REV07552,ORD005872,CUST02010,REST0122,2,Very late delivery
REV07553,ORD009793,CUST01715,REST0145,5,Average experience
REV07554,ORD001284,CUST02383,REST0206,1,Worth the money
REV07555,ORD008391,CUST02058,REST0234,1,Delivery was delayed
REV07556,ORD002449,CUST01095,REST0207,2,Would order again
REV07557,ORD004257,CUST00337,REST0098,5,Packaging was poor
REV07558,ORD001837,CUST01927,REST0221,2,Packaging was poor
REV07559,ORD009597,CUST01524,REST0210,3,Loved it
REV07560,ORD001020,CUST01047,REST0276,4,Packaging was poor
REV07561,ORD005067,CUST01850,REST0059,3,Very late delivery
REV07562,ORD001327,CUST02339,REST0146,3,Worth the money
REV07563,ORD008753,CUST00255,REST0183,1,Packaging was poor
REV07564,ORD000476,CUST01563,REST0291,5,Delivery was delayed
REV07565,ORD002811,CUST01350,REST0291,4,Would order again
REV07566,ORD008633,CUST02321,REST0126,1,Average experience
REV07567,ORD001652,CUST01141,REST0121,1,Would order again
REV07568,ORD009612,CUST00691,REST0270,3,Loved it
REV07569,ORD001170,CUST01666,REST0097,3,Not satisfied
REV07570,ORD002529,CUST01389,REST0233,1,Average experience
REV07571,ORD001207,CUST00116,REST0236,1,Packaging was poor
REV07572,ORD006257,CUST02338,REST0210,5,Would order again
REV07573,ORD007927,CUST00139,REST0125,3,Delivery was delayed
REV07574,ORD005470,CUST00567,REST0108,5,Would order again
REV07575,ORD009384,CUST01075,REST0006,3,Loved it
REV07576,ORD000432,CUST01780,REST0089,4,Very late delivery
REV07577,ORD007701,CUST00693,REST0269,4,Worth the money
REV07578,ORD000868,CUST00895,REST0089,3,Loved it
REV07579,ORD002975,CUST01601,REST0177,3,Packaging was poor
REV07580,ORD005237,CUST01911,REST0180,5,Loved it
REV07581,ORD005094,CUST01689,REST0092,5,Packaging was poor
REV07582,ORD005434,CUST01333,REST0085,2,Amazing food
REV07583,ORD000542,CUST01044,REST0254,3,Would order again
REV07584,ORD005196,CUST02086,REST0190,5,Loved it
REV07585,ORD001133,CUST02201,REST0115,1,Loved it
REV07586,ORD009838,CUST00118,REST0082,5,Excellent taste
REV07587,ORD004502,CUST02458,REST0147,5,Very late delivery
REV07588,ORD006355,CUST00983,REST0083,2,Packaging was poor
REV07589,ORD009334,CUST00152,REST0142,5,Delivery was delayed
REV07590,ORD003391,CUST00204,REST0044,4,Packaging was poor
REV07591,ORD003889,CUST02338,REST0094,5,Average experience
REV07592,ORD002963,CUST01190,REST0066,5,Delivery was delayed
REV07593,ORD004156,CUST02416,REST0091,1,Amazing food
REV07594,ORD003260,CUST02204,REST0155,5,Delivery was delayed
REV07595,ORD006303,CUST01220,REST0141,1,Average experience
REV07596,ORD006035,CUST01450,REST0271,5,Amazing food
REV07597,ORD007919,CUST01153,REST0135,3,Not satisfied
REV07598,ORD009937,CUST01323,REST0295,5,Amazing food
REV07599,ORD002584,CUST01436,REST0038,2,Packaging was poor
REV07600,ORD002814,CUST01268,REST0112,2,Delivery was delayed
REV07601,ORD003960,CUST01819,REST0164,2,Very late delivery
REV07602,ORD002948,CUST02106,REST0187,2,Excellent taste
REV07603,ORD006644,CUST01265,REST0036,1,Average experience
REV07604,ORD005175,CUST01534,REST0290,4,Delivery was delayed
REV07605,ORD006842,CUST02154,REST0149,5,Loved it
REV07606,ORD008299,CUST02401,REST0250,2,Delivery was delayed
REV07607,ORD003587,CUST00961,REST0108,4,Very late delivery
REV07608,ORD009229,CUST02212,REST0205,2,Not satisfied
REV07609,ORD007989,CUST01029,REST0092,1,Loved it
REV07610,ORD002564,CUST01626,REST0015,5,Excellent taste
REV07611,ORD002631,CUST02110,REST0068,1,Loved it
REV07612,ORD003191,CUST01624,REST0285,3,Would order again
REV07613,ORD007779,CUST00800,REST0153,2,Would order again
REV07614,ORD007646,CUST01922,REST0200,1,Very late delivery
REV07615,ORD005037,CUST01981,REST0034,2,Loved it
REV07616,ORD001081,CUST00040,REST0018,2,Average experience
REV07617,ORD004284,CUST02489,REST0019,2,Very late delivery
REV07618,ORD009712,CUST01845,REST0192,3,Would order again
REV07619,ORD007086,CUST01478,REST0070,2,Very late delivery
REV07620,ORD002086,CUST01806,REST0300,2,Excellent taste
REV07621,ORD006346,CUST01097,REST0138,5,Loved it
REV07622,ORD002453,CUST01008,REST0011,4,Amazing food
REV07623,ORD004967,CUST02205,REST0143,4,Excellent taste
REV07624,ORD002024,CUST01861,REST0148,4,Amazing food
REV07625,ORD008072,CUST00247,REST0040,2,Would order again
REV07626,ORD008988,CUST00068,REST0112,3,Excellent taste
REV07627,ORD008719,CUST01982,REST0138,2,Amazing food
REV07628,ORD007322,CUST01577,REST0143,5,Loved it
REV07629,ORD000227,CUST02207,REST0094,1,Would order again
REV07630,ORD001014,CUST00940,REST0170,5,Very late delivery
REV07631,ORD006680,CUST01016,REST0140,5,Excellent taste
REV07632,ORD001930,CUST01532,REST0258,3,Loved it
REV07633,ORD001044,CUST01988,REST0038,1,Excellent taste
REV07634,ORD005252,CUST00284,REST0019,1,Amazing food
REV07635,ORD001405,CUST02436,REST0216,5,Loved it
REV07636,ORD002180,CUST01832,REST0288,3,Very late delivery
REV07637,ORD000698,CUST01687,REST0170,4,Loved it
REV07638,ORD001125,CUST00523,REST0118,3,Amazing food
REV07639,ORD007379,CUST02233,REST0220,3,Worth the money
REV07640,ORD003896,CUST02491,REST0267,5,Packaging was poor
REV07641,ORD008218,CUST02065,REST0273,3,Would order again
REV07642,ORD005111,CUST01335,REST0285,1,Amazing food
REV07643,ORD001779,CUST01673,REST0053,4,Packaging was poor
REV07644,ORD007787,CUST00370,REST0266,4,Worth the money
REV07645,ORD002635,CUST01579,REST0257,1,Loved it
REV07646,ORD007188,CUST00180,REST0199,5,Worth the money
REV07647,ORD007545,CUST00607,REST0294,2,Excellent taste
REV07648,ORD007605,CUST01904,REST0145,4,Would order again
REV07649,ORD003490,CUST02242,REST0191,4,Excellent taste
REV07650,ORD008260,CUST00256,REST0292,3,Would order again
REV07651,ORD001038,CUST01610,REST0190,5,Amazing food
REV07652,ORD006094,CUST02216,REST0160,4,Packaging was poor
REV07653,ORD002257,CUST01828,REST0060,3,Would order again
REV07654,ORD008189,CUST01518,REST0083,4,Loved it
REV07655,ORD002614,CUST01815,REST0187,1,Worth the money
REV07656,ORD000314,CUST00705,REST0256,2,Would order again
REV07657,ORD002650,CUST02110,REST0214,1,Average experience
REV07658,ORD002282,CUST00364,REST0294,1,Worth the money
REV07659,ORD006742,CUST00261,REST0199,4,Average experience
REV07660,ORD002980,CUST02433,REST0144,2,Delivery was delayed
REV07661,ORD002548,CUST01679,REST0281,1,Very late delivery
REV07662,ORD005513,CUST02448,REST0171,5,Loved it
REV07663,ORD005133,CUST01126,REST0169,1,Packaging was poor
REV07664,ORD002160,CUST01242,REST0235,5,Very late delivery
REV07665,ORD007081,CUST01676,REST0049,3,Excellent taste
REV07666,ORD003138,CUST02047,REST0053,5,Amazing food
REV07667,ORD009080,CUST01269,REST0246,5,Average experience
REV07668,ORD005851,CUST00567,REST0008,1,Average experience
REV07669,ORD009866,CUST01759,REST0284,5,Worth the money
REV07670,ORD006446,CUST00065,REST0021,3,Loved it
REV07671,ORD003968,CUST00460,REST0162,1,Would order again
REV07672,ORD001429,CUST01908,REST0015,5,Would order again
REV07673,ORD008423,CUST00174,REST0276,3,Very late delivery
REV07674,ORD002521,CUST01397,REST0088,1,Very late delivery
REV07675,ORD007838,CUST01011,REST0166,4,Would order again
REV07676,ORD004970,CUST02476,REST0299,5,Delivery was delayed
REV07677,ORD001856,CUST01486,REST0188,3,Not satisfied
REV07678,ORD008885,CUST01803,REST0253,3,Loved it
REV07679,ORD005603,CUST01483,REST0263,5,Average experience
REV07680,ORD009345,CUST00042,REST0120,1,Not satisfied
REV07681,ORD009869,CUST00949,REST0102,4,Would order again
REV07682,ORD000449,CUST00799,REST0269,5,Delivery was delayed
REV07683,ORD007704,CUST00980,REST0075,3,Would order again
REV07684,ORD001285,CUST00706,REST0152,3,Not satisfied
REV07685,ORD005996,CUST01872,REST0228,1,Amazing food
REV07686,ORD007900,CUST01772,REST0211,1,Loved it
REV07687,ORD003728,CUST02376,REST0051,1,Average experience
REV07688,ORD007354,CUST00778,REST0067,2,Excellent taste
REV07689,ORD000362,CUST01355,REST0091,1,Very late delivery
REV07690,ORD006280,CUST01559,REST0069,3,Packaging was poor
REV07691,ORD005231,CUST00960,REST0107,3,Loved it
REV07692,ORD008943,CUST01668,REST0143,3,Worth the money
REV07693,ORD007296,CUST02047,REST0015,5,Loved it
REV07694,ORD008892,CUST00441,REST0219,1,Would order again
REV07695,ORD007535,CUST01041,REST0085,5,Not satisfied
REV07696,ORD006252,CUST01647,REST0285,4,Loved it
REV07697,ORD005927,CUST01737,REST0189,2,Not satisfied
REV07698,ORD005150,CUST00798,REST0008,1,Not satisfied
REV07699,ORD002461,CUST01115,REST0226,1,Not satisfied
REV07700,ORD000023,CUST00954,REST0059,1,Average experience
REV07701,ORD002067,CUST01752,REST0105,1,Average experience
REV07702,ORD001654,CUST01249,REST0251,1,Worth the money
REV07703,ORD000703,CUST00129,REST0061,5,Amazing food
REV07704,ORD008491,CUST02344,REST0064,2,Loved it
REV07705,ORD002744,CUST01054,REST0133,1,Very late delivery
REV07706,ORD001377,CUST02435,REST0210,2,Packaging was poor
REV07707,ORD001725,CUST01754,REST0053,2,Average experience
REV07708,ORD002469,CUST01919,REST0257,5,Amazing food
REV07709,ORD003755,CUST00166,REST0174,5,Very late delivery
REV07710,ORD002326,CUST00825,REST0003,1,Not satisfied
REV07711,ORD000461,CUST01069,REST0117,1,Would order again
REV07712,ORD005164,CUST01893,REST0045,5,Loved it
REV07713,ORD004184,CUST00848,REST0164,2,Average experience
REV07714,ORD005527,CUST01878,REST0017,4,Packaging was poor
REV07715,ORD004083,CUST00142,REST0074,3,Delivery was delayed
REV07716,ORD001487,CUST00130,REST0032,4,Very late delivery
REV07717,ORD003679,CUST00450,REST0076,5,Would order again
REV07718,ORD000283,CUST01077,REST0280,5,Excellent taste
REV07719,ORD006580,CUST00270,REST0053,3,Delivery was delayed
REV07720,ORD004559,CUST00177,REST0151,5,Worth the money
REV07721,ORD004309,CUST00580,REST0247,1,Amazing food
REV07722,ORD006685,CUST01123,REST0067,4,Not satisfied
REV07723,ORD004866,CUST00238,REST0040,1,Loved it
REV07724,ORD003538,CUST00420,REST0127,5,Would order again
REV07725,ORD003869,CUST00185,REST0064,1,Packaging was poor
REV07726,ORD007004,CUST01229,REST0226,5,Average experience
REV07727,ORD002582,CUST02049,REST0052,3,Packaging was poor
REV07728,ORD001369,CUST01339,REST0109,3,Not satisfied
REV07729,ORD009470,CUST02398,REST0134,4,Delivery was delayed
REV07730,ORD008198,CUST01822,REST0181,2,Packaging was poor
REV07731,ORD000598,CUST01404,REST0191,3,Would order again
REV07732,ORD004352,CUST00930,REST0186,4,Average experience
REV07733,ORD006347,CUST02171,REST0144,5,Excellent taste
REV07734,ORD008977,CUST00959,REST0253,2,Loved it
REV07735,ORD006380,CUST02220,REST0121,2,Average experience
REV07736,ORD004759,CUST01912,REST0078,4,Not satisfied
REV07737,ORD000647,CUST00870,REST0086,2,Not satisfied
REV07738,ORD006382,CUST00378,REST0147,3,Average experience
REV07739,ORD007528,CUST00603,REST0255,3,Amazing food
REV07740,ORD009698,CUST01850,REST0017,3,Average experience
REV07741,ORD006024,CUST00977,REST0283,5,Packaging was poor
REV07742,ORD007955,CUST02195,REST0015,4,Delivery was delayed
REV07743,ORD007166,CUST00354,REST0091,1,Worth the money
REV07744,ORD003469,CUST02135,REST0189,5,Loved it
REV07745,ORD007798,CUST00441,REST0170,3,Excellent taste
REV07746,ORD007698,CUST02244,REST0241,2,Not satisfied
REV07747,ORD002991,CUST00134,REST0133,5,Amazing food
REV07748,ORD009408,CUST00698,REST0273,1,Worth the money
REV07749,ORD004876,CUST02371,REST0235,3,Delivery was delayed
REV07750,ORD002545,CUST01213,REST0260,1,Would order again
REV07751,ORD008596,CUST02454,REST0077,1,Worth the money
REV07752,ORD005342,CUST01306,REST0248,2,Excellent taste
REV07753,ORD001568,CUST00719,REST0076,5,Amazing food
REV07754,ORD009995,CUST01730,REST0091,3,Loved it
REV07755,ORD004067,CUST01681,REST0024,3,Not satisfied
REV07756,ORD003989,CUST01476,REST0227,3,Very late delivery
REV07757,ORD007032,CUST01418,REST0162,1,Amazing food
REV07758,ORD002161,CUST00302,REST0046,3,Excellent taste
REV07759,ORD000686,CUST02278,REST0295,5,Delivery was delayed
REV07760,ORD007603,CUST00698,REST0263,4,Worth the money
REV07761,ORD007785,CUST01823,REST0267,5,Average experience
REV07762,ORD003244,CUST01015,REST0112,5,Would order again
REV07763,ORD005845,CUST01559,REST0079,1,Loved it
REV07764,ORD009220,CUST00405,REST0180,3,Delivery was delayed
REV07765,ORD002462,CUST01972,REST0010,4,Loved it
REV07766,ORD004084,CUST00951,REST0295,5,Delivery was delayed
REV07767,ORD002838,CUST00275,REST0175,2,Worth the money
REV07768,ORD003698,CUST01834,REST0162,1,Delivery was delayed
REV07769,ORD007129,CUST00808,REST0293,2,Packaging was poor
REV07770,ORD006268,CUST01725,REST0041,5,Worth the money
REV07771,ORD004942,CUST01837,REST0187,4,Excellent taste
REV07772,ORD005947,CUST02334,REST0214,4,Worth the money
REV07773,ORD004584,CUST01799,REST0287,3,Would order again
REV07774,ORD005785,CUST00920,REST0219,3,Packaging was poor
REV07775,ORD004041,CUST02290,REST0027,5,Amazing food
REV07776,ORD002231,CUST02086,REST0058,4,Average experience
REV07777,ORD007570,CUST01047,REST0047,3,Would order again
REV07778,ORD000936,CUST02399,REST0121,2,Very late delivery
REV07779,ORD002321,CUST02272,REST0169,3,Not satisfied
REV07780,ORD004879,CUST00477,REST0163,3,Amazing food
REV07781,ORD000522,CUST01243,REST0071,3,Average experience
REV07782,ORD000523,CUST01945,REST0245,5,Would order again
REV07783,ORD005346,CUST00992,REST0214,4,Delivery was delayed
REV07784,ORD009877,CUST02107,REST0218,3,Would order again
REV07785,ORD003360,CUST02372,REST0002,1,Excellent taste
REV07786,ORD001312,CUST00636,REST0259,1,Average experience
REV07787,ORD003984,CUST00389,REST0257,5,Excellent taste
REV07788,ORD006495,CUST01275,REST0182,5,Excellent taste
REV07789,ORD009561,CUST00577,REST0142,2,Worth the money
REV07790,ORD001717,CUST01341,REST0103,4,Delivery was delayed
REV07791,ORD000781,CUST00225,REST0209,2,Excellent taste
REV07792,ORD008799,CUST00801,REST0037,2,Loved it
REV07793,ORD008232,CUST00335,REST0224,4,Very late delivery
REV07794,ORD005608,CUST00527,REST0135,4,Not satisfied
REV07795,ORD005979,CUST01519,REST0010,3,Would order again
REV07796,ORD000652,CUST02268,REST0283,3,Worth the money
REV07797,ORD003748,CUST01771,REST0227,3,Not satisfied
REV07798,ORD002197,CUST02194,REST0017,5,Average experience
REV07799,ORD008419,CUST01499,REST0149,5,Delivery was delayed
REV07800,ORD000370,CUST00521,REST0266,2,Excellent taste
REV07801,ORD009885,CUST00038,REST0223,4,Loved it
REV07802,ORD008006,CUST02279,REST0180,3,Delivery was delayed
REV07803,ORD004215,CUST01065,REST0130,1,Very late delivery
REV07804,ORD000378,CUST02122,REST0274,2,Loved it
REV07805,ORD009447,CUST02161,REST0105,3,Excellent taste
REV07806,ORD002217,CUST01811,REST0201,1,Packaging was poor
REV07807,ORD008683,CUST01138,REST0232,1,Worth the money
REV07808,ORD001614,CUST02224,REST0248,5,Not satisfied
REV07809,ORD006980,CUST02220,REST0204,5,Amazing food
REV07810,ORD007550,CUST00304,REST0131,2,Amazing food
REV07811,ORD001828,CUST01351,REST0280,2,Average experience
REV07812,ORD003633,CUST01844,REST0205,2,Amazing food
REV07813,ORD000963,CUST01856,REST0262,5,Excellent taste
REV07814,ORD002994,CUST00433,REST0235,4,Worth the money
REV07815,ORD006607,CUST01298,REST0069,3,Amazing food
REV07816,ORD009673,CUST02381,REST0113,3,Average experience
REV07817,ORD002377,CUST01038,REST0233,3,Worth the money
REV07818,ORD008881,CUST01009,REST0120,1,Would order again
REV07819,ORD000360,CUST00761,REST0114,5,Average experience
REV07820,ORD003840,CUST01008,REST0105,3,Worth the money
REV07821,ORD008185,CUST01353,REST0193,1,Amazing food
REV07822,ORD001247,CUST00772,REST0020,4,Delivery was delayed
REV07823,ORD007505,CUST01313,REST0060,3,Delivery was delayed
REV07824,ORD008350,CUST00401,REST0208,4,Delivery was delayed
REV07825,ORD006512,CUST01838,REST0228,2,Average experience
REV07826,ORD005088,CUST00692,REST0287,4,Amazing food
REV07827,ORD003695,CUST01281,REST0254,4,Delivery was delayed
REV07828,ORD001574,CUST01629,REST0138,1,Delivery was delayed
REV07829,ORD006282,CUST00759,REST0211,5,Would order again
REV07830,ORD005440,CUST01685,REST0040,2,Amazing food
REV07831,ORD002568,CUST00832,REST0040,2,Worth the money
REV07832,ORD003424,CUST00470,REST0001,2,Excellent taste
REV07833,ORD002038,CUST01324,REST0005,5,Loved it
REV07834,ORD009244,CUST00748,REST0046,3,Worth the money
REV07835,ORD000773,CUST00195,REST0260,2,Loved it
REV07836,ORD005381,CUST01104,REST0066,3,Very late delivery
REV07837,ORD009569,CUST02002,REST0285,4,Would order again
REV07838,ORD003563,CUST02423,REST0136,5,Average experience
REV07839,ORD000563,CUST01103,REST0188,5,Loved it
REV07840,ORD006684,CUST00382,REST0161,3,Average experience
REV07841,ORD002547,CUST01778,REST0195,3,Amazing food
REV07842,ORD005511,CUST00135,REST0254,1,Loved it
REV07843,ORD005331,CUST02159,REST0102,1,Average experience
REV07844,ORD009668,CUST02316,REST0062,4,Loved it
REV07845,ORD004532,CUST01730,REST0187,1,Packaging was poor
REV07846,ORD001675,CUST00631,REST0215,1,Very late delivery
REV07847,ORD007396,CUST00016,REST0056,1,Packaging was poor
REV07848,ORD000366,CUST01620,REST0022,3,Delivery was delayed
REV07849,ORD008017,CUST00017,REST0048,1,Would order again
REV07850,ORD009377,CUST00845,REST0086,5,Would order again
REV07851,ORD004328,CUST01547,REST0219,5,Worth the money
REV07852,ORD009984,CUST00906,REST0035,2,Delivery was delayed
REV07853,ORD000148,CUST01412,REST0052,1,Very late delivery
REV07854,ORD001669,CUST02110,REST0258,4,Average experience
REV07855,ORD003089,CUST01812,REST0107,4,Would order again
REV07856,ORD008845,CUST00043,REST0151,4,Average experience
REV07857,ORD007651,CUST01096,REST0133,2,Very late delivery
REV07858,ORD000408,CUST01839,REST0222,2,Packaging was poor
REV07859,ORD009585,CUST01082,REST0280,3,Very late delivery
REV07860,ORD007789,CUST01159,REST0290,1,Average experience
REV07861,ORD003457,CUST00991,REST0275,1,Worth the money
REV07862,ORD006187,CUST00723,REST0062,4,Worth the money
REV07863,ORD004183,CUST00592,REST0186,5,Packaging was poor
REV07864,ORD003577,CUST02332,REST0196,3,Excellent taste
REV07865,ORD003272,CUST01897,REST0107,5,Average experience
REV07866,ORD004941,CUST02409,REST0149,2,Worth the money
REV07867,ORD001032,CUST02266,REST0149,5,Delivery was delayed
REV07868,ORD008873,CUST00554,REST0114,5,Average experience
REV07869,ORD006231,CUST01290,REST0253,1,Average experience
REV07870,ORD006593,CUST02305,REST0078,4,Excellent taste
REV07871,ORD008907,CUST00574,REST0109,1,Worth the money
REV07872,ORD009812,CUST00137,REST0038,3,Loved it
REV07873,ORD006725,CUST01862,REST0168,2,Not satisfied
REV07874,ORD008030,CUST00750,REST0152,5,Very late delivery
REV07875,ORD008053,CUST01190,REST0166,2,Amazing food
REV07876,ORD000856,CUST02284,REST0220,4,Very late delivery
REV07877,ORD003927,CUST02256,REST0282,3,Excellent taste
REV07878,ORD008548,CUST01129,REST0084,5,Loved it
REV07879,ORD000079,CUST01548,REST0206,5,Worth the money
REV07880,ORD007089,CUST01522,REST0010,5,Packaging was poor
REV07881,ORD002248,CUST00974,REST0276,4,Average experience
REV07882,ORD008264,CUST00135,REST0216,3,Worth the money
REV07883,ORD004027,CUST02111,REST0164,2,Packaging was poor
REV07884,ORD009950,CUST00926,REST0127,3,Delivery was delayed
REV07885,ORD009572,CUST00610,REST0117,3,Excellent taste
REV07886,ORD009296,CUST00964,REST0066,1,Excellent taste
REV07887,ORD000715,CUST00558,REST0092,1,Not satisfied
REV07888,ORD007452,CUST01633,REST0031,2,Average experience
REV07889,ORD000789,CUST00597,REST0098,3,Would order again
REV07890,ORD002280,CUST00689,REST0237,1,Amazing food
REV07891,ORD004096,CUST00489,REST0016,4,Average experience
REV07892,ORD003898,CUST00523,REST0158,3,Loved it
REV07893,ORD007945,CUST01280,REST0127,3,Loved it
REV07894,ORD007178,CUST00490,REST0195,5,Packaging was poor
REV07895,ORD009077,CUST02289,REST0035,3,Delivery was delayed
REV07896,ORD009453,CUST00700,REST0278,2,Excellent taste
REV07897,ORD003632,CUST00347,REST0051,5,Amazing food
REV07898,ORD008625,CUST00825,REST0250,3,Very late delivery
REV07899,ORD007298,CUST00331,REST0223,5,Very late delivery
REV07900,ORD006273,CUST00040,REST0290,1,Very late delivery
REV07901,ORD000425,CUST00029,REST0129,4,Loved it
REV07902,ORD000393,CUST02325,REST0089,5,Amazing food
REV07903,ORD003192,CUST00027,REST0236,2,Loved it
REV07904,ORD000017,CUST01383,REST0293,1,Worth the money
REV07905,ORD006336,CUST02296,REST0093,3,Not satisfied
REV07906,ORD004201,CUST02195,REST0148,3,Would order again
REV07907,ORD002673,CUST00285,REST0212,2,Excellent taste
REV07908,ORD002445,CUST01125,REST0005,1,Would order again
REV07909,ORD006698,CUST01867,REST0168,2,Would order again
REV07910,ORD006165,CUST01160,REST0142,3,Worth the money
REV07911,ORD002602,CUST00218,REST0044,4,Worth the money
REV07912,ORD003494,CUST02327,REST0294,1,Would order again
REV07913,ORD006045,CUST01951,REST0294,4,Very late delivery
REV07914,ORD001460,CUST00809,REST0167,3,Loved it
REV07915,ORD003805,CUST00010,REST0072,5,Amazing food
REV07916,ORD009846,CUST01240,REST0082,5,Amazing food
REV07917,ORD007395,CUST00496,REST0065,3,Not satisfied
REV07918,ORD004840,CUST02458,REST0268,3,Average experience
REV07919,ORD008112,CUST00919,REST0100,5,Excellent taste
REV07920,ORD003836,CUST01312,REST0114,2,Would order again
REV07921,ORD009314,CUST00763,REST0120,2,Packaging was poor
REV07922,ORD005684,CUST01320,REST0200,1,Delivery was delayed
REV07923,ORD008749,CUST00304,REST0298,4,Delivery was delayed
REV07924,ORD005828,CUST01790,REST0090,4,Amazing food
REV07925,ORD009749,CUST02320,REST0058,3,Excellent taste
REV07926,ORD004725,CUST01649,REST0236,2,Packaging was poor
REV07927,ORD008760,CUST02330,REST0275,4,Not satisfied
REV07928,ORD005888,CUST02436,REST0046,2,Packaging was poor
REV07929,ORD002356,CUST01720,REST0286,5,Worth the money
REV07930,ORD006037,CUST01753,REST0181,2,Amazing food
REV07931,ORD004799,CUST00781,REST0007,3,Amazing food
REV07932,ORD002443,CUST02218,REST0111,2,Excellent taste
REV07933,ORD008646,CUST00214,REST0089,5,Amazing food
REV07934,ORD004593,CUST00466,REST0097,2,Loved it
REV07935,ORD008773,CUST01411,REST0101,5,Would order again
REV07936,ORD000465,CUST00820,REST0019,4,Loved it
REV07937,ORD000164,CUST00097,REST0278,2,Amazing food
REV07938,ORD009262,CUST01325,REST0060,3,Packaging was poor
REV07939,ORD009434,CUST00155,REST0199,4,Loved it
REV07940,ORD008406,CUST00294,REST0030,5,Would order again
REV07941,ORD009778,CUST00280,REST0105,1,Not satisfied
REV07942,ORD009479,CUST02422,REST0032,5,Delivery was delayed
REV07943,ORD007381,CUST00309,REST0263,4,Loved it
REV07944,ORD006637,CUST01250,REST0138,1,Not satisfied
REV07945,ORD000242,CUST01068,REST0286,5,Delivery was delayed
REV07946,ORD002010,CUST01725,REST0093,3,Loved it
REV07947,ORD006357,CUST00895,REST0119,4,Would order again
REV07948,ORD003085,CUST00688,REST0180,4,Delivery was delayed
REV07949,ORD006209,CUST00145,REST0238,3,Not satisfied
REV07950,ORD000901,CUST00131,REST0229,2,Excellent taste
REV07951,ORD005543,CUST01676,REST0009,2,Packaging was poor
REV07952,ORD006008,CUST02412,REST0262,5,Excellent taste
REV07953,ORD007639,CUST00544,REST0192,4,Very late delivery
REV07954,ORD006794,CUST00457,REST0256,2,Very late delivery
REV07955,ORD008870,CUST01060,REST0140,2,Worth the money
REV07956,ORD007759,CUST02107,REST0140,4,Amazing food
REV07957,ORD004838,CUST01178,REST0083,1,Very late delivery
REV07958,ORD002294,CUST00401,REST0107,5,Worth the money
REV07959,ORD006549,CUST01423,REST0136,2,Excellent taste
REV07960,ORD007899,CUST00800,REST0212,4,Packaging was poor
REV07961,ORD007978,CUST00084,REST0142,4,Packaging was poor
REV07962,ORD004482,CUST01926,REST0106,5,Packaging was poor
REV07963,ORD005303,CUST00215,REST0276,2,Excellent taste
REV07964,ORD004606,CUST01907,REST0104,1,Very late delivery
REV07965,ORD003717,CUST01630,REST0054,5,Worth the money
REV07966,ORD009072,CUST02490,REST0251,2,Average experience
REV07967,ORD006141,CUST01776,REST0261,1,Not satisfied
REV07968,ORD001765,CUST00199,REST0170,4,Average experience
REV07969,ORD006599,CUST00799,REST0149,1,Packaging was poor
REV07970,ORD001550,CUST00112,REST0236,1,Amazing food
REV07971,ORD003030,CUST00312,REST0154,3,Packaging was poor
REV07972,ORD008654,CUST00749,REST0109,4,Very late delivery
REV07973,ORD006299,CUST00079,REST0295,5,Amazing food
REV07974,ORD006663,CUST00120,REST0024,5,Loved it
REV07975,ORD006627,CUST01322,REST0136,2,Amazing food
REV07976,ORD002045,CUST01320,REST0276,3,Packaging was poor
REV07977,ORD000768,CUST01739,REST0288,2,Average experience
REV07978,ORD005694,CUST01897,REST0032,4,Excellent taste
REV07979,ORD007871,CUST01246,REST0227,2,Very late delivery
REV07980,ORD007796,CUST00828,REST0064,2,Loved it
REV07981,ORD001509,CUST02404,REST0148,3,Average experience
REV07982,ORD007231,CUST00893,REST0037,5,Would order again
REV07983,ORD007858,CUST01640,REST0289,2,Packaging was poor
REV07984,ORD003303,CUST01528,REST0248,1,Excellent taste
REV07985,ORD004518,CUST02351,REST0149,2,Very late delivery
REV07986,ORD004220,CUST00743,REST0112,4,Delivery was delayed
REV07987,ORD009079,CUST00482,REST0048,3,Would order again
REV07988,ORD009941,CUST00508,REST0140,3,Excellent taste
REV07989,ORD003293,CUST01018,REST0248,1,Average experience
REV07990,ORD000820,CUST00653,REST0045,3,Worth the money
REV07991,ORD001404,CUST00983,REST0242,1,Average experience
REV07992,ORD001383,CUST02493,REST0232,5,Average experience
REV07993,ORD002149,CUST00086,REST0280,5,Packaging was poor
REV07994,ORD006929,CUST00774,REST0209,1,Amazing food
REV07995,ORD005672,CUST01904,REST0170,3,Average experience
REV07996,ORD001639,CUST00820,REST0051,3,Worth the money
REV07997,ORD005892,CUST01203,REST0216,3,Average experience
REV07998,ORD007428,CUST01684,REST0258,3,Loved it
REV07999,ORD000609,CUST00623,REST0027,2,Delivery was delayed
REV08000,ORD006908,CUST00362,REST0152,3,Not satisfied
